<?xml version="1.0" encoding="UTF-8"?>
<gpx version="1.1" creator="all-of-shutesbury" xmlns="http://www.topografix.com/GPX/1/1">
 <trk><name>All of Shutesbury (wide)</name><trkseg>
  <trkpt lat="42.452162" lon="-72.409842"></trkpt>
  <trkpt lat="42.452216" lon="-72.409375"></trkpt>
  <trkpt lat="42.452226" lon="-72.409284"></trkpt>
  <trkpt lat="42.452226" lon="-72.409230"></trkpt>
  <trkpt lat="42.452317" lon="-72.408489"></trkpt>
  <trkpt lat="42.452373" lon="-72.408008"></trkpt>
  <trkpt lat="42.452434" lon="-72.407509"></trkpt>
  <trkpt lat="42.452501" lon="-72.406921"></trkpt>
  <trkpt lat="42.452531" lon="-72.406673"></trkpt>
  <trkpt lat="42.452558" lon="-72.406438"></trkpt>
  <trkpt lat="42.452587" lon="-72.406195"></trkpt>
  <trkpt lat="42.452616" lon="-72.405952"></trkpt>
  <trkpt lat="42.452645" lon="-72.405715"></trkpt>
  <trkpt lat="42.452693" lon="-72.405299"></trkpt>
  <trkpt lat="42.452706" lon="-72.405184"></trkpt>
  <trkpt lat="42.452742" lon="-72.404860"></trkpt>
  <trkpt lat="42.452757" lon="-72.404716"></trkpt>
  <trkpt lat="42.452791" lon="-72.404402"></trkpt>
  <trkpt lat="42.452826" lon="-72.404089"></trkpt>
  <trkpt lat="42.452861" lon="-72.403776"></trkpt>
  <trkpt lat="42.452906" lon="-72.403413"></trkpt>
  <trkpt lat="42.452955" lon="-72.403052"></trkpt>
  <trkpt lat="42.453010" lon="-72.402692"></trkpt>
  <trkpt lat="42.453057" lon="-72.402330"></trkpt>
  <trkpt lat="42.453084" lon="-72.401871"></trkpt>
  <trkpt lat="42.453053" lon="-72.401463"></trkpt>
  <trkpt lat="42.453032" lon="-72.401336"></trkpt>
  <trkpt lat="42.452989" lon="-72.401156"></trkpt>
  <trkpt lat="42.452950" lon="-72.401029"></trkpt>
  <trkpt lat="42.452908" lon="-72.400919"></trkpt>
  <trkpt lat="42.452862" lon="-72.400809"></trkpt>
  <trkpt lat="42.452781" lon="-72.400655"></trkpt>
  <trkpt lat="42.452669" lon="-72.400464"></trkpt>
  <trkpt lat="42.452532" lon="-72.400244"></trkpt>
  <trkpt lat="42.452327" lon="-72.399932"></trkpt>
  <trkpt lat="42.452152" lon="-72.399945"></trkpt>
  <trkpt lat="42.451998" lon="-72.399961"></trkpt>
  <trkpt lat="42.451834" lon="-72.399953"></trkpt>
  <trkpt lat="42.451723" lon="-72.399918"></trkpt>
  <trkpt lat="42.451603" lon="-72.399894"></trkpt>
  <trkpt lat="42.451460" lon="-72.399879"></trkpt>
  <trkpt lat="42.451283" lon="-72.399903"></trkpt>
  <trkpt lat="42.451027" lon="-72.399905"></trkpt>
  <trkpt lat="42.450718" lon="-72.399894"></trkpt>
  <trkpt lat="42.450706" lon="-72.399894"></trkpt>
  <trkpt lat="42.450476" lon="-72.399903"></trkpt>
  <trkpt lat="42.450247" lon="-72.399890"></trkpt>
  <trkpt lat="42.450025" lon="-72.399812"></trkpt>
  <trkpt lat="42.449802" lon="-72.399739"></trkpt>
  <trkpt lat="42.449572" lon="-72.399718"></trkpt>
  <trkpt lat="42.449343" lon="-72.399693"></trkpt>
  <trkpt lat="42.449114" lon="-72.399711"></trkpt>
  <trkpt lat="42.448884" lon="-72.399711"></trkpt>
  <trkpt lat="42.448654" lon="-72.399693"></trkpt>
  <trkpt lat="42.448426" lon="-72.399651"></trkpt>
  <trkpt lat="42.448197" lon="-72.399625"></trkpt>
  <trkpt lat="42.447967" lon="-72.399629"></trkpt>
  <trkpt lat="42.447743" lon="-72.399693"></trkpt>
  <trkpt lat="42.447703" lon="-72.399712"></trkpt>
  <trkpt lat="42.447664" lon="-72.399732"></trkpt>
  <trkpt lat="42.447625" lon="-72.399749"></trkpt>
  <trkpt lat="42.447585" lon="-72.399763"></trkpt>
  <trkpt lat="42.447544" lon="-72.399774"></trkpt>
  <trkpt lat="42.447502" lon="-72.399778"></trkpt>
  <trkpt lat="42.447458" lon="-72.399774"></trkpt>
  <trkpt lat="42.447413" lon="-72.399764"></trkpt>
  <trkpt lat="42.447369" lon="-72.399749"></trkpt>
  <trkpt lat="42.447314" lon="-72.399724"></trkpt>
  <trkpt lat="42.447260" lon="-72.399692"></trkpt>
  <trkpt lat="42.447207" lon="-72.399660"></trkpt>
  <trkpt lat="42.447112" lon="-72.399606"></trkpt>
  <trkpt lat="42.447018" lon="-72.399553"></trkpt>
  <trkpt lat="42.446923" lon="-72.399501"></trkpt>
  <trkpt lat="42.446887" lon="-72.399481"></trkpt>
  <trkpt lat="42.446851" lon="-72.399461"></trkpt>
  <trkpt lat="42.446815" lon="-72.399445"></trkpt>
  <trkpt lat="42.446780" lon="-72.399430"></trkpt>
  <trkpt lat="42.446745" lon="-72.399419"></trkpt>
  <trkpt lat="42.446710" lon="-72.399413"></trkpt>
  <trkpt lat="42.446679" lon="-72.399416"></trkpt>
  <trkpt lat="42.446647" lon="-72.399424"></trkpt>
  <trkpt lat="42.446616" lon="-72.399435"></trkpt>
  <trkpt lat="42.446572" lon="-72.399458"></trkpt>
  <trkpt lat="42.446530" lon="-72.399487"></trkpt>
  <trkpt lat="42.446488" lon="-72.399516"></trkpt>
  <trkpt lat="42.446301" lon="-72.399711"></trkpt>
  <trkpt lat="42.446081" lon="-72.399966"></trkpt>
  <trkpt lat="42.445853" lon="-72.400216"></trkpt>
  <trkpt lat="42.445679" lon="-72.400375"></trkpt>
  <trkpt lat="42.445853" lon="-72.400216"></trkpt>
  <trkpt lat="42.446081" lon="-72.399966"></trkpt>
  <trkpt lat="42.446301" lon="-72.399711"></trkpt>
  <trkpt lat="42.446488" lon="-72.399516"></trkpt>
  <trkpt lat="42.446530" lon="-72.399487"></trkpt>
  <trkpt lat="42.446572" lon="-72.399458"></trkpt>
  <trkpt lat="42.446616" lon="-72.399435"></trkpt>
  <trkpt lat="42.446647" lon="-72.399424"></trkpt>
  <trkpt lat="42.446679" lon="-72.399416"></trkpt>
  <trkpt lat="42.446710" lon="-72.399413"></trkpt>
  <trkpt lat="42.446745" lon="-72.399419"></trkpt>
  <trkpt lat="42.446780" lon="-72.399430"></trkpt>
  <trkpt lat="42.446815" lon="-72.399445"></trkpt>
  <trkpt lat="42.446851" lon="-72.399461"></trkpt>
  <trkpt lat="42.446887" lon="-72.399481"></trkpt>
  <trkpt lat="42.446923" lon="-72.399501"></trkpt>
  <trkpt lat="42.447018" lon="-72.399553"></trkpt>
  <trkpt lat="42.447112" lon="-72.399606"></trkpt>
  <trkpt lat="42.447207" lon="-72.399660"></trkpt>
  <trkpt lat="42.447260" lon="-72.399692"></trkpt>
  <trkpt lat="42.447314" lon="-72.399724"></trkpt>
  <trkpt lat="42.447369" lon="-72.399749"></trkpt>
  <trkpt lat="42.447413" lon="-72.399764"></trkpt>
  <trkpt lat="42.447458" lon="-72.399774"></trkpt>
  <trkpt lat="42.447502" lon="-72.399778"></trkpt>
  <trkpt lat="42.447544" lon="-72.399774"></trkpt>
  <trkpt lat="42.447585" lon="-72.399763"></trkpt>
  <trkpt lat="42.447625" lon="-72.399749"></trkpt>
  <trkpt lat="42.447664" lon="-72.399732"></trkpt>
  <trkpt lat="42.447703" lon="-72.399712"></trkpt>
  <trkpt lat="42.447743" lon="-72.399693"></trkpt>
  <trkpt lat="42.447304" lon="-72.399467"></trkpt>
  <trkpt lat="42.447230" lon="-72.399374"></trkpt>
  <trkpt lat="42.447139" lon="-72.399373"></trkpt>
  <trkpt lat="42.446727" lon="-72.399035"></trkpt>
  <trkpt lat="42.445864" lon="-72.397923"></trkpt>
  <trkpt lat="42.445148" lon="-72.397307"></trkpt>
  <trkpt lat="42.445084" lon="-72.397306"></trkpt>
  <trkpt lat="42.445011" lon="-72.397245"></trkpt>
  <trkpt lat="42.444830" lon="-72.397183"></trkpt>
  <trkpt lat="42.444766" lon="-72.397122"></trkpt>
  <trkpt lat="42.444165" lon="-72.396876"></trkpt>
  <trkpt lat="42.443776" lon="-72.396783"></trkpt>
  <trkpt lat="42.443503" lon="-72.396660"></trkpt>
  <trkpt lat="42.442434" lon="-72.396382"></trkpt>
  <trkpt lat="42.440786" lon="-72.396353"></trkpt>
  <trkpt lat="42.440393" lon="-72.396476"></trkpt>
  <trkpt lat="42.438177" lon="-72.396478"></trkpt>
  <trkpt lat="42.437449" lon="-72.396510"></trkpt>
  <trkpt lat="42.436696" lon="-72.396664"></trkpt>
  <trkpt lat="42.435642" lon="-72.397036"></trkpt>
  <trkpt lat="42.435367" lon="-72.397220"></trkpt>
  <trkpt lat="42.434158" lon="-72.397498"></trkpt>
  <trkpt lat="42.434017" lon="-72.397622"></trkpt>
  <trkpt lat="42.434158" lon="-72.397498"></trkpt>
  <trkpt lat="42.435367" lon="-72.397220"></trkpt>
  <trkpt lat="42.435642" lon="-72.397036"></trkpt>
  <trkpt lat="42.436696" lon="-72.396664"></trkpt>
  <trkpt lat="42.437449" lon="-72.396510"></trkpt>
  <trkpt lat="42.438177" lon="-72.396478"></trkpt>
  <trkpt lat="42.440393" lon="-72.396476"></trkpt>
  <trkpt lat="42.440786" lon="-72.396353"></trkpt>
  <trkpt lat="42.442434" lon="-72.396382"></trkpt>
  <trkpt lat="42.443503" lon="-72.396660"></trkpt>
  <trkpt lat="42.443776" lon="-72.396783"></trkpt>
  <trkpt lat="42.444165" lon="-72.396876"></trkpt>
  <trkpt lat="42.444766" lon="-72.397122"></trkpt>
  <trkpt lat="42.444830" lon="-72.397183"></trkpt>
  <trkpt lat="42.445011" lon="-72.397245"></trkpt>
  <trkpt lat="42.445084" lon="-72.397306"></trkpt>
  <trkpt lat="42.445148" lon="-72.397307"></trkpt>
  <trkpt lat="42.445864" lon="-72.397923"></trkpt>
  <trkpt lat="42.446727" lon="-72.399035"></trkpt>
  <trkpt lat="42.447139" lon="-72.399373"></trkpt>
  <trkpt lat="42.447230" lon="-72.399374"></trkpt>
  <trkpt lat="42.447304" lon="-72.399467"></trkpt>
  <trkpt lat="42.447743" lon="-72.399693"></trkpt>
  <trkpt lat="42.447967" lon="-72.399629"></trkpt>
  <trkpt lat="42.448197" lon="-72.399625"></trkpt>
  <trkpt lat="42.448426" lon="-72.399651"></trkpt>
  <trkpt lat="42.448654" lon="-72.399693"></trkpt>
  <trkpt lat="42.448884" lon="-72.399711"></trkpt>
  <trkpt lat="42.449114" lon="-72.399711"></trkpt>
  <trkpt lat="42.449343" lon="-72.399693"></trkpt>
  <trkpt lat="42.449572" lon="-72.399718"></trkpt>
  <trkpt lat="42.449802" lon="-72.399739"></trkpt>
  <trkpt lat="42.450025" lon="-72.399812"></trkpt>
  <trkpt lat="42.450247" lon="-72.399890"></trkpt>
  <trkpt lat="42.450476" lon="-72.399903"></trkpt>
  <trkpt lat="42.450706" lon="-72.399896"></trkpt>
  <trkpt lat="42.450940" lon="-72.399903"></trkpt>
  <trkpt lat="42.451173" lon="-72.399905"></trkpt>
  <trkpt lat="42.451407" lon="-72.399889"></trkpt>
  <trkpt lat="42.451639" lon="-72.399901"></trkpt>
  <trkpt lat="42.451869" lon="-72.399955"></trkpt>
  <trkpt lat="42.452102" lon="-72.399952"></trkpt>
  <trkpt lat="42.452335" lon="-72.399933"></trkpt>
  <trkpt lat="42.452532" lon="-72.400244"></trkpt>
  <trkpt lat="42.452669" lon="-72.400464"></trkpt>
  <trkpt lat="42.452781" lon="-72.400655"></trkpt>
  <trkpt lat="42.452862" lon="-72.400809"></trkpt>
  <trkpt lat="42.452908" lon="-72.400919"></trkpt>
  <trkpt lat="42.452950" lon="-72.401029"></trkpt>
  <trkpt lat="42.452989" lon="-72.401156"></trkpt>
  <trkpt lat="42.453032" lon="-72.401336"></trkpt>
  <trkpt lat="42.453056" lon="-72.401462"></trkpt>
  <trkpt lat="42.452991" lon="-72.401163"></trkpt>
  <trkpt lat="42.452895" lon="-72.400880"></trkpt>
  <trkpt lat="42.452769" lon="-72.400619"></trkpt>
  <trkpt lat="42.452623" lon="-72.400378"></trkpt>
  <trkpt lat="42.452473" lon="-72.400142"></trkpt>
  <trkpt lat="42.452320" lon="-72.399909"></trkpt>
  <trkpt lat="42.452310" lon="-72.399893"></trkpt>
  <trkpt lat="42.452250" lon="-72.399802"></trkpt>
  <trkpt lat="42.452191" lon="-72.399710"></trkpt>
  <trkpt lat="42.452134" lon="-72.399617"></trkpt>
  <trkpt lat="42.452115" lon="-72.399586"></trkpt>
  <trkpt lat="42.452057" lon="-72.399493"></trkpt>
  <trkpt lat="42.451999" lon="-72.399399"></trkpt>
  <trkpt lat="42.451944" lon="-72.399302"></trkpt>
  <trkpt lat="42.451909" lon="-72.399229"></trkpt>
  <trkpt lat="42.451866" lon="-72.399122"></trkpt>
  <trkpt lat="42.451826" lon="-72.399012"></trkpt>
  <trkpt lat="42.451791" lon="-72.398899"></trkpt>
  <trkpt lat="42.451762" lon="-72.398785"></trkpt>
  <trkpt lat="42.451759" lon="-72.398774"></trkpt>
  <trkpt lat="42.451737" lon="-72.398656"></trkpt>
  <trkpt lat="42.451719" lon="-72.398536"></trkpt>
  <trkpt lat="42.451708" lon="-72.398415"></trkpt>
  <trkpt lat="42.451704" lon="-72.398306"></trkpt>
  <trkpt lat="42.451705" lon="-72.398185"></trkpt>
  <trkpt lat="42.451711" lon="-72.398063"></trkpt>
  <trkpt lat="42.451723" lon="-72.397942"></trkpt>
  <trkpt lat="42.451740" lon="-72.397822"></trkpt>
  <trkpt lat="42.451746" lon="-72.397791"></trkpt>
  <trkpt lat="42.451772" lon="-72.397675"></trkpt>
  <trkpt lat="42.451805" lon="-72.397562"></trkpt>
  <trkpt lat="42.451842" lon="-72.397450"></trkpt>
  <trkpt lat="42.451874" lon="-72.397357"></trkpt>
  <trkpt lat="42.451916" lon="-72.397250"></trkpt>
  <trkpt lat="42.451962" lon="-72.397145"></trkpt>
  <trkpt lat="42.452006" lon="-72.397039"></trkpt>
  <trkpt lat="42.452009" lon="-72.397032"></trkpt>
  <trkpt lat="42.452050" lon="-72.396923"></trkpt>
  <trkpt lat="42.452089" lon="-72.396814"></trkpt>
  <trkpt lat="42.452119" lon="-72.396714"></trkpt>
  <trkpt lat="42.452150" lon="-72.396600"></trkpt>
  <trkpt lat="42.452179" lon="-72.396484"></trkpt>
  <trkpt lat="42.452201" lon="-72.396366"></trkpt>
  <trkpt lat="42.452208" lon="-72.396310"></trkpt>
  <trkpt lat="42.452218" lon="-72.396190"></trkpt>
  <trkpt lat="42.452221" lon="-72.396068"></trkpt>
  <trkpt lat="42.452220" lon="-72.395946"></trkpt>
  <trkpt lat="42.452215" lon="-72.395833"></trkpt>
  <trkpt lat="42.452206" lon="-72.395712"></trkpt>
  <trkpt lat="42.452193" lon="-72.395591"></trkpt>
  <trkpt lat="42.452177" lon="-72.395471"></trkpt>
  <trkpt lat="42.452158" lon="-72.395352"></trkpt>
  <trkpt lat="42.452147" lon="-72.395295"></trkpt>
  <trkpt lat="42.452128" lon="-72.395176"></trkpt>
  <trkpt lat="42.452109" lon="-72.395057"></trkpt>
  <trkpt lat="42.452090" lon="-72.394939"></trkpt>
  <trkpt lat="42.452073" lon="-72.394845"></trkpt>
  <trkpt lat="42.452053" lon="-72.394727"></trkpt>
  <trkpt lat="42.452031" lon="-72.394609"></trkpt>
  <trkpt lat="42.452010" lon="-72.394491"></trkpt>
  <trkpt lat="42.451997" lon="-72.394409"></trkpt>
  <trkpt lat="42.451979" lon="-72.394289"></trkpt>
  <trkpt lat="42.451963" lon="-72.394170"></trkpt>
  <trkpt lat="42.451947" lon="-72.394050"></trkpt>
  <trkpt lat="42.451931" lon="-72.393931"></trkpt>
  <trkpt lat="42.451924" lon="-72.393888"></trkpt>
  <trkpt lat="42.451906" lon="-72.393769"></trkpt>
  <trkpt lat="42.451887" lon="-72.393650"></trkpt>
  <trkpt lat="42.451869" lon="-72.393531"></trkpt>
  <trkpt lat="42.451856" lon="-72.393444"></trkpt>
  <trkpt lat="42.451839" lon="-72.393325"></trkpt>
  <trkpt lat="42.451823" lon="-72.393205"></trkpt>
  <trkpt lat="42.451807" lon="-72.393085"></trkpt>
  <trkpt lat="42.451792" lon="-72.392978"></trkpt>
  <trkpt lat="42.451775" lon="-72.392859"></trkpt>
  <trkpt lat="42.451757" lon="-72.392739"></trkpt>
  <trkpt lat="42.451738" lon="-72.392621"></trkpt>
  <trkpt lat="42.451713" lon="-72.392504"></trkpt>
  <trkpt lat="42.451713" lon="-72.392500"></trkpt>
  <trkpt lat="42.451684" lon="-72.392385"></trkpt>
  <trkpt lat="42.451650" lon="-72.392272"></trkpt>
  <trkpt lat="42.451611" lon="-72.392162"></trkpt>
  <trkpt lat="42.451585" lon="-72.392094"></trkpt>
  <trkpt lat="42.451539" lon="-72.391990"></trkpt>
  <trkpt lat="42.451488" lon="-72.391888"></trkpt>
  <trkpt lat="42.451432" lon="-72.391793"></trkpt>
  <trkpt lat="42.451398" lon="-72.391742"></trkpt>
  <trkpt lat="42.451333" lon="-72.391658"></trkpt>
  <trkpt lat="42.451264" lon="-72.391579"></trkpt>
  <trkpt lat="42.451192" lon="-72.391505"></trkpt>
  <trkpt lat="42.451129" lon="-72.391443"></trkpt>
  <trkpt lat="42.451053" lon="-72.391377"></trkpt>
  <trkpt lat="42.450975" lon="-72.391317"></trkpt>
  <trkpt lat="42.450897" lon="-72.391254"></trkpt>
  <trkpt lat="42.450854" lon="-72.391214"></trkpt>
  <trkpt lat="42.450782" lon="-72.391142"></trkpt>
  <trkpt lat="42.450711" lon="-72.391065"></trkpt>
  <trkpt lat="42.450644" lon="-72.390983"></trkpt>
  <trkpt lat="42.450605" lon="-72.390932"></trkpt>
  <trkpt lat="42.450545" lon="-72.390842"></trkpt>
  <trkpt lat="42.450525" lon="-72.390809"></trkpt>
  <trkpt lat="42.450521" lon="-72.390802"></trkpt>
  <trkpt lat="42.450384" lon="-72.390551"></trkpt>
  <trkpt lat="42.450260" lon="-72.390287"></trkpt>
  <trkpt lat="42.450140" lon="-72.390020"></trkpt>
  <trkpt lat="42.450010" lon="-72.389742"></trkpt>
  <trkpt lat="42.449867" lon="-72.389475"></trkpt>
  <trkpt lat="42.449729" lon="-72.389203"></trkpt>
  <trkpt lat="42.449605" lon="-72.388919"></trkpt>
  <trkpt lat="42.449590" lon="-72.388887"></trkpt>
  <trkpt lat="42.449543" lon="-72.388781"></trkpt>
  <trkpt lat="42.449496" lon="-72.388677"></trkpt>
  <trkpt lat="42.449449" lon="-72.388573"></trkpt>
  <trkpt lat="42.449443" lon="-72.388558"></trkpt>
  <trkpt lat="42.449389" lon="-72.388460"></trkpt>
  <trkpt lat="42.449345" lon="-72.388353"></trkpt>
  <trkpt lat="42.449330" lon="-72.388310"></trkpt>
  <trkpt lat="42.449299" lon="-72.388196"></trkpt>
  <trkpt lat="42.449296" lon="-72.388185"></trkpt>
  <trkpt lat="42.449272" lon="-72.388079"></trkpt>
  <trkpt lat="42.449243" lon="-72.387998"></trkpt>
  <trkpt lat="42.449238" lon="-72.387982"></trkpt>
  <trkpt lat="42.449223" lon="-72.387971"></trkpt>
  <trkpt lat="42.449174" lon="-72.387935"></trkpt>
  <trkpt lat="42.448900" lon="-72.388104"></trkpt>
  <trkpt lat="42.448685" lon="-72.388209"></trkpt>
  <trkpt lat="42.448467" lon="-72.388302"></trkpt>
  <trkpt lat="42.448244" lon="-72.388367"></trkpt>
  <trkpt lat="42.448018" lon="-72.388411"></trkpt>
  <trkpt lat="42.447790" lon="-72.388431"></trkpt>
  <trkpt lat="42.447561" lon="-72.388435"></trkpt>
  <trkpt lat="42.447333" lon="-72.388416"></trkpt>
  <trkpt lat="42.447106" lon="-72.388381"></trkpt>
  <trkpt lat="42.446880" lon="-72.388338"></trkpt>
  <trkpt lat="42.446653" lon="-72.388296"></trkpt>
  <trkpt lat="42.446635" lon="-72.388296"></trkpt>
  <trkpt lat="42.446605" lon="-72.388289"></trkpt>
  <trkpt lat="42.446576" lon="-72.388283"></trkpt>
  <trkpt lat="42.446546" lon="-72.388277"></trkpt>
  <trkpt lat="42.446516" lon="-72.388270"></trkpt>
  <trkpt lat="42.446486" lon="-72.388264"></trkpt>
  <trkpt lat="42.446456" lon="-72.388258"></trkpt>
  <trkpt lat="42.446436" lon="-72.388253"></trkpt>
  <trkpt lat="42.446414" lon="-72.388249"></trkpt>
  <trkpt lat="42.446393" lon="-72.388245"></trkpt>
  <trkpt lat="42.446363" lon="-72.388239"></trkpt>
  <trkpt lat="42.446333" lon="-72.388234"></trkpt>
  <trkpt lat="42.446304" lon="-72.388228"></trkpt>
  <trkpt lat="42.446274" lon="-72.388222"></trkpt>
  <trkpt lat="42.446244" lon="-72.388217"></trkpt>
  <trkpt lat="42.446215" lon="-72.388211"></trkpt>
  <trkpt lat="42.446185" lon="-72.388206"></trkpt>
  <trkpt lat="42.446164" lon="-72.388202"></trkpt>
  <trkpt lat="42.446126" lon="-72.388195"></trkpt>
  <trkpt lat="42.446096" lon="-72.388190"></trkpt>
  <trkpt lat="42.446066" lon="-72.388184"></trkpt>
  <trkpt lat="42.446036" lon="-72.388179"></trkpt>
  <trkpt lat="42.446018" lon="-72.388176"></trkpt>
  <trkpt lat="42.446000" lon="-72.388172"></trkpt>
  <trkpt lat="42.445982" lon="-72.388169"></trkpt>
  <trkpt lat="42.445952" lon="-72.388163"></trkpt>
  <trkpt lat="42.445922" lon="-72.388157"></trkpt>
  <trkpt lat="42.445892" lon="-72.388152"></trkpt>
  <trkpt lat="42.445863" lon="-72.388146"></trkpt>
  <trkpt lat="42.445833" lon="-72.388141"></trkpt>
  <trkpt lat="42.445804" lon="-72.388135"></trkpt>
  <trkpt lat="42.445774" lon="-72.388129"></trkpt>
  <trkpt lat="42.445744" lon="-72.388124"></trkpt>
  <trkpt lat="42.445714" lon="-72.388118"></trkpt>
  <trkpt lat="42.445684" lon="-72.388112"></trkpt>
  <trkpt lat="42.445655" lon="-72.388107"></trkpt>
  <trkpt lat="42.445625" lon="-72.388101"></trkpt>
  <trkpt lat="42.445604" lon="-72.388097"></trkpt>
  <trkpt lat="42.445582" lon="-72.388093"></trkpt>
  <trkpt lat="42.445560" lon="-72.388089"></trkpt>
  <trkpt lat="42.445530" lon="-72.388084"></trkpt>
  <trkpt lat="42.445501" lon="-72.388079"></trkpt>
  <trkpt lat="42.445471" lon="-72.388073"></trkpt>
  <trkpt lat="42.445442" lon="-72.388068"></trkpt>
  <trkpt lat="42.445412" lon="-72.388063"></trkpt>
  <trkpt lat="42.445382" lon="-72.388058"></trkpt>
  <trkpt lat="42.445352" lon="-72.388053"></trkpt>
  <trkpt lat="42.445323" lon="-72.388048"></trkpt>
  <trkpt lat="42.445293" lon="-72.388043"></trkpt>
  <trkpt lat="42.445263" lon="-72.388037"></trkpt>
  <trkpt lat="42.445233" lon="-72.388032"></trkpt>
  <trkpt lat="42.445203" lon="-72.388027"></trkpt>
  <trkpt lat="42.445200" lon="-72.388026"></trkpt>
  <trkpt lat="42.445169" lon="-72.388020"></trkpt>
  <trkpt lat="42.445139" lon="-72.388015"></trkpt>
  <trkpt lat="42.445109" lon="-72.388009"></trkpt>
  <trkpt lat="42.445079" lon="-72.388004"></trkpt>
  <trkpt lat="42.445050" lon="-72.387998"></trkpt>
  <trkpt lat="42.445020" lon="-72.387993"></trkpt>
  <trkpt lat="42.444990" lon="-72.387987"></trkpt>
  <trkpt lat="42.444961" lon="-72.387982"></trkpt>
  <trkpt lat="42.444931" lon="-72.387976"></trkpt>
  <trkpt lat="42.444901" lon="-72.387970"></trkpt>
  <trkpt lat="42.444871" lon="-72.387965"></trkpt>
  <trkpt lat="42.444842" lon="-72.387959"></trkpt>
  <trkpt lat="42.444819" lon="-72.387955"></trkpt>
  <trkpt lat="42.444797" lon="-72.387951"></trkpt>
  <trkpt lat="42.444774" lon="-72.387947"></trkpt>
  <trkpt lat="42.444744" lon="-72.387941"></trkpt>
  <trkpt lat="42.444715" lon="-72.387935"></trkpt>
  <trkpt lat="42.444685" lon="-72.387930"></trkpt>
  <trkpt lat="42.444655" lon="-72.387924"></trkpt>
  <trkpt lat="42.444625" lon="-72.387919"></trkpt>
  <trkpt lat="42.444595" lon="-72.387913"></trkpt>
  <trkpt lat="42.444566" lon="-72.387908"></trkpt>
  <trkpt lat="42.444536" lon="-72.387902"></trkpt>
  <trkpt lat="42.444507" lon="-72.387897"></trkpt>
  <trkpt lat="42.444477" lon="-72.387891"></trkpt>
  <trkpt lat="42.444447" lon="-72.387886"></trkpt>
  <trkpt lat="42.444417" lon="-72.387880"></trkpt>
  <trkpt lat="42.444388" lon="-72.387875"></trkpt>
  <trkpt lat="42.444358" lon="-72.387869"></trkpt>
  <trkpt lat="42.444328" lon="-72.387864"></trkpt>
  <trkpt lat="42.444312" lon="-72.387860"></trkpt>
  <trkpt lat="42.444296" lon="-72.387858"></trkpt>
  <trkpt lat="42.444280" lon="-72.387855"></trkpt>
  <trkpt lat="42.444250" lon="-72.387849"></trkpt>
  <trkpt lat="42.444220" lon="-72.387843"></trkpt>
  <trkpt lat="42.444190" lon="-72.387838"></trkpt>
  <trkpt lat="42.444161" lon="-72.387832"></trkpt>
  <trkpt lat="42.444131" lon="-72.387827"></trkpt>
  <trkpt lat="42.444101" lon="-72.387821"></trkpt>
  <trkpt lat="42.444072" lon="-72.387815"></trkpt>
  <trkpt lat="42.444042" lon="-72.387810"></trkpt>
  <trkpt lat="42.444012" lon="-72.387804"></trkpt>
  <trkpt lat="42.443987" lon="-72.387800"></trkpt>
  <trkpt lat="42.443962" lon="-72.387795"></trkpt>
  <trkpt lat="42.443936" lon="-72.387790"></trkpt>
  <trkpt lat="42.443906" lon="-72.387785"></trkpt>
  <trkpt lat="42.443877" lon="-72.387779"></trkpt>
  <trkpt lat="42.443847" lon="-72.387774"></trkpt>
  <trkpt lat="42.443817" lon="-72.387768"></trkpt>
  <trkpt lat="42.443787" lon="-72.387763"></trkpt>
  <trkpt lat="42.443758" lon="-72.387757"></trkpt>
  <trkpt lat="42.443728" lon="-72.387752"></trkpt>
  <trkpt lat="42.443698" lon="-72.387746"></trkpt>
  <trkpt lat="42.443668" lon="-72.387741"></trkpt>
  <trkpt lat="42.443639" lon="-72.387736"></trkpt>
  <trkpt lat="42.443609" lon="-72.387731"></trkpt>
  <trkpt lat="42.443579" lon="-72.387726"></trkpt>
  <trkpt lat="42.443553" lon="-72.387722"></trkpt>
  <trkpt lat="42.443527" lon="-72.387718"></trkpt>
  <trkpt lat="42.443500" lon="-72.387714"></trkpt>
  <trkpt lat="42.443471" lon="-72.387709"></trkpt>
  <trkpt lat="42.443441" lon="-72.387705"></trkpt>
  <trkpt lat="42.443411" lon="-72.387701"></trkpt>
  <trkpt lat="42.443381" lon="-72.387697"></trkpt>
  <trkpt lat="42.443351" lon="-72.387693"></trkpt>
  <trkpt lat="42.443321" lon="-72.387689"></trkpt>
  <trkpt lat="42.443291" lon="-72.387685"></trkpt>
  <trkpt lat="42.443261" lon="-72.387682"></trkpt>
  <trkpt lat="42.443232" lon="-72.387678"></trkpt>
  <trkpt lat="42.443202" lon="-72.387675"></trkpt>
  <trkpt lat="42.443171" lon="-72.387672"></trkpt>
  <trkpt lat="42.443142" lon="-72.387670"></trkpt>
  <trkpt lat="42.443112" lon="-72.387667"></trkpt>
  <trkpt lat="42.443082" lon="-72.387665"></trkpt>
  <trkpt lat="42.443052" lon="-72.387663"></trkpt>
  <trkpt lat="42.443044" lon="-72.387663"></trkpt>
  <trkpt lat="42.443037" lon="-72.387662"></trkpt>
  <trkpt lat="42.443030" lon="-72.387662"></trkpt>
  <trkpt lat="42.442999" lon="-72.387661"></trkpt>
  <trkpt lat="42.442970" lon="-72.387660"></trkpt>
  <trkpt lat="42.442940" lon="-72.387659"></trkpt>
  <trkpt lat="42.442909" lon="-72.387658"></trkpt>
  <trkpt lat="42.442880" lon="-72.387658"></trkpt>
  <trkpt lat="42.442850" lon="-72.387658"></trkpt>
  <trkpt lat="42.442819" lon="-72.387659"></trkpt>
  <trkpt lat="42.442789" lon="-72.387659"></trkpt>
  <trkpt lat="42.442759" lon="-72.387660"></trkpt>
  <trkpt lat="42.442729" lon="-72.387661"></trkpt>
  <trkpt lat="42.442699" lon="-72.387663"></trkpt>
  <trkpt lat="42.442669" lon="-72.387664"></trkpt>
  <trkpt lat="42.442644" lon="-72.387666"></trkpt>
  <trkpt lat="42.442618" lon="-72.387668"></trkpt>
  <trkpt lat="42.442593" lon="-72.387670"></trkpt>
  <trkpt lat="42.442563" lon="-72.387672"></trkpt>
  <trkpt lat="42.442533" lon="-72.387675"></trkpt>
  <trkpt lat="42.442503" lon="-72.387678"></trkpt>
  <trkpt lat="42.442473" lon="-72.387682"></trkpt>
  <trkpt lat="42.442443" lon="-72.387685"></trkpt>
  <trkpt lat="42.442413" lon="-72.387689"></trkpt>
  <trkpt lat="42.442384" lon="-72.387693"></trkpt>
  <trkpt lat="42.442354" lon="-72.387698"></trkpt>
  <trkpt lat="42.442324" lon="-72.387703"></trkpt>
  <trkpt lat="42.442294" lon="-72.387708"></trkpt>
  <trkpt lat="42.442265" lon="-72.387713"></trkpt>
  <trkpt lat="42.442235" lon="-72.387718"></trkpt>
  <trkpt lat="42.442207" lon="-72.387723"></trkpt>
  <trkpt lat="42.442180" lon="-72.387728"></trkpt>
  <trkpt lat="42.442153" lon="-72.387734"></trkpt>
  <trkpt lat="42.442123" lon="-72.387740"></trkpt>
  <trkpt lat="42.442094" lon="-72.387747"></trkpt>
  <trkpt lat="42.442064" lon="-72.387754"></trkpt>
  <trkpt lat="42.442035" lon="-72.387761"></trkpt>
  <trkpt lat="42.442005" lon="-72.387768"></trkpt>
  <trkpt lat="42.441975" lon="-72.387776"></trkpt>
  <trkpt lat="42.441946" lon="-72.387784"></trkpt>
  <trkpt lat="42.441917" lon="-72.387792"></trkpt>
  <trkpt lat="42.441887" lon="-72.387800"></trkpt>
  <trkpt lat="42.441858" lon="-72.387808"></trkpt>
  <trkpt lat="42.441828" lon="-72.387816"></trkpt>
  <trkpt lat="42.441799" lon="-72.387824"></trkpt>
  <trkpt lat="42.441770" lon="-72.387832"></trkpt>
  <trkpt lat="42.441740" lon="-72.387840"></trkpt>
  <trkpt lat="42.441710" lon="-72.387848"></trkpt>
  <trkpt lat="42.441708" lon="-72.387849"></trkpt>
  <trkpt lat="42.441679" lon="-72.387857"></trkpt>
  <trkpt lat="42.441649" lon="-72.387864"></trkpt>
  <trkpt lat="42.441620" lon="-72.387872"></trkpt>
  <trkpt lat="42.441590" lon="-72.387879"></trkpt>
  <trkpt lat="42.441561" lon="-72.387887"></trkpt>
  <trkpt lat="42.441531" lon="-72.387894"></trkpt>
  <trkpt lat="42.441502" lon="-72.387902"></trkpt>
  <trkpt lat="42.441472" lon="-72.387909"></trkpt>
  <trkpt lat="42.441443" lon="-72.387917"></trkpt>
  <trkpt lat="42.441413" lon="-72.387925"></trkpt>
  <trkpt lat="42.441384" lon="-72.387933"></trkpt>
  <trkpt lat="42.441355" lon="-72.387942"></trkpt>
  <trkpt lat="42.441329" lon="-72.387949"></trkpt>
  <trkpt lat="42.441304" lon="-72.387957"></trkpt>
  <trkpt lat="42.441279" lon="-72.387965"></trkpt>
  <trkpt lat="42.441249" lon="-72.387974"></trkpt>
  <trkpt lat="42.441220" lon="-72.387984"></trkpt>
  <trkpt lat="42.441191" lon="-72.387993"></trkpt>
  <trkpt lat="42.441162" lon="-72.388003"></trkpt>
  <trkpt lat="42.441132" lon="-72.388013"></trkpt>
  <trkpt lat="42.441103" lon="-72.388023"></trkpt>
  <trkpt lat="42.441074" lon="-72.388033"></trkpt>
  <trkpt lat="42.441045" lon="-72.388043"></trkpt>
  <trkpt lat="42.441016" lon="-72.388054"></trkpt>
  <trkpt lat="42.440987" lon="-72.388064"></trkpt>
  <trkpt lat="42.440958" lon="-72.388075"></trkpt>
  <trkpt lat="42.440929" lon="-72.388087"></trkpt>
  <trkpt lat="42.440901" lon="-72.388098"></trkpt>
  <trkpt lat="42.440872" lon="-72.388111"></trkpt>
  <trkpt lat="42.440843" lon="-72.388123"></trkpt>
  <trkpt lat="42.440834" lon="-72.388127"></trkpt>
  <trkpt lat="42.440825" lon="-72.388131"></trkpt>
  <trkpt lat="42.440815" lon="-72.388136"></trkpt>
  <trkpt lat="42.440787" lon="-72.388149"></trkpt>
  <trkpt lat="42.440759" lon="-72.388163"></trkpt>
  <trkpt lat="42.440731" lon="-72.388177"></trkpt>
  <trkpt lat="42.440703" lon="-72.388192"></trkpt>
  <trkpt lat="42.440675" lon="-72.388207"></trkpt>
  <trkpt lat="42.440647" lon="-72.388223"></trkpt>
  <trkpt lat="42.440620" lon="-72.388239"></trkpt>
  <trkpt lat="42.440592" lon="-72.388256"></trkpt>
  <trkpt lat="42.440565" lon="-72.388273"></trkpt>
  <trkpt lat="42.440538" lon="-72.388290"></trkpt>
  <trkpt lat="42.440511" lon="-72.388308"></trkpt>
  <trkpt lat="42.440483" lon="-72.388325"></trkpt>
  <trkpt lat="42.440477" lon="-72.388330"></trkpt>
  <trkpt lat="42.440470" lon="-72.388334"></trkpt>
  <trkpt lat="42.440463" lon="-72.388339"></trkpt>
  <trkpt lat="42.440447" lon="-72.388350"></trkpt>
  <trkpt lat="42.440237" lon="-72.388503"></trkpt>
  <trkpt lat="42.440032" lon="-72.388669"></trkpt>
  <trkpt lat="42.439826" lon="-72.388835"></trkpt>
  <trkpt lat="42.439621" lon="-72.389000"></trkpt>
  <trkpt lat="42.439415" lon="-72.389167"></trkpt>
  <trkpt lat="42.439207" lon="-72.389326"></trkpt>
  <trkpt lat="42.438992" lon="-72.389466"></trkpt>
  <trkpt lat="42.438768" lon="-72.389579"></trkpt>
  <trkpt lat="42.438537" lon="-72.389666"></trkpt>
  <trkpt lat="42.438303" lon="-72.389731"></trkpt>
  <trkpt lat="42.438065" lon="-72.389771"></trkpt>
  <trkpt lat="42.437826" lon="-72.389789"></trkpt>
  <trkpt lat="42.437587" lon="-72.389804"></trkpt>
  <trkpt lat="42.437569" lon="-72.389808"></trkpt>
  <trkpt lat="42.437538" lon="-72.389810"></trkpt>
  <trkpt lat="42.437508" lon="-72.389811"></trkpt>
  <trkpt lat="42.437478" lon="-72.389813"></trkpt>
  <trkpt lat="42.437449" lon="-72.389815"></trkpt>
  <trkpt lat="42.437418" lon="-72.389816"></trkpt>
  <trkpt lat="42.437388" lon="-72.389818"></trkpt>
  <trkpt lat="42.437359" lon="-72.389820"></trkpt>
  <trkpt lat="42.437329" lon="-72.389822"></trkpt>
  <trkpt lat="42.437298" lon="-72.389824"></trkpt>
  <trkpt lat="42.437267" lon="-72.389826"></trkpt>
  <trkpt lat="42.437236" lon="-72.389828"></trkpt>
  <trkpt lat="42.437207" lon="-72.389830"></trkpt>
  <trkpt lat="42.437177" lon="-72.389832"></trkpt>
  <trkpt lat="42.437146" lon="-72.389834"></trkpt>
  <trkpt lat="42.437116" lon="-72.389837"></trkpt>
  <trkpt lat="42.437095" lon="-72.389839"></trkpt>
  <trkpt lat="42.437051" lon="-72.389843"></trkpt>
  <trkpt lat="42.436917" lon="-72.389860"></trkpt>
  <trkpt lat="42.436784" lon="-72.389887"></trkpt>
  <trkpt lat="42.436651" lon="-72.389921"></trkpt>
  <trkpt lat="42.436520" lon="-72.389963"></trkpt>
  <trkpt lat="42.436389" lon="-72.390013"></trkpt>
  <trkpt lat="42.436261" lon="-72.390068"></trkpt>
  <trkpt lat="42.436135" lon="-72.390132"></trkpt>
  <trkpt lat="42.436010" lon="-72.390203"></trkpt>
  <trkpt lat="42.435889" lon="-72.390284"></trkpt>
  <trkpt lat="42.435770" lon="-72.390371"></trkpt>
  <trkpt lat="42.435655" lon="-72.390466"></trkpt>
  <trkpt lat="42.435543" lon="-72.390568"></trkpt>
  <trkpt lat="42.435436" lon="-72.390678"></trkpt>
  <trkpt lat="42.435332" lon="-72.390794"></trkpt>
  <trkpt lat="42.435230" lon="-72.390915"></trkpt>
  <trkpt lat="42.435134" lon="-72.391042"></trkpt>
  <trkpt lat="42.435041" lon="-72.391174"></trkpt>
  <trkpt lat="42.434953" lon="-72.391313"></trkpt>
  <trkpt lat="42.434869" lon="-72.391456"></trkpt>
  <trkpt lat="42.434791" lon="-72.391604"></trkpt>
  <trkpt lat="42.434721" lon="-72.391760"></trkpt>
  <trkpt lat="42.434688" lon="-72.391839"></trkpt>
  <trkpt lat="42.434655" lon="-72.391919"></trkpt>
  <trkpt lat="42.434591" lon="-72.392079"></trkpt>
  <trkpt lat="42.434531" lon="-72.392243"></trkpt>
  <trkpt lat="42.434474" lon="-72.392408"></trkpt>
  <trkpt lat="42.434468" lon="-72.392431"></trkpt>
  <trkpt lat="42.434424" lon="-72.392577"></trkpt>
  <trkpt lat="42.434372" lon="-72.392746"></trkpt>
  <trkpt lat="42.434321" lon="-72.392914"></trkpt>
  <trkpt lat="42.434270" lon="-72.393083"></trkpt>
  <trkpt lat="42.434219" lon="-72.393252"></trkpt>
  <trkpt lat="42.434168" lon="-72.393421"></trkpt>
  <trkpt lat="42.434114" lon="-72.393588"></trkpt>
  <trkpt lat="42.434059" lon="-72.393754"></trkpt>
  <trkpt lat="42.434004" lon="-72.393921"></trkpt>
  <trkpt lat="42.433941" lon="-72.394082"></trkpt>
  <trkpt lat="42.433872" lon="-72.394238"></trkpt>
  <trkpt lat="42.433798" lon="-72.394391"></trkpt>
  <trkpt lat="42.433717" lon="-72.394538"></trkpt>
  <trkpt lat="42.433634" lon="-72.394680"></trkpt>
  <trkpt lat="42.433545" lon="-72.394818"></trkpt>
  <trkpt lat="42.433522" lon="-72.394852"></trkpt>
  <trkpt lat="42.433352" lon="-72.395063"></trkpt>
  <trkpt lat="42.433178" lon="-72.395266"></trkpt>
  <trkpt lat="42.432998" lon="-72.395459"></trkpt>
  <trkpt lat="42.432813" lon="-72.395645"></trkpt>
  <trkpt lat="42.432627" lon="-72.395827"></trkpt>
  <trkpt lat="42.432441" lon="-72.396009"></trkpt>
  <trkpt lat="42.432255" lon="-72.396192"></trkpt>
  <trkpt lat="42.432069" lon="-72.396376"></trkpt>
  <trkpt lat="42.431883" lon="-72.396559"></trkpt>
  <trkpt lat="42.431698" lon="-72.396743"></trkpt>
  <trkpt lat="42.431509" lon="-72.396930"></trkpt>
  <trkpt lat="42.431320" lon="-72.397117"></trkpt>
  <trkpt lat="42.431131" lon="-72.397304"></trkpt>
  <trkpt lat="42.430942" lon="-72.397492"></trkpt>
  <trkpt lat="42.430753" lon="-72.397678"></trkpt>
  <trkpt lat="42.430563" lon="-72.397864"></trkpt>
  <trkpt lat="42.430370" lon="-72.398043"></trkpt>
  <trkpt lat="42.430170" lon="-72.398208"></trkpt>
  <trkpt lat="42.429962" lon="-72.398352"></trkpt>
  <trkpt lat="42.429747" lon="-72.398480"></trkpt>
  <trkpt lat="42.429525" lon="-72.398578"></trkpt>
  <trkpt lat="42.429297" lon="-72.398653"></trkpt>
  <trkpt lat="42.429066" lon="-72.398706"></trkpt>
  <trkpt lat="42.428833" lon="-72.398736"></trkpt>
  <trkpt lat="42.428599" lon="-72.398737"></trkpt>
  <trkpt lat="42.428365" lon="-72.398718"></trkpt>
  <trkpt lat="42.428133" lon="-72.398676"></trkpt>
  <trkpt lat="42.427904" lon="-72.398605"></trkpt>
  <trkpt lat="42.427679" lon="-72.398517"></trkpt>
  <trkpt lat="42.427455" lon="-72.398428"></trkpt>
  <trkpt lat="42.427232" lon="-72.398339"></trkpt>
  <trkpt lat="42.427008" lon="-72.398251"></trkpt>
  <trkpt lat="42.426783" lon="-72.398166"></trkpt>
  <trkpt lat="42.426559" lon="-72.398079"></trkpt>
  <trkpt lat="42.426335" lon="-72.397991"></trkpt>
  <trkpt lat="42.426111" lon="-72.397902"></trkpt>
  <trkpt lat="42.425887" lon="-72.397814"></trkpt>
  <trkpt lat="42.425663" lon="-72.397726"></trkpt>
  <trkpt lat="42.425438" lon="-72.397641"></trkpt>
  <trkpt lat="42.425213" lon="-72.397559"></trkpt>
  <trkpt lat="42.424985" lon="-72.397496"></trkpt>
  <trkpt lat="42.424753" lon="-72.397460"></trkpt>
  <trkpt lat="42.424520" lon="-72.397444"></trkpt>
  <trkpt lat="42.424287" lon="-72.397454"></trkpt>
  <trkpt lat="42.424020" lon="-72.397483"></trkpt>
  <trkpt lat="42.423798" lon="-72.397530"></trkpt>
  <trkpt lat="42.423579" lon="-72.397605"></trkpt>
  <trkpt lat="42.423364" lon="-72.397697"></trkpt>
  <trkpt lat="42.423154" lon="-72.397809"></trkpt>
  <trkpt lat="42.422949" lon="-72.397937"></trkpt>
  <trkpt lat="42.422748" lon="-72.398076"></trkpt>
  <trkpt lat="42.422548" lon="-72.398216"></trkpt>
  <trkpt lat="42.422351" lon="-72.398363"></trkpt>
  <trkpt lat="42.422153" lon="-72.398509"></trkpt>
  <trkpt lat="42.421954" lon="-72.398653"></trkpt>
  <trkpt lat="42.421755" lon="-72.398797"></trkpt>
  <trkpt lat="42.421556" lon="-72.398940"></trkpt>
  <trkpt lat="42.421356" lon="-72.399083"></trkpt>
  <trkpt lat="42.421142" lon="-72.399226"></trkpt>
  <trkpt lat="42.420922" lon="-72.399355"></trkpt>
  <trkpt lat="42.420694" lon="-72.399460"></trkpt>
  <trkpt lat="42.420468" lon="-72.399540"></trkpt>
  <trkpt lat="42.420239" lon="-72.399600"></trkpt>
  <trkpt lat="42.420007" lon="-72.399636"></trkpt>
  <trkpt lat="42.419774" lon="-72.399647"></trkpt>
  <trkpt lat="42.419531" lon="-72.399635"></trkpt>
  <trkpt lat="42.419290" lon="-72.399593"></trkpt>
  <trkpt lat="42.419050" lon="-72.399533"></trkpt>
  <trkpt lat="42.418812" lon="-72.399466"></trkpt>
  <trkpt lat="42.418573" lon="-72.399402"></trkpt>
  <trkpt lat="42.418334" lon="-72.399342"></trkpt>
  <trkpt lat="42.418213" lon="-72.399317"></trkpt>
  <trkpt lat="42.418079" lon="-72.399301"></trkpt>
  <trkpt lat="42.417944" lon="-72.399291"></trkpt>
  <trkpt lat="42.417860" lon="-72.399288"></trkpt>
  <trkpt lat="42.417944" lon="-72.399291"></trkpt>
  <trkpt lat="42.418079" lon="-72.399301"></trkpt>
  <trkpt lat="42.418213" lon="-72.399317"></trkpt>
  <trkpt lat="42.418335" lon="-72.399342"></trkpt>
  <trkpt lat="42.418347" lon="-72.399344"></trkpt>
  <trkpt lat="42.418480" lon="-72.399378"></trkpt>
  <trkpt lat="42.418613" lon="-72.399411"></trkpt>
  <trkpt lat="42.418745" lon="-72.399446"></trkpt>
  <trkpt lat="42.418877" lon="-72.399483"></trkpt>
  <trkpt lat="42.419010" lon="-72.399520"></trkpt>
  <trkpt lat="42.419142" lon="-72.399557"></trkpt>
  <trkpt lat="42.419275" lon="-72.399589"></trkpt>
  <trkpt lat="42.419299" lon="-72.399594"></trkpt>
  <trkpt lat="42.419408" lon="-72.399615"></trkpt>
  <trkpt lat="42.419542" lon="-72.399636"></trkpt>
  <trkpt lat="42.419677" lon="-72.399648"></trkpt>
  <trkpt lat="42.419774" lon="-72.399648"></trkpt>
  <trkpt lat="42.420008" lon="-72.399638"></trkpt>
  <trkpt lat="42.420240" lon="-72.399603"></trkpt>
  <trkpt lat="42.420470" lon="-72.399544"></trkpt>
  <trkpt lat="42.420696" lon="-72.399463"></trkpt>
  <trkpt lat="42.420916" lon="-72.399358"></trkpt>
  <trkpt lat="42.421142" lon="-72.399226"></trkpt>
  <trkpt lat="42.421356" lon="-72.399083"></trkpt>
  <trkpt lat="42.421556" lon="-72.398940"></trkpt>
  <trkpt lat="42.421755" lon="-72.398797"></trkpt>
  <trkpt lat="42.421954" lon="-72.398653"></trkpt>
  <trkpt lat="42.422153" lon="-72.398509"></trkpt>
  <trkpt lat="42.422351" lon="-72.398363"></trkpt>
  <trkpt lat="42.422548" lon="-72.398216"></trkpt>
  <trkpt lat="42.422748" lon="-72.398076"></trkpt>
  <trkpt lat="42.422949" lon="-72.397937"></trkpt>
  <trkpt lat="42.423154" lon="-72.397809"></trkpt>
  <trkpt lat="42.423364" lon="-72.397697"></trkpt>
  <trkpt lat="42.423579" lon="-72.397605"></trkpt>
  <trkpt lat="42.423798" lon="-72.397530"></trkpt>
  <trkpt lat="42.424020" lon="-72.397483"></trkpt>
  <trkpt lat="42.424245" lon="-72.397458"></trkpt>
  <trkpt lat="42.424287" lon="-72.397455"></trkpt>
  <trkpt lat="42.424528" lon="-72.397446"></trkpt>
  <trkpt lat="42.424761" lon="-72.397461"></trkpt>
  <trkpt lat="42.424992" lon="-72.397497"></trkpt>
  <trkpt lat="42.425220" lon="-72.397559"></trkpt>
  <trkpt lat="42.425444" lon="-72.397640"></trkpt>
  <trkpt lat="42.425668" lon="-72.397726"></trkpt>
  <trkpt lat="42.425892" lon="-72.397814"></trkpt>
  <trkpt lat="42.426115" lon="-72.397902"></trkpt>
  <trkpt lat="42.426339" lon="-72.397990"></trkpt>
  <trkpt lat="42.426562" lon="-72.398078"></trkpt>
  <trkpt lat="42.426786" lon="-72.398164"></trkpt>
  <trkpt lat="42.427010" lon="-72.398249"></trkpt>
  <trkpt lat="42.427233" lon="-72.398337"></trkpt>
  <trkpt lat="42.427456" lon="-72.398426"></trkpt>
  <trkpt lat="42.427680" lon="-72.398515"></trkpt>
  <trkpt lat="42.427767" lon="-72.398549"></trkpt>
  <trkpt lat="42.427896" lon="-72.398600"></trkpt>
  <trkpt lat="42.428027" lon="-72.398645"></trkpt>
  <trkpt lat="42.428159" lon="-72.398682"></trkpt>
  <trkpt lat="42.428293" lon="-72.398707"></trkpt>
  <trkpt lat="42.428427" lon="-72.398727"></trkpt>
  <trkpt lat="42.428562" lon="-72.398737"></trkpt>
  <trkpt lat="42.428697" lon="-72.398740"></trkpt>
  <trkpt lat="42.428832" lon="-72.398738"></trkpt>
  <trkpt lat="42.428967" lon="-72.398725"></trkpt>
  <trkpt lat="42.429101" lon="-72.398703"></trkpt>
  <trkpt lat="42.429234" lon="-72.398673"></trkpt>
  <trkpt lat="42.429366" lon="-72.398637"></trkpt>
  <trkpt lat="42.429497" lon="-72.398593"></trkpt>
  <trkpt lat="42.429627" lon="-72.398542"></trkpt>
  <trkpt lat="42.429755" lon="-72.398482"></trkpt>
  <trkpt lat="42.429878" lon="-72.398410"></trkpt>
  <trkpt lat="42.430001" lon="-72.398334"></trkpt>
  <trkpt lat="42.430122" lon="-72.398252"></trkpt>
  <trkpt lat="42.430239" lon="-72.398163"></trkpt>
  <trkpt lat="42.430354" lon="-72.398066"></trkpt>
  <trkpt lat="42.430466" lon="-72.397965"></trkpt>
  <trkpt lat="42.430576" lon="-72.397860"></trkpt>
  <trkpt lat="42.430686" lon="-72.397754"></trkpt>
  <trkpt lat="42.430795" lon="-72.397646"></trkpt>
  <trkpt lat="42.430904" lon="-72.397539"></trkpt>
  <trkpt lat="42.431013" lon="-72.397431"></trkpt>
  <trkpt lat="42.431122" lon="-72.397323"></trkpt>
  <trkpt lat="42.431231" lon="-72.397215"></trkpt>
  <trkpt lat="42.431304" lon="-72.397143"></trkpt>
  <trkpt lat="42.431340" lon="-72.397108"></trkpt>
  <trkpt lat="42.431449" lon="-72.397000"></trkpt>
  <trkpt lat="42.431557" lon="-72.396892"></trkpt>
  <trkpt lat="42.431666" lon="-72.396784"></trkpt>
  <trkpt lat="42.431702" lon="-72.396749"></trkpt>
  <trkpt lat="42.431775" lon="-72.396676"></trkpt>
  <trkpt lat="42.431884" lon="-72.396568"></trkpt>
  <trkpt lat="42.431993" lon="-72.396461"></trkpt>
  <trkpt lat="42.432102" lon="-72.396353"></trkpt>
  <trkpt lat="42.432211" lon="-72.396245"></trkpt>
  <trkpt lat="42.432320" lon="-72.396137"></trkpt>
  <trkpt lat="42.432388" lon="-72.396070"></trkpt>
  <trkpt lat="42.432498" lon="-72.395963"></trkpt>
  <trkpt lat="42.432607" lon="-72.395856"></trkpt>
  <trkpt lat="42.432716" lon="-72.395749"></trkpt>
  <trkpt lat="42.432825" lon="-72.395642"></trkpt>
  <trkpt lat="42.432935" lon="-72.395535"></trkpt>
  <trkpt lat="42.433041" lon="-72.395423"></trkpt>
  <trkpt lat="42.433161" lon="-72.395296"></trkpt>
  <trkpt lat="42.433251" lon="-72.395193"></trkpt>
  <trkpt lat="42.433353" lon="-72.395074"></trkpt>
  <trkpt lat="42.433452" lon="-72.394950"></trkpt>
  <trkpt lat="42.433522" lon="-72.394852"></trkpt>
  <trkpt lat="42.433545" lon="-72.394818"></trkpt>
  <trkpt lat="42.433634" lon="-72.394680"></trkpt>
  <trkpt lat="42.433717" lon="-72.394538"></trkpt>
  <trkpt lat="42.433798" lon="-72.394391"></trkpt>
  <trkpt lat="42.433872" lon="-72.394238"></trkpt>
  <trkpt lat="42.433941" lon="-72.394082"></trkpt>
  <trkpt lat="42.434004" lon="-72.393921"></trkpt>
  <trkpt lat="42.434059" lon="-72.393754"></trkpt>
  <trkpt lat="42.434114" lon="-72.393588"></trkpt>
  <trkpt lat="42.434168" lon="-72.393421"></trkpt>
  <trkpt lat="42.434219" lon="-72.393252"></trkpt>
  <trkpt lat="42.434270" lon="-72.393083"></trkpt>
  <trkpt lat="42.434321" lon="-72.392914"></trkpt>
  <trkpt lat="42.434372" lon="-72.392746"></trkpt>
  <trkpt lat="42.434424" lon="-72.392577"></trkpt>
  <trkpt lat="42.434468" lon="-72.392431"></trkpt>
  <trkpt lat="42.434474" lon="-72.392408"></trkpt>
  <trkpt lat="42.434531" lon="-72.392243"></trkpt>
  <trkpt lat="42.434591" lon="-72.392079"></trkpt>
  <trkpt lat="42.434655" lon="-72.391919"></trkpt>
  <trkpt lat="42.434688" lon="-72.391839"></trkpt>
  <trkpt lat="42.434721" lon="-72.391760"></trkpt>
  <trkpt lat="42.434791" lon="-72.391604"></trkpt>
  <trkpt lat="42.434869" lon="-72.391456"></trkpt>
  <trkpt lat="42.434953" lon="-72.391313"></trkpt>
  <trkpt lat="42.435041" lon="-72.391174"></trkpt>
  <trkpt lat="42.435134" lon="-72.391042"></trkpt>
  <trkpt lat="42.435230" lon="-72.390915"></trkpt>
  <trkpt lat="42.435332" lon="-72.390794"></trkpt>
  <trkpt lat="42.435436" lon="-72.390678"></trkpt>
  <trkpt lat="42.435543" lon="-72.390568"></trkpt>
  <trkpt lat="42.435655" lon="-72.390466"></trkpt>
  <trkpt lat="42.435770" lon="-72.390371"></trkpt>
  <trkpt lat="42.435889" lon="-72.390284"></trkpt>
  <trkpt lat="42.436010" lon="-72.390203"></trkpt>
  <trkpt lat="42.436135" lon="-72.390132"></trkpt>
  <trkpt lat="42.436261" lon="-72.390068"></trkpt>
  <trkpt lat="42.436389" lon="-72.390013"></trkpt>
  <trkpt lat="42.436520" lon="-72.389963"></trkpt>
  <trkpt lat="42.436651" lon="-72.389921"></trkpt>
  <trkpt lat="42.436784" lon="-72.389887"></trkpt>
  <trkpt lat="42.436917" lon="-72.389860"></trkpt>
  <trkpt lat="42.437051" lon="-72.389843"></trkpt>
  <trkpt lat="42.437095" lon="-72.389839"></trkpt>
  <trkpt lat="42.437116" lon="-72.389837"></trkpt>
  <trkpt lat="42.437146" lon="-72.389834"></trkpt>
  <trkpt lat="42.437177" lon="-72.389832"></trkpt>
  <trkpt lat="42.437207" lon="-72.389830"></trkpt>
  <trkpt lat="42.437236" lon="-72.389828"></trkpt>
  <trkpt lat="42.437267" lon="-72.389826"></trkpt>
  <trkpt lat="42.437298" lon="-72.389824"></trkpt>
  <trkpt lat="42.437329" lon="-72.389822"></trkpt>
  <trkpt lat="42.437359" lon="-72.389820"></trkpt>
  <trkpt lat="42.437388" lon="-72.389818"></trkpt>
  <trkpt lat="42.437418" lon="-72.389816"></trkpt>
  <trkpt lat="42.437449" lon="-72.389815"></trkpt>
  <trkpt lat="42.437478" lon="-72.389813"></trkpt>
  <trkpt lat="42.437508" lon="-72.389811"></trkpt>
  <trkpt lat="42.437538" lon="-72.389810"></trkpt>
  <trkpt lat="42.437569" lon="-72.389808"></trkpt>
  <trkpt lat="42.437587" lon="-72.389807"></trkpt>
  <trkpt lat="42.437598" lon="-72.389806"></trkpt>
  <trkpt lat="42.437628" lon="-72.389805"></trkpt>
  <trkpt lat="42.437658" lon="-72.389803"></trkpt>
  <trkpt lat="42.437688" lon="-72.389801"></trkpt>
  <trkpt lat="42.437718" lon="-72.389799"></trkpt>
  <trkpt lat="42.437748" lon="-72.389797"></trkpt>
  <trkpt lat="42.437758" lon="-72.389796"></trkpt>
  <trkpt lat="42.437769" lon="-72.389796"></trkpt>
  <trkpt lat="42.437779" lon="-72.389795"></trkpt>
  <trkpt lat="42.437809" lon="-72.389793"></trkpt>
  <trkpt lat="42.437839" lon="-72.389791"></trkpt>
  <trkpt lat="42.437869" lon="-72.389789"></trkpt>
  <trkpt lat="42.437899" lon="-72.389787"></trkpt>
  <trkpt lat="42.437929" lon="-72.389785"></trkpt>
  <trkpt lat="42.437959" lon="-72.389783"></trkpt>
  <trkpt lat="42.437989" lon="-72.389781"></trkpt>
  <trkpt lat="42.438019" lon="-72.389778"></trkpt>
  <trkpt lat="42.438049" lon="-72.389775"></trkpt>
  <trkpt lat="42.438079" lon="-72.389772"></trkpt>
  <trkpt lat="42.438108" lon="-72.389768"></trkpt>
  <trkpt lat="42.438138" lon="-72.389764"></trkpt>
  <trkpt lat="42.438144" lon="-72.389763"></trkpt>
  <trkpt lat="42.438150" lon="-72.389762"></trkpt>
  <trkpt lat="42.438156" lon="-72.389761"></trkpt>
  <trkpt lat="42.438186" lon="-72.389756"></trkpt>
  <trkpt lat="42.438215" lon="-72.389751"></trkpt>
  <trkpt lat="42.438245" lon="-72.389745"></trkpt>
  <trkpt lat="42.438275" lon="-72.389739"></trkpt>
  <trkpt lat="42.438305" lon="-72.389733"></trkpt>
  <trkpt lat="42.438334" lon="-72.389727"></trkpt>
  <trkpt lat="42.438364" lon="-72.389720"></trkpt>
  <trkpt lat="42.438393" lon="-72.389712"></trkpt>
  <trkpt lat="42.438423" lon="-72.389705"></trkpt>
  <trkpt lat="42.438452" lon="-72.389696"></trkpt>
  <trkpt lat="42.438482" lon="-72.389688"></trkpt>
  <trkpt lat="42.438510" lon="-72.389679"></trkpt>
  <trkpt lat="42.438524" lon="-72.389675"></trkpt>
  <trkpt lat="42.438538" lon="-72.389670"></trkpt>
  <trkpt lat="42.438552" lon="-72.389666"></trkpt>
  <trkpt lat="42.438580" lon="-72.389656"></trkpt>
  <trkpt lat="42.438610" lon="-72.389646"></trkpt>
  <trkpt lat="42.438638" lon="-72.389635"></trkpt>
  <trkpt lat="42.438667" lon="-72.389624"></trkpt>
  <trkpt lat="42.438697" lon="-72.389613"></trkpt>
  <trkpt lat="42.438725" lon="-72.389602"></trkpt>
  <trkpt lat="42.438754" lon="-72.389590"></trkpt>
  <trkpt lat="42.438782" lon="-72.389578"></trkpt>
  <trkpt lat="42.438811" lon="-72.389565"></trkpt>
  <trkpt lat="42.438839" lon="-72.389552"></trkpt>
  <trkpt lat="42.438868" lon="-72.389539"></trkpt>
  <trkpt lat="42.438896" lon="-72.389525"></trkpt>
  <trkpt lat="42.438918" lon="-72.389514"></trkpt>
  <trkpt lat="42.438940" lon="-72.389502"></trkpt>
  <trkpt lat="42.438962" lon="-72.389490"></trkpt>
  <trkpt lat="42.438990" lon="-72.389474"></trkpt>
  <trkpt lat="42.439017" lon="-72.389458"></trkpt>
  <trkpt lat="42.439045" lon="-72.389441"></trkpt>
  <trkpt lat="42.439072" lon="-72.389424"></trkpt>
  <trkpt lat="42.439099" lon="-72.389407"></trkpt>
  <trkpt lat="42.439126" lon="-72.389389"></trkpt>
  <trkpt lat="42.439153" lon="-72.389371"></trkpt>
  <trkpt lat="42.439179" lon="-72.389353"></trkpt>
  <trkpt lat="42.439206" lon="-72.389334"></trkpt>
  <trkpt lat="42.439224" lon="-72.389321"></trkpt>
  <trkpt lat="42.439243" lon="-72.389308"></trkpt>
  <trkpt lat="42.439261" lon="-72.389294"></trkpt>
  <trkpt lat="42.439288" lon="-72.389275"></trkpt>
  <trkpt lat="42.439314" lon="-72.389255"></trkpt>
  <trkpt lat="42.439340" lon="-72.389235"></trkpt>
  <trkpt lat="42.439366" lon="-72.389214"></trkpt>
  <trkpt lat="42.439391" lon="-72.389194"></trkpt>
  <trkpt lat="42.439417" lon="-72.389173"></trkpt>
  <trkpt lat="42.439443" lon="-72.389152"></trkpt>
  <trkpt lat="42.439469" lon="-72.389131"></trkpt>
  <trkpt lat="42.440023" lon="-72.388681"></trkpt>
  <trkpt lat="42.440049" lon="-72.388660"></trkpt>
  <trkpt lat="42.440075" lon="-72.388639"></trkpt>
  <trkpt lat="42.440101" lon="-72.388619"></trkpt>
  <trkpt lat="42.440127" lon="-72.388598"></trkpt>
  <trkpt lat="42.440135" lon="-72.388592"></trkpt>
  <trkpt lat="42.440143" lon="-72.388586"></trkpt>
  <trkpt lat="42.440150" lon="-72.388580"></trkpt>
  <trkpt lat="42.440176" lon="-72.388559"></trkpt>
  <trkpt lat="42.440202" lon="-72.388538"></trkpt>
  <trkpt lat="42.440228" lon="-72.388518"></trkpt>
  <trkpt lat="42.440254" lon="-72.388497"></trkpt>
  <trkpt lat="42.440279" lon="-72.388476"></trkpt>
  <trkpt lat="42.440305" lon="-72.388456"></trkpt>
  <trkpt lat="42.440331" lon="-72.388435"></trkpt>
  <trkpt lat="42.440357" lon="-72.388415"></trkpt>
  <trkpt lat="42.440383" lon="-72.388396"></trkpt>
  <trkpt lat="42.440410" lon="-72.388376"></trkpt>
  <trkpt lat="42.440437" lon="-72.388357"></trkpt>
  <trkpt lat="42.440447" lon="-72.388350"></trkpt>
  <trkpt lat="42.440463" lon="-72.388339"></trkpt>
  <trkpt lat="42.440470" lon="-72.388334"></trkpt>
  <trkpt lat="42.440477" lon="-72.388330"></trkpt>
  <trkpt lat="42.440483" lon="-72.388325"></trkpt>
  <trkpt lat="42.440511" lon="-72.388308"></trkpt>
  <trkpt lat="42.440538" lon="-72.388290"></trkpt>
  <trkpt lat="42.440565" lon="-72.388273"></trkpt>
  <trkpt lat="42.440592" lon="-72.388256"></trkpt>
  <trkpt lat="42.440620" lon="-72.388239"></trkpt>
  <trkpt lat="42.440647" lon="-72.388223"></trkpt>
  <trkpt lat="42.440675" lon="-72.388207"></trkpt>
  <trkpt lat="42.440703" lon="-72.388192"></trkpt>
  <trkpt lat="42.440731" lon="-72.388177"></trkpt>
  <trkpt lat="42.440759" lon="-72.388163"></trkpt>
  <trkpt lat="42.440787" lon="-72.388149"></trkpt>
  <trkpt lat="42.440815" lon="-72.388136"></trkpt>
  <trkpt lat="42.440825" lon="-72.388131"></trkpt>
  <trkpt lat="42.440834" lon="-72.388127"></trkpt>
  <trkpt lat="42.440843" lon="-72.388123"></trkpt>
  <trkpt lat="42.440872" lon="-72.388111"></trkpt>
  <trkpt lat="42.440901" lon="-72.388098"></trkpt>
  <trkpt lat="42.440929" lon="-72.388087"></trkpt>
  <trkpt lat="42.440958" lon="-72.388075"></trkpt>
  <trkpt lat="42.440987" lon="-72.388064"></trkpt>
  <trkpt lat="42.441016" lon="-72.388054"></trkpt>
  <trkpt lat="42.441045" lon="-72.388043"></trkpt>
  <trkpt lat="42.441074" lon="-72.388033"></trkpt>
  <trkpt lat="42.441103" lon="-72.388023"></trkpt>
  <trkpt lat="42.441132" lon="-72.388013"></trkpt>
  <trkpt lat="42.441162" lon="-72.388003"></trkpt>
  <trkpt lat="42.441191" lon="-72.387993"></trkpt>
  <trkpt lat="42.441220" lon="-72.387984"></trkpt>
  <trkpt lat="42.441249" lon="-72.387974"></trkpt>
  <trkpt lat="42.441279" lon="-72.387965"></trkpt>
  <trkpt lat="42.441304" lon="-72.387957"></trkpt>
  <trkpt lat="42.441329" lon="-72.387949"></trkpt>
  <trkpt lat="42.441355" lon="-72.387942"></trkpt>
  <trkpt lat="42.441384" lon="-72.387933"></trkpt>
  <trkpt lat="42.441413" lon="-72.387925"></trkpt>
  <trkpt lat="42.441443" lon="-72.387917"></trkpt>
  <trkpt lat="42.441472" lon="-72.387909"></trkpt>
  <trkpt lat="42.441502" lon="-72.387902"></trkpt>
  <trkpt lat="42.441531" lon="-72.387894"></trkpt>
  <trkpt lat="42.441561" lon="-72.387887"></trkpt>
  <trkpt lat="42.441590" lon="-72.387879"></trkpt>
  <trkpt lat="42.441620" lon="-72.387872"></trkpt>
  <trkpt lat="42.441649" lon="-72.387864"></trkpt>
  <trkpt lat="42.441679" lon="-72.387857"></trkpt>
  <trkpt lat="42.441708" lon="-72.387849"></trkpt>
  <trkpt lat="42.441710" lon="-72.387848"></trkpt>
  <trkpt lat="42.441740" lon="-72.387840"></trkpt>
  <trkpt lat="42.441770" lon="-72.387832"></trkpt>
  <trkpt lat="42.441799" lon="-72.387824"></trkpt>
  <trkpt lat="42.441828" lon="-72.387816"></trkpt>
  <trkpt lat="42.441858" lon="-72.387808"></trkpt>
  <trkpt lat="42.441887" lon="-72.387800"></trkpt>
  <trkpt lat="42.441917" lon="-72.387792"></trkpt>
  <trkpt lat="42.441946" lon="-72.387784"></trkpt>
  <trkpt lat="42.441975" lon="-72.387776"></trkpt>
  <trkpt lat="42.442005" lon="-72.387768"></trkpt>
  <trkpt lat="42.442035" lon="-72.387761"></trkpt>
  <trkpt lat="42.442064" lon="-72.387754"></trkpt>
  <trkpt lat="42.442094" lon="-72.387747"></trkpt>
  <trkpt lat="42.442123" lon="-72.387740"></trkpt>
  <trkpt lat="42.442153" lon="-72.387734"></trkpt>
  <trkpt lat="42.442180" lon="-72.387728"></trkpt>
  <trkpt lat="42.442207" lon="-72.387723"></trkpt>
  <trkpt lat="42.442235" lon="-72.387718"></trkpt>
  <trkpt lat="42.442265" lon="-72.387713"></trkpt>
  <trkpt lat="42.442294" lon="-72.387708"></trkpt>
  <trkpt lat="42.442324" lon="-72.387703"></trkpt>
  <trkpt lat="42.442354" lon="-72.387698"></trkpt>
  <trkpt lat="42.442384" lon="-72.387693"></trkpt>
  <trkpt lat="42.442413" lon="-72.387689"></trkpt>
  <trkpt lat="42.442443" lon="-72.387685"></trkpt>
  <trkpt lat="42.442473" lon="-72.387682"></trkpt>
  <trkpt lat="42.442503" lon="-72.387678"></trkpt>
  <trkpt lat="42.442533" lon="-72.387675"></trkpt>
  <trkpt lat="42.442563" lon="-72.387672"></trkpt>
  <trkpt lat="42.442593" lon="-72.387670"></trkpt>
  <trkpt lat="42.442618" lon="-72.387668"></trkpt>
  <trkpt lat="42.442644" lon="-72.387666"></trkpt>
  <trkpt lat="42.442669" lon="-72.387664"></trkpt>
  <trkpt lat="42.442699" lon="-72.387663"></trkpt>
  <trkpt lat="42.442729" lon="-72.387661"></trkpt>
  <trkpt lat="42.442759" lon="-72.387660"></trkpt>
  <trkpt lat="42.442789" lon="-72.387659"></trkpt>
  <trkpt lat="42.442819" lon="-72.387659"></trkpt>
  <trkpt lat="42.442850" lon="-72.387658"></trkpt>
  <trkpt lat="42.442880" lon="-72.387658"></trkpt>
  <trkpt lat="42.442909" lon="-72.387658"></trkpt>
  <trkpt lat="42.442940" lon="-72.387659"></trkpt>
  <trkpt lat="42.442970" lon="-72.387660"></trkpt>
  <trkpt lat="42.442999" lon="-72.387661"></trkpt>
  <trkpt lat="42.443030" lon="-72.387662"></trkpt>
  <trkpt lat="42.443037" lon="-72.387662"></trkpt>
  <trkpt lat="42.443044" lon="-72.387663"></trkpt>
  <trkpt lat="42.443052" lon="-72.387663"></trkpt>
  <trkpt lat="42.443082" lon="-72.387665"></trkpt>
  <trkpt lat="42.443112" lon="-72.387667"></trkpt>
  <trkpt lat="42.443142" lon="-72.387670"></trkpt>
  <trkpt lat="42.443171" lon="-72.387672"></trkpt>
  <trkpt lat="42.443202" lon="-72.387675"></trkpt>
  <trkpt lat="42.443232" lon="-72.387678"></trkpt>
  <trkpt lat="42.443261" lon="-72.387682"></trkpt>
  <trkpt lat="42.443291" lon="-72.387685"></trkpt>
  <trkpt lat="42.443321" lon="-72.387689"></trkpt>
  <trkpt lat="42.443351" lon="-72.387693"></trkpt>
  <trkpt lat="42.443381" lon="-72.387697"></trkpt>
  <trkpt lat="42.443411" lon="-72.387701"></trkpt>
  <trkpt lat="42.443441" lon="-72.387705"></trkpt>
  <trkpt lat="42.443471" lon="-72.387709"></trkpt>
  <trkpt lat="42.443500" lon="-72.387714"></trkpt>
  <trkpt lat="42.443527" lon="-72.387718"></trkpt>
  <trkpt lat="42.443553" lon="-72.387722"></trkpt>
  <trkpt lat="42.443579" lon="-72.387726"></trkpt>
  <trkpt lat="42.443609" lon="-72.387731"></trkpt>
  <trkpt lat="42.443639" lon="-72.387736"></trkpt>
  <trkpt lat="42.443668" lon="-72.387741"></trkpt>
  <trkpt lat="42.443698" lon="-72.387746"></trkpt>
  <trkpt lat="42.443728" lon="-72.387752"></trkpt>
  <trkpt lat="42.443758" lon="-72.387757"></trkpt>
  <trkpt lat="42.443787" lon="-72.387763"></trkpt>
  <trkpt lat="42.443817" lon="-72.387768"></trkpt>
  <trkpt lat="42.443847" lon="-72.387774"></trkpt>
  <trkpt lat="42.443877" lon="-72.387779"></trkpt>
  <trkpt lat="42.443906" lon="-72.387785"></trkpt>
  <trkpt lat="42.443936" lon="-72.387790"></trkpt>
  <trkpt lat="42.443962" lon="-72.387795"></trkpt>
  <trkpt lat="42.443987" lon="-72.387800"></trkpt>
  <trkpt lat="42.444012" lon="-72.387804"></trkpt>
  <trkpt lat="42.444042" lon="-72.387810"></trkpt>
  <trkpt lat="42.444072" lon="-72.387815"></trkpt>
  <trkpt lat="42.444101" lon="-72.387821"></trkpt>
  <trkpt lat="42.444131" lon="-72.387827"></trkpt>
  <trkpt lat="42.444161" lon="-72.387832"></trkpt>
  <trkpt lat="42.444190" lon="-72.387838"></trkpt>
  <trkpt lat="42.444220" lon="-72.387843"></trkpt>
  <trkpt lat="42.444250" lon="-72.387849"></trkpt>
  <trkpt lat="42.444280" lon="-72.387855"></trkpt>
  <trkpt lat="42.444296" lon="-72.387858"></trkpt>
  <trkpt lat="42.444312" lon="-72.387860"></trkpt>
  <trkpt lat="42.444328" lon="-72.387864"></trkpt>
  <trkpt lat="42.444358" lon="-72.387869"></trkpt>
  <trkpt lat="42.444388" lon="-72.387875"></trkpt>
  <trkpt lat="42.444417" lon="-72.387880"></trkpt>
  <trkpt lat="42.444447" lon="-72.387886"></trkpt>
  <trkpt lat="42.444477" lon="-72.387891"></trkpt>
  <trkpt lat="42.444507" lon="-72.387897"></trkpt>
  <trkpt lat="42.444536" lon="-72.387902"></trkpt>
  <trkpt lat="42.444566" lon="-72.387908"></trkpt>
  <trkpt lat="42.444595" lon="-72.387913"></trkpt>
  <trkpt lat="42.444625" lon="-72.387919"></trkpt>
  <trkpt lat="42.444655" lon="-72.387924"></trkpt>
  <trkpt lat="42.444685" lon="-72.387930"></trkpt>
  <trkpt lat="42.444715" lon="-72.387935"></trkpt>
  <trkpt lat="42.444744" lon="-72.387941"></trkpt>
  <trkpt lat="42.444774" lon="-72.387947"></trkpt>
  <trkpt lat="42.444797" lon="-72.387951"></trkpt>
  <trkpt lat="42.444819" lon="-72.387955"></trkpt>
  <trkpt lat="42.444842" lon="-72.387959"></trkpt>
  <trkpt lat="42.444871" lon="-72.387965"></trkpt>
  <trkpt lat="42.444901" lon="-72.387970"></trkpt>
  <trkpt lat="42.444931" lon="-72.387976"></trkpt>
  <trkpt lat="42.444961" lon="-72.387982"></trkpt>
  <trkpt lat="42.444990" lon="-72.387987"></trkpt>
  <trkpt lat="42.445020" lon="-72.387993"></trkpt>
  <trkpt lat="42.445050" lon="-72.387998"></trkpt>
  <trkpt lat="42.445079" lon="-72.388004"></trkpt>
  <trkpt lat="42.445109" lon="-72.388009"></trkpt>
  <trkpt lat="42.445139" lon="-72.388015"></trkpt>
  <trkpt lat="42.445169" lon="-72.388020"></trkpt>
  <trkpt lat="42.445200" lon="-72.388026"></trkpt>
  <trkpt lat="42.445203" lon="-72.388027"></trkpt>
  <trkpt lat="42.445233" lon="-72.388032"></trkpt>
  <trkpt lat="42.445263" lon="-72.388037"></trkpt>
  <trkpt lat="42.445293" lon="-72.388043"></trkpt>
  <trkpt lat="42.445323" lon="-72.388048"></trkpt>
  <trkpt lat="42.445352" lon="-72.388053"></trkpt>
  <trkpt lat="42.445382" lon="-72.388058"></trkpt>
  <trkpt lat="42.445412" lon="-72.388063"></trkpt>
  <trkpt lat="42.445442" lon="-72.388068"></trkpt>
  <trkpt lat="42.445471" lon="-72.388073"></trkpt>
  <trkpt lat="42.445501" lon="-72.388079"></trkpt>
  <trkpt lat="42.445530" lon="-72.388084"></trkpt>
  <trkpt lat="42.445560" lon="-72.388089"></trkpt>
  <trkpt lat="42.445582" lon="-72.388093"></trkpt>
  <trkpt lat="42.445604" lon="-72.388097"></trkpt>
  <trkpt lat="42.445625" lon="-72.388101"></trkpt>
  <trkpt lat="42.445655" lon="-72.388107"></trkpt>
  <trkpt lat="42.445684" lon="-72.388112"></trkpt>
  <trkpt lat="42.445714" lon="-72.388118"></trkpt>
  <trkpt lat="42.445744" lon="-72.388124"></trkpt>
  <trkpt lat="42.445774" lon="-72.388129"></trkpt>
  <trkpt lat="42.445804" lon="-72.388135"></trkpt>
  <trkpt lat="42.445833" lon="-72.388141"></trkpt>
  <trkpt lat="42.445863" lon="-72.388146"></trkpt>
  <trkpt lat="42.445892" lon="-72.388152"></trkpt>
  <trkpt lat="42.445922" lon="-72.388157"></trkpt>
  <trkpt lat="42.445952" lon="-72.388163"></trkpt>
  <trkpt lat="42.445982" lon="-72.388169"></trkpt>
  <trkpt lat="42.446000" lon="-72.388172"></trkpt>
  <trkpt lat="42.446018" lon="-72.388176"></trkpt>
  <trkpt lat="42.446036" lon="-72.388179"></trkpt>
  <trkpt lat="42.446066" lon="-72.388184"></trkpt>
  <trkpt lat="42.446096" lon="-72.388190"></trkpt>
  <trkpt lat="42.446126" lon="-72.388195"></trkpt>
  <trkpt lat="42.446164" lon="-72.388202"></trkpt>
  <trkpt lat="42.446185" lon="-72.388206"></trkpt>
  <trkpt lat="42.446215" lon="-72.388211"></trkpt>
  <trkpt lat="42.446244" lon="-72.388217"></trkpt>
  <trkpt lat="42.446274" lon="-72.388222"></trkpt>
  <trkpt lat="42.446304" lon="-72.388228"></trkpt>
  <trkpt lat="42.446333" lon="-72.388234"></trkpt>
  <trkpt lat="42.446363" lon="-72.388239"></trkpt>
  <trkpt lat="42.446393" lon="-72.388245"></trkpt>
  <trkpt lat="42.446414" lon="-72.388249"></trkpt>
  <trkpt lat="42.446436" lon="-72.388253"></trkpt>
  <trkpt lat="42.446456" lon="-72.388258"></trkpt>
  <trkpt lat="42.446486" lon="-72.388264"></trkpt>
  <trkpt lat="42.446516" lon="-72.388270"></trkpt>
  <trkpt lat="42.446546" lon="-72.388277"></trkpt>
  <trkpt lat="42.446576" lon="-72.388283"></trkpt>
  <trkpt lat="42.446605" lon="-72.388289"></trkpt>
  <trkpt lat="42.446635" lon="-72.388296"></trkpt>
  <trkpt lat="42.446653" lon="-72.388300"></trkpt>
  <trkpt lat="42.446664" lon="-72.388302"></trkpt>
  <trkpt lat="42.446694" lon="-72.388308"></trkpt>
  <trkpt lat="42.446723" lon="-72.388314"></trkpt>
  <trkpt lat="42.446753" lon="-72.388320"></trkpt>
  <trkpt lat="42.446783" lon="-72.388326"></trkpt>
  <trkpt lat="42.446813" lon="-72.388332"></trkpt>
  <trkpt lat="42.446838" lon="-72.388337"></trkpt>
  <trkpt lat="42.446863" lon="-72.388341"></trkpt>
  <trkpt lat="42.446889" lon="-72.388346"></trkpt>
  <trkpt lat="42.446919" lon="-72.388352"></trkpt>
  <trkpt lat="42.446949" lon="-72.388357"></trkpt>
  <trkpt lat="42.446978" lon="-72.388362"></trkpt>
  <trkpt lat="42.447008" lon="-72.388368"></trkpt>
  <trkpt lat="42.447038" lon="-72.388373"></trkpt>
  <trkpt lat="42.447068" lon="-72.388378"></trkpt>
  <trkpt lat="42.447098" lon="-72.388383"></trkpt>
  <trkpt lat="42.447127" lon="-72.388388"></trkpt>
  <trkpt lat="42.447157" lon="-72.388392"></trkpt>
  <trkpt lat="42.447187" lon="-72.388397"></trkpt>
  <trkpt lat="42.447217" lon="-72.388401"></trkpt>
  <trkpt lat="42.447246" lon="-72.388405"></trkpt>
  <trkpt lat="42.447250" lon="-72.388406"></trkpt>
  <trkpt lat="42.447253" lon="-72.388406"></trkpt>
  <trkpt lat="42.447282" lon="-72.388410"></trkpt>
  <trkpt lat="42.447312" lon="-72.388414"></trkpt>
  <trkpt lat="42.447342" lon="-72.388417"></trkpt>
  <trkpt lat="42.447372" lon="-72.388421"></trkpt>
  <trkpt lat="42.447402" lon="-72.388424"></trkpt>
  <trkpt lat="42.447432" lon="-72.388427"></trkpt>
  <trkpt lat="42.447462" lon="-72.388429"></trkpt>
  <trkpt lat="42.447492" lon="-72.388432"></trkpt>
  <trkpt lat="42.447522" lon="-72.388433"></trkpt>
  <trkpt lat="42.447552" lon="-72.388435"></trkpt>
  <trkpt lat="42.447582" lon="-72.388436"></trkpt>
  <trkpt lat="42.447612" lon="-72.388436"></trkpt>
  <trkpt lat="42.447629" lon="-72.388437"></trkpt>
  <trkpt lat="42.447645" lon="-72.388437"></trkpt>
  <trkpt lat="42.447662" lon="-72.388437"></trkpt>
  <trkpt lat="42.447692" lon="-72.388436"></trkpt>
  <trkpt lat="42.447722" lon="-72.388436"></trkpt>
  <trkpt lat="42.447752" lon="-72.388435"></trkpt>
  <trkpt lat="42.447782" lon="-72.388434"></trkpt>
  <trkpt lat="42.447812" lon="-72.388432"></trkpt>
  <trkpt lat="42.447842" lon="-72.388430"></trkpt>
  <trkpt lat="42.447873" lon="-72.388428"></trkpt>
  <trkpt lat="42.447902" lon="-72.388426"></trkpt>
  <trkpt lat="42.447932" lon="-72.388423"></trkpt>
  <trkpt lat="42.447962" lon="-72.388420"></trkpt>
  <trkpt lat="42.447992" lon="-72.388416"></trkpt>
  <trkpt lat="42.448022" lon="-72.388412"></trkpt>
  <trkpt lat="42.448025" lon="-72.388412"></trkpt>
  <trkpt lat="42.448027" lon="-72.388412"></trkpt>
  <trkpt lat="42.448030" lon="-72.388411"></trkpt>
  <trkpt lat="42.448060" lon="-72.388407"></trkpt>
  <trkpt lat="42.448090" lon="-72.388402"></trkpt>
  <trkpt lat="42.448120" lon="-72.388397"></trkpt>
  <trkpt lat="42.448149" lon="-72.388391"></trkpt>
  <trkpt lat="42.448179" lon="-72.388385"></trkpt>
  <trkpt lat="42.448209" lon="-72.388378"></trkpt>
  <trkpt lat="42.448238" lon="-72.388372"></trkpt>
  <trkpt lat="42.448268" lon="-72.388364"></trkpt>
  <trkpt lat="42.448297" lon="-72.388357"></trkpt>
  <trkpt lat="42.448327" lon="-72.388349"></trkpt>
  <trkpt lat="42.448356" lon="-72.388341"></trkpt>
  <trkpt lat="42.448385" lon="-72.388332"></trkpt>
  <trkpt lat="42.448389" lon="-72.388331"></trkpt>
  <trkpt lat="42.448392" lon="-72.388331"></trkpt>
  <trkpt lat="42.448395" lon="-72.388330"></trkpt>
  <trkpt lat="42.448417" lon="-72.388323"></trkpt>
  <trkpt lat="42.448425" lon="-72.388321"></trkpt>
  <trkpt lat="42.448454" lon="-72.388311"></trkpt>
  <trkpt lat="42.448483" lon="-72.388301"></trkpt>
  <trkpt lat="42.448512" lon="-72.388290"></trkpt>
  <trkpt lat="42.448541" lon="-72.388279"></trkpt>
  <trkpt lat="42.448570" lon="-72.388267"></trkpt>
  <trkpt lat="42.448598" lon="-72.388255"></trkpt>
  <trkpt lat="42.448627" lon="-72.388242"></trkpt>
  <trkpt lat="42.448655" lon="-72.388229"></trkpt>
  <trkpt lat="42.448748" lon="-72.388182"></trkpt>
  <trkpt lat="42.448841" lon="-72.388136"></trkpt>
  <trkpt lat="42.448900" lon="-72.388104"></trkpt>
  <trkpt lat="42.449175" lon="-72.387935"></trkpt>
  <trkpt lat="42.449426" lon="-72.387754"></trkpt>
  <trkpt lat="42.449666" lon="-72.387574"></trkpt>
  <trkpt lat="42.449897" lon="-72.387406"></trkpt>
  <trkpt lat="42.450136" lon="-72.387242"></trkpt>
  <trkpt lat="42.450377" lon="-72.387085"></trkpt>
  <trkpt lat="42.450620" lon="-72.386934"></trkpt>
  <trkpt lat="42.450863" lon="-72.386811"></trkpt>
  <trkpt lat="42.450978" lon="-72.386758"></trkpt>
  <trkpt lat="42.451207" lon="-72.386652"></trkpt>
  <trkpt lat="42.451435" lon="-72.386558"></trkpt>
  <trkpt lat="42.451664" lon="-72.386468"></trkpt>
  <trkpt lat="42.451895" lon="-72.386385"></trkpt>
  <trkpt lat="42.452125" lon="-72.386303"></trkpt>
  <trkpt lat="42.452355" lon="-72.386219"></trkpt>
  <trkpt lat="42.452585" lon="-72.386134"></trkpt>
  <trkpt lat="42.452815" lon="-72.386050"></trkpt>
  <trkpt lat="42.453045" lon="-72.385967"></trkpt>
  <trkpt lat="42.453275" lon="-72.385881"></trkpt>
  <trkpt lat="42.454936" lon="-72.385255"></trkpt>
  <trkpt lat="42.455029" lon="-72.385220"></trkpt>
  <trkpt lat="42.455260" lon="-72.385116"></trkpt>
  <trkpt lat="42.455478" lon="-72.384996"></trkpt>
  <trkpt lat="42.455695" lon="-72.384870"></trkpt>
  <trkpt lat="42.455907" lon="-72.384732"></trkpt>
  <trkpt lat="42.456112" lon="-72.384575"></trkpt>
  <trkpt lat="42.456312" lon="-72.384406"></trkpt>
  <trkpt lat="42.456508" lon="-72.384229"></trkpt>
  <trkpt lat="42.456700" lon="-72.384045"></trkpt>
  <trkpt lat="42.456885" lon="-72.383846"></trkpt>
  <trkpt lat="42.457062" lon="-72.383636"></trkpt>
  <trkpt lat="42.457234" lon="-72.383419"></trkpt>
  <trkpt lat="42.457402" lon="-72.383195"></trkpt>
  <trkpt lat="42.457557" lon="-72.382956"></trkpt>
  <trkpt lat="42.457701" lon="-72.382703"></trkpt>
  <trkpt lat="42.457850" lon="-72.382457"></trkpt>
  <trkpt lat="42.457701" lon="-72.382703"></trkpt>
  <trkpt lat="42.457557" lon="-72.382956"></trkpt>
  <trkpt lat="42.457402" lon="-72.383195"></trkpt>
  <trkpt lat="42.457234" lon="-72.383419"></trkpt>
  <trkpt lat="42.457062" lon="-72.383636"></trkpt>
  <trkpt lat="42.456885" lon="-72.383846"></trkpt>
  <trkpt lat="42.456700" lon="-72.384045"></trkpt>
  <trkpt lat="42.456508" lon="-72.384229"></trkpt>
  <trkpt lat="42.456312" lon="-72.384406"></trkpt>
  <trkpt lat="42.456112" lon="-72.384575"></trkpt>
  <trkpt lat="42.455907" lon="-72.384732"></trkpt>
  <trkpt lat="42.455695" lon="-72.384870"></trkpt>
  <trkpt lat="42.455478" lon="-72.384996"></trkpt>
  <trkpt lat="42.455260" lon="-72.385116"></trkpt>
  <trkpt lat="42.455037" lon="-72.385221"></trkpt>
  <trkpt lat="42.454812" lon="-72.385306"></trkpt>
  <trkpt lat="42.454594" lon="-72.385389"></trkpt>
  <trkpt lat="42.454375" lon="-72.385472"></trkpt>
  <trkpt lat="42.454157" lon="-72.385555"></trkpt>
  <trkpt lat="42.453938" lon="-72.385636"></trkpt>
  <trkpt lat="42.453719" lon="-72.385715"></trkpt>
  <trkpt lat="42.453501" lon="-72.385796"></trkpt>
  <trkpt lat="42.453282" lon="-72.385878"></trkpt>
  <trkpt lat="42.453501" lon="-72.385796"></trkpt>
  <trkpt lat="42.453719" lon="-72.385715"></trkpt>
  <trkpt lat="42.453938" lon="-72.385636"></trkpt>
  <trkpt lat="42.454157" lon="-72.385555"></trkpt>
  <trkpt lat="42.454375" lon="-72.385472"></trkpt>
  <trkpt lat="42.454594" lon="-72.385389"></trkpt>
  <trkpt lat="42.454812" lon="-72.385306"></trkpt>
  <trkpt lat="42.455030" lon="-72.385224"></trkpt>
  <trkpt lat="42.455233" lon="-72.385323"></trkpt>
  <trkpt lat="42.456842" lon="-72.386287"></trkpt>
  <trkpt lat="42.457203" lon="-72.386209"></trkpt>
  <trkpt lat="42.462489" lon="-72.386942"></trkpt>
  <trkpt lat="42.462627" lon="-72.386981"></trkpt>
  <trkpt lat="42.462899" lon="-72.387062"></trkpt>
  <trkpt lat="42.463176" lon="-72.387099"></trkpt>
  <trkpt lat="42.463453" lon="-72.387136"></trkpt>
  <trkpt lat="42.463730" lon="-72.387169"></trkpt>
  <trkpt lat="42.463712" lon="-72.386784"></trkpt>
  <trkpt lat="42.463707" lon="-72.386702"></trkpt>
  <trkpt lat="42.463699" lon="-72.386581"></trkpt>
  <trkpt lat="42.463690" lon="-72.386460"></trkpt>
  <trkpt lat="42.463680" lon="-72.386339"></trkpt>
  <trkpt lat="42.463669" lon="-72.386219"></trkpt>
  <trkpt lat="42.463657" lon="-72.386099"></trkpt>
  <trkpt lat="42.463645" lon="-72.385978"></trkpt>
  <trkpt lat="42.463631" lon="-72.385858"></trkpt>
  <trkpt lat="42.463616" lon="-72.385738"></trkpt>
  <trkpt lat="42.463599" lon="-72.385619"></trkpt>
  <trkpt lat="42.463597" lon="-72.385606"></trkpt>
  <trkpt lat="42.463579" lon="-72.385487"></trkpt>
  <trkpt lat="42.463558" lon="-72.385369"></trkpt>
  <trkpt lat="42.463535" lon="-72.385251"></trkpt>
  <trkpt lat="42.463514" lon="-72.385133"></trkpt>
  <trkpt lat="42.463493" lon="-72.385015"></trkpt>
  <trkpt lat="42.463487" lon="-72.384985"></trkpt>
  <trkpt lat="42.463461" lon="-72.384866"></trkpt>
  <trkpt lat="42.463434" lon="-72.384747"></trkpt>
  <trkpt lat="42.463414" lon="-72.384628"></trkpt>
  <trkpt lat="42.463409" lon="-72.384510"></trkpt>
  <trkpt lat="42.463421" lon="-72.384404"></trkpt>
  <trkpt lat="42.463450" lon="-72.384287"></trkpt>
  <trkpt lat="42.463490" lon="-72.384173"></trkpt>
  <trkpt lat="42.463532" lon="-72.384065"></trkpt>
  <trkpt lat="42.463569" lon="-72.383990"></trkpt>
  <trkpt lat="42.463627" lon="-72.383896"></trkpt>
  <trkpt lat="42.463687" lon="-72.383804"></trkpt>
  <trkpt lat="42.463737" lon="-72.383704"></trkpt>
  <trkpt lat="42.463756" lon="-72.383653"></trkpt>
  <trkpt lat="42.463792" lon="-72.383541"></trkpt>
  <trkpt lat="42.463823" lon="-72.383427"></trkpt>
  <trkpt lat="42.463854" lon="-72.383312"></trkpt>
  <trkpt lat="42.463971" lon="-72.382952"></trkpt>
  <trkpt lat="42.463972" lon="-72.382950"></trkpt>
  <trkpt lat="42.464118" lon="-72.382526"></trkpt>
  <trkpt lat="42.464146" lon="-72.382451"></trkpt>
  <trkpt lat="42.464186" lon="-72.382342"></trkpt>
  <trkpt lat="42.464226" lon="-72.382233"></trkpt>
  <trkpt lat="42.464266" lon="-72.382124"></trkpt>
  <trkpt lat="42.464308" lon="-72.382017"></trkpt>
  <trkpt lat="42.464351" lon="-72.381910"></trkpt>
  <trkpt lat="42.464376" lon="-72.381851"></trkpt>
  <trkpt lat="42.464423" lon="-72.381748"></trkpt>
  <trkpt lat="42.464473" lon="-72.381646"></trkpt>
  <trkpt lat="42.464531" lon="-72.381535"></trkpt>
  <trkpt lat="42.464570" lon="-72.381457"></trkpt>
  <trkpt lat="42.464618" lon="-72.381334"></trkpt>
  <trkpt lat="42.464715" lon="-72.381142"></trkpt>
  <trkpt lat="42.464761" lon="-72.381037"></trkpt>
  <trkpt lat="42.464806" lon="-72.380932"></trkpt>
  <trkpt lat="42.464846" lon="-72.380836"></trkpt>
  <trkpt lat="42.464888" lon="-72.380729"></trkpt>
  <trkpt lat="42.464930" lon="-72.380621"></trkpt>
  <trkpt lat="42.464973" lon="-72.380514"></trkpt>
  <trkpt lat="42.465017" lon="-72.380408"></trkpt>
  <trkpt lat="42.465027" lon="-72.380388"></trkpt>
  <trkpt lat="42.465080" lon="-72.380288"></trkpt>
  <trkpt lat="42.465136" lon="-72.380191"></trkpt>
  <trkpt lat="42.465189" lon="-72.380091"></trkpt>
  <trkpt lat="42.465230" lon="-72.379986"></trkpt>
  <trkpt lat="42.465233" lon="-72.379975"></trkpt>
  <trkpt lat="42.465262" lon="-72.379860"></trkpt>
  <trkpt lat="42.465282" lon="-72.379740"></trkpt>
  <trkpt lat="42.465294" lon="-72.379617"></trkpt>
  <trkpt lat="42.465296" lon="-72.379496"></trkpt>
  <trkpt lat="42.465293" lon="-72.379415"></trkpt>
  <trkpt lat="42.465283" lon="-72.379293"></trkpt>
  <trkpt lat="42.465266" lon="-72.379172"></trkpt>
  <trkpt lat="42.465242" lon="-72.379053"></trkpt>
  <trkpt lat="42.465210" lon="-72.378940"></trkpt>
  <trkpt lat="42.465206" lon="-72.378929"></trkpt>
  <trkpt lat="42.465167" lon="-72.378820"></trkpt>
  <trkpt lat="42.465123" lon="-72.378714"></trkpt>
  <trkpt lat="42.465074" lon="-72.378610"></trkpt>
  <trkpt lat="42.465022" lon="-72.378509"></trkpt>
  <trkpt lat="42.464967" lon="-72.378411"></trkpt>
  <trkpt lat="42.464911" lon="-72.378317"></trkpt>
  <trkpt lat="42.464870" lon="-72.378257"></trkpt>
  <trkpt lat="42.464800" lon="-72.378179"></trkpt>
  <trkpt lat="42.464727" lon="-72.378107"></trkpt>
  <trkpt lat="42.464596" lon="-72.377989"></trkpt>
  <trkpt lat="42.464592" lon="-72.377985"></trkpt>
  <trkpt lat="42.463957" lon="-72.374875"></trkpt>
  <trkpt lat="42.463961" lon="-72.374840"></trkpt>
  <trkpt lat="42.463981" lon="-72.374704"></trkpt>
  <trkpt lat="42.463983" lon="-72.374681"></trkpt>
  <trkpt lat="42.463984" lon="-72.374559"></trkpt>
  <trkpt lat="42.463976" lon="-72.374437"></trkpt>
  <trkpt lat="42.463971" lon="-72.374393"></trkpt>
  <trkpt lat="42.463955" lon="-72.374272"></trkpt>
  <trkpt lat="42.463926" lon="-72.374158"></trkpt>
  <trkpt lat="42.463879" lon="-72.374061"></trkpt>
  <trkpt lat="42.463847" lon="-72.373993"></trkpt>
  <trkpt lat="42.463796" lon="-72.373910"></trkpt>
  <trkpt lat="42.463738" lon="-72.373804"></trkpt>
  <trkpt lat="42.463691" lon="-72.373697"></trkpt>
  <trkpt lat="42.463660" lon="-72.373585"></trkpt>
  <trkpt lat="42.463653" lon="-72.373515"></trkpt>
  <trkpt lat="42.463657" lon="-72.373393"></trkpt>
  <trkpt lat="42.463669" lon="-72.373270"></trkpt>
  <trkpt lat="42.463683" lon="-72.373161"></trkpt>
  <trkpt lat="42.463702" lon="-72.373042"></trkpt>
  <trkpt lat="42.463723" lon="-72.372924"></trkpt>
  <trkpt lat="42.463745" lon="-72.372806"></trkpt>
  <trkpt lat="42.463753" lon="-72.372761"></trkpt>
  <trkpt lat="42.463777" lon="-72.372644"></trkpt>
  <trkpt lat="42.463802" lon="-72.372527"></trkpt>
  <trkpt lat="42.463827" lon="-72.372410"></trkpt>
  <trkpt lat="42.463842" lon="-72.372328"></trkpt>
  <trkpt lat="42.463862" lon="-72.372210"></trkpt>
  <trkpt lat="42.463881" lon="-72.372110"></trkpt>
  <trkpt lat="42.463936" lon="-72.371845"></trkpt>
  <trkpt lat="42.463998" lon="-72.371468"></trkpt>
  <trkpt lat="42.464104" lon="-72.371252"></trkpt>
  <trkpt lat="42.464159" lon="-72.371123"></trkpt>
  <trkpt lat="42.464165" lon="-72.370760"></trkpt>
  <trkpt lat="42.464222" lon="-72.370403"></trkpt>
  <trkpt lat="42.464288" lon="-72.370050"></trkpt>
  <trkpt lat="42.464369" lon="-72.369712"></trkpt>
  <trkpt lat="42.464468" lon="-72.369399"></trkpt>
  <trkpt lat="42.464492" lon="-72.369225"></trkpt>
  <trkpt lat="42.464489" lon="-72.368962"></trkpt>
  <trkpt lat="42.464504" lon="-72.369014"></trkpt>
  <trkpt lat="42.464506" lon="-72.369045"></trkpt>
  <trkpt lat="42.464506" lon="-72.369166"></trkpt>
  <trkpt lat="42.464500" lon="-72.369227"></trkpt>
  <trkpt lat="42.464468" lon="-72.369399"></trkpt>
  <trkpt lat="42.464369" lon="-72.369712"></trkpt>
  <trkpt lat="42.464291" lon="-72.370036"></trkpt>
  <trkpt lat="42.464222" lon="-72.370403"></trkpt>
  <trkpt lat="42.464165" lon="-72.370760"></trkpt>
  <trkpt lat="42.464159" lon="-72.371123"></trkpt>
  <trkpt lat="42.464181" lon="-72.371070"></trkpt>
  <trkpt lat="42.464256" lon="-72.370893"></trkpt>
  <trkpt lat="42.464332" lon="-72.370676"></trkpt>
  <trkpt lat="42.464498" lon="-72.370122"></trkpt>
  <trkpt lat="42.464602" lon="-72.369729"></trkpt>
  <trkpt lat="42.464655" lon="-72.369453"></trkpt>
  <trkpt lat="42.464734" lon="-72.369041"></trkpt>
  <trkpt lat="42.464809" lon="-72.368591"></trkpt>
  <trkpt lat="42.464734" lon="-72.369041"></trkpt>
  <trkpt lat="42.464655" lon="-72.369453"></trkpt>
  <trkpt lat="42.464602" lon="-72.369729"></trkpt>
  <trkpt lat="42.464510" lon="-72.370111"></trkpt>
  <trkpt lat="42.464332" lon="-72.370676"></trkpt>
  <trkpt lat="42.464256" lon="-72.370893"></trkpt>
  <trkpt lat="42.464181" lon="-72.371070"></trkpt>
  <trkpt lat="42.464159" lon="-72.371123"></trkpt>
  <trkpt lat="42.464104" lon="-72.371252"></trkpt>
  <trkpt lat="42.463998" lon="-72.371468"></trkpt>
  <trkpt lat="42.463936" lon="-72.371845"></trkpt>
  <trkpt lat="42.463881" lon="-72.372110"></trkpt>
  <trkpt lat="42.463862" lon="-72.372210"></trkpt>
  <trkpt lat="42.463842" lon="-72.372328"></trkpt>
  <trkpt lat="42.463827" lon="-72.372410"></trkpt>
  <trkpt lat="42.463802" lon="-72.372527"></trkpt>
  <trkpt lat="42.463777" lon="-72.372644"></trkpt>
  <trkpt lat="42.463753" lon="-72.372761"></trkpt>
  <trkpt lat="42.463745" lon="-72.372806"></trkpt>
  <trkpt lat="42.463723" lon="-72.372924"></trkpt>
  <trkpt lat="42.463702" lon="-72.373042"></trkpt>
  <trkpt lat="42.463683" lon="-72.373161"></trkpt>
  <trkpt lat="42.463669" lon="-72.373270"></trkpt>
  <trkpt lat="42.463657" lon="-72.373393"></trkpt>
  <trkpt lat="42.463653" lon="-72.373515"></trkpt>
  <trkpt lat="42.463660" lon="-72.373585"></trkpt>
  <trkpt lat="42.463691" lon="-72.373697"></trkpt>
  <trkpt lat="42.463738" lon="-72.373804"></trkpt>
  <trkpt lat="42.463796" lon="-72.373910"></trkpt>
  <trkpt lat="42.463847" lon="-72.373993"></trkpt>
  <trkpt lat="42.463879" lon="-72.374061"></trkpt>
  <trkpt lat="42.463926" lon="-72.374158"></trkpt>
  <trkpt lat="42.463955" lon="-72.374272"></trkpt>
  <trkpt lat="42.463971" lon="-72.374393"></trkpt>
  <trkpt lat="42.463976" lon="-72.374437"></trkpt>
  <trkpt lat="42.463984" lon="-72.374559"></trkpt>
  <trkpt lat="42.463983" lon="-72.374681"></trkpt>
  <trkpt lat="42.463981" lon="-72.374704"></trkpt>
  <trkpt lat="42.463961" lon="-72.374840"></trkpt>
  <trkpt lat="42.463957" lon="-72.374875"></trkpt>
  <trkpt lat="42.463950" lon="-72.374927"></trkpt>
  <trkpt lat="42.463917" lon="-72.375060"></trkpt>
  <trkpt lat="42.463872" lon="-72.375213"></trkpt>
  <trkpt lat="42.463861" lon="-72.375258"></trkpt>
  <trkpt lat="42.463832" lon="-72.375380"></trkpt>
  <trkpt lat="42.463826" lon="-72.375403"></trkpt>
  <trkpt lat="42.463803" lon="-72.375520"></trkpt>
  <trkpt lat="42.463802" lon="-72.375526"></trkpt>
  <trkpt lat="42.463782" lon="-72.375644"></trkpt>
  <trkpt lat="42.463766" lon="-72.375764"></trkpt>
  <trkpt lat="42.463751" lon="-72.375884"></trkpt>
  <trkpt lat="42.463737" lon="-72.376004"></trkpt>
  <trkpt lat="42.463731" lon="-72.376060"></trkpt>
  <trkpt lat="42.463715" lon="-72.376181"></trkpt>
  <trkpt lat="42.463699" lon="-72.376302"></trkpt>
  <trkpt lat="42.463688" lon="-72.376422"></trkpt>
  <trkpt lat="42.463686" lon="-72.376528"></trkpt>
  <trkpt lat="42.463690" lon="-72.376651"></trkpt>
  <trkpt lat="42.463696" lon="-72.376777"></trkpt>
  <trkpt lat="42.463710" lon="-72.376901"></trkpt>
  <trkpt lat="42.463734" lon="-72.377017"></trkpt>
  <trkpt lat="42.463761" lon="-72.377098"></trkpt>
  <trkpt lat="42.463809" lon="-72.377194"></trkpt>
  <trkpt lat="42.463871" lon="-72.377282"></trkpt>
  <trkpt lat="42.463940" lon="-72.377364"></trkpt>
  <trkpt lat="42.464012" lon="-72.377443"></trkpt>
  <trkpt lat="42.464084" lon="-72.377521"></trkpt>
  <trkpt lat="42.464101" lon="-72.377540"></trkpt>
  <trkpt lat="42.464171" lon="-72.377615"></trkpt>
  <trkpt lat="42.464245" lon="-72.377684"></trkpt>
  <trkpt lat="42.464321" lon="-72.377751"></trkpt>
  <trkpt lat="42.464358" lon="-72.377785"></trkpt>
  <trkpt lat="42.464583" lon="-72.377984"></trkpt>
  <trkpt lat="42.464809" lon="-72.377939"></trkpt>
  <trkpt lat="42.465036" lon="-72.377905"></trkpt>
  <trkpt lat="42.465262" lon="-72.377856"></trkpt>
  <trkpt lat="42.465488" lon="-72.377890"></trkpt>
  <trkpt lat="42.465715" lon="-72.377886"></trkpt>
  <trkpt lat="42.465940" lon="-72.377829"></trkpt>
  <trkpt lat="42.466165" lon="-72.377773"></trkpt>
  <trkpt lat="42.466388" lon="-72.377708"></trkpt>
  <trkpt lat="42.466610" lon="-72.377633"></trkpt>
  <trkpt lat="42.466834" lon="-72.377572"></trkpt>
  <trkpt lat="42.467061" lon="-72.377527"></trkpt>
  <trkpt lat="42.467287" lon="-72.377483"></trkpt>
  <trkpt lat="42.467514" lon="-72.377438"></trkpt>
  <trkpt lat="42.467740" lon="-72.377393"></trkpt>
  <trkpt lat="42.467967" lon="-72.377348"></trkpt>
  <trkpt lat="42.468193" lon="-72.377304"></trkpt>
  <trkpt lat="42.468420" lon="-72.377259"></trkpt>
  <trkpt lat="42.468648" lon="-72.377245"></trkpt>
  <trkpt lat="42.468877" lon="-72.377240"></trkpt>
  <trkpt lat="42.469105" lon="-72.377247"></trkpt>
  <trkpt lat="42.469333" lon="-72.377277"></trkpt>
  <trkpt lat="42.469561" lon="-72.377306"></trkpt>
  <trkpt lat="42.469890" lon="-72.377321"></trkpt>
  <trkpt lat="42.470164" lon="-72.377298"></trkpt>
  <trkpt lat="42.470436" lon="-72.377311"></trkpt>
  <trkpt lat="42.470709" lon="-72.377328"></trkpt>
  <trkpt lat="42.470926" lon="-72.377372"></trkpt>
  <trkpt lat="42.471111" lon="-72.377441"></trkpt>
  <trkpt lat="42.471622" lon="-72.377529"></trkpt>
  <trkpt lat="42.471758" lon="-72.377517"></trkpt>
  <trkpt lat="42.471843" lon="-72.377509"></trkpt>
  <trkpt lat="42.472072" lon="-72.377521"></trkpt>
  <trkpt lat="42.472200" lon="-72.377490"></trkpt>
  <trkpt lat="42.472245" lon="-72.377485"></trkpt>
  <trkpt lat="42.472629" lon="-72.377446"></trkpt>
  <trkpt lat="42.472729" lon="-72.377436"></trkpt>
  <trkpt lat="42.472886" lon="-72.377468"></trkpt>
  <trkpt lat="42.473045" lon="-72.377459"></trkpt>
  <trkpt lat="42.473158" lon="-72.377471"></trkpt>
  <trkpt lat="42.473232" lon="-72.377479"></trkpt>
  <trkpt lat="42.473477" lon="-72.377535"></trkpt>
  <trkpt lat="42.473691" lon="-72.377524"></trkpt>
  <trkpt lat="42.473790" lon="-72.377477"></trkpt>
  <trkpt lat="42.473858" lon="-72.377445"></trkpt>
  <trkpt lat="42.473943" lon="-72.377452"></trkpt>
  <trkpt lat="42.474084" lon="-72.377506"></trkpt>
  <trkpt lat="42.474154" lon="-72.377505"></trkpt>
  <trkpt lat="42.474472" lon="-72.377436"></trkpt>
  <trkpt lat="42.474616" lon="-72.377439"></trkpt>
  <trkpt lat="42.475114" lon="-72.377354"></trkpt>
  <trkpt lat="42.475249" lon="-72.377367"></trkpt>
  <trkpt lat="42.475437" lon="-72.377320"></trkpt>
  <trkpt lat="42.475632" lon="-72.377321"></trkpt>
  <trkpt lat="42.475813" lon="-72.377349"></trkpt>
  <trkpt lat="42.475966" lon="-72.377372"></trkpt>
  <trkpt lat="42.476035" lon="-72.377368"></trkpt>
  <trkpt lat="42.476133" lon="-72.377331"></trkpt>
  <trkpt lat="42.476283" lon="-72.377201"></trkpt>
  <trkpt lat="42.476638" lon="-72.376958"></trkpt>
  <trkpt lat="42.476865" lon="-72.376695"></trkpt>
  <trkpt lat="42.476887" lon="-72.376637"></trkpt>
  <trkpt lat="42.476935" lon="-72.376506"></trkpt>
  <trkpt lat="42.477102" lon="-72.376245"></trkpt>
  <trkpt lat="42.477175" lon="-72.376158"></trkpt>
  <trkpt lat="42.477299" lon="-72.376011"></trkpt>
  <trkpt lat="42.477403" lon="-72.375929"></trkpt>
  <trkpt lat="42.477510" lon="-72.375844"></trkpt>
  <trkpt lat="42.477868" lon="-72.375716"></trkpt>
  <trkpt lat="42.478105" lon="-72.375507"></trkpt>
  <trkpt lat="42.478406" lon="-72.375297"></trkpt>
  <trkpt lat="42.478666" lon="-72.375164"></trkpt>
  <trkpt lat="42.478911" lon="-72.374827"></trkpt>
  <trkpt lat="42.479173" lon="-72.374366"></trkpt>
  <trkpt lat="42.479464" lon="-72.373924"></trkpt>
  <trkpt lat="42.479633" lon="-72.373618"></trkpt>
  <trkpt lat="42.479703" lon="-72.373440"></trkpt>
  <trkpt lat="42.479746" lon="-72.373218"></trkpt>
  <trkpt lat="42.479797" lon="-72.373088"></trkpt>
  <trkpt lat="42.479987" lon="-72.372783"></trkpt>
  <trkpt lat="42.480059" lon="-72.372697"></trkpt>
  <trkpt lat="42.480160" lon="-72.372615"></trkpt>
  <trkpt lat="42.480337" lon="-72.372362"></trkpt>
  <trkpt lat="42.480492" lon="-72.372073"></trkpt>
  <trkpt lat="42.480540" lon="-72.372012"></trkpt>
  <trkpt lat="42.480634" lon="-72.372016"></trkpt>
  <trkpt lat="42.480697" lon="-72.372066"></trkpt>
  <trkpt lat="42.481020" lon="-72.372076"></trkpt>
  <trkpt lat="42.481522" lon="-72.372041"></trkpt>
  <trkpt lat="42.482128" lon="-72.372111"></trkpt>
  <trkpt lat="42.482592" lon="-72.372181"></trkpt>
  <trkpt lat="42.482953" lon="-72.372146"></trkpt>
  <trkpt lat="42.487295" lon="-72.370965"></trkpt>
  <trkpt lat="42.489232" lon="-72.370204"></trkpt>
  <trkpt lat="42.489883" lon="-72.370041"></trkpt>
  <trkpt lat="42.490356" lon="-72.369989"></trkpt>
  <trkpt lat="42.490563" lon="-72.370119"></trkpt>
  <trkpt lat="42.490861" lon="-72.370307"></trkpt>
  <trkpt lat="42.491297" lon="-72.370552"></trkpt>
  <trkpt lat="42.491774" lon="-72.370789"></trkpt>
  <trkpt lat="42.492499" lon="-72.371158"></trkpt>
  <trkpt lat="42.492773" lon="-72.371313"></trkpt>
  <trkpt lat="42.493263" lon="-72.371622"></trkpt>
  <trkpt lat="42.493394" lon="-72.372071"></trkpt>
  <trkpt lat="42.493731" lon="-72.372440"></trkpt>
  <trkpt lat="42.494222" lon="-72.372531"></trkpt>
  <trkpt lat="42.494574" lon="-72.372597"></trkpt>
  <trkpt lat="42.495147" lon="-72.372703"></trkpt>
  <trkpt lat="42.495740" lon="-72.372813"></trkpt>
  <trkpt lat="42.496312" lon="-72.372690"></trkpt>
  <trkpt lat="42.497070" lon="-72.372521"></trkpt>
  <trkpt lat="42.498320" lon="-72.372242"></trkpt>
  <trkpt lat="42.500655" lon="-72.371652"></trkpt>
  <trkpt lat="42.500661" lon="-72.371321"></trkpt>
  <trkpt lat="42.500617" lon="-72.370997"></trkpt>
  <trkpt lat="42.500575" lon="-72.370672"></trkpt>
  <trkpt lat="42.500532" lon="-72.370348"></trkpt>
  <trkpt lat="42.500478" lon="-72.370026"></trkpt>
  <trkpt lat="42.500425" lon="-72.369705"></trkpt>
  <trkpt lat="42.500372" lon="-72.369383"></trkpt>
  <trkpt lat="42.500302" lon="-72.369068"></trkpt>
  <trkpt lat="42.500164" lon="-72.368803"></trkpt>
  <trkpt lat="42.499947" lon="-72.368654"></trkpt>
  <trkpt lat="42.499741" lon="-72.368479"></trkpt>
  <trkpt lat="42.499898" lon="-72.368495"></trkpt>
  <trkpt lat="42.500150" lon="-72.368489"></trkpt>
  <trkpt lat="42.500404" lon="-72.368477"></trkpt>
  <trkpt lat="42.500150" lon="-72.368489"></trkpt>
  <trkpt lat="42.499898" lon="-72.368495"></trkpt>
  <trkpt lat="42.499760" lon="-72.368495"></trkpt>
  <trkpt lat="42.499947" lon="-72.368654"></trkpt>
  <trkpt lat="42.500164" lon="-72.368803"></trkpt>
  <trkpt lat="42.500302" lon="-72.369068"></trkpt>
  <trkpt lat="42.500372" lon="-72.369383"></trkpt>
  <trkpt lat="42.500425" lon="-72.369705"></trkpt>
  <trkpt lat="42.500478" lon="-72.370026"></trkpt>
  <trkpt lat="42.500532" lon="-72.370348"></trkpt>
  <trkpt lat="42.500575" lon="-72.370672"></trkpt>
  <trkpt lat="42.500617" lon="-72.370997"></trkpt>
  <trkpt lat="42.500661" lon="-72.371321"></trkpt>
  <trkpt lat="42.500679" lon="-72.371649"></trkpt>
  <trkpt lat="42.500692" lon="-72.371961"></trkpt>
  <trkpt lat="42.500700" lon="-72.372273"></trkpt>
  <trkpt lat="42.500720" lon="-72.372584"></trkpt>
  <trkpt lat="42.500718" lon="-72.372897"></trkpt>
  <trkpt lat="42.500697" lon="-72.373208"></trkpt>
  <trkpt lat="42.500657" lon="-72.373515"></trkpt>
  <trkpt lat="42.500592" lon="-72.373815"></trkpt>
  <trkpt lat="42.500522" lon="-72.374112"></trkpt>
  <trkpt lat="42.500428" lon="-72.374397"></trkpt>
  <trkpt lat="42.500275" lon="-72.374630"></trkpt>
  <trkpt lat="42.500362" lon="-72.374879"></trkpt>
  <trkpt lat="42.500560" lon="-72.375038"></trkpt>
  <trkpt lat="42.500779" lon="-72.375141"></trkpt>
  <trkpt lat="42.500994" lon="-72.375253"></trkpt>
  <trkpt lat="42.501205" lon="-72.375378"></trkpt>
  <trkpt lat="42.501417" lon="-72.375502"></trkpt>
  <trkpt lat="42.501625" lon="-72.375637"></trkpt>
  <trkpt lat="42.501833" lon="-72.375773"></trkpt>
  <trkpt lat="42.501887" lon="-72.376035"></trkpt>
  <trkpt lat="42.501821" lon="-72.376332"></trkpt>
  <trkpt lat="42.501806" lon="-72.376644"></trkpt>
  <trkpt lat="42.501778" lon="-72.376954"></trkpt>
  <trkpt lat="42.501827" lon="-72.377254"></trkpt>
  <trkpt lat="42.501984" lon="-72.377476"></trkpt>
  <trkpt lat="42.502191" lon="-72.377614"></trkpt>
  <trkpt lat="42.502351" lon="-72.377836"></trkpt>
  <trkpt lat="42.502548" lon="-72.377984"></trkpt>
  <trkpt lat="42.502777" lon="-72.378018"></trkpt>
  <trkpt lat="42.502997" lon="-72.378218"></trkpt>
  <trkpt lat="42.503187" lon="-72.378477"></trkpt>
  <trkpt lat="42.503421" lon="-72.378659"></trkpt>
  <trkpt lat="42.503636" lon="-72.378879"></trkpt>
  <trkpt lat="42.503673" lon="-72.378930"></trkpt>
  <trkpt lat="42.503936" lon="-72.379130"></trkpt>
  <trkpt lat="42.504338" lon="-72.379272"></trkpt>
  <trkpt lat="42.504950" lon="-72.379347"></trkpt>
  <trkpt lat="42.505647" lon="-72.379313"></trkpt>
  <trkpt lat="42.505911" lon="-72.379374"></trkpt>
  <trkpt lat="42.506047" lon="-72.379455"></trkpt>
  <trkpt lat="42.506538" lon="-72.379992"></trkpt>
  <trkpt lat="42.506974" lon="-72.380028"></trkpt>
  <trkpt lat="42.508184" lon="-72.380715"></trkpt>
  <trkpt lat="42.509023" lon="-72.381821"></trkpt>
  <trkpt lat="42.509516" lon="-72.382575"></trkpt>
  <trkpt lat="42.510444" lon="-72.384147"></trkpt>
  <trkpt lat="42.511113" lon="-72.385386"></trkpt>
  <trkpt lat="42.511148" lon="-72.385444"></trkpt>
  <trkpt lat="42.511276" lon="-72.385707"></trkpt>
  <trkpt lat="42.511623" lon="-72.386786"></trkpt>
  <trkpt lat="42.511836" lon="-72.387300"></trkpt>
  <trkpt lat="42.512023" lon="-72.387601"></trkpt>
  <trkpt lat="42.512474" lon="-72.388127"></trkpt>
  <trkpt lat="42.513285" lon="-72.389461"></trkpt>
  <trkpt lat="42.513374" lon="-72.389747"></trkpt>
  <trkpt lat="42.513374" lon="-72.390045"></trkpt>
  <trkpt lat="42.513234" lon="-72.390670"></trkpt>
  <trkpt lat="42.513020" lon="-72.391220"></trkpt>
  <trkpt lat="42.512711" lon="-72.392285"></trkpt>
  <trkpt lat="42.512611" lon="-72.392977"></trkpt>
  <trkpt lat="42.512587" lon="-72.393770"></trkpt>
  <trkpt lat="42.512587" lon="-72.393815"></trkpt>
  <trkpt lat="42.512588" lon="-72.393872"></trkpt>
  <trkpt lat="42.512592" lon="-72.393952"></trkpt>
  <trkpt lat="42.512585" lon="-72.394134"></trkpt>
  <trkpt lat="42.512574" lon="-72.394270"></trkpt>
  <trkpt lat="42.512564" lon="-72.394383"></trkpt>
  <trkpt lat="42.512540" lon="-72.394510"></trkpt>
  <trkpt lat="42.512536" lon="-72.394526"></trkpt>
  <trkpt lat="42.512493" lon="-72.394711"></trkpt>
  <trkpt lat="42.512434" lon="-72.394958"></trkpt>
  <trkpt lat="42.512382" lon="-72.395163"></trkpt>
  <trkpt lat="42.512333" lon="-72.395371"></trkpt>
  <trkpt lat="42.512307" lon="-72.395554"></trkpt>
  <trkpt lat="42.512289" lon="-72.395751"></trkpt>
  <trkpt lat="42.512276" lon="-72.395954"></trkpt>
  <trkpt lat="42.512276" lon="-72.396169"></trkpt>
  <trkpt lat="42.512285" lon="-72.396417"></trkpt>
  <trkpt lat="42.512305" lon="-72.396687"></trkpt>
  <trkpt lat="42.512320" lon="-72.397062"></trkpt>
  <trkpt lat="42.512350" lon="-72.397200"></trkpt>
  <trkpt lat="42.512393" lon="-72.397319"></trkpt>
  <trkpt lat="42.512544" lon="-72.397796"></trkpt>
  <trkpt lat="42.512549" lon="-72.397814"></trkpt>
  <trkpt lat="42.512340" lon="-72.398071"></trkpt>
  <trkpt lat="42.511924" lon="-72.398661"></trkpt>
  <trkpt lat="42.511768" lon="-72.398959"></trkpt>
  <trkpt lat="42.511523" lon="-72.398882"></trkpt>
  <trkpt lat="42.511416" lon="-72.398857"></trkpt>
  <trkpt lat="42.511326" lon="-72.398842"></trkpt>
  <trkpt lat="42.511270" lon="-72.398845"></trkpt>
  <trkpt lat="42.511236" lon="-72.398886"></trkpt>
  <trkpt lat="42.511163" lon="-72.398945"></trkpt>
  <trkpt lat="42.511083" lon="-72.398984"></trkpt>
  <trkpt lat="42.510997" lon="-72.399010"></trkpt>
  <trkpt lat="42.510863" lon="-72.399070"></trkpt>
  <trkpt lat="42.510712" lon="-72.399121"></trkpt>
  <trkpt lat="42.510446" lon="-72.399172"></trkpt>
  <trkpt lat="42.510365" lon="-72.399189"></trkpt>
  <trkpt lat="42.510309" lon="-72.399206"></trkpt>
  <trkpt lat="42.510275" lon="-72.399254"></trkpt>
  <trkpt lat="42.510241" lon="-72.399312"></trkpt>
  <trkpt lat="42.510196" lon="-72.399369"></trkpt>
  <trkpt lat="42.510117" lon="-72.399407"></trkpt>
  <trkpt lat="42.509983" lon="-72.399457"></trkpt>
  <trkpt lat="42.509828" lon="-72.399495"></trkpt>
  <trkpt lat="42.509625" lon="-72.399512"></trkpt>
  <trkpt lat="42.509515" lon="-72.399525"></trkpt>
  <trkpt lat="42.509403" lon="-72.399525"></trkpt>
  <trkpt lat="42.509203" lon="-72.399492"></trkpt>
  <trkpt lat="42.509035" lon="-72.399455"></trkpt>
  <trkpt lat="42.508884" lon="-72.399420"></trkpt>
  <trkpt lat="42.508556" lon="-72.399332"></trkpt>
  <trkpt lat="42.508301" lon="-72.399290"></trkpt>
  <trkpt lat="42.508036" lon="-72.399261"></trkpt>
  <trkpt lat="42.507925" lon="-72.399252"></trkpt>
  <trkpt lat="42.507659" lon="-72.399182"></trkpt>
  <trkpt lat="42.507527" lon="-72.399139"></trkpt>
  <trkpt lat="42.507420" lon="-72.399109"></trkpt>
  <trkpt lat="42.507292" lon="-72.399074"></trkpt>
  <trkpt lat="42.507163" lon="-72.399026"></trkpt>
  <trkpt lat="42.507066" lon="-72.398983"></trkpt>
  <trkpt lat="42.506975" lon="-72.398891"></trkpt>
  <trkpt lat="42.506890" lon="-72.398761"></trkpt>
  <trkpt lat="42.506805" lon="-72.398624"></trkpt>
  <trkpt lat="42.506690" lon="-72.398477"></trkpt>
  <trkpt lat="42.506595" lon="-72.398349"></trkpt>
  <trkpt lat="42.506521" lon="-72.398152"></trkpt>
  <trkpt lat="42.506494" lon="-72.398073"></trkpt>
  <trkpt lat="42.505339" lon="-72.394493"></trkpt>
  <trkpt lat="42.505109" lon="-72.394459"></trkpt>
  <trkpt lat="42.504883" lon="-72.394397"></trkpt>
  <trkpt lat="42.504667" lon="-72.394288"></trkpt>
  <trkpt lat="42.504459" lon="-72.394152"></trkpt>
  <trkpt lat="42.504249" lon="-72.394022"></trkpt>
  <trkpt lat="42.504021" lon="-72.393981"></trkpt>
  <trkpt lat="42.503794" lon="-72.394032"></trkpt>
  <trkpt lat="42.503569" lon="-72.394102"></trkpt>
  <trkpt lat="42.503340" lon="-72.394141"></trkpt>
  <trkpt lat="42.503109" lon="-72.394160"></trkpt>
  <trkpt lat="42.502878" lon="-72.394176"></trkpt>
  <trkpt lat="42.502647" lon="-72.394177"></trkpt>
  <trkpt lat="42.502416" lon="-72.394163"></trkpt>
  <trkpt lat="42.502186" lon="-72.394138"></trkpt>
  <trkpt lat="42.501957" lon="-72.394094"></trkpt>
  <trkpt lat="42.501728" lon="-72.394054"></trkpt>
  <trkpt lat="42.501497" lon="-72.394057"></trkpt>
  <trkpt lat="42.501267" lon="-72.394086"></trkpt>
  <trkpt lat="42.501036" lon="-72.394096"></trkpt>
  <trkpt lat="42.500805" lon="-72.394100"></trkpt>
  <trkpt lat="42.500574" lon="-72.394115"></trkpt>
  <trkpt lat="42.500344" lon="-72.394125"></trkpt>
  <trkpt lat="42.500116" lon="-72.394078"></trkpt>
  <trkpt lat="42.499886" lon="-72.394041"></trkpt>
  <trkpt lat="42.499656" lon="-72.394010"></trkpt>
  <trkpt lat="42.499427" lon="-72.393970"></trkpt>
  <trkpt lat="42.499200" lon="-72.393912"></trkpt>
  <trkpt lat="42.498974" lon="-72.393848"></trkpt>
  <trkpt lat="42.498747" lon="-72.393789"></trkpt>
  <trkpt lat="42.498519" lon="-72.393740"></trkpt>
  <trkpt lat="42.498290" lon="-72.393694"></trkpt>
  <trkpt lat="42.498060" lon="-72.393661"></trkpt>
  <trkpt lat="42.497829" lon="-72.393650"></trkpt>
  <trkpt lat="42.497610" lon="-72.393716"></trkpt>
  <trkpt lat="42.497398" lon="-72.393831"></trkpt>
  <trkpt lat="42.497169" lon="-72.393841"></trkpt>
  <trkpt lat="42.496941" lon="-72.393853"></trkpt>
  <trkpt lat="42.496713" lon="-72.393884"></trkpt>
  <trkpt lat="42.496486" lon="-72.393926"></trkpt>
  <trkpt lat="42.496264" lon="-72.393997"></trkpt>
  <trkpt lat="42.496051" lon="-72.394109"></trkpt>
  <trkpt lat="42.495829" lon="-72.394183"></trkpt>
  <trkpt lat="42.495605" lon="-72.394249"></trkpt>
  <trkpt lat="42.495381" lon="-72.394313"></trkpt>
  <trkpt lat="42.495322" lon="-72.394327"></trkpt>
  <trkpt lat="42.495263" lon="-72.394341"></trkpt>
  <trkpt lat="42.495203" lon="-72.394356"></trkpt>
  <trkpt lat="42.495131" lon="-72.394376"></trkpt>
  <trkpt lat="42.495058" lon="-72.394397"></trkpt>
  <trkpt lat="42.494986" lon="-72.394417"></trkpt>
  <trkpt lat="42.494942" lon="-72.394430"></trkpt>
  <trkpt lat="42.494897" lon="-72.394443"></trkpt>
  <trkpt lat="42.494853" lon="-72.394453"></trkpt>
  <trkpt lat="42.494808" lon="-72.394457"></trkpt>
  <trkpt lat="42.494763" lon="-72.394458"></trkpt>
  <trkpt lat="42.494718" lon="-72.394457"></trkpt>
  <trkpt lat="42.494654" lon="-72.394456"></trkpt>
  <trkpt lat="42.494591" lon="-72.394453"></trkpt>
  <trkpt lat="42.494527" lon="-72.394448"></trkpt>
  <trkpt lat="42.494471" lon="-72.394444"></trkpt>
  <trkpt lat="42.494415" lon="-72.394438"></trkpt>
  <trkpt lat="42.494358" lon="-72.394430"></trkpt>
  <trkpt lat="42.494262" lon="-72.394407"></trkpt>
  <trkpt lat="42.494166" lon="-72.394376"></trkpt>
  <trkpt lat="42.494071" lon="-72.394340"></trkpt>
  <trkpt lat="42.493992" lon="-72.394305"></trkpt>
  <trkpt lat="42.493914" lon="-72.394267"></trkpt>
  <trkpt lat="42.493835" lon="-72.394229"></trkpt>
  <trkpt lat="42.493733" lon="-72.394185"></trkpt>
  <trkpt lat="42.493630" lon="-72.394143"></trkpt>
  <trkpt lat="42.493529" lon="-72.394098"></trkpt>
  <trkpt lat="42.493428" lon="-72.394047"></trkpt>
  <trkpt lat="42.493328" lon="-72.393993"></trkpt>
  <trkpt lat="42.493228" lon="-72.393943"></trkpt>
  <trkpt lat="42.493182" lon="-72.393922"></trkpt>
  <trkpt lat="42.493137" lon="-72.393901"></trkpt>
  <trkpt lat="42.493092" lon="-72.393884"></trkpt>
  <trkpt lat="42.493062" lon="-72.393876"></trkpt>
  <trkpt lat="42.493031" lon="-72.393869"></trkpt>
  <trkpt lat="42.493000" lon="-72.393863"></trkpt>
  <trkpt lat="42.492963" lon="-72.393859"></trkpt>
  <trkpt lat="42.492925" lon="-72.393858"></trkpt>
  <trkpt lat="42.492887" lon="-72.393861"></trkpt>
  <trkpt lat="42.492838" lon="-72.393874"></trkpt>
  <trkpt lat="42.492790" lon="-72.393895"></trkpt>
  <trkpt lat="42.492743" lon="-72.393919"></trkpt>
  <trkpt lat="42.492694" lon="-72.393947"></trkpt>
  <trkpt lat="42.492646" lon="-72.393979"></trkpt>
  <trkpt lat="42.492597" lon="-72.394011"></trkpt>
  <trkpt lat="42.492542" lon="-72.394047"></trkpt>
  <trkpt lat="42.492487" lon="-72.394085"></trkpt>
  <trkpt lat="42.492431" lon="-72.394119"></trkpt>
  <trkpt lat="42.492361" lon="-72.394153"></trkpt>
  <trkpt lat="42.492290" lon="-72.394182"></trkpt>
  <trkpt lat="42.492218" lon="-72.394207"></trkpt>
  <trkpt lat="42.492151" lon="-72.394229"></trkpt>
  <trkpt lat="42.492084" lon="-72.394248"></trkpt>
  <trkpt lat="42.492017" lon="-72.394264"></trkpt>
  <trkpt lat="42.491919" lon="-72.394281"></trkpt>
  <trkpt lat="42.491820" lon="-72.394292"></trkpt>
  <trkpt lat="42.491721" lon="-72.394298"></trkpt>
  <trkpt lat="42.491611" lon="-72.394300"></trkpt>
  <trkpt lat="42.491500" lon="-72.394297"></trkpt>
  <trkpt lat="42.491389" lon="-72.394291"></trkpt>
  <trkpt lat="42.491294" lon="-72.394285"></trkpt>
  <trkpt lat="42.491199" lon="-72.394277"></trkpt>
  <trkpt lat="42.491103" lon="-72.394270"></trkpt>
  <trkpt lat="42.490977" lon="-72.394262"></trkpt>
  <trkpt lat="42.490850" lon="-72.394255"></trkpt>
  <trkpt lat="42.490723" lon="-72.394250"></trkpt>
  <trkpt lat="42.490571" lon="-72.394250"></trkpt>
  <trkpt lat="42.490418" lon="-72.394253"></trkpt>
  <trkpt lat="42.490266" lon="-72.394255"></trkpt>
  <trkpt lat="42.490190" lon="-72.394256"></trkpt>
  <trkpt lat="42.490114" lon="-72.394257"></trkpt>
  <trkpt lat="42.490037" lon="-72.394257"></trkpt>
  <trkpt lat="42.489974" lon="-72.394256"></trkpt>
  <trkpt lat="42.489910" lon="-72.394253"></trkpt>
  <trkpt lat="42.489847" lon="-72.394252"></trkpt>
  <trkpt lat="42.489723" lon="-72.394253"></trkpt>
  <trkpt lat="42.489598" lon="-72.394256"></trkpt>
  <trkpt lat="42.489474" lon="-72.394256"></trkpt>
  <trkpt lat="42.489342" lon="-72.394252"></trkpt>
  <trkpt lat="42.489209" lon="-72.394244"></trkpt>
  <trkpt lat="42.489077" lon="-72.394232"></trkpt>
  <trkpt lat="42.488983" lon="-72.394222"></trkpt>
  <trkpt lat="42.488889" lon="-72.394209"></trkpt>
  <trkpt lat="42.488795" lon="-72.394192"></trkpt>
  <trkpt lat="42.488718" lon="-72.394171"></trkpt>
  <trkpt lat="42.488641" lon="-72.394146"></trkpt>
  <trkpt lat="42.488565" lon="-72.394122"></trkpt>
  <trkpt lat="42.488489" lon="-72.394099"></trkpt>
  <trkpt lat="42.488413" lon="-72.394076"></trkpt>
  <trkpt lat="42.488337" lon="-72.394054"></trkpt>
  <trkpt lat="42.488182" lon="-72.394013"></trkpt>
  <trkpt lat="42.488025" lon="-72.393976"></trkpt>
  <trkpt lat="42.487870" lon="-72.393941"></trkpt>
  <trkpt lat="42.487750" lon="-72.393916"></trkpt>
  <trkpt lat="42.487630" lon="-72.393893"></trkpt>
  <trkpt lat="42.487511" lon="-72.393866"></trkpt>
  <trkpt lat="42.487411" lon="-72.393840"></trkpt>
  <trkpt lat="42.487313" lon="-72.393811"></trkpt>
  <trkpt lat="42.487214" lon="-72.393779"></trkpt>
  <trkpt lat="42.487143" lon="-72.393752"></trkpt>
  <trkpt lat="42.487072" lon="-72.393723"></trkpt>
  <trkpt lat="42.487001" lon="-72.393695"></trkpt>
  <trkpt lat="42.486900" lon="-72.393659"></trkpt>
  <trkpt lat="42.486799" lon="-72.393625"></trkpt>
  <trkpt lat="42.486734" lon="-72.393598"></trkpt>
  <trkpt lat="42.486700" lon="-72.393584"></trkpt>
  <trkpt lat="42.486533" lon="-72.393488"></trkpt>
  <trkpt lat="42.486370" lon="-72.393376"></trkpt>
  <trkpt lat="42.486205" lon="-72.393274"></trkpt>
  <trkpt lat="42.486149" lon="-72.393246"></trkpt>
  <trkpt lat="42.486094" lon="-72.393220"></trkpt>
  <trkpt lat="42.486038" lon="-72.393193"></trkpt>
  <trkpt lat="42.485962" lon="-72.393152"></trkpt>
  <trkpt lat="42.485885" lon="-72.393110"></trkpt>
  <trkpt lat="42.485807" lon="-72.393074"></trkpt>
  <trkpt lat="42.485722" lon="-72.393046"></trkpt>
  <trkpt lat="42.485635" lon="-72.393024"></trkpt>
  <trkpt lat="42.485548" lon="-72.393002"></trkpt>
  <trkpt lat="42.485474" lon="-72.392984"></trkpt>
  <trkpt lat="42.485400" lon="-72.392964"></trkpt>
  <trkpt lat="42.485329" lon="-72.392940"></trkpt>
  <trkpt lat="42.485278" lon="-72.392917"></trkpt>
  <trkpt lat="42.485229" lon="-72.392892"></trkpt>
  <trkpt lat="42.485181" lon="-72.392865"></trkpt>
  <trkpt lat="42.485118" lon="-72.392823"></trkpt>
  <trkpt lat="42.485058" lon="-72.392779"></trkpt>
  <trkpt lat="42.484995" lon="-72.392742"></trkpt>
  <trkpt lat="42.484952" lon="-72.392727"></trkpt>
  <trkpt lat="42.484909" lon="-72.392715"></trkpt>
  <trkpt lat="42.484866" lon="-72.392702"></trkpt>
  <trkpt lat="42.484814" lon="-72.392677"></trkpt>
  <trkpt lat="42.484762" lon="-72.392649"></trkpt>
  <trkpt lat="42.484710" lon="-72.392623"></trkpt>
  <trkpt lat="42.484681" lon="-72.392611"></trkpt>
  <trkpt lat="42.484653" lon="-72.392600"></trkpt>
  <trkpt lat="42.484624" lon="-72.392590"></trkpt>
  <trkpt lat="42.484552" lon="-72.392565"></trkpt>
  <trkpt lat="42.484479" lon="-72.392543"></trkpt>
  <trkpt lat="42.484405" lon="-72.392527"></trkpt>
  <trkpt lat="42.484326" lon="-72.392518"></trkpt>
  <trkpt lat="42.484246" lon="-72.392515"></trkpt>
  <trkpt lat="42.484167" lon="-72.392515"></trkpt>
  <trkpt lat="42.484089" lon="-72.392518"></trkpt>
  <trkpt lat="42.484010" lon="-72.392525"></trkpt>
  <trkpt lat="42.483931" lon="-72.392529"></trkpt>
  <trkpt lat="42.483865" lon="-72.392530"></trkpt>
  <trkpt lat="42.483800" lon="-72.392530"></trkpt>
  <trkpt lat="42.483734" lon="-72.392528"></trkpt>
  <trkpt lat="42.483662" lon="-72.392525"></trkpt>
  <trkpt lat="42.483590" lon="-72.392519"></trkpt>
  <trkpt lat="42.483518" lon="-72.392511"></trkpt>
  <trkpt lat="42.483435" lon="-72.392500"></trkpt>
  <trkpt lat="42.483351" lon="-72.392485"></trkpt>
  <trkpt lat="42.483269" lon="-72.392467"></trkpt>
  <trkpt lat="42.483193" lon="-72.392444"></trkpt>
  <trkpt lat="42.483117" lon="-72.392418"></trkpt>
  <trkpt lat="42.483040" lon="-72.392391"></trkpt>
  <trkpt lat="42.482992" lon="-72.392375"></trkpt>
  <trkpt lat="42.482943" lon="-72.392358"></trkpt>
  <trkpt lat="42.482894" lon="-72.392339"></trkpt>
  <trkpt lat="42.482841" lon="-72.392314"></trkpt>
  <trkpt lat="42.482789" lon="-72.392285"></trkpt>
  <trkpt lat="42.482737" lon="-72.392258"></trkpt>
  <trkpt lat="42.482689" lon="-72.392236"></trkpt>
  <trkpt lat="42.482641" lon="-72.392215"></trkpt>
  <trkpt lat="42.482592" lon="-72.392195"></trkpt>
  <trkpt lat="42.482548" lon="-72.392175"></trkpt>
  <trkpt lat="42.482503" lon="-72.392155"></trkpt>
  <trkpt lat="42.482458" lon="-72.392137"></trkpt>
  <trkpt lat="42.482424" lon="-72.392126"></trkpt>
  <trkpt lat="42.482388" lon="-72.392116"></trkpt>
  <trkpt lat="42.482353" lon="-72.392108"></trkpt>
  <trkpt lat="42.482311" lon="-72.392105"></trkpt>
  <trkpt lat="42.482270" lon="-72.392105"></trkpt>
  <trkpt lat="42.482227" lon="-72.392105"></trkpt>
  <trkpt lat="42.482176" lon="-72.392106"></trkpt>
  <trkpt lat="42.482123" lon="-72.392108"></trkpt>
  <trkpt lat="42.482071" lon="-72.392109"></trkpt>
  <trkpt lat="42.482020" lon="-72.392109"></trkpt>
  <trkpt lat="42.481968" lon="-72.392109"></trkpt>
  <trkpt lat="42.481917" lon="-72.392102"></trkpt>
  <trkpt lat="42.481885" lon="-72.392091"></trkpt>
  <trkpt lat="42.481852" lon="-72.392076"></trkpt>
  <trkpt lat="42.481820" lon="-72.392061"></trkpt>
  <trkpt lat="42.481785" lon="-72.392043"></trkpt>
  <trkpt lat="42.481750" lon="-72.392025"></trkpt>
  <trkpt lat="42.481714" lon="-72.392007"></trkpt>
  <trkpt lat="42.481657" lon="-72.391980"></trkpt>
  <trkpt lat="42.481601" lon="-72.391954"></trkpt>
  <trkpt lat="42.481543" lon="-72.391931"></trkpt>
  <trkpt lat="42.481493" lon="-72.391913"></trkpt>
  <trkpt lat="42.481443" lon="-72.391897"></trkpt>
  <trkpt lat="42.481394" lon="-72.391882"></trkpt>
  <trkpt lat="42.481324" lon="-72.391866"></trkpt>
  <trkpt lat="42.481253" lon="-72.391853"></trkpt>
  <trkpt lat="42.481183" lon="-72.391839"></trkpt>
  <trkpt lat="42.481124" lon="-72.391823"></trkpt>
  <trkpt lat="42.481065" lon="-72.391807"></trkpt>
  <trkpt lat="42.481006" lon="-72.391791"></trkpt>
  <trkpt lat="42.480939" lon="-72.391772"></trkpt>
  <trkpt lat="42.480871" lon="-72.391753"></trkpt>
  <trkpt lat="42.480804" lon="-72.391734"></trkpt>
  <trkpt lat="42.480735" lon="-72.391715"></trkpt>
  <trkpt lat="42.480666" lon="-72.391696"></trkpt>
  <trkpt lat="42.480597" lon="-72.391678"></trkpt>
  <trkpt lat="42.480502" lon="-72.391652"></trkpt>
  <trkpt lat="42.480409" lon="-72.391626"></trkpt>
  <trkpt lat="42.480314" lon="-72.391601"></trkpt>
  <trkpt lat="42.480219" lon="-72.391576"></trkpt>
  <trkpt lat="42.480125" lon="-72.391552"></trkpt>
  <trkpt lat="42.480031" lon="-72.391528"></trkpt>
  <trkpt lat="42.479951" lon="-72.391507"></trkpt>
  <trkpt lat="42.479871" lon="-72.391486"></trkpt>
  <trkpt lat="42.479791" lon="-72.391464"></trkpt>
  <trkpt lat="42.479721" lon="-72.391442"></trkpt>
  <trkpt lat="42.479651" lon="-72.391420"></trkpt>
  <trkpt lat="42.479581" lon="-72.391397"></trkpt>
  <trkpt lat="42.479510" lon="-72.391375"></trkpt>
  <trkpt lat="42.479439" lon="-72.391353"></trkpt>
  <trkpt lat="42.479368" lon="-72.391330"></trkpt>
  <trkpt lat="42.479308" lon="-72.391311"></trkpt>
  <trkpt lat="42.479247" lon="-72.391291"></trkpt>
  <trkpt lat="42.479187" lon="-72.391271"></trkpt>
  <trkpt lat="42.479113" lon="-72.391244"></trkpt>
  <trkpt lat="42.479040" lon="-72.391216"></trkpt>
  <trkpt lat="42.478967" lon="-72.391190"></trkpt>
  <trkpt lat="42.478918" lon="-72.391172"></trkpt>
  <trkpt lat="42.478868" lon="-72.391155"></trkpt>
  <trkpt lat="42.478817" lon="-72.391143"></trkpt>
  <trkpt lat="42.478773" lon="-72.391138"></trkpt>
  <trkpt lat="42.478729" lon="-72.391137"></trkpt>
  <trkpt lat="42.478685" lon="-72.391138"></trkpt>
  <trkpt lat="42.478638" lon="-72.391141"></trkpt>
  <trkpt lat="42.478591" lon="-72.391148"></trkpt>
  <trkpt lat="42.478545" lon="-72.391155"></trkpt>
  <trkpt lat="42.478489" lon="-72.391166"></trkpt>
  <trkpt lat="42.478434" lon="-72.391178"></trkpt>
  <trkpt lat="42.478378" lon="-72.391191"></trkpt>
  <trkpt lat="42.478334" lon="-72.391199"></trkpt>
  <trkpt lat="42.478289" lon="-72.391207"></trkpt>
  <trkpt lat="42.478245" lon="-72.391220"></trkpt>
  <trkpt lat="42.478206" lon="-72.391241"></trkpt>
  <trkpt lat="42.478167" lon="-72.391266"></trkpt>
  <trkpt lat="42.478128" lon="-72.391290"></trkpt>
  <trkpt lat="42.478024" lon="-72.391337"></trkpt>
  <trkpt lat="42.477917" lon="-72.391374"></trkpt>
  <trkpt lat="42.477809" lon="-72.391403"></trkpt>
  <trkpt lat="42.477768" lon="-72.391412"></trkpt>
  <trkpt lat="42.477727" lon="-72.391420"></trkpt>
  <trkpt lat="42.477686" lon="-72.391427"></trkpt>
  <trkpt lat="42.477633" lon="-72.391433"></trkpt>
  <trkpt lat="42.477581" lon="-72.391437"></trkpt>
  <trkpt lat="42.477528" lon="-72.391435"></trkpt>
  <trkpt lat="42.477478" lon="-72.391427"></trkpt>
  <trkpt lat="42.477428" lon="-72.391414"></trkpt>
  <trkpt lat="42.477378" lon="-72.391401"></trkpt>
  <trkpt lat="42.477321" lon="-72.391386"></trkpt>
  <trkpt lat="42.477262" lon="-72.391371"></trkpt>
  <trkpt lat="42.477204" lon="-72.391359"></trkpt>
  <trkpt lat="42.477144" lon="-72.391355"></trkpt>
  <trkpt lat="42.477082" lon="-72.391354"></trkpt>
  <trkpt lat="42.477022" lon="-72.391348"></trkpt>
  <trkpt lat="42.476965" lon="-72.391331"></trkpt>
  <trkpt lat="42.476910" lon="-72.391309"></trkpt>
  <trkpt lat="42.476854" lon="-72.391288"></trkpt>
  <trkpt lat="42.476785" lon="-72.391263"></trkpt>
  <trkpt lat="42.476716" lon="-72.391239"></trkpt>
  <trkpt lat="42.476714" lon="-72.391239"></trkpt>
  <trkpt lat="42.476646" lon="-72.391221"></trkpt>
  <trkpt lat="42.476590" lon="-72.391214"></trkpt>
  <trkpt lat="42.476534" lon="-72.391210"></trkpt>
  <trkpt lat="42.476479" lon="-72.391207"></trkpt>
  <trkpt lat="42.476399" lon="-72.391204"></trkpt>
  <trkpt lat="42.476320" lon="-72.391203"></trkpt>
  <trkpt lat="42.476241" lon="-72.391201"></trkpt>
  <trkpt lat="42.476171" lon="-72.391199"></trkpt>
  <trkpt lat="42.476103" lon="-72.391197"></trkpt>
  <trkpt lat="42.476034" lon="-72.391196"></trkpt>
  <trkpt lat="42.475970" lon="-72.391197"></trkpt>
  <trkpt lat="42.475905" lon="-72.391198"></trkpt>
  <trkpt lat="42.475841" lon="-72.391199"></trkpt>
  <trkpt lat="42.475791" lon="-72.391197"></trkpt>
  <trkpt lat="42.475741" lon="-72.391194"></trkpt>
  <trkpt lat="42.475691" lon="-72.391194"></trkpt>
  <trkpt lat="42.475626" lon="-72.391200"></trkpt>
  <trkpt lat="42.475561" lon="-72.391211"></trkpt>
  <trkpt lat="42.475497" lon="-72.391221"></trkpt>
  <trkpt lat="42.475439" lon="-72.391230"></trkpt>
  <trkpt lat="42.475379" lon="-72.391229"></trkpt>
  <trkpt lat="42.475222" lon="-72.391188"></trkpt>
  <trkpt lat="42.475190" lon="-72.391176"></trkpt>
  <trkpt lat="42.474957" lon="-72.391130"></trkpt>
  <trkpt lat="42.474721" lon="-72.391138"></trkpt>
  <trkpt lat="42.474489" lon="-72.391088"></trkpt>
  <trkpt lat="42.474257" lon="-72.391041"></trkpt>
  <trkpt lat="42.474022" lon="-72.391010"></trkpt>
  <trkpt lat="42.473788" lon="-72.390971"></trkpt>
  <trkpt lat="42.473553" lon="-72.390941"></trkpt>
  <trkpt lat="42.473319" lon="-72.390913"></trkpt>
  <trkpt lat="42.473087" lon="-72.390856"></trkpt>
  <trkpt lat="42.472855" lon="-72.390800"></trkpt>
  <trkpt lat="42.472622" lon="-72.390751"></trkpt>
  <trkpt lat="42.472389" lon="-72.390698"></trkpt>
  <trkpt lat="42.472159" lon="-72.390630"></trkpt>
  <trkpt lat="42.471931" lon="-72.390546"></trkpt>
  <trkpt lat="42.471869" lon="-72.390521"></trkpt>
  <trkpt lat="42.471648" lon="-72.390433"></trkpt>
  <trkpt lat="42.471426" lon="-72.390346"></trkpt>
  <trkpt lat="42.471206" lon="-72.390252"></trkpt>
  <trkpt lat="42.470985" lon="-72.390160"></trkpt>
  <trkpt lat="42.470761" lon="-72.390084"></trkpt>
  <trkpt lat="42.470539" lon="-72.390003"></trkpt>
  <trkpt lat="42.470326" lon="-72.389884"></trkpt>
  <trkpt lat="42.470122" lon="-72.389737"></trkpt>
  <trkpt lat="42.469927" lon="-72.389571"></trkpt>
  <trkpt lat="42.469731" lon="-72.389406"></trkpt>
  <trkpt lat="42.469549" lon="-72.389215"></trkpt>
  <trkpt lat="42.469338" lon="-72.389094"></trkpt>
  <trkpt lat="42.469108" lon="-72.389102"></trkpt>
  <trkpt lat="42.468878" lon="-72.389119"></trkpt>
  <trkpt lat="42.468647" lon="-72.389134"></trkpt>
  <trkpt lat="42.468419" lon="-72.389093"></trkpt>
  <trkpt lat="42.468205" lon="-72.388977"></trkpt>
  <trkpt lat="42.467984" lon="-72.388887"></trkpt>
  <trkpt lat="42.467757" lon="-72.388830"></trkpt>
  <trkpt lat="42.467530" lon="-72.388781"></trkpt>
  <trkpt lat="42.467303" lon="-72.388726"></trkpt>
  <trkpt lat="42.467077" lon="-72.388664"></trkpt>
  <trkpt lat="42.466890" lon="-72.388484"></trkpt>
  <trkpt lat="42.466630" lon="-72.388261"></trkpt>
  <trkpt lat="42.466404" lon="-72.388179"></trkpt>
  <trkpt lat="42.466175" lon="-72.388113"></trkpt>
  <trkpt lat="42.465945" lon="-72.388054"></trkpt>
  <trkpt lat="42.465715" lon="-72.387995"></trkpt>
  <trkpt lat="42.465496" lon="-72.387894"></trkpt>
  <trkpt lat="42.465285" lon="-72.387757"></trkpt>
  <trkpt lat="42.465066" lon="-72.387645"></trkpt>
  <trkpt lat="42.464853" lon="-72.387512"></trkpt>
  <trkpt lat="42.464644" lon="-72.387372"></trkpt>
  <trkpt lat="42.464427" lon="-72.387259"></trkpt>
  <trkpt lat="42.464198" lon="-72.387195"></trkpt>
  <trkpt lat="42.463965" lon="-72.387175"></trkpt>
  <trkpt lat="42.463730" lon="-72.387169"></trkpt>
  <trkpt lat="42.463741" lon="-72.387479"></trkpt>
  <trkpt lat="42.463748" lon="-72.387790"></trkpt>
  <trkpt lat="42.463757" lon="-72.388100"></trkpt>
  <trkpt lat="42.463760" lon="-72.388410"></trkpt>
  <trkpt lat="42.463671" lon="-72.388677"></trkpt>
  <trkpt lat="42.463484" lon="-72.388855"></trkpt>
  <trkpt lat="42.463308" lon="-72.389052"></trkpt>
  <trkpt lat="42.463136" lon="-72.389259"></trkpt>
  <trkpt lat="42.462943" lon="-72.389424"></trkpt>
  <trkpt lat="42.462748" lon="-72.389586"></trkpt>
  <trkpt lat="42.462578" lon="-72.389795"></trkpt>
  <trkpt lat="42.462432" lon="-72.390035"></trkpt>
  <trkpt lat="42.462322" lon="-72.390303"></trkpt>
  <trkpt lat="42.462306" lon="-72.390612"></trkpt>
  <trkpt lat="42.462303" lon="-72.390923"></trkpt>
  <trkpt lat="42.462298" lon="-72.391233"></trkpt>
  <trkpt lat="42.462280" lon="-72.391542"></trkpt>
  <trkpt lat="42.462230" lon="-72.391843"></trkpt>
  <trkpt lat="42.462067" lon="-72.392060"></trkpt>
  <trkpt lat="42.461875" lon="-72.392228"></trkpt>
  <trkpt lat="42.461678" lon="-72.392389"></trkpt>
  <trkpt lat="42.461468" lon="-72.392509"></trkpt>
  <trkpt lat="42.461239" lon="-72.392514"></trkpt>
  <trkpt lat="42.461011" lon="-72.392494"></trkpt>
  <trkpt lat="42.460782" lon="-72.392519"></trkpt>
  <trkpt lat="42.460556" lon="-72.392512"></trkpt>
  <trkpt lat="42.460336" lon="-72.392444"></trkpt>
  <trkpt lat="42.460123" lon="-72.392344"></trkpt>
  <trkpt lat="42.459901" lon="-72.392291"></trkpt>
  <trkpt lat="42.459676" lon="-72.392273"></trkpt>
  <trkpt lat="42.459450" lon="-72.392277"></trkpt>
  <trkpt lat="42.459224" lon="-72.392279"></trkpt>
  <trkpt lat="42.458999" lon="-72.392314"></trkpt>
  <trkpt lat="42.458784" lon="-72.392404"></trkpt>
  <trkpt lat="42.458662" lon="-72.392654"></trkpt>
  <trkpt lat="42.458636" lon="-72.392957"></trkpt>
  <trkpt lat="42.458563" lon="-72.393245"></trkpt>
  <trkpt lat="42.458442" lon="-72.393501"></trkpt>
  <trkpt lat="42.458304" lon="-72.393742"></trkpt>
  <trkpt lat="42.458174" lon="-72.393991"></trkpt>
  <trkpt lat="42.458071" lon="-72.394263"></trkpt>
  <trkpt lat="42.457962" lon="-72.394531"></trkpt>
  <trkpt lat="42.457840" lon="-72.394787"></trkpt>
  <trkpt lat="42.457696" lon="-72.395022"></trkpt>
  <trkpt lat="42.457540" lon="-72.395242"></trkpt>
  <trkpt lat="42.457372" lon="-72.395447"></trkpt>
  <trkpt lat="42.457205" lon="-72.395652"></trkpt>
  <trkpt lat="42.457033" lon="-72.395849"></trkpt>
  <trkpt lat="42.456846" lon="-72.396021"></trkpt>
  <trkpt lat="42.456652" lon="-72.396178"></trkpt>
  <trkpt lat="42.456454" lon="-72.396324"></trkpt>
  <trkpt lat="42.456261" lon="-72.396482"></trkpt>
  <trkpt lat="42.456071" lon="-72.396649"></trkpt>
  <trkpt lat="42.455890" lon="-72.396830"></trkpt>
  <trkpt lat="42.455758" lon="-72.397076"></trkpt>
  <trkpt lat="42.455669" lon="-72.397356"></trkpt>
  <trkpt lat="42.455613" lon="-72.397651"></trkpt>
  <trkpt lat="42.455572" lon="-72.397951"></trkpt>
  <trkpt lat="42.455510" lon="-72.398243"></trkpt>
  <trkpt lat="42.455384" lon="-72.398496"></trkpt>
  <trkpt lat="42.455212" lon="-72.398692"></trkpt>
  <trkpt lat="42.455022" lon="-72.398857"></trkpt>
  <trkpt lat="42.454825" lon="-72.399007"></trkpt>
  <trkpt lat="42.454623" lon="-72.399142"></trkpt>
  <trkpt lat="42.454419" lon="-72.399275"></trkpt>
  <trkpt lat="42.454217" lon="-72.399410"></trkpt>
  <trkpt lat="42.454013" lon="-72.399541"></trkpt>
  <trkpt lat="42.453812" lon="-72.399682"></trkpt>
  <trkpt lat="42.453623" lon="-72.399849"></trkpt>
  <trkpt lat="42.453449" lon="-72.400043"></trkpt>
  <trkpt lat="42.453307" lon="-72.400279"></trkpt>
  <trkpt lat="42.453237" lon="-72.400568"></trkpt>
  <trkpt lat="42.453188" lon="-72.400866"></trkpt>
  <trkpt lat="42.453155" lon="-72.401168"></trkpt>
  <trkpt lat="42.453130" lon="-72.401471"></trkpt>
  <trkpt lat="42.453084" lon="-72.401871"></trkpt>
  <trkpt lat="42.453057" lon="-72.402330"></trkpt>
  <trkpt lat="42.453010" lon="-72.402692"></trkpt>
  <trkpt lat="42.452955" lon="-72.403052"></trkpt>
  <trkpt lat="42.452906" lon="-72.403413"></trkpt>
  <trkpt lat="42.452861" lon="-72.403776"></trkpt>
  <trkpt lat="42.452826" lon="-72.404089"></trkpt>
  <trkpt lat="42.452791" lon="-72.404402"></trkpt>
  <trkpt lat="42.452755" lon="-72.404715"></trkpt>
  <trkpt lat="42.452697" lon="-72.405182"></trkpt>
  <trkpt lat="42.452658" lon="-72.405495"></trkpt>
  <trkpt lat="42.452618" lon="-72.405808"></trkpt>
  <trkpt lat="42.452583" lon="-72.406122"></trkpt>
  <trkpt lat="42.452552" lon="-72.406437"></trkpt>
  <trkpt lat="42.452516" lon="-72.406747"></trkpt>
  <trkpt lat="42.452479" lon="-72.407057"></trkpt>
  <trkpt lat="42.452445" lon="-72.407368"></trkpt>
  <trkpt lat="42.452411" lon="-72.407679"></trkpt>
  <trkpt lat="42.452377" lon="-72.407990"></trkpt>
  <trkpt lat="42.452337" lon="-72.408299"></trkpt>
  <trkpt lat="42.452298" lon="-72.408609"></trkpt>
  <trkpt lat="42.452261" lon="-72.408919"></trkpt>
  <trkpt lat="42.452226" lon="-72.409230"></trkpt>
  <trkpt lat="42.452220" lon="-72.409283"></trkpt>
  <trkpt lat="42.452183" lon="-72.409628"></trkpt>
  <trkpt lat="42.452147" lon="-72.409975"></trkpt>
  <trkpt lat="42.452183" lon="-72.409628"></trkpt>
  <trkpt lat="42.452220" lon="-72.409283"></trkpt>
  <trkpt lat="42.452216" lon="-72.409375"></trkpt>
  <trkpt lat="42.452162" lon="-72.409842"></trkpt>
  <trkpt lat="42.452136" lon="-72.410060"></trkpt>
  <trkpt lat="42.452099" lon="-72.410374"></trkpt>
  <trkpt lat="42.452055" lon="-72.410716"></trkpt>
  <trkpt lat="42.452011" lon="-72.411058"></trkpt>
  <trkpt lat="42.451972" lon="-72.411401"></trkpt>
  <trkpt lat="42.451933" lon="-72.411744"></trkpt>
  <trkpt lat="42.451885" lon="-72.412126"></trkpt>
  <trkpt lat="42.451883" lon="-72.412149"></trkpt>
  <trkpt lat="42.451878" lon="-72.412188"></trkpt>
  <trkpt lat="42.451874" lon="-72.412219"></trkpt>
  <trkpt lat="42.451825" lon="-72.412593"></trkpt>
  <trkpt lat="42.451823" lon="-72.412609"></trkpt>
  <trkpt lat="42.451782" lon="-72.412915"></trkpt>
  <trkpt lat="42.451738" lon="-72.413220"></trkpt>
  <trkpt lat="42.451692" lon="-72.413524"></trkpt>
  <trkpt lat="42.451647" lon="-72.413829"></trkpt>
  <trkpt lat="42.451603" lon="-72.414134"></trkpt>
  <trkpt lat="42.451560" lon="-72.414439"></trkpt>
  <trkpt lat="42.451518" lon="-72.414745"></trkpt>
  <trkpt lat="42.451476" lon="-72.415050"></trkpt>
  <trkpt lat="42.451416" lon="-72.415495"></trkpt>
  <trkpt lat="42.451372" lon="-72.415825"></trkpt>
  <trkpt lat="42.451331" lon="-72.416132"></trkpt>
  <trkpt lat="42.451291" lon="-72.416438"></trkpt>
  <trkpt lat="42.451251" lon="-72.416744"></trkpt>
  <trkpt lat="42.451210" lon="-72.417051"></trkpt>
  <trkpt lat="42.451169" lon="-72.417357"></trkpt>
  <trkpt lat="42.451132" lon="-72.417664"></trkpt>
  <trkpt lat="42.451094" lon="-72.417971"></trkpt>
  <trkpt lat="42.451053" lon="-72.418277"></trkpt>
  <trkpt lat="42.451012" lon="-72.418583"></trkpt>
  <trkpt lat="42.450975" lon="-72.418891"></trkpt>
  <trkpt lat="42.450863" lon="-72.418901"></trkpt>
  <trkpt lat="42.450724" lon="-72.418881"></trkpt>
  <trkpt lat="42.450590" lon="-72.418859"></trkpt>
  <trkpt lat="42.450451" lon="-72.418836"></trkpt>
  <trkpt lat="42.450366" lon="-72.418819"></trkpt>
  <trkpt lat="42.450451" lon="-72.418836"></trkpt>
  <trkpt lat="42.450590" lon="-72.418859"></trkpt>
  <trkpt lat="42.450724" lon="-72.418881"></trkpt>
  <trkpt lat="42.450863" lon="-72.418901"></trkpt>
  <trkpt lat="42.450972" lon="-72.418913"></trkpt>
  <trkpt lat="42.450918" lon="-72.419308"></trkpt>
  <trkpt lat="42.450864" lon="-72.419703"></trkpt>
  <trkpt lat="42.450819" lon="-72.420100"></trkpt>
  <trkpt lat="42.450703" lon="-72.420161"></trkpt>
  <trkpt lat="42.450636" lon="-72.420152"></trkpt>
  <trkpt lat="42.450502" lon="-72.420133"></trkpt>
  <trkpt lat="42.450367" lon="-72.420114"></trkpt>
  <trkpt lat="42.450233" lon="-72.420093"></trkpt>
  <trkpt lat="42.450099" lon="-72.420070"></trkpt>
  <trkpt lat="42.449965" lon="-72.420046"></trkpt>
  <trkpt lat="42.449832" lon="-72.420022"></trkpt>
  <trkpt lat="42.449698" lon="-72.419998"></trkpt>
  <trkpt lat="42.449564" lon="-72.419973"></trkpt>
  <trkpt lat="42.449431" lon="-72.419946"></trkpt>
  <trkpt lat="42.449297" lon="-72.419920"></trkpt>
  <trkpt lat="42.449163" lon="-72.419894"></trkpt>
  <trkpt lat="42.449038" lon="-72.419870"></trkpt>
  <trkpt lat="42.449029" lon="-72.419868"></trkpt>
  <trkpt lat="42.448896" lon="-72.419841"></trkpt>
  <trkpt lat="42.448763" lon="-72.419813"></trkpt>
  <trkpt lat="42.448722" lon="-72.419804"></trkpt>
  <trkpt lat="42.448629" lon="-72.419785"></trkpt>
  <trkpt lat="42.448496" lon="-72.419756"></trkpt>
  <trkpt lat="42.448362" lon="-72.419728"></trkpt>
  <trkpt lat="42.448229" lon="-72.419699"></trkpt>
  <trkpt lat="42.448097" lon="-72.419660"></trkpt>
  <trkpt lat="42.447965" lon="-72.419622"></trkpt>
  <trkpt lat="42.447833" lon="-72.419584"></trkpt>
  <trkpt lat="42.447701" lon="-72.419546"></trkpt>
  <trkpt lat="42.447569" lon="-72.419507"></trkpt>
  <trkpt lat="42.447436" lon="-72.419471"></trkpt>
  <trkpt lat="42.447303" lon="-72.419442"></trkpt>
  <trkpt lat="42.447257" lon="-72.419431"></trkpt>
  <trkpt lat="42.447228" lon="-72.419425"></trkpt>
  <trkpt lat="42.446937" lon="-72.419359"></trkpt>
  <trkpt lat="42.446646" lon="-72.419294"></trkpt>
  <trkpt lat="42.446419" lon="-72.419242"></trkpt>
  <trkpt lat="42.446193" lon="-72.419191"></trkpt>
  <trkpt lat="42.445967" lon="-72.419144"></trkpt>
  <trkpt lat="42.445740" lon="-72.419098"></trkpt>
  <trkpt lat="42.445513" lon="-72.419056"></trkpt>
  <trkpt lat="42.445285" lon="-72.419018"></trkpt>
  <trkpt lat="42.445058" lon="-72.418980"></trkpt>
  <trkpt lat="42.444829" lon="-72.418951"></trkpt>
  <trkpt lat="42.444601" lon="-72.418932"></trkpt>
  <trkpt lat="42.444371" lon="-72.418940"></trkpt>
  <trkpt lat="42.444142" lon="-72.418955"></trkpt>
  <trkpt lat="42.443914" lon="-72.418981"></trkpt>
  <trkpt lat="42.443685" lon="-72.419008"></trkpt>
  <trkpt lat="42.443457" lon="-72.419039"></trkpt>
  <trkpt lat="42.443229" lon="-72.419070"></trkpt>
  <trkpt lat="42.443001" lon="-72.419101"></trkpt>
  <trkpt lat="42.442773" lon="-72.419133"></trkpt>
  <trkpt lat="42.442545" lon="-72.419172"></trkpt>
  <trkpt lat="42.442318" lon="-72.419216"></trkpt>
  <trkpt lat="42.442093" lon="-72.419274"></trkpt>
  <trkpt lat="42.441869" lon="-72.419338"></trkpt>
  <trkpt lat="42.441648" lon="-72.419420"></trkpt>
  <trkpt lat="42.441429" lon="-72.419511"></trkpt>
  <trkpt lat="42.441211" lon="-72.419610"></trkpt>
  <trkpt lat="42.441001" lon="-72.419731"></trkpt>
  <trkpt lat="42.440792" lon="-72.419861"></trkpt>
  <trkpt lat="42.440578" lon="-72.419972"></trkpt>
  <trkpt lat="42.440363" lon="-72.420076"></trkpt>
  <trkpt lat="42.440142" lon="-72.420160"></trkpt>
  <trkpt lat="42.439956" lon="-72.420214"></trkpt>
  <trkpt lat="42.439731" lon="-72.420260"></trkpt>
  <trkpt lat="42.439503" lon="-72.420285"></trkpt>
  <trkpt lat="42.439275" lon="-72.420295"></trkpt>
  <trkpt lat="42.439047" lon="-72.420301"></trkpt>
  <trkpt lat="42.438819" lon="-72.420304"></trkpt>
  <trkpt lat="42.438591" lon="-72.420327"></trkpt>
  <trkpt lat="42.438364" lon="-72.420355"></trkpt>
  <trkpt lat="42.438137" lon="-72.420392"></trkpt>
  <trkpt lat="42.437911" lon="-72.420435"></trkpt>
  <trkpt lat="42.437671" lon="-72.420484"></trkpt>
  <trkpt lat="42.437431" lon="-72.420540"></trkpt>
  <trkpt lat="42.437193" lon="-72.420602"></trkpt>
  <trkpt lat="42.437088" lon="-72.420629"></trkpt>
  <trkpt lat="42.436956" lon="-72.420667"></trkpt>
  <trkpt lat="42.436843" lon="-72.420698"></trkpt>
  <trkpt lat="42.436824" lon="-72.420704"></trkpt>
  <trkpt lat="42.436691" lon="-72.420736"></trkpt>
  <trkpt lat="42.436558" lon="-72.420769"></trkpt>
  <trkpt lat="42.436425" lon="-72.420801"></trkpt>
  <trkpt lat="42.436290" lon="-72.420811"></trkpt>
  <trkpt lat="42.436156" lon="-72.420822"></trkpt>
  <trkpt lat="42.436122" lon="-72.420823"></trkpt>
  <trkpt lat="42.435890" lon="-72.420808"></trkpt>
  <trkpt lat="42.435659" lon="-72.420772"></trkpt>
  <trkpt lat="42.435430" lon="-72.420722"></trkpt>
  <trkpt lat="42.435201" lon="-72.420671"></trkpt>
  <trkpt lat="42.434970" lon="-72.420632"></trkpt>
  <trkpt lat="42.434739" lon="-72.420600"></trkpt>
  <trkpt lat="42.434508" lon="-72.420569"></trkpt>
  <trkpt lat="42.434277" lon="-72.420538"></trkpt>
  <trkpt lat="42.434228" lon="-72.420859"></trkpt>
  <trkpt lat="42.434183" lon="-72.421182"></trkpt>
  <trkpt lat="42.434144" lon="-72.421505"></trkpt>
  <trkpt lat="42.434113" lon="-72.421831"></trkpt>
  <trkpt lat="42.434090" lon="-72.422158"></trkpt>
  <trkpt lat="42.434068" lon="-72.422484"></trkpt>
  <trkpt lat="42.434052" lon="-72.422812"></trkpt>
  <trkpt lat="42.434037" lon="-72.423139"></trkpt>
  <trkpt lat="42.434021" lon="-72.423467"></trkpt>
  <trkpt lat="42.434003" lon="-72.423794"></trkpt>
  <trkpt lat="42.433984" lon="-72.424121"></trkpt>
  <trkpt lat="42.433965" lon="-72.424448"></trkpt>
  <trkpt lat="42.433946" lon="-72.424758"></trkpt>
  <trkpt lat="42.433928" lon="-72.425068"></trkpt>
  <trkpt lat="42.433911" lon="-72.425378"></trkpt>
  <trkpt lat="42.433893" lon="-72.425688"></trkpt>
  <trkpt lat="42.433880" lon="-72.425998"></trkpt>
  <trkpt lat="42.433880" lon="-72.426309"></trkpt>
  <trkpt lat="42.433859" lon="-72.426618"></trkpt>
  <trkpt lat="42.433831" lon="-72.426926"></trkpt>
  <trkpt lat="42.433812" lon="-72.427236"></trkpt>
  <trkpt lat="42.433795" lon="-72.427546"></trkpt>
  <trkpt lat="42.433778" lon="-72.427856"></trkpt>
  <trkpt lat="42.433761" lon="-72.428166"></trkpt>
  <trkpt lat="42.433744" lon="-72.428570"></trkpt>
  <trkpt lat="42.433727" lon="-72.428974"></trkpt>
  <trkpt lat="42.433711" lon="-72.429371"></trkpt>
  <trkpt lat="42.433722" lon="-72.429767"></trkpt>
  <trkpt lat="42.433782" lon="-72.430107"></trkpt>
  <trkpt lat="42.433848" lon="-72.430444"></trkpt>
  <trkpt lat="42.433928" lon="-72.430775"></trkpt>
  <trkpt lat="42.434017" lon="-72.431102"></trkpt>
  <trkpt lat="42.434095" lon="-72.431435"></trkpt>
  <trkpt lat="42.434198" lon="-72.431729"></trkpt>
  <trkpt lat="42.434336" lon="-72.431995"></trkpt>
  <trkpt lat="42.434491" lon="-72.432243"></trkpt>
  <trkpt lat="42.434662" lon="-72.432471"></trkpt>
  <trkpt lat="42.434778" lon="-72.432753"></trkpt>
  <trkpt lat="42.434864" lon="-72.433057"></trkpt>
  <trkpt lat="42.434897" lon="-72.432981"></trkpt>
  <trkpt lat="42.435197" lon="-72.432328"></trkpt>
  <trkpt lat="42.435371" lon="-72.431628"></trkpt>
  <trkpt lat="42.435447" lon="-72.431467"></trkpt>
  <trkpt lat="42.435672" lon="-72.431307"></trkpt>
  <trkpt lat="42.435817" lon="-72.431049"></trkpt>
  <trkpt lat="42.436270" lon="-72.430959"></trkpt>
  <trkpt lat="42.436214" lon="-72.430970"></trkpt>
  <trkpt lat="42.436151" lon="-72.430979"></trkpt>
  <trkpt lat="42.436088" lon="-72.430988"></trkpt>
  <trkpt lat="42.436049" lon="-72.430992"></trkpt>
  <trkpt lat="42.436010" lon="-72.430995"></trkpt>
  <trkpt lat="42.435972" lon="-72.431001"></trkpt>
  <trkpt lat="42.435945" lon="-72.431008"></trkpt>
  <trkpt lat="42.435918" lon="-72.431016"></trkpt>
  <trkpt lat="42.435892" lon="-72.431024"></trkpt>
  <trkpt lat="42.435869" lon="-72.431031"></trkpt>
  <trkpt lat="42.435846" lon="-72.431038"></trkpt>
  <trkpt lat="42.435826" lon="-72.431050"></trkpt>
  <trkpt lat="42.435810" lon="-72.431067"></trkpt>
  <trkpt lat="42.435797" lon="-72.431088"></trkpt>
  <trkpt lat="42.435785" lon="-72.431110"></trkpt>
  <trkpt lat="42.435771" lon="-72.431136"></trkpt>
  <trkpt lat="42.435758" lon="-72.431164"></trkpt>
  <trkpt lat="42.435745" lon="-72.431191"></trkpt>
  <trkpt lat="42.435732" lon="-72.431219"></trkpt>
  <trkpt lat="42.435720" lon="-72.431248"></trkpt>
  <trkpt lat="42.435706" lon="-72.431274"></trkpt>
  <trkpt lat="42.435681" lon="-72.431308"></trkpt>
  <trkpt lat="42.435652" lon="-72.431338"></trkpt>
  <trkpt lat="42.435620" lon="-72.431363"></trkpt>
  <trkpt lat="42.435594" lon="-72.431376"></trkpt>
  <trkpt lat="42.435567" lon="-72.431386"></trkpt>
  <trkpt lat="42.435541" lon="-72.431398"></trkpt>
  <trkpt lat="42.435511" lon="-72.431418"></trkpt>
  <trkpt lat="42.435482" lon="-72.431440"></trkpt>
  <trkpt lat="42.435456" lon="-72.431468"></trkpt>
  <trkpt lat="42.435437" lon="-72.431497"></trkpt>
  <trkpt lat="42.435419" lon="-72.431529"></trkpt>
  <trkpt lat="42.435404" lon="-72.431563"></trkpt>
  <trkpt lat="42.435379" lon="-72.431629"></trkpt>
  <trkpt lat="42.435359" lon="-72.431699"></trkpt>
  <trkpt lat="42.435342" lon="-72.431770"></trkpt>
  <trkpt lat="42.435323" lon="-72.431854"></trkpt>
  <trkpt lat="42.435306" lon="-72.431939"></trkpt>
  <trkpt lat="42.435289" lon="-72.432023"></trkpt>
  <trkpt lat="42.435264" lon="-72.432127"></trkpt>
  <trkpt lat="42.435237" lon="-72.432230"></trkpt>
  <trkpt lat="42.435205" lon="-72.432329"></trkpt>
  <trkpt lat="42.435191" lon="-72.432367"></trkpt>
  <trkpt lat="42.435177" lon="-72.432405"></trkpt>
  <trkpt lat="42.435161" lon="-72.432442"></trkpt>
  <trkpt lat="42.435146" lon="-72.432474"></trkpt>
  <trkpt lat="42.435129" lon="-72.432505"></trkpt>
  <trkpt lat="42.435112" lon="-72.432536"></trkpt>
  <trkpt lat="42.435088" lon="-72.432584"></trkpt>
  <trkpt lat="42.435063" lon="-72.432631"></trkpt>
  <trkpt lat="42.435040" lon="-72.432680"></trkpt>
  <trkpt lat="42.435021" lon="-72.432729"></trkpt>
  <trkpt lat="42.435004" lon="-72.432779"></trkpt>
  <trkpt lat="42.434986" lon="-72.432828"></trkpt>
  <trkpt lat="42.434948" lon="-72.432906"></trkpt>
  <trkpt lat="42.434906" lon="-72.432982"></trkpt>
  <trkpt lat="42.434864" lon="-72.433057"></trkpt>
  <trkpt lat="42.434979" lon="-72.433477"></trkpt>
  <trkpt lat="42.435275" lon="-72.434319"></trkpt>
  <trkpt lat="42.435126" lon="-72.434392"></trkpt>
  <trkpt lat="42.435001" lon="-72.434459"></trkpt>
  <trkpt lat="42.434876" lon="-72.434525"></trkpt>
  <trkpt lat="42.434750" lon="-72.434592"></trkpt>
  <trkpt lat="42.434679" lon="-72.434635"></trkpt>
  <trkpt lat="42.434451" lon="-72.434756"></trkpt>
  <trkpt lat="42.434223" lon="-72.434876"></trkpt>
  <trkpt lat="42.433994" lon="-72.434992"></trkpt>
  <trkpt lat="42.433765" lon="-72.435106"></trkpt>
  <trkpt lat="42.433537" lon="-72.435227"></trkpt>
  <trkpt lat="42.433309" lon="-72.435352"></trkpt>
  <trkpt lat="42.433081" lon="-72.435474"></trkpt>
  <trkpt lat="42.432851" lon="-72.435595"></trkpt>
  <trkpt lat="42.432623" lon="-72.435719"></trkpt>
  <trkpt lat="42.432395" lon="-72.435844"></trkpt>
  <trkpt lat="42.432166" lon="-72.435963"></trkpt>
  <trkpt lat="42.431933" lon="-72.436069"></trkpt>
  <trkpt lat="42.431554" lon="-72.436312"></trkpt>
  <trkpt lat="42.431352" lon="-72.436484"></trkpt>
  <trkpt lat="42.431164" lon="-72.436680"></trkpt>
  <trkpt lat="42.430983" lon="-72.436889"></trkpt>
  <trkpt lat="42.430814" lon="-72.437115"></trkpt>
  <trkpt lat="42.430645" lon="-72.437342"></trkpt>
  <trkpt lat="42.430471" lon="-72.437562"></trkpt>
  <trkpt lat="42.430298" lon="-72.437782"></trkpt>
  <trkpt lat="42.430123" lon="-72.438000"></trkpt>
  <trkpt lat="42.429950" lon="-72.438221"></trkpt>
  <trkpt lat="42.429778" lon="-72.438444"></trkpt>
  <trkpt lat="42.429607" lon="-72.438667"></trkpt>
  <trkpt lat="42.429440" lon="-72.438896"></trkpt>
  <trkpt lat="42.429295" lon="-72.439151"></trkpt>
  <trkpt lat="42.429173" lon="-72.439427"></trkpt>
  <trkpt lat="42.429054" lon="-72.439705"></trkpt>
  <trkpt lat="42.428927" lon="-72.439978"></trkpt>
  <trkpt lat="42.428765" lon="-72.440211"></trkpt>
  <trkpt lat="42.428658" lon="-72.440323"></trkpt>
  <trkpt lat="42.428552" lon="-72.440433"></trkpt>
  <trkpt lat="42.428431" lon="-72.440515"></trkpt>
  <trkpt lat="42.428308" lon="-72.440592"></trkpt>
  <trkpt lat="42.428240" lon="-72.440632"></trkpt>
  <trkpt lat="42.428185" lon="-72.440664"></trkpt>
  <trkpt lat="42.428057" lon="-72.440726"></trkpt>
  <trkpt lat="42.427929" lon="-72.440783"></trkpt>
  <trkpt lat="42.427802" lon="-72.440844"></trkpt>
  <trkpt lat="42.427676" lon="-72.440908"></trkpt>
  <trkpt lat="42.427590" lon="-72.440953"></trkpt>
  <trkpt lat="42.427550" lon="-72.440973"></trkpt>
  <trkpt lat="42.427424" lon="-72.441040"></trkpt>
  <trkpt lat="42.427299" lon="-72.441107"></trkpt>
  <trkpt lat="42.427171" lon="-72.441167"></trkpt>
  <trkpt lat="42.427042" lon="-72.441223"></trkpt>
  <trkpt lat="42.426915" lon="-72.441285"></trkpt>
  <trkpt lat="42.426788" lon="-72.441347"></trkpt>
  <trkpt lat="42.426662" lon="-72.441412"></trkpt>
  <trkpt lat="42.426535" lon="-72.441473"></trkpt>
  <trkpt lat="42.426405" lon="-72.441520"></trkpt>
  <trkpt lat="42.426298" lon="-72.441557"></trkpt>
  <trkpt lat="42.426275" lon="-72.441568"></trkpt>
  <trkpt lat="42.426043" lon="-72.441625"></trkpt>
  <trkpt lat="42.425808" lon="-72.441664"></trkpt>
  <trkpt lat="42.425574" lon="-72.441704"></trkpt>
  <trkpt lat="42.425339" lon="-72.441734"></trkpt>
  <trkpt lat="42.425105" lon="-72.441772"></trkpt>
  <trkpt lat="42.424870" lon="-72.441795"></trkpt>
  <trkpt lat="42.424634" lon="-72.441813"></trkpt>
  <trkpt lat="42.424398" lon="-72.441825"></trkpt>
  <trkpt lat="42.424162" lon="-72.441833"></trkpt>
  <trkpt lat="42.423926" lon="-72.441830"></trkpt>
  <trkpt lat="42.423690" lon="-72.441823"></trkpt>
  <trkpt lat="42.423455" lon="-72.441831"></trkpt>
  <trkpt lat="42.423219" lon="-72.441846"></trkpt>
  <trkpt lat="42.423455" lon="-72.441831"></trkpt>
  <trkpt lat="42.423690" lon="-72.441823"></trkpt>
  <trkpt lat="42.423926" lon="-72.441830"></trkpt>
  <trkpt lat="42.424162" lon="-72.441833"></trkpt>
  <trkpt lat="42.424398" lon="-72.441825"></trkpt>
  <trkpt lat="42.424634" lon="-72.441813"></trkpt>
  <trkpt lat="42.424870" lon="-72.441795"></trkpt>
  <trkpt lat="42.425105" lon="-72.441772"></trkpt>
  <trkpt lat="42.425339" lon="-72.441734"></trkpt>
  <trkpt lat="42.425574" lon="-72.441704"></trkpt>
  <trkpt lat="42.425808" lon="-72.441664"></trkpt>
  <trkpt lat="42.426043" lon="-72.441625"></trkpt>
  <trkpt lat="42.426275" lon="-72.441568"></trkpt>
  <trkpt lat="42.426298" lon="-72.441561"></trkpt>
  <trkpt lat="42.426519" lon="-72.441483"></trkpt>
  <trkpt lat="42.426734" lon="-72.441380"></trkpt>
  <trkpt lat="42.426948" lon="-72.441274"></trkpt>
  <trkpt lat="42.427164" lon="-72.441175"></trkpt>
  <trkpt lat="42.427378" lon="-72.441070"></trkpt>
  <trkpt lat="42.427591" lon="-72.440957"></trkpt>
  <trkpt lat="42.427807" lon="-72.440847"></trkpt>
  <trkpt lat="42.428025" lon="-72.440745"></trkpt>
  <trkpt lat="42.428242" lon="-72.440637"></trkpt>
  <trkpt lat="42.428521" lon="-72.440461"></trkpt>
  <trkpt lat="42.428765" lon="-72.440211"></trkpt>
  <trkpt lat="42.428927" lon="-72.439978"></trkpt>
  <trkpt lat="42.429054" lon="-72.439705"></trkpt>
  <trkpt lat="42.429173" lon="-72.439427"></trkpt>
  <trkpt lat="42.429295" lon="-72.439151"></trkpt>
  <trkpt lat="42.429440" lon="-72.438896"></trkpt>
  <trkpt lat="42.429607" lon="-72.438667"></trkpt>
  <trkpt lat="42.429778" lon="-72.438444"></trkpt>
  <trkpt lat="42.429950" lon="-72.438221"></trkpt>
  <trkpt lat="42.430123" lon="-72.438000"></trkpt>
  <trkpt lat="42.430298" lon="-72.437782"></trkpt>
  <trkpt lat="42.430471" lon="-72.437562"></trkpt>
  <trkpt lat="42.430645" lon="-72.437342"></trkpt>
  <trkpt lat="42.430814" lon="-72.437115"></trkpt>
  <trkpt lat="42.430983" lon="-72.436889"></trkpt>
  <trkpt lat="42.431164" lon="-72.436680"></trkpt>
  <trkpt lat="42.431352" lon="-72.436484"></trkpt>
  <trkpt lat="42.431554" lon="-72.436312"></trkpt>
  <trkpt lat="42.431933" lon="-72.436069"></trkpt>
  <trkpt lat="42.432166" lon="-72.435963"></trkpt>
  <trkpt lat="42.432395" lon="-72.435844"></trkpt>
  <trkpt lat="42.432623" lon="-72.435719"></trkpt>
  <trkpt lat="42.432851" lon="-72.435595"></trkpt>
  <trkpt lat="42.433081" lon="-72.435474"></trkpt>
  <trkpt lat="42.433309" lon="-72.435352"></trkpt>
  <trkpt lat="42.433537" lon="-72.435227"></trkpt>
  <trkpt lat="42.433765" lon="-72.435106"></trkpt>
  <trkpt lat="42.433994" lon="-72.434992"></trkpt>
  <trkpt lat="42.434223" lon="-72.434876"></trkpt>
  <trkpt lat="42.434451" lon="-72.434756"></trkpt>
  <trkpt lat="42.434678" lon="-72.434635"></trkpt>
  <trkpt lat="42.434977" lon="-72.434477"></trkpt>
  <trkpt lat="42.435275" lon="-72.434319"></trkpt>
  <trkpt lat="42.435501" lon="-72.434199"></trkpt>
  <trkpt lat="42.435726" lon="-72.434076"></trkpt>
  <trkpt lat="42.435947" lon="-72.433940"></trkpt>
  <trkpt lat="42.436164" lon="-72.433791"></trkpt>
  <trkpt lat="42.436375" lon="-72.433628"></trkpt>
  <trkpt lat="42.436587" lon="-72.433469"></trkpt>
  <trkpt lat="42.436809" lon="-72.433337"></trkpt>
  <trkpt lat="42.437041" lon="-72.433239"></trkpt>
  <trkpt lat="42.437279" lon="-72.433158"></trkpt>
  <trkpt lat="42.437517" lon="-72.433077"></trkpt>
  <trkpt lat="42.437755" lon="-72.432996"></trkpt>
  <trkpt lat="42.437994" lon="-72.432924"></trkpt>
  <trkpt lat="42.438231" lon="-72.432841"></trkpt>
  <trkpt lat="42.438464" lon="-72.432737"></trkpt>
  <trkpt lat="42.438690" lon="-72.432610"></trkpt>
  <trkpt lat="42.438910" lon="-72.432461"></trkpt>
  <trkpt lat="42.439121" lon="-72.432294"></trkpt>
  <trkpt lat="42.439338" lon="-72.432107"></trkpt>
  <trkpt lat="42.439537" lon="-72.431929"></trkpt>
  <trkpt lat="42.439739" lon="-72.431756"></trkpt>
  <trkpt lat="42.439942" lon="-72.431585"></trkpt>
  <trkpt lat="42.440135" lon="-72.431419"></trkpt>
  <trkpt lat="42.440328" lon="-72.431256"></trkpt>
  <trkpt lat="42.440524" lon="-72.431097"></trkpt>
  <trkpt lat="42.440719" lon="-72.430938"></trkpt>
  <trkpt lat="42.440915" lon="-72.430779"></trkpt>
  <trkpt lat="42.441116" lon="-72.430634"></trkpt>
  <trkpt lat="42.441320" lon="-72.430495"></trkpt>
  <trkpt lat="42.441524" lon="-72.430356"></trkpt>
  <trkpt lat="42.441731" lon="-72.430227"></trkpt>
  <trkpt lat="42.441942" lon="-72.430107"></trkpt>
  <trkpt lat="42.442155" lon="-72.429996"></trkpt>
  <trkpt lat="42.442375" lon="-72.429916"></trkpt>
  <trkpt lat="42.442598" lon="-72.429848"></trkpt>
  <trkpt lat="42.442820" lon="-72.429778"></trkpt>
  <trkpt lat="42.443054" lon="-72.429708"></trkpt>
  <trkpt lat="42.443290" lon="-72.429644"></trkpt>
  <trkpt lat="42.443524" lon="-72.429574"></trkpt>
  <trkpt lat="42.443758" lon="-72.429504"></trkpt>
  <trkpt lat="42.443994" lon="-72.429447"></trkpt>
  <trkpt lat="42.444229" lon="-72.429384"></trkpt>
  <trkpt lat="42.444463" lon="-72.429310"></trkpt>
  <trkpt lat="42.444696" lon="-72.429235"></trkpt>
  <trkpt lat="42.444930" lon="-72.429161"></trkpt>
  <trkpt lat="42.445168" lon="-72.429094"></trkpt>
  <trkpt lat="42.445406" lon="-72.429030"></trkpt>
  <trkpt lat="42.445644" lon="-72.428963"></trkpt>
  <trkpt lat="42.445883" lon="-72.428898"></trkpt>
  <trkpt lat="42.446121" lon="-72.428831"></trkpt>
  <trkpt lat="42.446357" lon="-72.428754"></trkpt>
  <trkpt lat="42.446591" lon="-72.428666"></trkpt>
  <trkpt lat="42.446821" lon="-72.428563"></trkpt>
  <trkpt lat="42.447055" lon="-72.428478"></trkpt>
  <trkpt lat="42.447290" lon="-72.428394"></trkpt>
  <trkpt lat="42.447524" lon="-72.428309"></trkpt>
  <trkpt lat="42.447842" lon="-72.428194"></trkpt>
  <trkpt lat="42.448161" lon="-72.428082"></trkpt>
  <trkpt lat="42.448344" lon="-72.428018"></trkpt>
  <trkpt lat="42.448857" lon="-72.427824"></trkpt>
  <trkpt lat="42.448881" lon="-72.427815"></trkpt>
  <trkpt lat="42.448984" lon="-72.427779"></trkpt>
  <trkpt lat="42.449393" lon="-72.427635"></trkpt>
  <trkpt lat="42.449738" lon="-72.427509"></trkpt>
  <trkpt lat="42.450010" lon="-72.427421"></trkpt>
  <trkpt lat="42.450143" lon="-72.427362"></trkpt>
  <trkpt lat="42.450202" lon="-72.427336"></trkpt>
  <trkpt lat="42.450260" lon="-72.427294"></trkpt>
  <trkpt lat="42.450303" lon="-72.427256"></trkpt>
  <trkpt lat="42.450411" lon="-72.427160"></trkpt>
  <trkpt lat="42.450303" lon="-72.427256"></trkpt>
  <trkpt lat="42.450260" lon="-72.427294"></trkpt>
  <trkpt lat="42.450202" lon="-72.427336"></trkpt>
  <trkpt lat="42.450143" lon="-72.427362"></trkpt>
  <trkpt lat="42.450010" lon="-72.427421"></trkpt>
  <trkpt lat="42.449738" lon="-72.427509"></trkpt>
  <trkpt lat="42.449393" lon="-72.427635"></trkpt>
  <trkpt lat="42.448984" lon="-72.427779"></trkpt>
  <trkpt lat="42.448881" lon="-72.427815"></trkpt>
  <trkpt lat="42.448857" lon="-72.427824"></trkpt>
  <trkpt lat="42.448979" lon="-72.428326"></trkpt>
  <trkpt lat="42.449124" lon="-72.428923"></trkpt>
  <trkpt lat="42.449132" lon="-72.428968"></trkpt>
  <trkpt lat="42.449124" lon="-72.428923"></trkpt>
  <trkpt lat="42.448979" lon="-72.428326"></trkpt>
  <trkpt lat="42.448857" lon="-72.427824"></trkpt>
  <trkpt lat="42.448344" lon="-72.428018"></trkpt>
  <trkpt lat="42.448604" lon="-72.427930"></trkpt>
  <trkpt lat="42.448864" lon="-72.427837"></trkpt>
  <trkpt lat="42.449351" lon="-72.427656"></trkpt>
  <trkpt lat="42.450408" lon="-72.427272"></trkpt>
  <trkpt lat="42.450405" lon="-72.427061"></trkpt>
  <trkpt lat="42.450410" lon="-72.427272"></trkpt>
  <trkpt lat="42.450406" lon="-72.427588"></trkpt>
  <trkpt lat="42.450399" lon="-72.427903"></trkpt>
  <trkpt lat="42.450392" lon="-72.428218"></trkpt>
  <trkpt lat="42.450385" lon="-72.428534"></trkpt>
  <trkpt lat="42.450374" lon="-72.428849"></trkpt>
  <trkpt lat="42.450364" lon="-72.429164"></trkpt>
  <trkpt lat="42.450356" lon="-72.429480"></trkpt>
  <trkpt lat="42.450345" lon="-72.429921"></trkpt>
  <trkpt lat="42.450334" lon="-72.430290"></trkpt>
  <trkpt lat="42.450321" lon="-72.430659"></trkpt>
  <trkpt lat="42.450309" lon="-72.431028"></trkpt>
  <trkpt lat="42.450290" lon="-72.431517"></trkpt>
  <trkpt lat="42.450281" lon="-72.431741"></trkpt>
  <trkpt lat="42.450268" lon="-72.432048"></trkpt>
  <trkpt lat="42.450246" lon="-72.432370"></trkpt>
  <trkpt lat="42.450224" lon="-72.432691"></trkpt>
  <trkpt lat="42.450201" lon="-72.433012"></trkpt>
  <trkpt lat="42.450181" lon="-72.433334"></trkpt>
  <trkpt lat="42.450156" lon="-72.433655"></trkpt>
  <trkpt lat="42.450115" lon="-72.433973"></trkpt>
  <trkpt lat="42.450057" lon="-72.434286"></trkpt>
  <trkpt lat="42.449976" lon="-72.434589"></trkpt>
  <trkpt lat="42.449873" lon="-72.434880"></trkpt>
  <trkpt lat="42.449757" lon="-72.435162"></trkpt>
  <trkpt lat="42.449629" lon="-72.435434"></trkpt>
  <trkpt lat="42.449494" lon="-72.435701"></trkpt>
  <trkpt lat="42.449356" lon="-72.435965"></trkpt>
  <trkpt lat="42.449218" lon="-72.436227"></trkpt>
  <trkpt lat="42.449063" lon="-72.436518"></trkpt>
  <trkpt lat="42.448907" lon="-72.436807"></trkpt>
  <trkpt lat="42.448760" lon="-72.437104"></trkpt>
  <trkpt lat="42.448638" lon="-72.437421"></trkpt>
  <trkpt lat="42.448551" lon="-72.437758"></trkpt>
  <trkpt lat="42.448502" lon="-72.438127"></trkpt>
  <trkpt lat="42.448503" lon="-72.438502"></trkpt>
  <trkpt lat="42.448533" lon="-72.438874"></trkpt>
  <trkpt lat="42.448537" lon="-72.438902"></trkpt>
  <trkpt lat="42.448591" lon="-72.439217"></trkpt>
  <trkpt lat="42.448647" lon="-72.439532"></trkpt>
  <trkpt lat="42.448716" lon="-72.439842"></trkpt>
  <trkpt lat="42.448814" lon="-72.440137"></trkpt>
  <trkpt lat="42.448933" lon="-72.440418"></trkpt>
  <trkpt lat="42.449086" lon="-72.440768"></trkpt>
  <trkpt lat="42.449241" lon="-72.441117"></trkpt>
  <trkpt lat="42.449331" lon="-72.441425"></trkpt>
  <trkpt lat="42.449374" lon="-72.441750"></trkpt>
  <trkpt lat="42.449371" lon="-72.442081"></trkpt>
  <trkpt lat="42.449327" lon="-72.442407"></trkpt>
  <trkpt lat="42.449280" lon="-72.442732"></trkpt>
  <trkpt lat="42.449244" lon="-72.443060"></trkpt>
  <trkpt lat="42.449223" lon="-72.443390"></trkpt>
  <trkpt lat="42.449225" lon="-72.443721"></trkpt>
  <trkpt lat="42.449240" lon="-72.444052"></trkpt>
  <trkpt lat="42.449241" lon="-72.444358"></trkpt>
  <trkpt lat="42.449238" lon="-72.444540"></trkpt>
  <trkpt lat="42.449226" lon="-72.444745"></trkpt>
  <trkpt lat="42.449211" lon="-72.444902"></trkpt>
  <trkpt lat="42.449142" lon="-72.445255"></trkpt>
  <trkpt lat="42.449122" lon="-72.445435"></trkpt>
  <trkpt lat="42.449108" lon="-72.445616"></trkpt>
  <trkpt lat="42.449110" lon="-72.445730"></trkpt>
  <trkpt lat="42.449337" lon="-72.445881"></trkpt>
  <trkpt lat="42.449559" lon="-72.446017"></trkpt>
  <trkpt lat="42.449791" lon="-72.446120"></trkpt>
  <trkpt lat="42.450031" lon="-72.446320"></trkpt>
  <trkpt lat="42.450237" lon="-72.446563"></trkpt>
  <trkpt lat="42.450427" lon="-72.446824"></trkpt>
  <trkpt lat="42.450237" lon="-72.446563"></trkpt>
  <trkpt lat="42.450031" lon="-72.446320"></trkpt>
  <trkpt lat="42.449798" lon="-72.446125"></trkpt>
  <trkpt lat="42.449559" lon="-72.446017"></trkpt>
  <trkpt lat="42.449337" lon="-72.445881"></trkpt>
  <trkpt lat="42.449118" lon="-72.445731"></trkpt>
  <trkpt lat="42.449111" lon="-72.445799"></trkpt>
  <trkpt lat="42.449132" lon="-72.445978"></trkpt>
  <trkpt lat="42.449212" lon="-72.446326"></trkpt>
  <trkpt lat="42.449257" lon="-72.446498"></trkpt>
  <trkpt lat="42.449309" lon="-72.446667"></trkpt>
  <trkpt lat="42.449353" lon="-72.446839"></trkpt>
  <trkpt lat="42.449383" lon="-72.447017"></trkpt>
  <trkpt lat="42.449400" lon="-72.447197"></trkpt>
  <trkpt lat="42.449407" lon="-72.447380"></trkpt>
  <trkpt lat="42.449403" lon="-72.447561"></trkpt>
  <trkpt lat="42.449381" lon="-72.447741"></trkpt>
  <trkpt lat="42.449347" lon="-72.447918"></trkpt>
  <trkpt lat="42.449286" lon="-72.448273"></trkpt>
  <trkpt lat="42.449266" lon="-72.448453"></trkpt>
  <trkpt lat="42.449261" lon="-72.448636"></trkpt>
  <trkpt lat="42.449271" lon="-72.448817"></trkpt>
  <trkpt lat="42.449294" lon="-72.448997"></trkpt>
  <trkpt lat="42.449334" lon="-72.449171"></trkpt>
  <trkpt lat="42.449378" lon="-72.449317"></trkpt>
  <trkpt lat="42.449442" lon="-72.449480"></trkpt>
  <trkpt lat="42.449582" lon="-72.449800"></trkpt>
  <trkpt lat="42.449662" lon="-72.449989"></trkpt>
  <trkpt lat="42.449712" lon="-72.450157"></trkpt>
  <trkpt lat="42.449757" lon="-72.450336"></trkpt>
  <trkpt lat="42.449784" lon="-72.450500"></trkpt>
  <trkpt lat="42.449799" lon="-72.450710"></trkpt>
  <trkpt lat="42.449792" lon="-72.450889"></trkpt>
  <trkpt lat="42.449760" lon="-72.451094"></trkpt>
  <trkpt lat="42.449783" lon="-72.450939"></trkpt>
  <trkpt lat="42.449768" lon="-72.451095"></trkpt>
  <trkpt lat="42.449739" lon="-72.451217"></trkpt>
  <trkpt lat="42.449664" lon="-72.451568"></trkpt>
  <trkpt lat="42.449783" lon="-72.450937"></trkpt>
  <trkpt lat="42.449790" lon="-72.450860"></trkpt>
  <trkpt lat="42.449791" lon="-72.450677"></trkpt>
  <trkpt lat="42.449778" lon="-72.450496"></trkpt>
  <trkpt lat="42.449748" lon="-72.450318"></trkpt>
  <trkpt lat="42.449704" lon="-72.450146"></trkpt>
  <trkpt lat="42.449655" lon="-72.449977"></trkpt>
  <trkpt lat="42.449590" lon="-72.449817"></trkpt>
  <trkpt lat="42.449515" lon="-72.449665"></trkpt>
  <trkpt lat="42.449445" lon="-72.449509"></trkpt>
  <trkpt lat="42.449391" lon="-72.449342"></trkpt>
  <trkpt lat="42.449343" lon="-72.449172"></trkpt>
  <trkpt lat="42.449342" lon="-72.449166"></trkpt>
  <trkpt lat="42.449303" lon="-72.448998"></trkpt>
  <trkpt lat="42.449279" lon="-72.448818"></trkpt>
  <trkpt lat="42.449270" lon="-72.448637"></trkpt>
  <trkpt lat="42.449275" lon="-72.448454"></trkpt>
  <trkpt lat="42.449295" lon="-72.448274"></trkpt>
  <trkpt lat="42.449325" lon="-72.448096"></trkpt>
  <trkpt lat="42.449356" lon="-72.447919"></trkpt>
  <trkpt lat="42.449390" lon="-72.447742"></trkpt>
  <trkpt lat="42.449412" lon="-72.447563"></trkpt>
  <trkpt lat="42.449416" lon="-72.447381"></trkpt>
  <trkpt lat="42.449409" lon="-72.447199"></trkpt>
  <trkpt lat="42.449391" lon="-72.447018"></trkpt>
  <trkpt lat="42.449362" lon="-72.446840"></trkpt>
  <trkpt lat="42.449317" lon="-72.446668"></trkpt>
  <trkpt lat="42.449266" lon="-72.446499"></trkpt>
  <trkpt lat="42.449221" lon="-72.446327"></trkpt>
  <trkpt lat="42.449180" lon="-72.446154"></trkpt>
  <trkpt lat="42.449141" lon="-72.445979"></trkpt>
  <trkpt lat="42.449120" lon="-72.445800"></trkpt>
  <trkpt lat="42.449118" lon="-72.445731"></trkpt>
  <trkpt lat="42.449117" lon="-72.445617"></trkpt>
  <trkpt lat="42.449119" lon="-72.445587"></trkpt>
  <trkpt lat="42.449130" lon="-72.445436"></trkpt>
  <trkpt lat="42.449151" lon="-72.445256"></trkpt>
  <trkpt lat="42.449185" lon="-72.445080"></trkpt>
  <trkpt lat="42.449219" lon="-72.444903"></trkpt>
  <trkpt lat="42.449235" lon="-72.444746"></trkpt>
  <trkpt lat="42.449243" lon="-72.444605"></trkpt>
  <trkpt lat="42.449240" lon="-72.444052"></trkpt>
  <trkpt lat="42.449225" lon="-72.443721"></trkpt>
  <trkpt lat="42.449223" lon="-72.443390"></trkpt>
  <trkpt lat="42.449244" lon="-72.443060"></trkpt>
  <trkpt lat="42.449280" lon="-72.442732"></trkpt>
  <trkpt lat="42.449327" lon="-72.442407"></trkpt>
  <trkpt lat="42.449371" lon="-72.442081"></trkpt>
  <trkpt lat="42.449374" lon="-72.441750"></trkpt>
  <trkpt lat="42.449331" lon="-72.441425"></trkpt>
  <trkpt lat="42.449241" lon="-72.441117"></trkpt>
  <trkpt lat="42.449086" lon="-72.440768"></trkpt>
  <trkpt lat="42.448933" lon="-72.440418"></trkpt>
  <trkpt lat="42.448814" lon="-72.440137"></trkpt>
  <trkpt lat="42.448716" lon="-72.439842"></trkpt>
  <trkpt lat="42.448647" lon="-72.439532"></trkpt>
  <trkpt lat="42.448591" lon="-72.439217"></trkpt>
  <trkpt lat="42.448537" lon="-72.438902"></trkpt>
  <trkpt lat="42.448533" lon="-72.438874"></trkpt>
  <trkpt lat="42.448514" lon="-72.438793"></trkpt>
  <trkpt lat="42.448490" lon="-72.438430"></trkpt>
  <trkpt lat="42.448488" lon="-72.438248"></trkpt>
  <trkpt lat="42.448497" lon="-72.438066"></trkpt>
  <trkpt lat="42.448518" lon="-72.437878"></trkpt>
  <trkpt lat="42.448366" lon="-72.438105"></trkpt>
  <trkpt lat="42.448228" lon="-72.438356"></trkpt>
  <trkpt lat="42.448110" lon="-72.438626"></trkpt>
  <trkpt lat="42.447978" lon="-72.438883"></trkpt>
  <trkpt lat="42.447837" lon="-72.439132"></trkpt>
  <trkpt lat="42.447694" lon="-72.439379"></trkpt>
  <trkpt lat="42.447545" lon="-72.439620"></trkpt>
  <trkpt lat="42.447396" lon="-72.439861"></trkpt>
  <trkpt lat="42.447252" lon="-72.440106"></trkpt>
  <trkpt lat="42.447108" lon="-72.440352"></trkpt>
  <trkpt lat="42.446969" lon="-72.440603"></trkpt>
  <trkpt lat="42.446832" lon="-72.440857"></trkpt>
  <trkpt lat="42.446710" lon="-72.441122"></trkpt>
  <trkpt lat="42.446630" lon="-72.441415"></trkpt>
  <trkpt lat="42.446582" lon="-72.441722"></trkpt>
  <trkpt lat="42.446521" lon="-72.442025"></trkpt>
  <trkpt lat="42.446469" lon="-72.442330"></trkpt>
  <trkpt lat="42.446432" lon="-72.442639"></trkpt>
  <trkpt lat="42.446369" lon="-72.442941"></trkpt>
  <trkpt lat="42.446293" lon="-72.443237"></trkpt>
  <trkpt lat="42.446226" lon="-72.443537"></trkpt>
  <trkpt lat="42.446173" lon="-72.443842"></trkpt>
  <trkpt lat="42.446116" lon="-72.444199"></trkpt>
  <trkpt lat="42.446070" lon="-72.444500"></trkpt>
  <trkpt lat="42.446018" lon="-72.444800"></trkpt>
  <trkpt lat="42.445967" lon="-72.445099"></trkpt>
  <trkpt lat="42.445915" lon="-72.445399"></trkpt>
  <trkpt lat="42.445866" lon="-72.445699"></trkpt>
  <trkpt lat="42.445820" lon="-72.446000"></trkpt>
  <trkpt lat="42.445792" lon="-72.446326"></trkpt>
  <trkpt lat="42.445760" lon="-72.446652"></trkpt>
  <trkpt lat="42.445693" lon="-72.446967"></trkpt>
  <trkpt lat="42.445614" lon="-72.447278"></trkpt>
  <trkpt lat="42.445529" lon="-72.447585"></trkpt>
  <trkpt lat="42.445438" lon="-72.447890"></trkpt>
  <trkpt lat="42.445334" lon="-72.448187"></trkpt>
  <trkpt lat="42.445224" lon="-72.448480"></trkpt>
  <trkpt lat="42.445108" lon="-72.448769"></trkpt>
  <trkpt lat="42.444999" lon="-72.449052"></trkpt>
  <trkpt lat="42.444890" lon="-72.449337"></trkpt>
  <trkpt lat="42.444797" lon="-72.449631"></trkpt>
  <trkpt lat="42.444707" lon="-72.449927"></trkpt>
  <trkpt lat="42.444632" lon="-72.450231"></trkpt>
  <trkpt lat="42.444560" lon="-72.450535"></trkpt>
  <trkpt lat="42.444491" lon="-72.450841"></trkpt>
  <trkpt lat="42.444425" lon="-72.451148"></trkpt>
  <trkpt lat="42.444348" lon="-72.451451"></trkpt>
  <trkpt lat="42.444263" lon="-72.451745"></trkpt>
  <trkpt lat="42.444174" lon="-72.452036"></trkpt>
  <trkpt lat="42.444155" lon="-72.452069"></trkpt>
  <trkpt lat="42.444104" lon="-72.452238"></trkpt>
  <trkpt lat="42.444064" lon="-72.452411"></trkpt>
  <trkpt lat="42.444042" lon="-72.452591"></trkpt>
  <trkpt lat="42.444022" lon="-72.452771"></trkpt>
  <trkpt lat="42.443980" lon="-72.452938"></trkpt>
  <trkpt lat="42.443946" lon="-72.452990"></trkpt>
  <trkpt lat="42.443892" lon="-72.453076"></trkpt>
  <trkpt lat="42.443887" lon="-72.453079"></trkpt>
  <trkpt lat="42.443773" lon="-72.453160"></trkpt>
  <trkpt lat="42.443649" lon="-72.453233"></trkpt>
  <trkpt lat="42.443543" lon="-72.453291"></trkpt>
  <trkpt lat="42.443524" lon="-72.453302"></trkpt>
  <trkpt lat="42.443399" lon="-72.453368"></trkpt>
  <trkpt lat="42.443315" lon="-72.453392"></trkpt>
  <trkpt lat="42.443266" lon="-72.453405"></trkpt>
  <trkpt lat="42.443134" lon="-72.453442"></trkpt>
  <trkpt lat="42.443005" lon="-72.453490"></trkpt>
  <trkpt lat="42.442945" lon="-72.453518"></trkpt>
  <trkpt lat="42.442877" lon="-72.453550"></trkpt>
  <trkpt lat="42.442751" lon="-72.453615"></trkpt>
  <trkpt lat="42.442628" lon="-72.453692"></trkpt>
  <trkpt lat="42.442506" lon="-72.453769"></trkpt>
  <trkpt lat="42.442383" lon="-72.453846"></trkpt>
  <trkpt lat="42.442347" lon="-72.453862"></trkpt>
  <trkpt lat="42.442256" lon="-72.453903"></trkpt>
  <trkpt lat="42.442195" lon="-72.453929"></trkpt>
  <trkpt lat="42.442126" lon="-72.453958"></trkpt>
  <trkpt lat="42.441996" lon="-72.454002"></trkpt>
  <trkpt lat="42.441863" lon="-72.454032"></trkpt>
  <trkpt lat="42.441730" lon="-72.454063"></trkpt>
  <trkpt lat="42.441595" lon="-72.454069"></trkpt>
  <trkpt lat="42.441460" lon="-72.454074"></trkpt>
  <trkpt lat="42.441332" lon="-72.454129"></trkpt>
  <trkpt lat="42.441207" lon="-72.454195"></trkpt>
  <trkpt lat="42.441097" lon="-72.454302"></trkpt>
  <trkpt lat="42.440988" lon="-72.454409"></trkpt>
  <trkpt lat="42.440878" lon="-72.454516"></trkpt>
  <trkpt lat="42.440814" lon="-72.454578"></trkpt>
  <trkpt lat="42.440768" lon="-72.454622"></trkpt>
  <trkpt lat="42.440675" lon="-72.454712"></trkpt>
  <trkpt lat="42.440659" lon="-72.454728"></trkpt>
  <trkpt lat="42.440541" lon="-72.454816"></trkpt>
  <trkpt lat="42.440418" lon="-72.454893"></trkpt>
  <trkpt lat="42.440323" lon="-72.454954"></trkpt>
  <trkpt lat="42.440296" lon="-72.454971"></trkpt>
  <trkpt lat="42.440175" lon="-72.455051"></trkpt>
  <trkpt lat="42.440054" lon="-72.455132"></trkpt>
  <trkpt lat="42.439930" lon="-72.455206"></trkpt>
  <trkpt lat="42.439807" lon="-72.455278"></trkpt>
  <trkpt lat="42.439687" lon="-72.455362"></trkpt>
  <trkpt lat="42.439577" lon="-72.455467"></trkpt>
  <trkpt lat="42.439469" lon="-72.455576"></trkpt>
  <trkpt lat="42.439363" lon="-72.455688"></trkpt>
  <trkpt lat="42.439259" lon="-72.455805"></trkpt>
  <trkpt lat="42.439200" lon="-72.455877"></trkpt>
  <trkpt lat="42.439159" lon="-72.455927"></trkpt>
  <trkpt lat="42.439055" lon="-72.456044"></trkpt>
  <trkpt lat="42.438939" lon="-72.456137"></trkpt>
  <trkpt lat="42.438821" lon="-72.456225"></trkpt>
  <trkpt lat="42.438700" lon="-72.456304"></trkpt>
  <trkpt lat="42.438578" lon="-72.456383"></trkpt>
  <trkpt lat="42.438453" lon="-72.456450"></trkpt>
  <trkpt lat="42.438324" lon="-72.456505"></trkpt>
  <trkpt lat="42.438196" lon="-72.456562"></trkpt>
  <trkpt lat="42.438138" lon="-72.456595"></trkpt>
  <trkpt lat="42.437930" lon="-72.456717"></trkpt>
  <trkpt lat="42.437705" lon="-72.456809"></trkpt>
  <trkpt lat="42.437479" lon="-72.456894"></trkpt>
  <trkpt lat="42.437253" lon="-72.456978"></trkpt>
  <trkpt lat="42.437025" lon="-72.457053"></trkpt>
  <trkpt lat="42.436798" lon="-72.457133"></trkpt>
  <trkpt lat="42.436573" lon="-72.457225"></trkpt>
  <trkpt lat="42.436347" lon="-72.457311"></trkpt>
  <trkpt lat="42.436129" lon="-72.457427"></trkpt>
  <trkpt lat="42.435914" lon="-72.457567"></trkpt>
  <trkpt lat="42.435714" lon="-72.457709"></trkpt>
  <trkpt lat="42.435510" lon="-72.457841"></trkpt>
  <trkpt lat="42.435308" lon="-72.457976"></trkpt>
  <trkpt lat="42.435107" lon="-72.458117"></trkpt>
  <trkpt lat="42.434897" lon="-72.458232"></trkpt>
  <trkpt lat="42.434661" lon="-72.458358"></trkpt>
  <trkpt lat="42.434422" lon="-72.458476"></trkpt>
  <trkpt lat="42.434198" lon="-72.458556"></trkpt>
  <trkpt lat="42.433985" lon="-72.458678"></trkpt>
  <trkpt lat="42.433780" lon="-72.458823"></trkpt>
  <trkpt lat="42.433607" lon="-72.459030"></trkpt>
  <trkpt lat="42.433443" lon="-72.459252"></trkpt>
  <trkpt lat="42.433284" lon="-72.459479"></trkpt>
  <trkpt lat="42.433120" lon="-72.459700"></trkpt>
  <trkpt lat="42.432955" lon="-72.459920"></trkpt>
  <trkpt lat="42.432788" lon="-72.460136"></trkpt>
  <trkpt lat="42.432608" lon="-72.460334"></trkpt>
  <trkpt lat="42.432428" lon="-72.460531"></trkpt>
  <trkpt lat="42.432253" lon="-72.460735"></trkpt>
  <trkpt lat="42.432083" lon="-72.460947"></trkpt>
  <trkpt lat="42.431913" lon="-72.461160"></trkpt>
  <trkpt lat="42.431742" lon="-72.461372"></trkpt>
  <trkpt lat="42.431572" lon="-72.461583"></trkpt>
  <trkpt lat="42.431401" lon="-72.461795"></trkpt>
  <trkpt lat="42.431222" lon="-72.461991"></trkpt>
  <trkpt lat="42.431034" lon="-72.462174"></trkpt>
  <trkpt lat="42.430840" lon="-72.462346"></trkpt>
  <trkpt lat="42.430635" lon="-72.462490"></trkpt>
  <trkpt lat="42.430417" lon="-72.462597"></trkpt>
  <trkpt lat="42.430200" lon="-72.462704"></trkpt>
  <trkpt lat="42.429973" lon="-72.462769"></trkpt>
  <trkpt lat="42.429746" lon="-72.462831"></trkpt>
  <trkpt lat="42.429519" lon="-72.462894"></trkpt>
  <trkpt lat="42.429294" lon="-72.462970"></trkpt>
  <trkpt lat="42.429063" lon="-72.463009"></trkpt>
  <trkpt lat="42.428831" lon="-72.463013"></trkpt>
  <trkpt lat="42.428604" lon="-72.463081"></trkpt>
  <trkpt lat="42.428381" lon="-72.463170"></trkpt>
  <trkpt lat="42.428175" lon="-72.463315"></trkpt>
  <trkpt lat="42.427979" lon="-72.463483"></trkpt>
  <trkpt lat="42.427783" lon="-72.463651"></trkpt>
  <trkpt lat="42.427587" lon="-72.463820"></trkpt>
  <trkpt lat="42.427390" lon="-72.463988"></trkpt>
  <trkpt lat="42.427194" lon="-72.464156"></trkpt>
  <trkpt lat="42.426998" lon="-72.464325"></trkpt>
  <trkpt lat="42.426800" lon="-72.464495"></trkpt>
  <trkpt lat="42.426601" lon="-72.464665"></trkpt>
  <trkpt lat="42.426403" lon="-72.464835"></trkpt>
  <trkpt lat="42.426204" lon="-72.465005"></trkpt>
  <trkpt lat="42.426004" lon="-72.465171"></trkpt>
  <trkpt lat="42.425803" lon="-72.465337"></trkpt>
  <trkpt lat="42.425603" lon="-72.465502"></trkpt>
  <trkpt lat="42.425402" lon="-72.465668"></trkpt>
  <trkpt lat="42.425155" lon="-72.465814"></trkpt>
  <trkpt lat="42.424898" lon="-72.465927"></trkpt>
  <trkpt lat="42.424638" lon="-72.466020"></trkpt>
  <trkpt lat="42.424383" lon="-72.466140"></trkpt>
  <trkpt lat="42.424140" lon="-72.466255"></trkpt>
  <trkpt lat="42.423896" lon="-72.466355"></trkpt>
  <trkpt lat="42.423639" lon="-72.466347"></trkpt>
  <trkpt lat="42.423396" lon="-72.466461"></trkpt>
  <trkpt lat="42.423157" lon="-72.466589"></trkpt>
  <trkpt lat="42.422921" lon="-72.466728"></trkpt>
  <trkpt lat="42.422709" lon="-72.466853"></trkpt>
  <trkpt lat="42.422496" lon="-72.466978"></trkpt>
  <trkpt lat="42.422284" lon="-72.467103"></trkpt>
  <trkpt lat="42.422096" lon="-72.467281"></trkpt>
  <trkpt lat="42.421928" lon="-72.467496"></trkpt>
  <trkpt lat="42.421789" lon="-72.467744"></trkpt>
  <trkpt lat="42.421647" lon="-72.467990"></trkpt>
  <trkpt lat="42.421489" lon="-72.468216"></trkpt>
  <trkpt lat="42.421301" lon="-72.468398"></trkpt>
  <trkpt lat="42.421111" lon="-72.468577"></trkpt>
  <trkpt lat="42.420903" lon="-72.468773"></trkpt>
  <trkpt lat="42.420696" lon="-72.468968"></trkpt>
  <trkpt lat="42.420489" lon="-72.469164"></trkpt>
  <trkpt lat="42.420281" lon="-72.469359"></trkpt>
  <trkpt lat="42.420088" lon="-72.469548"></trkpt>
  <trkpt lat="42.419896" lon="-72.469737"></trkpt>
  <trkpt lat="42.419680" lon="-72.469872"></trkpt>
  <trkpt lat="42.419459" lon="-72.469991"></trkpt>
  <trkpt lat="42.419223" lon="-72.470031"></trkpt>
  <trkpt lat="42.418992" lon="-72.470105"></trkpt>
  <trkpt lat="42.418766" lon="-72.470205"></trkpt>
  <trkpt lat="42.418539" lon="-72.470303"></trkpt>
  <trkpt lat="42.418312" lon="-72.470401"></trkpt>
  <trkpt lat="42.418091" lon="-72.470519"></trkpt>
  <trkpt lat="42.417888" lon="-72.470685"></trkpt>
  <trkpt lat="42.417726" lon="-72.470917"></trkpt>
  <trkpt lat="42.417614" lon="-72.471201"></trkpt>
  <trkpt lat="42.417511" lon="-72.471490"></trkpt>
  <trkpt lat="42.417421" lon="-72.471787"></trkpt>
  <trkpt lat="42.417333" lon="-72.472085"></trkpt>
  <trkpt lat="42.417307" lon="-72.472257"></trkpt>
  <trkpt lat="42.417307" lon="-72.472316"></trkpt>
  <trkpt lat="42.417325" lon="-72.472726"></trkpt>
  <trkpt lat="42.417346" lon="-72.473056"></trkpt>
  <trkpt lat="42.417348" lon="-72.473135"></trkpt>
  <trkpt lat="42.417337" lon="-72.473301"></trkpt>
  <trkpt lat="42.417319" lon="-72.473428"></trkpt>
  <trkpt lat="42.417303" lon="-72.473582"></trkpt>
  <trkpt lat="42.417289" lon="-72.473656"></trkpt>
  <trkpt lat="42.417271" lon="-72.473709"></trkpt>
  <trkpt lat="42.417232" lon="-72.473798"></trkpt>
  <trkpt lat="42.417215" lon="-72.473864"></trkpt>
  <trkpt lat="42.417194" lon="-72.473916"></trkpt>
  <trkpt lat="42.417174" lon="-72.473968"></trkpt>
  <trkpt lat="42.417158" lon="-72.474006"></trkpt>
  <trkpt lat="42.417142" lon="-72.474045"></trkpt>
  <trkpt lat="42.417128" lon="-72.474084"></trkpt>
  <trkpt lat="42.417115" lon="-72.474125"></trkpt>
  <trkpt lat="42.417104" lon="-72.474166"></trkpt>
  <trkpt lat="42.417093" lon="-72.474207"></trkpt>
  <trkpt lat="42.417081" lon="-72.474245"></trkpt>
  <trkpt lat="42.417069" lon="-72.474283"></trkpt>
  <trkpt lat="42.417057" lon="-72.474320"></trkpt>
  <trkpt lat="42.417046" lon="-72.474354"></trkpt>
  <trkpt lat="42.417034" lon="-72.474388"></trkpt>
  <trkpt lat="42.417023" lon="-72.474421"></trkpt>
  <trkpt lat="42.416884" lon="-72.474882"></trkpt>
  <trkpt lat="42.416863" lon="-72.474928"></trkpt>
  <trkpt lat="42.416842" lon="-72.474973"></trkpt>
  <trkpt lat="42.416822" lon="-72.475018"></trkpt>
  <trkpt lat="42.416794" lon="-72.475079"></trkpt>
  <trkpt lat="42.416766" lon="-72.475141"></trkpt>
  <trkpt lat="42.416736" lon="-72.475200"></trkpt>
  <trkpt lat="42.416711" lon="-72.475241"></trkpt>
  <trkpt lat="42.416684" lon="-72.475281"></trkpt>
  <trkpt lat="42.416658" lon="-72.475320"></trkpt>
  <trkpt lat="42.416629" lon="-72.475365"></trkpt>
  <trkpt lat="42.416601" lon="-72.475409"></trkpt>
  <trkpt lat="42.416570" lon="-72.475451"></trkpt>
  <trkpt lat="42.416528" lon="-72.475500"></trkpt>
  <trkpt lat="42.416428" lon="-72.475585"></trkpt>
  <trkpt lat="42.416304" lon="-72.475678"></trkpt>
  <trkpt lat="42.416093" lon="-72.475850"></trkpt>
  <trkpt lat="42.415986" lon="-72.475923"></trkpt>
  <trkpt lat="42.415935" lon="-72.475944"></trkpt>
  <trkpt lat="42.415708" lon="-72.476009"></trkpt>
  <trkpt lat="42.415527" lon="-72.476065"></trkpt>
  <trkpt lat="42.415305" lon="-72.476153"></trkpt>
  <trkpt lat="42.415087" lon="-72.476259"></trkpt>
  <trkpt lat="42.414874" lon="-72.476379"></trkpt>
  <trkpt lat="42.414665" lon="-72.476513"></trkpt>
  <trkpt lat="42.414469" lon="-72.476678"></trkpt>
  <trkpt lat="42.414265" lon="-72.476824"></trkpt>
  <trkpt lat="42.414035" lon="-72.476981"></trkpt>
  <trkpt lat="42.413806" lon="-72.477137"></trkpt>
  <trkpt lat="42.413577" lon="-72.477294"></trkpt>
  <trkpt lat="42.413348" lon="-72.477450"></trkpt>
  <trkpt lat="42.413143" lon="-72.477654"></trkpt>
  <trkpt lat="42.412954" lon="-72.477890"></trkpt>
  <trkpt lat="42.412783" lon="-72.478148"></trkpt>
  <trkpt lat="42.412728" lon="-72.478227"></trkpt>
  <trkpt lat="42.412597" lon="-72.478477"></trkpt>
  <trkpt lat="42.412423" lon="-72.478675"></trkpt>
  <trkpt lat="42.412241" lon="-72.478858"></trkpt>
  <trkpt lat="42.412059" lon="-72.479043"></trkpt>
  <trkpt lat="42.411924" lon="-72.479288"></trkpt>
  <trkpt lat="42.411817" lon="-72.479559"></trkpt>
  <trkpt lat="42.411733" lon="-72.479844"></trkpt>
  <trkpt lat="42.411647" lon="-72.480127"></trkpt>
  <trkpt lat="42.411566" lon="-72.480413"></trkpt>
  <trkpt lat="42.411434" lon="-72.480663"></trkpt>
  <trkpt lat="42.411306" lon="-72.480917"></trkpt>
  <trkpt lat="42.411176" lon="-72.481169"></trkpt>
  <trkpt lat="42.411046" lon="-72.481420"></trkpt>
  <trkpt lat="42.410916" lon="-72.481672"></trkpt>
  <trkpt lat="42.410832" lon="-72.481817"></trkpt>
  <trkpt lat="42.410676" lon="-72.482058"></trkpt>
  <trkpt lat="42.410585" lon="-72.482206"></trkpt>
  <trkpt lat="42.410538" lon="-72.482277"></trkpt>
  <trkpt lat="42.410414" lon="-72.482436"></trkpt>
  <trkpt lat="42.410288" lon="-72.482607"></trkpt>
  <trkpt lat="42.410197" lon="-72.482710"></trkpt>
  <trkpt lat="42.410149" lon="-72.482759"></trkpt>
  <trkpt lat="42.409989" lon="-72.482907"></trkpt>
  <trkpt lat="42.409881" lon="-72.483032"></trkpt>
  <trkpt lat="42.409782" lon="-72.483141"></trkpt>
  <trkpt lat="42.409689" lon="-72.483234"></trkpt>
  <trkpt lat="42.409631" lon="-72.483285"></trkpt>
  <trkpt lat="42.409411" lon="-72.483466"></trkpt>
  <trkpt lat="42.409214" lon="-72.483630"></trkpt>
  <trkpt lat="42.409071" lon="-72.483730"></trkpt>
  <trkpt lat="42.408934" lon="-72.483843"></trkpt>
  <trkpt lat="42.408853" lon="-72.483894"></trkpt>
  <trkpt lat="42.408720" lon="-72.483976"></trkpt>
  <trkpt lat="42.408855" lon="-72.483899"></trkpt>
  <trkpt lat="42.409067" lon="-72.483742"></trkpt>
  <trkpt lat="42.409280" lon="-72.483585"></trkpt>
  <trkpt lat="42.409486" lon="-72.483412"></trkpt>
  <trkpt lat="42.409692" lon="-72.483240"></trkpt>
  <trkpt lat="42.409883" lon="-72.483040"></trkpt>
  <trkpt lat="42.410073" lon="-72.482838"></trkpt>
  <trkpt lat="42.410267" lon="-72.482642"></trkpt>
  <trkpt lat="42.410441" lon="-72.482414"></trkpt>
  <trkpt lat="42.410610" lon="-72.482180"></trkpt>
  <trkpt lat="42.410768" lon="-72.481931"></trkpt>
  <trkpt lat="42.410916" lon="-72.481672"></trkpt>
  <trkpt lat="42.411046" lon="-72.481420"></trkpt>
  <trkpt lat="42.411176" lon="-72.481169"></trkpt>
  <trkpt lat="42.411306" lon="-72.480917"></trkpt>
  <trkpt lat="42.411434" lon="-72.480663"></trkpt>
  <trkpt lat="42.411566" lon="-72.480413"></trkpt>
  <trkpt lat="42.411647" lon="-72.480127"></trkpt>
  <trkpt lat="42.411733" lon="-72.479844"></trkpt>
  <trkpt lat="42.411817" lon="-72.479559"></trkpt>
  <trkpt lat="42.411924" lon="-72.479288"></trkpt>
  <trkpt lat="42.412059" lon="-72.479043"></trkpt>
  <trkpt lat="42.412241" lon="-72.478858"></trkpt>
  <trkpt lat="42.412423" lon="-72.478675"></trkpt>
  <trkpt lat="42.412597" lon="-72.478477"></trkpt>
  <trkpt lat="42.412734" lon="-72.478234"></trkpt>
  <trkpt lat="42.412783" lon="-72.478148"></trkpt>
  <trkpt lat="42.412954" lon="-72.477890"></trkpt>
  <trkpt lat="42.413143" lon="-72.477654"></trkpt>
  <trkpt lat="42.413348" lon="-72.477450"></trkpt>
  <trkpt lat="42.413577" lon="-72.477294"></trkpt>
  <trkpt lat="42.413806" lon="-72.477137"></trkpt>
  <trkpt lat="42.414035" lon="-72.476981"></trkpt>
  <trkpt lat="42.414265" lon="-72.476824"></trkpt>
  <trkpt lat="42.414469" lon="-72.476678"></trkpt>
  <trkpt lat="42.414665" lon="-72.476513"></trkpt>
  <trkpt lat="42.414874" lon="-72.476379"></trkpt>
  <trkpt lat="42.415087" lon="-72.476259"></trkpt>
  <trkpt lat="42.415305" lon="-72.476153"></trkpt>
  <trkpt lat="42.415528" lon="-72.476069"></trkpt>
  <trkpt lat="42.415796" lon="-72.475988"></trkpt>
  <trkpt lat="42.416058" lon="-72.475884"></trkpt>
  <trkpt lat="42.416294" lon="-72.475694"></trkpt>
  <trkpt lat="42.416528" lon="-72.475500"></trkpt>
  <trkpt lat="42.416944" lon="-72.475646"></trkpt>
  <trkpt lat="42.417385" lon="-72.475821"></trkpt>
  <trkpt lat="42.417928" lon="-72.475992"></trkpt>
  <trkpt lat="42.417956" lon="-72.476001"></trkpt>
  <trkpt lat="42.417985" lon="-72.476010"></trkpt>
  <trkpt lat="42.418013" lon="-72.476020"></trkpt>
  <trkpt lat="42.418077" lon="-72.476050"></trkpt>
  <trkpt lat="42.418111" lon="-72.476070"></trkpt>
  <trkpt lat="42.418138" lon="-72.476087"></trkpt>
  <trkpt lat="42.418199" lon="-72.476129"></trkpt>
  <trkpt lat="42.418255" lon="-72.476174"></trkpt>
  <trkpt lat="42.418310" lon="-72.476225"></trkpt>
  <trkpt lat="42.418362" lon="-72.476280"></trkpt>
  <trkpt lat="42.418412" lon="-72.476340"></trkpt>
  <trkpt lat="42.418459" lon="-72.476405"></trkpt>
  <trkpt lat="42.418505" lon="-72.476471"></trkpt>
  <trkpt lat="42.418556" lon="-72.476543"></trkpt>
  <trkpt lat="42.418605" lon="-72.476617"></trkpt>
  <trkpt lat="42.418651" lon="-72.476693"></trkpt>
  <trkpt lat="42.418690" lon="-72.476768"></trkpt>
  <trkpt lat="42.418798" lon="-72.476999"></trkpt>
  <trkpt lat="42.418979" lon="-72.477384"></trkpt>
  <trkpt lat="42.419100" lon="-72.477641"></trkpt>
  <trkpt lat="42.419221" lon="-72.477898"></trkpt>
  <trkpt lat="42.419332" lon="-72.478162"></trkpt>
  <trkpt lat="42.419434" lon="-72.478434"></trkpt>
  <trkpt lat="42.419534" lon="-72.478706"></trkpt>
  <trkpt lat="42.419613" lon="-72.478991"></trkpt>
  <trkpt lat="42.419678" lon="-72.479282"></trkpt>
  <trkpt lat="42.419720" lon="-72.479581"></trkpt>
  <trkpt lat="42.419746" lon="-72.479883"></trkpt>
  <trkpt lat="42.419741" lon="-72.480186"></trkpt>
  <trkpt lat="42.419709" lon="-72.480486"></trkpt>
  <trkpt lat="42.419658" lon="-72.480783"></trkpt>
  <trkpt lat="42.419607" lon="-72.481079"></trkpt>
  <trkpt lat="42.419556" lon="-72.481375"></trkpt>
  <trkpt lat="42.419513" lon="-72.481690"></trkpt>
  <trkpt lat="42.419499" lon="-72.482008"></trkpt>
  <trkpt lat="42.419530" lon="-72.482325"></trkpt>
  <trkpt lat="42.419629" lon="-72.482614"></trkpt>
  <trkpt lat="42.419782" lon="-72.482858"></trkpt>
  <trkpt lat="42.419932" lon="-72.483105"></trkpt>
  <trkpt lat="42.419836" lon="-72.483226"></trkpt>
  <trkpt lat="42.419725" lon="-72.483418"></trkpt>
  <trkpt lat="42.419505" lon="-72.483898"></trkpt>
  <trkpt lat="42.419251" lon="-72.484531"></trkpt>
  <trkpt lat="42.419220" lon="-72.484590"></trkpt>
  <trkpt lat="42.418997" lon="-72.484910"></trkpt>
  <trkpt lat="42.418705" lon="-72.485077"></trkpt>
  <trkpt lat="42.418320" lon="-72.485035"></trkpt>
  <trkpt lat="42.418206" lon="-72.485006"></trkpt>
  <trkpt lat="42.417847" lon="-72.484913"></trkpt>
  <trkpt lat="42.416796" lon="-72.484694"></trkpt>
  <trkpt lat="42.416126" lon="-72.484522"></trkpt>
  <trkpt lat="42.416107" lon="-72.484425"></trkpt>
  <trkpt lat="42.416099" lon="-72.484392"></trkpt>
  <trkpt lat="42.416085" lon="-72.484357"></trkpt>
  <trkpt lat="42.416069" lon="-72.484323"></trkpt>
  <trkpt lat="42.416051" lon="-72.484292"></trkpt>
  <trkpt lat="42.416031" lon="-72.484266"></trkpt>
  <trkpt lat="42.416008" lon="-72.484243"></trkpt>
  <trkpt lat="42.415984" lon="-72.484226"></trkpt>
  <trkpt lat="42.415961" lon="-72.484215"></trkpt>
  <trkpt lat="42.415936" lon="-72.484209"></trkpt>
  <trkpt lat="42.415913" lon="-72.484208"></trkpt>
  <trkpt lat="42.415882" lon="-72.484216"></trkpt>
  <trkpt lat="42.415876" lon="-72.484219"></trkpt>
  <trkpt lat="42.415852" lon="-72.484232"></trkpt>
  <trkpt lat="42.415828" lon="-72.484255"></trkpt>
  <trkpt lat="42.415813" lon="-72.484291"></trkpt>
  <trkpt lat="42.415804" lon="-72.484336"></trkpt>
  <trkpt lat="42.415799" lon="-72.484382"></trkpt>
  <trkpt lat="42.415797" lon="-72.484409"></trkpt>
  <trkpt lat="42.415796" lon="-72.484437"></trkpt>
  <trkpt lat="42.415796" lon="-72.484465"></trkpt>
  <trkpt lat="42.415798" lon="-72.484501"></trkpt>
  <trkpt lat="42.415801" lon="-72.484538"></trkpt>
  <trkpt lat="42.415808" lon="-72.484571"></trkpt>
  <trkpt lat="42.415821" lon="-72.484600"></trkpt>
  <trkpt lat="42.415836" lon="-72.484627"></trkpt>
  <trkpt lat="42.415838" lon="-72.484629"></trkpt>
  <trkpt lat="42.415854" lon="-72.484646"></trkpt>
  <trkpt lat="42.415879" lon="-72.484653"></trkpt>
  <trkpt lat="42.415907" lon="-72.484651"></trkpt>
  <trkpt lat="42.415935" lon="-72.484647"></trkpt>
  <trkpt lat="42.415966" lon="-72.484648"></trkpt>
  <trkpt lat="42.415998" lon="-72.484646"></trkpt>
  <trkpt lat="42.416025" lon="-72.484632"></trkpt>
  <trkpt lat="42.416031" lon="-72.484625"></trkpt>
  <trkpt lat="42.416037" lon="-72.484618"></trkpt>
  <trkpt lat="42.416042" lon="-72.484610"></trkpt>
  <trkpt lat="42.416053" lon="-72.484599"></trkpt>
  <trkpt lat="42.416064" lon="-72.484589"></trkpt>
  <trkpt lat="42.416075" lon="-72.484577"></trkpt>
  <trkpt lat="42.416083" lon="-72.484567"></trkpt>
  <trkpt lat="42.416089" lon="-72.484557"></trkpt>
  <trkpt lat="42.416096" lon="-72.484546"></trkpt>
  <trkpt lat="42.416107" lon="-72.484518"></trkpt>
  <trkpt lat="42.416123" lon="-72.484475"></trkpt>
  <trkpt lat="42.416768" lon="-72.484635"></trkpt>
  <trkpt lat="42.416795" lon="-72.484642"></trkpt>
  <trkpt lat="42.416650" lon="-72.485578"></trkpt>
  <trkpt lat="42.416637" lon="-72.485651"></trkpt>
  <trkpt lat="42.416628" lon="-72.485710"></trkpt>
  <trkpt lat="42.416625" lon="-72.485724"></trkpt>
  <trkpt lat="42.416603" lon="-72.485834"></trkpt>
  <trkpt lat="42.416625" lon="-72.485724"></trkpt>
  <trkpt lat="42.416628" lon="-72.485710"></trkpt>
  <trkpt lat="42.416637" lon="-72.485651"></trkpt>
  <trkpt lat="42.416650" lon="-72.485578"></trkpt>
  <trkpt lat="42.416768" lon="-72.484635"></trkpt>
  <trkpt lat="42.417058" lon="-72.484710"></trkpt>
  <trkpt lat="42.417321" lon="-72.484778"></trkpt>
  <trkpt lat="42.417584" lon="-72.484845"></trkpt>
  <trkpt lat="42.417847" lon="-72.484913"></trkpt>
  <trkpt lat="42.418206" lon="-72.485006"></trkpt>
  <trkpt lat="42.418320" lon="-72.485035"></trkpt>
  <trkpt lat="42.418705" lon="-72.485077"></trkpt>
  <trkpt lat="42.418997" lon="-72.484910"></trkpt>
  <trkpt lat="42.419184" lon="-72.484562"></trkpt>
  <trkpt lat="42.419318" lon="-72.484255"></trkpt>
  <trkpt lat="42.419453" lon="-72.483948"></trkpt>
  <trkpt lat="42.419596" lon="-72.483648"></trkpt>
  <trkpt lat="42.419741" lon="-72.483350"></trkpt>
  <trkpt lat="42.419932" lon="-72.483105"></trkpt>
  <trkpt lat="42.420085" lon="-72.483370"></trkpt>
  <trkpt lat="42.420226" lon="-72.483614"></trkpt>
  <trkpt lat="42.420368" lon="-72.483857"></trkpt>
  <trkpt lat="42.420509" lon="-72.484101"></trkpt>
  <trkpt lat="42.420652" lon="-72.484342"></trkpt>
  <trkpt lat="42.420800" lon="-72.484579"></trkpt>
  <trkpt lat="42.420947" lon="-72.484815"></trkpt>
  <trkpt lat="42.421110" lon="-72.485032"></trkpt>
  <trkpt lat="42.421291" lon="-72.485222"></trkpt>
  <trkpt lat="42.421463" lon="-72.485427"></trkpt>
  <trkpt lat="42.421641" lon="-72.485621"></trkpt>
  <trkpt lat="42.421827" lon="-72.485800"></trkpt>
  <trkpt lat="42.422011" lon="-72.485985"></trkpt>
  <trkpt lat="42.422200" lon="-72.486160"></trkpt>
  <trkpt lat="42.423520" lon="-72.487325"></trkpt>
  <trkpt lat="42.423739" lon="-72.487516"></trkpt>
  <trkpt lat="42.424195" lon="-72.487915"></trkpt>
  <trkpt lat="42.424437" lon="-72.488149"></trkpt>
  <trkpt lat="42.424522" lon="-72.488227"></trkpt>
  <trkpt lat="42.424806" lon="-72.488504"></trkpt>
  <trkpt lat="42.424864" lon="-72.488570"></trkpt>
  <trkpt lat="42.425134" lon="-72.488879"></trkpt>
  <trkpt lat="42.425515" lon="-72.488281"></trkpt>
  <trkpt lat="42.425538" lon="-72.488232"></trkpt>
  <trkpt lat="42.425561" lon="-72.488182"></trkpt>
  <trkpt lat="42.425583" lon="-72.488132"></trkpt>
  <trkpt lat="42.425649" lon="-72.487967"></trkpt>
  <trkpt lat="42.425701" lon="-72.487851"></trkpt>
  <trkpt lat="42.425719" lon="-72.487796"></trkpt>
  <trkpt lat="42.425736" lon="-72.487729"></trkpt>
  <trkpt lat="42.425750" lon="-72.487660"></trkpt>
  <trkpt lat="42.425764" lon="-72.487592"></trkpt>
  <trkpt lat="42.426001" lon="-72.486496"></trkpt>
  <trkpt lat="42.426026" lon="-72.486429"></trkpt>
  <trkpt lat="42.426052" lon="-72.486361"></trkpt>
  <trkpt lat="42.426079" lon="-72.486294"></trkpt>
  <trkpt lat="42.426113" lon="-72.486209"></trkpt>
  <trkpt lat="42.426148" lon="-72.486124"></trkpt>
  <trkpt lat="42.426186" lon="-72.486042"></trkpt>
  <trkpt lat="42.426223" lon="-72.485969"></trkpt>
  <trkpt lat="42.426264" lon="-72.485898"></trkpt>
  <trkpt lat="42.426287" lon="-72.485861"></trkpt>
  <trkpt lat="42.426306" lon="-72.485830"></trkpt>
  <trkpt lat="42.426325" lon="-72.485801"></trkpt>
  <trkpt lat="42.426527" lon="-72.485549"></trkpt>
  <trkpt lat="42.426767" lon="-72.485370"></trkpt>
  <trkpt lat="42.427010" lon="-72.485196"></trkpt>
  <trkpt lat="42.427253" lon="-72.485023"></trkpt>
  <trkpt lat="42.427463" lon="-72.484866"></trkpt>
  <trkpt lat="42.427786" lon="-72.484597"></trkpt>
  <trkpt lat="42.427892" lon="-72.484954"></trkpt>
  <trkpt lat="42.427990" lon="-72.485409"></trkpt>
  <trkpt lat="42.428102" lon="-72.485872"></trkpt>
  <trkpt lat="42.428110" lon="-72.485889"></trkpt>
  <trkpt lat="42.428121" lon="-72.485914"></trkpt>
  <trkpt lat="42.428139" lon="-72.485956"></trkpt>
  <trkpt lat="42.428157" lon="-72.485999"></trkpt>
  <trkpt lat="42.428186" lon="-72.486068"></trkpt>
  <trkpt lat="42.428216" lon="-72.486136"></trkpt>
  <trkpt lat="42.428248" lon="-72.486204"></trkpt>
  <trkpt lat="42.428272" lon="-72.486254"></trkpt>
  <trkpt lat="42.428297" lon="-72.486304"></trkpt>
  <trkpt lat="42.428326" lon="-72.486348"></trkpt>
  <trkpt lat="42.428357" lon="-72.486381"></trkpt>
  <trkpt lat="42.428392" lon="-72.486410"></trkpt>
  <trkpt lat="42.428427" lon="-72.486436"></trkpt>
  <trkpt lat="42.428476" lon="-72.486468"></trkpt>
  <trkpt lat="42.428526" lon="-72.486496"></trkpt>
  <trkpt lat="42.428576" lon="-72.486523"></trkpt>
  <trkpt lat="42.429334" lon="-72.486833"></trkpt>
  <trkpt lat="42.428576" lon="-72.486523"></trkpt>
  <trkpt lat="42.428526" lon="-72.486496"></trkpt>
  <trkpt lat="42.428476" lon="-72.486468"></trkpt>
  <trkpt lat="42.428427" lon="-72.486436"></trkpt>
  <trkpt lat="42.428392" lon="-72.486410"></trkpt>
  <trkpt lat="42.428357" lon="-72.486381"></trkpt>
  <trkpt lat="42.428326" lon="-72.486348"></trkpt>
  <trkpt lat="42.428297" lon="-72.486304"></trkpt>
  <trkpt lat="42.428272" lon="-72.486254"></trkpt>
  <trkpt lat="42.428248" lon="-72.486204"></trkpt>
  <trkpt lat="42.428216" lon="-72.486136"></trkpt>
  <trkpt lat="42.428186" lon="-72.486068"></trkpt>
  <trkpt lat="42.428157" lon="-72.485999"></trkpt>
  <trkpt lat="42.428139" lon="-72.485956"></trkpt>
  <trkpt lat="42.428121" lon="-72.485914"></trkpt>
  <trkpt lat="42.428110" lon="-72.485889"></trkpt>
  <trkpt lat="42.428102" lon="-72.485872"></trkpt>
  <trkpt lat="42.427990" lon="-72.485409"></trkpt>
  <trkpt lat="42.427892" lon="-72.484954"></trkpt>
  <trkpt lat="42.427795" lon="-72.484598"></trkpt>
  <trkpt lat="42.428362" lon="-72.484126"></trkpt>
  <trkpt lat="42.428378" lon="-72.484113"></trkpt>
  <trkpt lat="42.427901" lon="-72.482532"></trkpt>
  <trkpt lat="42.427899" lon="-72.482522"></trkpt>
  <trkpt lat="42.427897" lon="-72.482512"></trkpt>
  <trkpt lat="42.427896" lon="-72.482501"></trkpt>
  <trkpt lat="42.427898" lon="-72.482466"></trkpt>
  <trkpt lat="42.427729" lon="-72.482233"></trkpt>
  <trkpt lat="42.427552" lon="-72.482000"></trkpt>
  <trkpt lat="42.427358" lon="-72.481812"></trkpt>
  <trkpt lat="42.427184" lon="-72.481592"></trkpt>
  <trkpt lat="42.427132" lon="-72.481277"></trkpt>
  <trkpt lat="42.427151" lon="-72.480955"></trkpt>
  <trkpt lat="42.427321" lon="-72.480737"></trkpt>
  <trkpt lat="42.427497" lon="-72.480524"></trkpt>
  <trkpt lat="42.427570" lon="-72.480214"></trkpt>
  <trkpt lat="42.427741" lon="-72.479992"></trkpt>
  <trkpt lat="42.427966" lon="-72.479879"></trkpt>
  <trkpt lat="42.428180" lon="-72.479736"></trkpt>
  <trkpt lat="42.428320" lon="-72.479472"></trkpt>
  <trkpt lat="42.428354" lon="-72.479387"></trkpt>
  <trkpt lat="42.428402" lon="-72.479314"></trkpt>
  <trkpt lat="42.428489" lon="-72.479257"></trkpt>
  <trkpt lat="42.428555" lon="-72.479229"></trkpt>
  <trkpt lat="42.428632" lon="-72.479214"></trkpt>
  <trkpt lat="42.428713" lon="-72.479225"></trkpt>
  <trkpt lat="42.428803" lon="-72.479273"></trkpt>
  <trkpt lat="42.428974" lon="-72.479365"></trkpt>
  <trkpt lat="42.429108" lon="-72.479428"></trkpt>
  <trkpt lat="42.429192" lon="-72.479440"></trkpt>
  <trkpt lat="42.429282" lon="-72.479456"></trkpt>
  <trkpt lat="42.429345" lon="-72.479452"></trkpt>
  <trkpt lat="42.429415" lon="-72.479450"></trkpt>
  <trkpt lat="42.429483" lon="-72.479434"></trkpt>
  <trkpt lat="42.429633" lon="-72.479367"></trkpt>
  <trkpt lat="42.429703" lon="-72.479334"></trkpt>
  <trkpt lat="42.429763" lon="-72.479280"></trkpt>
  <trkpt lat="42.430480" lon="-72.480353"></trkpt>
  <trkpt lat="42.430278" lon="-72.480491"></trkpt>
  <trkpt lat="42.430076" lon="-72.480629"></trkpt>
  <trkpt lat="42.429874" lon="-72.480768"></trkpt>
  <trkpt lat="42.429667" lon="-72.480891"></trkpt>
  <trkpt lat="42.429452" lon="-72.480989"></trkpt>
  <trkpt lat="42.429228" lon="-72.481007"></trkpt>
  <trkpt lat="42.429012" lon="-72.481092"></trkpt>
  <trkpt lat="42.428793" lon="-72.481269"></trkpt>
  <trkpt lat="42.428568" lon="-72.481431"></trkpt>
  <trkpt lat="42.428387" lon="-72.481669"></trkpt>
  <trkpt lat="42.428239" lon="-72.481950"></trkpt>
  <trkpt lat="42.428076" lon="-72.482215"></trkpt>
  <trkpt lat="42.427907" lon="-72.482467"></trkpt>
  <trkpt lat="42.427905" lon="-72.482502"></trkpt>
  <trkpt lat="42.427906" lon="-72.482513"></trkpt>
  <trkpt lat="42.427908" lon="-72.482523"></trkpt>
  <trkpt lat="42.427909" lon="-72.482533"></trkpt>
  <trkpt lat="42.428378" lon="-72.484113"></trkpt>
  <trkpt lat="42.429246" lon="-72.483362"></trkpt>
  <trkpt lat="42.430065" lon="-72.482725"></trkpt>
  <trkpt lat="42.430261" lon="-72.482601"></trkpt>
  <trkpt lat="42.430367" lon="-72.482556"></trkpt>
  <trkpt lat="42.430635" lon="-72.482491"></trkpt>
  <trkpt lat="42.431060" lon="-72.482319"></trkpt>
  <trkpt lat="42.431206" lon="-72.482214"></trkpt>
  <trkpt lat="42.431395" lon="-72.482026"></trkpt>
  <trkpt lat="42.431527" lon="-72.481959"></trkpt>
  <trkpt lat="42.431634" lon="-72.481937"></trkpt>
  <trkpt lat="42.431795" lon="-72.481945"></trkpt>
  <trkpt lat="42.432129" lon="-72.482014"></trkpt>
  <trkpt lat="42.432277" lon="-72.482063"></trkpt>
  <trkpt lat="42.432101" lon="-72.482422"></trkpt>
  <trkpt lat="42.431858" lon="-72.482713"></trkpt>
  <trkpt lat="42.431543" lon="-72.483068"></trkpt>
  <trkpt lat="42.431666" lon="-72.483426"></trkpt>
  <trkpt lat="42.431657" lon="-72.483785"></trkpt>
  <trkpt lat="42.431629" lon="-72.484150"></trkpt>
  <trkpt lat="42.431818" lon="-72.484377"></trkpt>
  <trkpt lat="42.431739" lon="-72.484330"></trkpt>
  <trkpt lat="42.431639" lon="-72.484231"></trkpt>
  <trkpt lat="42.431618" lon="-72.484165"></trkpt>
  <trkpt lat="42.431611" lon="-72.484090"></trkpt>
  <trkpt lat="42.431625" lon="-72.483986"></trkpt>
  <trkpt lat="42.431661" lon="-72.483891"></trkpt>
  <trkpt lat="42.431689" lon="-72.483764"></trkpt>
  <trkpt lat="42.431697" lon="-72.483672"></trkpt>
  <trkpt lat="42.431691" lon="-72.483564"></trkpt>
  <trkpt lat="42.431667" lon="-72.483397"></trkpt>
  <trkpt lat="42.431635" lon="-72.483281"></trkpt>
  <trkpt lat="42.431586" lon="-72.483168"></trkpt>
  <trkpt lat="42.431539" lon="-72.483073"></trkpt>
  <trkpt lat="42.431345" lon="-72.483292"></trkpt>
  <trkpt lat="42.431157" lon="-72.483518"></trkpt>
  <trkpt lat="42.430917" lon="-72.483619"></trkpt>
  <trkpt lat="42.430672" lon="-72.483703"></trkpt>
  <trkpt lat="42.430439" lon="-72.483831"></trkpt>
  <trkpt lat="42.430212" lon="-72.483979"></trkpt>
  <trkpt lat="42.429983" lon="-72.484120"></trkpt>
  <trkpt lat="42.429692" lon="-72.484269"></trkpt>
  <trkpt lat="42.429983" lon="-72.484120"></trkpt>
  <trkpt lat="42.430212" lon="-72.483979"></trkpt>
  <trkpt lat="42.430439" lon="-72.483831"></trkpt>
  <trkpt lat="42.430672" lon="-72.483703"></trkpt>
  <trkpt lat="42.430917" lon="-72.483619"></trkpt>
  <trkpt lat="42.431157" lon="-72.483518"></trkpt>
  <trkpt lat="42.431345" lon="-72.483292"></trkpt>
  <trkpt lat="42.431538" lon="-72.483073"></trkpt>
  <trkpt lat="42.431858" lon="-72.482713"></trkpt>
  <trkpt lat="42.432101" lon="-72.482422"></trkpt>
  <trkpt lat="42.432286" lon="-72.482064"></trkpt>
  <trkpt lat="42.432515" lon="-72.482077"></trkpt>
  <trkpt lat="42.432746" lon="-72.482066"></trkpt>
  <trkpt lat="42.432800" lon="-72.482059"></trkpt>
  <trkpt lat="42.432930" lon="-72.482034"></trkpt>
  <trkpt lat="42.433121" lon="-72.481951"></trkpt>
  <trkpt lat="42.433693" lon="-72.481606"></trkpt>
  <trkpt lat="42.433781" lon="-72.481568"></trkpt>
  <trkpt lat="42.433868" lon="-72.481539"></trkpt>
  <trkpt lat="42.434192" lon="-72.481552"></trkpt>
  <trkpt lat="42.434433" lon="-72.481631"></trkpt>
  <trkpt lat="42.434594" lon="-72.481720"></trkpt>
  <trkpt lat="42.434875" lon="-72.481745"></trkpt>
  <trkpt lat="42.434658" lon="-72.481735"></trkpt>
  <trkpt lat="42.434447" lon="-72.481634"></trkpt>
  <trkpt lat="42.434229" lon="-72.481559"></trkpt>
  <trkpt lat="42.434004" lon="-72.481540"></trkpt>
  <trkpt lat="42.433781" lon="-72.481568"></trkpt>
  <trkpt lat="42.433695" lon="-72.481611"></trkpt>
  <trkpt lat="42.433466" lon="-72.481756"></trkpt>
  <trkpt lat="42.433232" lon="-72.481890"></trkpt>
  <trkpt lat="42.432996" lon="-72.482015"></trkpt>
  <trkpt lat="42.432746" lon="-72.482066"></trkpt>
  <trkpt lat="42.432515" lon="-72.482077"></trkpt>
  <trkpt lat="42.432286" lon="-72.482064"></trkpt>
  <trkpt lat="42.432236" lon="-72.482046"></trkpt>
  <trkpt lat="42.432187" lon="-72.482029"></trkpt>
  <trkpt lat="42.432137" lon="-72.482015"></trkpt>
  <trkpt lat="42.432112" lon="-72.482012"></trkpt>
  <trkpt lat="42.432085" lon="-72.482010"></trkpt>
  <trkpt lat="42.432059" lon="-72.482007"></trkpt>
  <trkpt lat="42.432008" lon="-72.481996"></trkpt>
  <trkpt lat="42.431958" lon="-72.481982"></trkpt>
  <trkpt lat="42.431907" lon="-72.481969"></trkpt>
  <trkpt lat="42.431855" lon="-72.481957"></trkpt>
  <trkpt lat="42.431803" lon="-72.481946"></trkpt>
  <trkpt lat="42.431750" lon="-72.481939"></trkpt>
  <trkpt lat="42.431696" lon="-72.481937"></trkpt>
  <trkpt lat="42.431642" lon="-72.481938"></trkpt>
  <trkpt lat="42.431589" lon="-72.481946"></trkpt>
  <trkpt lat="42.431535" lon="-72.481960"></trkpt>
  <trkpt lat="42.431482" lon="-72.481980"></trkpt>
  <trkpt lat="42.431432" lon="-72.482007"></trkpt>
  <trkpt lat="42.431404" lon="-72.482027"></trkpt>
  <trkpt lat="42.431376" lon="-72.482049"></trkpt>
  <trkpt lat="42.431349" lon="-72.482071"></trkpt>
  <trkpt lat="42.431319" lon="-72.482105"></trkpt>
  <trkpt lat="42.431289" lon="-72.482139"></trkpt>
  <trkpt lat="42.431259" lon="-72.482172"></trkpt>
  <trkpt lat="42.431215" lon="-72.482215"></trkpt>
  <trkpt lat="42.431169" lon="-72.482255"></trkpt>
  <trkpt lat="42.431121" lon="-72.482291"></trkpt>
  <trkpt lat="42.431069" lon="-72.482320"></trkpt>
  <trkpt lat="42.431015" lon="-72.482344"></trkpt>
  <trkpt lat="42.430961" lon="-72.482366"></trkpt>
  <trkpt lat="42.430905" lon="-72.482387"></trkpt>
  <trkpt lat="42.430849" lon="-72.482406"></trkpt>
  <trkpt lat="42.430793" lon="-72.482427"></trkpt>
  <trkpt lat="42.430743" lon="-72.482449"></trkpt>
  <trkpt lat="42.430694" lon="-72.482472"></trkpt>
  <trkpt lat="42.430643" lon="-72.482492"></trkpt>
  <trkpt lat="42.430599" lon="-72.482505"></trkpt>
  <trkpt lat="42.430555" lon="-72.482516"></trkpt>
  <trkpt lat="42.430511" lon="-72.482527"></trkpt>
  <trkpt lat="42.430466" lon="-72.482536"></trkpt>
  <trkpt lat="42.430421" lon="-72.482545"></trkpt>
  <trkpt lat="42.430376" lon="-72.482557"></trkpt>
  <trkpt lat="42.430322" lon="-72.482577"></trkpt>
  <trkpt lat="42.430269" lon="-72.482602"></trkpt>
  <trkpt lat="42.430217" lon="-72.482630"></trkpt>
  <trkpt lat="42.430168" lon="-72.482660"></trkpt>
  <trkpt lat="42.430121" lon="-72.482692"></trkpt>
  <trkpt lat="42.430074" lon="-72.482726"></trkpt>
  <trkpt lat="42.430025" lon="-72.482764"></trkpt>
  <trkpt lat="42.429978" lon="-72.482804"></trkpt>
  <trkpt lat="42.429931" lon="-72.482844"></trkpt>
  <trkpt lat="42.429255" lon="-72.483363"></trkpt>
  <trkpt lat="42.428378" lon="-72.484113"></trkpt>
  <trkpt lat="42.428362" lon="-72.484126"></trkpt>
  <trkpt lat="42.427795" lon="-72.484598"></trkpt>
  <trkpt lat="42.427528" lon="-72.484820"></trkpt>
  <trkpt lat="42.427253" lon="-72.485023"></trkpt>
  <trkpt lat="42.427010" lon="-72.485196"></trkpt>
  <trkpt lat="42.426767" lon="-72.485370"></trkpt>
  <trkpt lat="42.426527" lon="-72.485549"></trkpt>
  <trkpt lat="42.426325" lon="-72.485801"></trkpt>
  <trkpt lat="42.426306" lon="-72.485830"></trkpt>
  <trkpt lat="42.426287" lon="-72.485861"></trkpt>
  <trkpt lat="42.426264" lon="-72.485898"></trkpt>
  <trkpt lat="42.426223" lon="-72.485969"></trkpt>
  <trkpt lat="42.426186" lon="-72.486042"></trkpt>
  <trkpt lat="42.426148" lon="-72.486124"></trkpt>
  <trkpt lat="42.426113" lon="-72.486209"></trkpt>
  <trkpt lat="42.426079" lon="-72.486294"></trkpt>
  <trkpt lat="42.426052" lon="-72.486361"></trkpt>
  <trkpt lat="42.426026" lon="-72.486429"></trkpt>
  <trkpt lat="42.426001" lon="-72.486496"></trkpt>
  <trkpt lat="42.425764" lon="-72.487592"></trkpt>
  <trkpt lat="42.425750" lon="-72.487660"></trkpt>
  <trkpt lat="42.425736" lon="-72.487729"></trkpt>
  <trkpt lat="42.425719" lon="-72.487796"></trkpt>
  <trkpt lat="42.425701" lon="-72.487851"></trkpt>
  <trkpt lat="42.425658" lon="-72.487968"></trkpt>
  <trkpt lat="42.425583" lon="-72.488132"></trkpt>
  <trkpt lat="42.425561" lon="-72.488182"></trkpt>
  <trkpt lat="42.425538" lon="-72.488232"></trkpt>
  <trkpt lat="42.425515" lon="-72.488281"></trkpt>
  <trkpt lat="42.425134" lon="-72.488879"></trkpt>
  <trkpt lat="42.424864" lon="-72.488570"></trkpt>
  <trkpt lat="42.424806" lon="-72.488504"></trkpt>
  <trkpt lat="42.424522" lon="-72.488227"></trkpt>
  <trkpt lat="42.424437" lon="-72.488149"></trkpt>
  <trkpt lat="42.424195" lon="-72.487915"></trkpt>
  <trkpt lat="42.423739" lon="-72.487516"></trkpt>
  <trkpt lat="42.423554" lon="-72.487348"></trkpt>
  <trkpt lat="42.423361" lon="-72.487178"></trkpt>
  <trkpt lat="42.423168" lon="-72.487007"></trkpt>
  <trkpt lat="42.422975" lon="-72.486837"></trkpt>
  <trkpt lat="42.422782" lon="-72.486666"></trkpt>
  <trkpt lat="42.422589" lon="-72.486495"></trkpt>
  <trkpt lat="42.422396" lon="-72.486325"></trkpt>
  <trkpt lat="42.422200" lon="-72.486160"></trkpt>
  <trkpt lat="42.422011" lon="-72.485985"></trkpt>
  <trkpt lat="42.421827" lon="-72.485800"></trkpt>
  <trkpt lat="42.421641" lon="-72.485621"></trkpt>
  <trkpt lat="42.421463" lon="-72.485427"></trkpt>
  <trkpt lat="42.421291" lon="-72.485222"></trkpt>
  <trkpt lat="42.421110" lon="-72.485032"></trkpt>
  <trkpt lat="42.420947" lon="-72.484815"></trkpt>
  <trkpt lat="42.420800" lon="-72.484579"></trkpt>
  <trkpt lat="42.420652" lon="-72.484342"></trkpt>
  <trkpt lat="42.420509" lon="-72.484101"></trkpt>
  <trkpt lat="42.420368" lon="-72.483857"></trkpt>
  <trkpt lat="42.420226" lon="-72.483614"></trkpt>
  <trkpt lat="42.420085" lon="-72.483370"></trkpt>
  <trkpt lat="42.419932" lon="-72.483105"></trkpt>
  <trkpt lat="42.419782" lon="-72.482858"></trkpt>
  <trkpt lat="42.419629" lon="-72.482614"></trkpt>
  <trkpt lat="42.419530" lon="-72.482325"></trkpt>
  <trkpt lat="42.419499" lon="-72.482008"></trkpt>
  <trkpt lat="42.419513" lon="-72.481690"></trkpt>
  <trkpt lat="42.419556" lon="-72.481375"></trkpt>
  <trkpt lat="42.419607" lon="-72.481079"></trkpt>
  <trkpt lat="42.419658" lon="-72.480783"></trkpt>
  <trkpt lat="42.419709" lon="-72.480486"></trkpt>
  <trkpt lat="42.419741" lon="-72.480186"></trkpt>
  <trkpt lat="42.419746" lon="-72.479883"></trkpt>
  <trkpt lat="42.419720" lon="-72.479581"></trkpt>
  <trkpt lat="42.419678" lon="-72.479282"></trkpt>
  <trkpt lat="42.419613" lon="-72.478991"></trkpt>
  <trkpt lat="42.419534" lon="-72.478706"></trkpt>
  <trkpt lat="42.419434" lon="-72.478434"></trkpt>
  <trkpt lat="42.419332" lon="-72.478162"></trkpt>
  <trkpt lat="42.419221" lon="-72.477898"></trkpt>
  <trkpt lat="42.419100" lon="-72.477641"></trkpt>
  <trkpt lat="42.418979" lon="-72.477384"></trkpt>
  <trkpt lat="42.418828" lon="-72.477063"></trkpt>
  <trkpt lat="42.418690" lon="-72.476768"></trkpt>
  <trkpt lat="42.418651" lon="-72.476693"></trkpt>
  <trkpt lat="42.418605" lon="-72.476617"></trkpt>
  <trkpt lat="42.418556" lon="-72.476543"></trkpt>
  <trkpt lat="42.418505" lon="-72.476471"></trkpt>
  <trkpt lat="42.418459" lon="-72.476405"></trkpt>
  <trkpt lat="42.418412" lon="-72.476340"></trkpt>
  <trkpt lat="42.418362" lon="-72.476280"></trkpt>
  <trkpt lat="42.418310" lon="-72.476225"></trkpt>
  <trkpt lat="42.418255" lon="-72.476174"></trkpt>
  <trkpt lat="42.418199" lon="-72.476129"></trkpt>
  <trkpt lat="42.418138" lon="-72.476087"></trkpt>
  <trkpt lat="42.418111" lon="-72.476070"></trkpt>
  <trkpt lat="42.418004" lon="-72.475746"></trkpt>
  <trkpt lat="42.417316" lon="-72.474476"></trkpt>
  <trkpt lat="42.417241" lon="-72.473799"></trkpt>
  <trkpt lat="42.417322" lon="-72.473486"></trkpt>
  <trkpt lat="42.417356" lon="-72.473137"></trkpt>
  <trkpt lat="42.417338" lon="-72.472786"></trkpt>
  <trkpt lat="42.417321" lon="-72.472435"></trkpt>
  <trkpt lat="42.417333" lon="-72.472085"></trkpt>
  <trkpt lat="42.417421" lon="-72.471787"></trkpt>
  <trkpt lat="42.417511" lon="-72.471490"></trkpt>
  <trkpt lat="42.417614" lon="-72.471201"></trkpt>
  <trkpt lat="42.417726" lon="-72.470917"></trkpt>
  <trkpt lat="42.417888" lon="-72.470685"></trkpt>
  <trkpt lat="42.418091" lon="-72.470519"></trkpt>
  <trkpt lat="42.418312" lon="-72.470401"></trkpt>
  <trkpt lat="42.418539" lon="-72.470303"></trkpt>
  <trkpt lat="42.418766" lon="-72.470205"></trkpt>
  <trkpt lat="42.418992" lon="-72.470105"></trkpt>
  <trkpt lat="42.419223" lon="-72.470031"></trkpt>
  <trkpt lat="42.419459" lon="-72.469991"></trkpt>
  <trkpt lat="42.419680" lon="-72.469872"></trkpt>
  <trkpt lat="42.419896" lon="-72.469737"></trkpt>
  <trkpt lat="42.420088" lon="-72.469548"></trkpt>
  <trkpt lat="42.420281" lon="-72.469359"></trkpt>
  <trkpt lat="42.420264" lon="-72.469046"></trkpt>
  <trkpt lat="42.420262" lon="-72.468732"></trkpt>
  <trkpt lat="42.420271" lon="-72.468419"></trkpt>
  <trkpt lat="42.420264" lon="-72.468112"></trkpt>
  <trkpt lat="42.420209" lon="-72.467814"></trkpt>
  <trkpt lat="42.420137" lon="-72.467521"></trkpt>
  <trkpt lat="42.420059" lon="-72.467231"></trkpt>
  <trkpt lat="42.419980" lon="-72.466941"></trkpt>
  <trkpt lat="42.419901" lon="-72.466652"></trkpt>
  <trkpt lat="42.419828" lon="-72.466360"></trkpt>
  <trkpt lat="42.419769" lon="-72.466062"></trkpt>
  <trkpt lat="42.419748" lon="-72.465755"></trkpt>
  <trkpt lat="42.419755" lon="-72.465447"></trkpt>
  <trkpt lat="42.419781" lon="-72.465141"></trkpt>
  <trkpt lat="42.419750" lon="-72.464838"></trkpt>
  <trkpt lat="42.419641" lon="-72.464567"></trkpt>
  <trkpt lat="42.419488" lon="-72.464339"></trkpt>
  <trkpt lat="42.419339" lon="-72.464106"></trkpt>
  <trkpt lat="42.419240" lon="-72.463828"></trkpt>
  <trkpt lat="42.419108" lon="-72.463582"></trkpt>
  <trkpt lat="42.418966" lon="-72.463343"></trkpt>
  <trkpt lat="42.418793" lon="-72.463149"></trkpt>
  <trkpt lat="42.418585" lon="-72.463020"></trkpt>
  <trkpt lat="42.418384" lon="-72.462876"></trkpt>
  <trkpt lat="42.418323" lon="-72.462594"></trkpt>
  <trkpt lat="42.418352" lon="-72.462289"></trkpt>
  <trkpt lat="42.418432" lon="-72.462001"></trkpt>
  <trkpt lat="42.418510" lon="-72.461711"></trkpt>
  <trkpt lat="42.418549" lon="-72.461408"></trkpt>
  <trkpt lat="42.418591" lon="-72.461105"></trkpt>
  <trkpt lat="42.418637" lon="-72.460803"></trkpt>
  <trkpt lat="42.418684" lon="-72.460501"></trkpt>
  <trkpt lat="42.418757" lon="-72.460209"></trkpt>
  <trkpt lat="42.418860" lon="-72.459934"></trkpt>
  <trkpt lat="42.419017" lon="-72.459479"></trkpt>
  <trkpt lat="42.419119" lon="-72.459201"></trkpt>
  <trkpt lat="42.419239" lon="-72.458936"></trkpt>
  <trkpt lat="42.419371" lon="-72.458681"></trkpt>
  <trkpt lat="42.419472" lon="-72.458403"></trkpt>
  <trkpt lat="42.419563" lon="-72.458118"></trkpt>
  <trkpt lat="42.419688" lon="-72.457857"></trkpt>
  <trkpt lat="42.419842" lon="-72.457626"></trkpt>
  <trkpt lat="42.420008" lon="-72.457412"></trkpt>
  <trkpt lat="42.420204" lon="-72.457250"></trkpt>
  <trkpt lat="42.420404" lon="-72.457097"></trkpt>
  <trkpt lat="42.420581" lon="-72.456898"></trkpt>
  <trkpt lat="42.420745" lon="-72.456680"></trkpt>
  <trkpt lat="42.420915" lon="-72.456471"></trkpt>
  <trkpt lat="42.421106" lon="-72.456299"></trkpt>
  <trkpt lat="42.421322" lon="-72.456194"></trkpt>
  <trkpt lat="42.421524" lon="-72.456051"></trkpt>
  <trkpt lat="42.421670" lon="-72.455813"></trkpt>
  <trkpt lat="42.421780" lon="-72.455539"></trkpt>
  <trkpt lat="42.421899" lon="-72.455274"></trkpt>
  <trkpt lat="42.422066" lon="-72.455061"></trkpt>
  <trkpt lat="42.422225" lon="-72.454836"></trkpt>
  <trkpt lat="42.422379" lon="-72.454605"></trkpt>
  <trkpt lat="42.422469" lon="-72.454323"></trkpt>
  <trkpt lat="42.422488" lon="-72.454014"></trkpt>
  <trkpt lat="42.422514" lon="-72.453705"></trkpt>
  <trkpt lat="42.422546" lon="-72.453397"></trkpt>
  <trkpt lat="42.422583" lon="-72.453091"></trkpt>
  <trkpt lat="42.422635" lon="-72.452788"></trkpt>
  <trkpt lat="42.422680" lon="-72.452484"></trkpt>
  <trkpt lat="42.422724" lon="-72.452179"></trkpt>
  <trkpt lat="42.422725" lon="-72.451869"></trkpt>
  <trkpt lat="42.422684" lon="-72.451563"></trkpt>
  <trkpt lat="42.422634" lon="-72.451260"></trkpt>
  <trkpt lat="42.422575" lon="-72.450960"></trkpt>
  <trkpt lat="42.422501" lon="-72.450669"></trkpt>
  <trkpt lat="42.422422" lon="-72.450381"></trkpt>
  <trkpt lat="42.422374" lon="-72.450083"></trkpt>
  <trkpt lat="42.422345" lon="-72.449778"></trkpt>
  <trkpt lat="42.422332" lon="-72.449472"></trkpt>
  <trkpt lat="42.422327" lon="-72.449165"></trkpt>
  <trkpt lat="42.422332" lon="-72.448858"></trkpt>
  <trkpt lat="42.422342" lon="-72.448551"></trkpt>
  <trkpt lat="42.422348" lon="-72.448244"></trkpt>
  <trkpt lat="42.422362" lon="-72.447938"></trkpt>
  <trkpt lat="42.422411" lon="-72.447638"></trkpt>
  <trkpt lat="42.422471" lon="-72.447342"></trkpt>
  <trkpt lat="42.422533" lon="-72.447040"></trkpt>
  <trkpt lat="42.422579" lon="-72.446733"></trkpt>
  <trkpt lat="42.422621" lon="-72.446425"></trkpt>
  <trkpt lat="42.422671" lon="-72.446118"></trkpt>
  <trkpt lat="42.422696" lon="-72.445807"></trkpt>
  <trkpt lat="42.422722" lon="-72.445496"></trkpt>
  <trkpt lat="42.422743" lon="-72.445183"></trkpt>
  <trkpt lat="42.422752" lon="-72.444870"></trkpt>
  <trkpt lat="42.422746" lon="-72.444557"></trkpt>
  <trkpt lat="42.422738" lon="-72.444244"></trkpt>
  <trkpt lat="42.422752" lon="-72.443932"></trkpt>
  <trkpt lat="42.422818" lon="-72.443632"></trkpt>
  <trkpt lat="42.422895" lon="-72.443336"></trkpt>
  <trkpt lat="42.422988" lon="-72.443049"></trkpt>
  <trkpt lat="42.423076" lon="-72.442759"></trkpt>
  <trkpt lat="42.423157" lon="-72.442466"></trkpt>
  <trkpt lat="42.423202" lon="-72.442159"></trkpt>
  <trkpt lat="42.423219" lon="-72.441846"></trkpt>
  <trkpt lat="42.423198" lon="-72.441849"></trkpt>
  <trkpt lat="42.423190" lon="-72.441849"></trkpt>
  <trkpt lat="42.423145" lon="-72.441852"></trkpt>
  <trkpt lat="42.423100" lon="-72.441853"></trkpt>
  <trkpt lat="42.423054" lon="-72.441855"></trkpt>
  <trkpt lat="42.423009" lon="-72.441857"></trkpt>
  <trkpt lat="42.422964" lon="-72.441860"></trkpt>
  <trkpt lat="42.422919" lon="-72.441863"></trkpt>
  <trkpt lat="42.422875" lon="-72.441866"></trkpt>
  <trkpt lat="42.422830" lon="-72.441871"></trkpt>
  <trkpt lat="42.422785" lon="-72.441877"></trkpt>
  <trkpt lat="42.422741" lon="-72.441887"></trkpt>
  <trkpt lat="42.422697" lon="-72.441900"></trkpt>
  <trkpt lat="42.422653" lon="-72.441913"></trkpt>
  <trkpt lat="42.422609" lon="-72.441926"></trkpt>
  <trkpt lat="42.422565" lon="-72.441940"></trkpt>
  <trkpt lat="42.422521" lon="-72.441955"></trkpt>
  <trkpt lat="42.422478" lon="-72.441972"></trkpt>
  <trkpt lat="42.422436" lon="-72.441991"></trkpt>
  <trkpt lat="42.422393" lon="-72.442009"></trkpt>
  <trkpt lat="42.422372" lon="-72.442017"></trkpt>
  <trkpt lat="42.422327" lon="-72.442031"></trkpt>
  <trkpt lat="42.422290" lon="-72.442045"></trkpt>
  <trkpt lat="42.422254" lon="-72.442060"></trkpt>
  <trkpt lat="42.422211" lon="-72.442077"></trkpt>
  <trkpt lat="42.422168" lon="-72.442093"></trkpt>
  <trkpt lat="42.422125" lon="-72.442110"></trkpt>
  <trkpt lat="42.422081" lon="-72.442128"></trkpt>
  <trkpt lat="42.422038" lon="-72.442145"></trkpt>
  <trkpt lat="42.421995" lon="-72.442163"></trkpt>
  <trkpt lat="42.421952" lon="-72.442180"></trkpt>
  <trkpt lat="42.421909" lon="-72.442198"></trkpt>
  <trkpt lat="42.421866" lon="-72.442215"></trkpt>
  <trkpt lat="42.421823" lon="-72.442231"></trkpt>
  <trkpt lat="42.421779" lon="-72.442247"></trkpt>
  <trkpt lat="42.421735" lon="-72.442263"></trkpt>
  <trkpt lat="42.421692" lon="-72.442277"></trkpt>
  <trkpt lat="42.421648" lon="-72.442292"></trkpt>
  <trkpt lat="42.421604" lon="-72.442306"></trkpt>
  <trkpt lat="42.421561" lon="-72.442320"></trkpt>
  <trkpt lat="42.421517" lon="-72.442335"></trkpt>
  <trkpt lat="42.421474" lon="-72.442349"></trkpt>
  <trkpt lat="42.421415" lon="-72.442369"></trkpt>
  <trkpt lat="42.421386" lon="-72.442379"></trkpt>
  <trkpt lat="42.421342" lon="-72.442393"></trkpt>
  <trkpt lat="42.421299" lon="-72.442408"></trkpt>
  <trkpt lat="42.421255" lon="-72.442422"></trkpt>
  <trkpt lat="42.421211" lon="-72.442437"></trkpt>
  <trkpt lat="42.421167" lon="-72.442450"></trkpt>
  <trkpt lat="42.421123" lon="-72.442462"></trkpt>
  <trkpt lat="42.421079" lon="-72.442475"></trkpt>
  <trkpt lat="42.421035" lon="-72.442488"></trkpt>
  <trkpt lat="42.420991" lon="-72.442501"></trkpt>
  <trkpt lat="42.420947" lon="-72.442514"></trkpt>
  <trkpt lat="42.420903" lon="-72.442526"></trkpt>
  <trkpt lat="42.420859" lon="-72.442537"></trkpt>
  <trkpt lat="42.420815" lon="-72.442548"></trkpt>
  <trkpt lat="42.420770" lon="-72.442560"></trkpt>
  <trkpt lat="42.420726" lon="-72.442572"></trkpt>
  <trkpt lat="42.420682" lon="-72.442583"></trkpt>
  <trkpt lat="42.420638" lon="-72.442595"></trkpt>
  <trkpt lat="42.420594" lon="-72.442606"></trkpt>
  <trkpt lat="42.420549" lon="-72.442617"></trkpt>
  <trkpt lat="42.420505" lon="-72.442629"></trkpt>
  <trkpt lat="42.420461" lon="-72.442640"></trkpt>
  <trkpt lat="42.420417" lon="-72.442651"></trkpt>
  <trkpt lat="42.420373" lon="-72.442663"></trkpt>
  <trkpt lat="42.420328" lon="-72.442674"></trkpt>
  <trkpt lat="42.420284" lon="-72.442685"></trkpt>
  <trkpt lat="42.420240" lon="-72.442697"></trkpt>
  <trkpt lat="42.420196" lon="-72.442709"></trkpt>
  <trkpt lat="42.420152" lon="-72.442721"></trkpt>
  <trkpt lat="42.420108" lon="-72.442734"></trkpt>
  <trkpt lat="42.420064" lon="-72.442747"></trkpt>
  <trkpt lat="42.420020" lon="-72.442761"></trkpt>
  <trkpt lat="42.419976" lon="-72.442774"></trkpt>
  <trkpt lat="42.419932" lon="-72.442786"></trkpt>
  <trkpt lat="42.419888" lon="-72.442799"></trkpt>
  <trkpt lat="42.419844" lon="-72.442811"></trkpt>
  <trkpt lat="42.419800" lon="-72.442824"></trkpt>
  <trkpt lat="42.419756" lon="-72.442836"></trkpt>
  <trkpt lat="42.419711" lon="-72.442846"></trkpt>
  <trkpt lat="42.419667" lon="-72.442855"></trkpt>
  <trkpt lat="42.419622" lon="-72.442865"></trkpt>
  <trkpt lat="42.419577" lon="-72.442874"></trkpt>
  <trkpt lat="42.419533" lon="-72.442883"></trkpt>
  <trkpt lat="42.419488" lon="-72.442891"></trkpt>
  <trkpt lat="42.419444" lon="-72.442900"></trkpt>
  <trkpt lat="42.419399" lon="-72.442908"></trkpt>
  <trkpt lat="42.419355" lon="-72.442917"></trkpt>
  <trkpt lat="42.419310" lon="-72.442925"></trkpt>
  <trkpt lat="42.419266" lon="-72.442934"></trkpt>
  <trkpt lat="42.419221" lon="-72.442942"></trkpt>
  <trkpt lat="42.419176" lon="-72.442949"></trkpt>
  <trkpt lat="42.419132" lon="-72.442955"></trkpt>
  <trkpt lat="42.419087" lon="-72.442961"></trkpt>
  <trkpt lat="42.419042" lon="-72.442967"></trkpt>
  <trkpt lat="42.418997" lon="-72.442973"></trkpt>
  <trkpt lat="42.418953" lon="-72.442978"></trkpt>
  <trkpt lat="42.418908" lon="-72.442982"></trkpt>
  <trkpt lat="42.418862" lon="-72.442984"></trkpt>
  <trkpt lat="42.418817" lon="-72.442985"></trkpt>
  <trkpt lat="42.418772" lon="-72.442987"></trkpt>
  <trkpt lat="42.418727" lon="-72.442988"></trkpt>
  <trkpt lat="42.418682" lon="-72.442990"></trkpt>
  <trkpt lat="42.418637" lon="-72.442990"></trkpt>
  <trkpt lat="42.418592" lon="-72.442991"></trkpt>
  <trkpt lat="42.418547" lon="-72.442992"></trkpt>
  <trkpt lat="42.418502" lon="-72.442994"></trkpt>
  <trkpt lat="42.418457" lon="-72.442995"></trkpt>
  <trkpt lat="42.418412" lon="-72.442997"></trkpt>
  <trkpt lat="42.418368" lon="-72.442998"></trkpt>
  <trkpt lat="42.418323" lon="-72.442999"></trkpt>
  <trkpt lat="42.418278" lon="-72.442999"></trkpt>
  <trkpt lat="42.418233" lon="-72.442999"></trkpt>
  <trkpt lat="42.418188" lon="-72.442998"></trkpt>
  <trkpt lat="42.418143" lon="-72.442998"></trkpt>
  <trkpt lat="42.418098" lon="-72.442998"></trkpt>
  <trkpt lat="42.418053" lon="-72.442998"></trkpt>
  <trkpt lat="42.418008" lon="-72.442997"></trkpt>
  <trkpt lat="42.417963" lon="-72.442997"></trkpt>
  <trkpt lat="42.417918" lon="-72.442997"></trkpt>
  <trkpt lat="42.417873" lon="-72.442997"></trkpt>
  <trkpt lat="42.417828" lon="-72.442997"></trkpt>
  <trkpt lat="42.417783" lon="-72.442996"></trkpt>
  <trkpt lat="42.417738" lon="-72.442997"></trkpt>
  <trkpt lat="42.417692" lon="-72.442999"></trkpt>
  <trkpt lat="42.417647" lon="-72.443003"></trkpt>
  <trkpt lat="42.417602" lon="-72.443006"></trkpt>
  <trkpt lat="42.417363" lon="-72.443021"></trkpt>
  <trkpt lat="42.417123" lon="-72.443026"></trkpt>
  <trkpt lat="42.416883" lon="-72.443027"></trkpt>
  <trkpt lat="42.416594" lon="-72.443062"></trkpt>
  <trkpt lat="42.416307" lon="-72.443117"></trkpt>
  <trkpt lat="42.416022" lon="-72.443189"></trkpt>
  <trkpt lat="42.415958" lon="-72.443204"></trkpt>
  <trkpt lat="42.415719" lon="-72.443268"></trkpt>
  <trkpt lat="42.415481" lon="-72.443332"></trkpt>
  <trkpt lat="42.415239" lon="-72.443373"></trkpt>
  <trkpt lat="42.415194" lon="-72.443375"></trkpt>
  <trkpt lat="42.415149" lon="-72.443376"></trkpt>
  <trkpt lat="42.415104" lon="-72.443376"></trkpt>
  <trkpt lat="42.415059" lon="-72.443374"></trkpt>
  <trkpt lat="42.415014" lon="-72.443373"></trkpt>
  <trkpt lat="42.414969" lon="-72.443370"></trkpt>
  <trkpt lat="42.414924" lon="-72.443367"></trkpt>
  <trkpt lat="42.414879" lon="-72.443363"></trkpt>
  <trkpt lat="42.414834" lon="-72.443358"></trkpt>
  <trkpt lat="42.414789" lon="-72.443352"></trkpt>
  <trkpt lat="42.414745" lon="-72.443346"></trkpt>
  <trkpt lat="42.414700" lon="-72.443340"></trkpt>
  <trkpt lat="42.414655" lon="-72.443333"></trkpt>
  <trkpt lat="42.414611" lon="-72.443327"></trkpt>
  <trkpt lat="42.414566" lon="-72.443320"></trkpt>
  <trkpt lat="42.414521" lon="-72.443313"></trkpt>
  <trkpt lat="42.414476" lon="-72.443307"></trkpt>
  <trkpt lat="42.414431" lon="-72.443301"></trkpt>
  <trkpt lat="42.414386" lon="-72.443295"></trkpt>
  <trkpt lat="42.414342" lon="-72.443286"></trkpt>
  <trkpt lat="42.414298" lon="-72.443275"></trkpt>
  <trkpt lat="42.414254" lon="-72.443264"></trkpt>
  <trkpt lat="42.414210" lon="-72.443251"></trkpt>
  <trkpt lat="42.414166" lon="-72.443237"></trkpt>
  <trkpt lat="42.414123" lon="-72.443223"></trkpt>
  <trkpt lat="42.414079" lon="-72.443207"></trkpt>
  <trkpt lat="42.414056" lon="-72.443198"></trkpt>
  <trkpt lat="42.413861" lon="-72.443132"></trkpt>
  <trkpt lat="42.413786" lon="-72.443108"></trkpt>
  <trkpt lat="42.413533" lon="-72.443030"></trkpt>
  <trkpt lat="42.413279" lon="-72.442960"></trkpt>
  <trkpt lat="42.413020" lon="-72.442937"></trkpt>
  <trkpt lat="42.412760" lon="-72.442938"></trkpt>
  <trkpt lat="42.412501" lon="-72.442968"></trkpt>
  <trkpt lat="42.412760" lon="-72.442938"></trkpt>
  <trkpt lat="42.413020" lon="-72.442937"></trkpt>
  <trkpt lat="42.413279" lon="-72.442960"></trkpt>
  <trkpt lat="42.413533" lon="-72.443030"></trkpt>
  <trkpt lat="42.413786" lon="-72.443108"></trkpt>
  <trkpt lat="42.413861" lon="-72.443132"></trkpt>
  <trkpt lat="42.414056" lon="-72.443196"></trkpt>
  <trkpt lat="42.414288" lon="-72.443272"></trkpt>
  <trkpt lat="42.414525" lon="-72.443313"></trkpt>
  <trkpt lat="42.414762" lon="-72.443348"></trkpt>
  <trkpt lat="42.415001" lon="-72.443373"></trkpt>
  <trkpt lat="42.415239" lon="-72.443373"></trkpt>
  <trkpt lat="42.415481" lon="-72.443332"></trkpt>
  <trkpt lat="42.415719" lon="-72.443268"></trkpt>
  <trkpt lat="42.415958" lon="-72.443204"></trkpt>
  <trkpt lat="42.416022" lon="-72.443189"></trkpt>
  <trkpt lat="42.416307" lon="-72.443117"></trkpt>
  <trkpt lat="42.416594" lon="-72.443062"></trkpt>
  <trkpt lat="42.416883" lon="-72.443027"></trkpt>
  <trkpt lat="42.417123" lon="-72.443026"></trkpt>
  <trkpt lat="42.417363" lon="-72.443021"></trkpt>
  <trkpt lat="42.417602" lon="-72.443008"></trkpt>
  <trkpt lat="42.417833" lon="-72.442998"></trkpt>
  <trkpt lat="42.418064" lon="-72.442999"></trkpt>
  <trkpt lat="42.418295" lon="-72.443000"></trkpt>
  <trkpt lat="42.418525" lon="-72.442994"></trkpt>
  <trkpt lat="42.418756" lon="-72.442989"></trkpt>
  <trkpt lat="42.418987" lon="-72.442976"></trkpt>
  <trkpt lat="42.419217" lon="-72.442945"></trkpt>
  <trkpt lat="42.419445" lon="-72.442902"></trkpt>
  <trkpt lat="42.419674" lon="-72.442857"></trkpt>
  <trkpt lat="42.419900" lon="-72.442799"></trkpt>
  <trkpt lat="42.420126" lon="-72.442732"></trkpt>
  <trkpt lat="42.420352" lon="-72.442671"></trkpt>
  <trkpt lat="42.420579" lon="-72.442613"></trkpt>
  <trkpt lat="42.420806" lon="-72.442554"></trkpt>
  <trkpt lat="42.421032" lon="-72.442493"></trkpt>
  <trkpt lat="42.421258" lon="-72.442425"></trkpt>
  <trkpt lat="42.421482" lon="-72.442351"></trkpt>
  <trkpt lat="42.421705" lon="-72.442272"></trkpt>
  <trkpt lat="42.421927" lon="-72.442187"></trkpt>
  <trkpt lat="42.422150" lon="-72.442102"></trkpt>
  <trkpt lat="42.422372" lon="-72.442017"></trkpt>
  <trkpt lat="42.422377" lon="-72.441705"></trkpt>
  <trkpt lat="42.422394" lon="-72.441393"></trkpt>
  <trkpt lat="42.422404" lon="-72.441081"></trkpt>
  <trkpt lat="42.422425" lon="-72.440769"></trkpt>
  <trkpt lat="42.422450" lon="-72.440458"></trkpt>
  <trkpt lat="42.422498" lon="-72.440152"></trkpt>
  <trkpt lat="42.422556" lon="-72.439850"></trkpt>
  <trkpt lat="42.422616" lon="-72.439548"></trkpt>
  <trkpt lat="42.422673" lon="-72.439244"></trkpt>
  <trkpt lat="42.422703" lon="-72.438935"></trkpt>
  <trkpt lat="42.422717" lon="-72.438623"></trkpt>
  <trkpt lat="42.422689" lon="-72.438313"></trkpt>
  <trkpt lat="42.422586" lon="-72.438034"></trkpt>
  <trkpt lat="42.422441" lon="-72.437782"></trkpt>
  <trkpt lat="42.422275" lon="-72.437556"></trkpt>
  <trkpt lat="42.422121" lon="-72.437313"></trkpt>
  <trkpt lat="42.421954" lon="-72.437087"></trkpt>
  <trkpt lat="42.421783" lon="-72.436866"></trkpt>
  <trkpt lat="42.421630" lon="-72.436624"></trkpt>
  <trkpt lat="42.421474" lon="-72.436384"></trkpt>
  <trkpt lat="42.421319" lon="-72.436142"></trkpt>
  <trkpt lat="42.421155" lon="-72.435912"></trkpt>
  <trkpt lat="42.421017" lon="-72.435653"></trkpt>
  <trkpt lat="42.420985" lon="-72.435593"></trkpt>
  <trkpt lat="42.420959" lon="-72.435544"></trkpt>
  <trkpt lat="42.420933" lon="-72.435495"></trkpt>
  <trkpt lat="42.420906" lon="-72.435446"></trkpt>
  <trkpt lat="42.420879" lon="-72.435397"></trkpt>
  <trkpt lat="42.420853" lon="-72.435348"></trkpt>
  <trkpt lat="42.420829" lon="-72.435296"></trkpt>
  <trkpt lat="42.420806" lon="-72.435244"></trkpt>
  <trkpt lat="42.420784" lon="-72.435191"></trkpt>
  <trkpt lat="42.420763" lon="-72.435138"></trkpt>
  <trkpt lat="42.420741" lon="-72.435084"></trkpt>
  <trkpt lat="42.420735" lon="-72.435068"></trkpt>
  <trkpt lat="42.420721" lon="-72.435030"></trkpt>
  <trkpt lat="42.420702" lon="-72.434975"></trkpt>
  <trkpt lat="42.420684" lon="-72.434919"></trkpt>
  <trkpt lat="42.420665" lon="-72.434864"></trkpt>
  <trkpt lat="42.420645" lon="-72.434810"></trkpt>
  <trkpt lat="42.420625" lon="-72.434755"></trkpt>
  <trkpt lat="42.420606" lon="-72.434700"></trkpt>
  <trkpt lat="42.420590" lon="-72.434644"></trkpt>
  <trkpt lat="42.420574" lon="-72.434587"></trkpt>
  <trkpt lat="42.420560" lon="-72.434530"></trkpt>
  <trkpt lat="42.420546" lon="-72.434472"></trkpt>
  <trkpt lat="42.420534" lon="-72.434413"></trkpt>
  <trkpt lat="42.420521" lon="-72.434355"></trkpt>
  <trkpt lat="42.420507" lon="-72.434297"></trkpt>
  <trkpt lat="42.420494" lon="-72.434239"></trkpt>
  <trkpt lat="42.420481" lon="-72.434181"></trkpt>
  <trkpt lat="42.420469" lon="-72.434123"></trkpt>
  <trkpt lat="42.420458" lon="-72.434064"></trkpt>
  <trkpt lat="42.420446" lon="-72.434005"></trkpt>
  <trkpt lat="42.420436" lon="-72.433946"></trkpt>
  <trkpt lat="42.420425" lon="-72.433887"></trkpt>
  <trkpt lat="42.420414" lon="-72.433828"></trkpt>
  <trkpt lat="42.420402" lon="-72.433770"></trkpt>
  <trkpt lat="42.420389" lon="-72.433712"></trkpt>
  <trkpt lat="42.420376" lon="-72.433654"></trkpt>
  <trkpt lat="42.420365" lon="-72.433595"></trkpt>
  <trkpt lat="42.420354" lon="-72.433536"></trkpt>
  <trkpt lat="42.420342" lon="-72.433477"></trkpt>
  <trkpt lat="42.420329" lon="-72.433422"></trkpt>
  <trkpt lat="42.420315" lon="-72.433368"></trkpt>
  <trkpt lat="42.420300" lon="-72.433313"></trkpt>
  <trkpt lat="42.420290" lon="-72.433276"></trkpt>
  <trkpt lat="42.420279" lon="-72.433239"></trkpt>
  <trkpt lat="42.420266" lon="-72.433203"></trkpt>
  <trkpt lat="42.420256" lon="-72.433181"></trkpt>
  <trkpt lat="42.420245" lon="-72.433159"></trkpt>
  <trkpt lat="42.420235" lon="-72.433136"></trkpt>
  <trkpt lat="42.420224" lon="-72.433111"></trkpt>
  <trkpt lat="42.420213" lon="-72.433085"></trkpt>
  <trkpt lat="42.420201" lon="-72.433061"></trkpt>
  <trkpt lat="42.420186" lon="-72.433037"></trkpt>
  <trkpt lat="42.420169" lon="-72.433015"></trkpt>
  <trkpt lat="42.420152" lon="-72.432994"></trkpt>
  <trkpt lat="42.420133" lon="-72.432971"></trkpt>
  <trkpt lat="42.420114" lon="-72.432949"></trkpt>
  <trkpt lat="42.420095" lon="-72.432927"></trkpt>
  <trkpt lat="42.420075" lon="-72.432907"></trkpt>
  <trkpt lat="42.420056" lon="-72.432888"></trkpt>
  <trkpt lat="42.420036" lon="-72.432868"></trkpt>
  <trkpt lat="42.420019" lon="-72.432852"></trkpt>
  <trkpt lat="42.420003" lon="-72.432837"></trkpt>
  <trkpt lat="42.419986" lon="-72.432821"></trkpt>
  <trkpt lat="42.419974" lon="-72.432809"></trkpt>
  <trkpt lat="42.419961" lon="-72.432796"></trkpt>
  <trkpt lat="42.419949" lon="-72.432783"></trkpt>
  <trkpt lat="42.419937" lon="-72.432768"></trkpt>
  <trkpt lat="42.419926" lon="-72.432753"></trkpt>
  <trkpt lat="42.419916" lon="-72.432737"></trkpt>
  <trkpt lat="42.419910" lon="-72.432727"></trkpt>
  <trkpt lat="42.419899" lon="-72.432707"></trkpt>
  <trkpt lat="42.419509" lon="-72.432955"></trkpt>
  <trkpt lat="42.418676" lon="-72.433218"></trkpt>
  <trkpt lat="42.418420" lon="-72.433272"></trkpt>
  <trkpt lat="42.418163" lon="-72.433306"></trkpt>
  <trkpt lat="42.417906" lon="-72.433348"></trkpt>
  <trkpt lat="42.417381" lon="-72.433429"></trkpt>
  <trkpt lat="42.417334" lon="-72.433432"></trkpt>
  <trkpt lat="42.417072" lon="-72.433437"></trkpt>
  <trkpt lat="42.416811" lon="-72.433464"></trkpt>
  <trkpt lat="42.416532" lon="-72.433494"></trkpt>
  <trkpt lat="42.416257" lon="-72.433575"></trkpt>
  <trkpt lat="42.415989" lon="-72.433685"></trkpt>
  <trkpt lat="42.415693" lon="-72.433812"></trkpt>
  <trkpt lat="42.415318" lon="-72.434025"></trkpt>
  <trkpt lat="42.415083" lon="-72.434143"></trkpt>
  <trkpt lat="42.414851" lon="-72.434269"></trkpt>
  <trkpt lat="42.414620" lon="-72.434402"></trkpt>
  <trkpt lat="42.414394" lon="-72.434546"></trkpt>
  <trkpt lat="42.414157" lon="-72.434654"></trkpt>
  <trkpt lat="42.413925" lon="-72.434781"></trkpt>
  <trkpt lat="42.413697" lon="-72.434921"></trkpt>
  <trkpt lat="42.413472" lon="-72.435069"></trkpt>
  <trkpt lat="42.413697" lon="-72.434921"></trkpt>
  <trkpt lat="42.413925" lon="-72.434781"></trkpt>
  <trkpt lat="42.414157" lon="-72.434654"></trkpt>
  <trkpt lat="42.414394" lon="-72.434546"></trkpt>
  <trkpt lat="42.414620" lon="-72.434402"></trkpt>
  <trkpt lat="42.414851" lon="-72.434269"></trkpt>
  <trkpt lat="42.415083" lon="-72.434143"></trkpt>
  <trkpt lat="42.415318" lon="-72.434025"></trkpt>
  <trkpt lat="42.415692" lon="-72.433808"></trkpt>
  <trkpt lat="42.415989" lon="-72.433685"></trkpt>
  <trkpt lat="42.416257" lon="-72.433575"></trkpt>
  <trkpt lat="42.416532" lon="-72.433494"></trkpt>
  <trkpt lat="42.416811" lon="-72.433464"></trkpt>
  <trkpt lat="42.417072" lon="-72.433437"></trkpt>
  <trkpt lat="42.417333" lon="-72.433435"></trkpt>
  <trkpt lat="42.417620" lon="-72.433396"></trkpt>
  <trkpt lat="42.417906" lon="-72.433348"></trkpt>
  <trkpt lat="42.418163" lon="-72.433306"></trkpt>
  <trkpt lat="42.418420" lon="-72.433272"></trkpt>
  <trkpt lat="42.418676" lon="-72.433221"></trkpt>
  <trkpt lat="42.418929" lon="-72.433152"></trkpt>
  <trkpt lat="42.419180" lon="-72.433073"></trkpt>
  <trkpt lat="42.419431" lon="-72.432989"></trkpt>
  <trkpt lat="42.419674" lon="-72.432875"></trkpt>
  <trkpt lat="42.419899" lon="-72.432707"></trkpt>
  <trkpt lat="42.419857" lon="-72.432408"></trkpt>
  <trkpt lat="42.419865" lon="-72.432096"></trkpt>
  <trkpt lat="42.419886" lon="-72.431785"></trkpt>
  <trkpt lat="42.419911" lon="-72.431474"></trkpt>
  <trkpt lat="42.419950" lon="-72.431167"></trkpt>
  <trkpt lat="42.419994" lon="-72.430860"></trkpt>
  <trkpt lat="42.420028" lon="-72.430551"></trkpt>
  <trkpt lat="42.420068" lon="-72.430243"></trkpt>
  <trkpt lat="42.420107" lon="-72.429935"></trkpt>
  <trkpt lat="42.420173" lon="-72.429455"></trkpt>
  <trkpt lat="42.420212" lon="-72.429138"></trkpt>
  <trkpt lat="42.420252" lon="-72.428821"></trkpt>
  <trkpt lat="42.420295" lon="-72.428506"></trkpt>
  <trkpt lat="42.420336" lon="-72.428189"></trkpt>
  <trkpt lat="42.420378" lon="-72.427873"></trkpt>
  <trkpt lat="42.420417" lon="-72.427555"></trkpt>
  <trkpt lat="42.420461" lon="-72.427239"></trkpt>
  <trkpt lat="42.420501" lon="-72.426923"></trkpt>
  <trkpt lat="42.420560" lon="-72.426612"></trkpt>
  <trkpt lat="42.420576" lon="-72.426552"></trkpt>
  <trkpt lat="42.420560" lon="-72.426612"></trkpt>
  <trkpt lat="42.420441" lon="-72.426652"></trkpt>
  <trkpt lat="42.420296" lon="-72.426722"></trkpt>
  <trkpt lat="42.420174" lon="-72.426730"></trkpt>
  <trkpt lat="42.420106" lon="-72.426763"></trkpt>
  <trkpt lat="42.420009" lon="-72.426837"></trkpt>
  <trkpt lat="42.419948" lon="-72.426891"></trkpt>
  <trkpt lat="42.419859" lon="-72.426893"></trkpt>
  <trkpt lat="42.419803" lon="-72.426872"></trkpt>
  <trkpt lat="42.419723" lon="-72.426778"></trkpt>
  <trkpt lat="42.419663" lon="-72.426695"></trkpt>
  <trkpt lat="42.419582" lon="-72.426633"></trkpt>
  <trkpt lat="42.419490" lon="-72.426590"></trkpt>
  <trkpt lat="42.419440" lon="-72.426520"></trkpt>
  <trkpt lat="42.419400" lon="-72.426430"></trkpt>
  <trkpt lat="42.419671" lon="-72.425882"></trkpt>
  <trkpt lat="42.419836" lon="-72.425635"></trkpt>
  <trkpt lat="42.420002" lon="-72.425389"></trkpt>
  <trkpt lat="42.420175" lon="-72.425153"></trkpt>
  <trkpt lat="42.420366" lon="-72.424943"></trkpt>
  <trkpt lat="42.420567" lon="-72.424778"></trkpt>
  <trkpt lat="42.420753" lon="-72.424585"></trkpt>
  <trkpt lat="42.420921" lon="-72.424362"></trkpt>
  <trkpt lat="42.421142" lon="-72.424283"></trkpt>
  <trkpt lat="42.421126" lon="-72.424322"></trkpt>
  <trkpt lat="42.421025" lon="-72.424725"></trkpt>
  <trkpt lat="42.420970" lon="-72.424956"></trkpt>
  <trkpt lat="42.420934" lon="-72.425132"></trkpt>
  <trkpt lat="42.420881" lon="-72.425299"></trkpt>
  <trkpt lat="42.420867" lon="-72.425357"></trkpt>
  <trkpt lat="42.420783" lon="-72.425767"></trkpt>
  <trkpt lat="42.420755" lon="-72.425882"></trkpt>
  <trkpt lat="42.420673" lon="-72.426165"></trkpt>
  <trkpt lat="42.420628" lon="-72.426337"></trkpt>
  <trkpt lat="42.420569" lon="-72.426548"></trkpt>
  <trkpt lat="42.420664" lon="-72.426231"></trkpt>
  <trkpt lat="42.420755" lon="-72.425911"></trkpt>
  <trkpt lat="42.420829" lon="-72.425584"></trkpt>
  <trkpt lat="42.420903" lon="-72.425257"></trkpt>
  <trkpt lat="42.420984" lon="-72.424934"></trkpt>
  <trkpt lat="42.421063" lon="-72.424608"></trkpt>
  <trkpt lat="42.421142" lon="-72.424283"></trkpt>
  <trkpt lat="42.421156" lon="-72.424205"></trkpt>
  <trkpt lat="42.421165" lon="-72.424145"></trkpt>
  <trkpt lat="42.421173" lon="-72.424086"></trkpt>
  <trkpt lat="42.421181" lon="-72.424026"></trkpt>
  <trkpt lat="42.421188" lon="-72.423966"></trkpt>
  <trkpt lat="42.421196" lon="-72.423906"></trkpt>
  <trkpt lat="42.421202" lon="-72.423846"></trkpt>
  <trkpt lat="42.421209" lon="-72.423786"></trkpt>
  <trkpt lat="42.421216" lon="-72.423726"></trkpt>
  <trkpt lat="42.421224" lon="-72.423666"></trkpt>
  <trkpt lat="42.421232" lon="-72.423606"></trkpt>
  <trkpt lat="42.421241" lon="-72.423547"></trkpt>
  <trkpt lat="42.421252" lon="-72.423488"></trkpt>
  <trkpt lat="42.421264" lon="-72.423430"></trkpt>
  <trkpt lat="42.421276" lon="-72.423371"></trkpt>
  <trkpt lat="42.421288" lon="-72.423312"></trkpt>
  <trkpt lat="42.421300" lon="-72.423254"></trkpt>
  <trkpt lat="42.421312" lon="-72.423195"></trkpt>
  <trkpt lat="42.421324" lon="-72.423137"></trkpt>
  <trkpt lat="42.421337" lon="-72.423078"></trkpt>
  <trkpt lat="42.421350" lon="-72.423020"></trkpt>
  <trkpt lat="42.421364" lon="-72.422962"></trkpt>
  <trkpt lat="42.421377" lon="-72.422905"></trkpt>
  <trkpt lat="42.421391" lon="-72.422847"></trkpt>
  <trkpt lat="42.421405" lon="-72.422789"></trkpt>
  <trkpt lat="42.421418" lon="-72.422731"></trkpt>
  <trkpt lat="42.421432" lon="-72.422673"></trkpt>
  <trkpt lat="42.421445" lon="-72.422615"></trkpt>
  <trkpt lat="42.421460" lon="-72.422552"></trkpt>
  <trkpt lat="42.421551" lon="-72.422118"></trkpt>
  <trkpt lat="42.421639" lon="-72.421683"></trkpt>
  <trkpt lat="42.421714" lon="-72.421337"></trkpt>
  <trkpt lat="42.421793" lon="-72.420994"></trkpt>
  <trkpt lat="42.421865" lon="-72.420647"></trkpt>
  <trkpt lat="42.421942" lon="-72.420303"></trkpt>
  <trkpt lat="42.421961" lon="-72.420224"></trkpt>
  <trkpt lat="42.421975" lon="-72.420166"></trkpt>
  <trkpt lat="42.421990" lon="-72.420109"></trkpt>
  <trkpt lat="42.422006" lon="-72.420052"></trkpt>
  <trkpt lat="42.422023" lon="-72.419996"></trkpt>
  <trkpt lat="42.422040" lon="-72.419940"></trkpt>
  <trkpt lat="42.422057" lon="-72.419884"></trkpt>
  <trkpt lat="42.422072" lon="-72.419827"></trkpt>
  <trkpt lat="42.422086" lon="-72.419769"></trkpt>
  <trkpt lat="42.422101" lon="-72.419711"></trkpt>
  <trkpt lat="42.422115" lon="-72.419654"></trkpt>
  <trkpt lat="42.422130" lon="-72.419596"></trkpt>
  <trkpt lat="42.422145" lon="-72.419539"></trkpt>
  <trkpt lat="42.422161" lon="-72.419483"></trkpt>
  <trkpt lat="42.422178" lon="-72.419426"></trkpt>
  <trkpt lat="42.422195" lon="-72.419370"></trkpt>
  <trkpt lat="42.422211" lon="-72.419313"></trkpt>
  <trkpt lat="42.422228" lon="-72.419257"></trkpt>
  <trkpt lat="42.422244" lon="-72.419200"></trkpt>
  <trkpt lat="42.422259" lon="-72.419143"></trkpt>
  <trkpt lat="42.422274" lon="-72.419086"></trkpt>
  <trkpt lat="42.422288" lon="-72.419028"></trkpt>
  <trkpt lat="42.422302" lon="-72.418970"></trkpt>
  <trkpt lat="42.422315" lon="-72.418912"></trkpt>
  <trkpt lat="42.422327" lon="-72.418854"></trkpt>
  <trkpt lat="42.422338" lon="-72.418795"></trkpt>
  <trkpt lat="42.422349" lon="-72.418736"></trkpt>
  <trkpt lat="42.422358" lon="-72.418677"></trkpt>
  <trkpt lat="42.422361" lon="-72.418652"></trkpt>
  <trkpt lat="42.422364" lon="-72.418627"></trkpt>
  <trkpt lat="42.422368" lon="-72.418602"></trkpt>
  <trkpt lat="42.422373" lon="-72.418571"></trkpt>
  <trkpt lat="42.422378" lon="-72.418539"></trkpt>
  <trkpt lat="42.422382" lon="-72.418507"></trkpt>
  <trkpt lat="42.422383" lon="-72.418461"></trkpt>
  <trkpt lat="42.422382" lon="-72.418416"></trkpt>
  <trkpt lat="42.422380" lon="-72.418370"></trkpt>
  <trkpt lat="42.422296" lon="-72.418349"></trkpt>
  <trkpt lat="42.422164" lon="-72.418315"></trkpt>
  <trkpt lat="42.422134" lon="-72.418308"></trkpt>
  <trkpt lat="42.421115" lon="-72.418183"></trkpt>
  <trkpt lat="42.420385" lon="-72.418160"></trkpt>
  <trkpt lat="42.419630" lon="-72.418136"></trkpt>
  <trkpt lat="42.419209" lon="-72.418111"></trkpt>
  <trkpt lat="42.418711" lon="-72.418044"></trkpt>
  <trkpt lat="42.418071" lon="-72.417877"></trkpt>
  <trkpt lat="42.417651" lon="-72.417755"></trkpt>
  <trkpt lat="42.417429" lon="-72.417701"></trkpt>
  <trkpt lat="42.417210" lon="-72.417624"></trkpt>
  <trkpt lat="42.416991" lon="-72.417547"></trkpt>
  <trkpt lat="42.416772" lon="-72.417471"></trkpt>
  <trkpt lat="42.416554" lon="-72.417395"></trkpt>
  <trkpt lat="42.416337" lon="-72.417310"></trkpt>
  <trkpt lat="42.416118" lon="-72.417237"></trkpt>
  <trkpt lat="42.415897" lon="-72.417173"></trkpt>
  <trkpt lat="42.415676" lon="-72.417108"></trkpt>
  <trkpt lat="42.415897" lon="-72.417173"></trkpt>
  <trkpt lat="42.416118" lon="-72.417237"></trkpt>
  <trkpt lat="42.416337" lon="-72.417310"></trkpt>
  <trkpt lat="42.416554" lon="-72.417395"></trkpt>
  <trkpt lat="42.416772" lon="-72.417471"></trkpt>
  <trkpt lat="42.416991" lon="-72.417547"></trkpt>
  <trkpt lat="42.417210" lon="-72.417624"></trkpt>
  <trkpt lat="42.417429" lon="-72.417701"></trkpt>
  <trkpt lat="42.417650" lon="-72.417765"></trkpt>
  <trkpt lat="42.418068" lon="-72.417892"></trkpt>
  <trkpt lat="42.418297" lon="-72.417954"></trkpt>
  <trkpt lat="42.418527" lon="-72.418009"></trkpt>
  <trkpt lat="42.418757" lon="-72.418063"></trkpt>
  <trkpt lat="42.418987" lon="-72.418110"></trkpt>
  <trkpt lat="42.419220" lon="-72.418117"></trkpt>
  <trkpt lat="42.419453" lon="-72.418124"></trkpt>
  <trkpt lat="42.419686" lon="-72.418134"></trkpt>
  <trkpt lat="42.419919" lon="-72.418154"></trkpt>
  <trkpt lat="42.420152" lon="-72.418168"></trkpt>
  <trkpt lat="42.420385" lon="-72.418168"></trkpt>
  <trkpt lat="42.420636" lon="-72.418168"></trkpt>
  <trkpt lat="42.420887" lon="-72.418169"></trkpt>
  <trkpt lat="42.421137" lon="-72.418186"></trkpt>
  <trkpt lat="42.421387" lon="-72.418201"></trkpt>
  <trkpt lat="42.421638" lon="-72.418212"></trkpt>
  <trkpt lat="42.421887" lon="-72.418250"></trkpt>
  <trkpt lat="42.422134" lon="-72.418308"></trkpt>
  <trkpt lat="42.422164" lon="-72.418315"></trkpt>
  <trkpt lat="42.422296" lon="-72.418349"></trkpt>
  <trkpt lat="42.422380" lon="-72.418370"></trkpt>
  <trkpt lat="42.422605" lon="-72.418428"></trkpt>
  <trkpt lat="42.422829" lon="-72.418491"></trkpt>
  <trkpt lat="42.423054" lon="-72.418550"></trkpt>
  <trkpt lat="42.423279" lon="-72.418604"></trkpt>
  <trkpt lat="42.423506" lon="-72.418652"></trkpt>
  <trkpt lat="42.423731" lon="-72.418702"></trkpt>
  <trkpt lat="42.423957" lon="-72.418756"></trkpt>
  <trkpt lat="42.424182" lon="-72.418810"></trkpt>
  <trkpt lat="42.424408" lon="-72.418861"></trkpt>
  <trkpt lat="42.424634" lon="-72.418912"></trkpt>
  <trkpt lat="42.424859" lon="-72.418964"></trkpt>
  <trkpt lat="42.425095" lon="-72.419019"></trkpt>
  <trkpt lat="42.425331" lon="-72.419074"></trkpt>
  <trkpt lat="42.425568" lon="-72.419128"></trkpt>
  <trkpt lat="42.425804" lon="-72.419181"></trkpt>
  <trkpt lat="42.426039" lon="-72.419242"></trkpt>
  <trkpt lat="42.426264" lon="-72.419299"></trkpt>
  <trkpt lat="42.426490" lon="-72.419349"></trkpt>
  <trkpt lat="42.426716" lon="-72.419401"></trkpt>
  <trkpt lat="42.426942" lon="-72.419456"></trkpt>
  <trkpt lat="42.427165" lon="-72.419511"></trkpt>
  <trkpt lat="42.427389" lon="-72.419563"></trkpt>
  <trkpt lat="42.427614" lon="-72.419609"></trkpt>
  <trkpt lat="42.427839" lon="-72.419652"></trkpt>
  <trkpt lat="42.428064" lon="-72.419695"></trkpt>
  <trkpt lat="42.428290" lon="-72.419735"></trkpt>
  <trkpt lat="42.428515" lon="-72.419775"></trkpt>
  <trkpt lat="42.428741" lon="-72.419802"></trkpt>
  <trkpt lat="42.428968" lon="-72.419826"></trkpt>
  <trkpt lat="42.429195" lon="-72.419845"></trkpt>
  <trkpt lat="42.429422" lon="-72.419846"></trkpt>
  <trkpt lat="42.429649" lon="-72.419848"></trkpt>
  <trkpt lat="42.429877" lon="-72.419854"></trkpt>
  <trkpt lat="42.430104" lon="-72.419864"></trkpt>
  <trkpt lat="42.430331" lon="-72.419878"></trkpt>
  <trkpt lat="42.430558" lon="-72.419896"></trkpt>
  <trkpt lat="42.430785" lon="-72.419919"></trkpt>
  <trkpt lat="42.431011" lon="-72.419948"></trkpt>
  <trkpt lat="42.431237" lon="-72.419983"></trkpt>
  <trkpt lat="42.431463" lon="-72.420018"></trkpt>
  <trkpt lat="42.431687" lon="-72.420066"></trkpt>
  <trkpt lat="42.431911" lon="-72.420123"></trkpt>
  <trkpt lat="42.432134" lon="-72.420178"></trkpt>
  <trkpt lat="42.432357" lon="-72.420236"></trkpt>
  <trkpt lat="42.432581" lon="-72.420293"></trkpt>
  <trkpt lat="42.432805" lon="-72.420343"></trkpt>
  <trkpt lat="42.433029" lon="-72.420397"></trkpt>
  <trkpt lat="42.433277" lon="-72.420444"></trkpt>
  <trkpt lat="42.433527" lon="-72.420474"></trkpt>
  <trkpt lat="42.433777" lon="-72.420484"></trkpt>
  <trkpt lat="42.434027" lon="-72.420508"></trkpt>
  <trkpt lat="42.434277" lon="-72.420538"></trkpt>
  <trkpt lat="42.434508" lon="-72.420569"></trkpt>
  <trkpt lat="42.434739" lon="-72.420600"></trkpt>
  <trkpt lat="42.434970" lon="-72.420632"></trkpt>
  <trkpt lat="42.435201" lon="-72.420671"></trkpt>
  <trkpt lat="42.435430" lon="-72.420722"></trkpt>
  <trkpt lat="42.435659" lon="-72.420772"></trkpt>
  <trkpt lat="42.435890" lon="-72.420808"></trkpt>
  <trkpt lat="42.436122" lon="-72.420824"></trkpt>
  <trkpt lat="42.436393" lon="-72.420805"></trkpt>
  <trkpt lat="42.436661" lon="-72.420747"></trkpt>
  <trkpt lat="42.436927" lon="-72.420679"></trkpt>
  <trkpt lat="42.437193" lon="-72.420602"></trkpt>
  <trkpt lat="42.437431" lon="-72.420540"></trkpt>
  <trkpt lat="42.437671" lon="-72.420484"></trkpt>
  <trkpt lat="42.437911" lon="-72.420435"></trkpt>
  <trkpt lat="42.438137" lon="-72.420392"></trkpt>
  <trkpt lat="42.438364" lon="-72.420355"></trkpt>
  <trkpt lat="42.438591" lon="-72.420327"></trkpt>
  <trkpt lat="42.438819" lon="-72.420304"></trkpt>
  <trkpt lat="42.439047" lon="-72.420301"></trkpt>
  <trkpt lat="42.439275" lon="-72.420295"></trkpt>
  <trkpt lat="42.439503" lon="-72.420285"></trkpt>
  <trkpt lat="42.439731" lon="-72.420260"></trkpt>
  <trkpt lat="42.439956" lon="-72.420214"></trkpt>
  <trkpt lat="42.440142" lon="-72.420160"></trkpt>
  <trkpt lat="42.440363" lon="-72.420076"></trkpt>
  <trkpt lat="42.440578" lon="-72.419972"></trkpt>
  <trkpt lat="42.440792" lon="-72.419861"></trkpt>
  <trkpt lat="42.441001" lon="-72.419731"></trkpt>
  <trkpt lat="42.441211" lon="-72.419610"></trkpt>
  <trkpt lat="42.441429" lon="-72.419511"></trkpt>
  <trkpt lat="42.441648" lon="-72.419420"></trkpt>
  <trkpt lat="42.441869" lon="-72.419338"></trkpt>
  <trkpt lat="42.442093" lon="-72.419274"></trkpt>
  <trkpt lat="42.442318" lon="-72.419216"></trkpt>
  <trkpt lat="42.442545" lon="-72.419172"></trkpt>
  <trkpt lat="42.442773" lon="-72.419133"></trkpt>
  <trkpt lat="42.443001" lon="-72.419101"></trkpt>
  <trkpt lat="42.443229" lon="-72.419070"></trkpt>
  <trkpt lat="42.443457" lon="-72.419039"></trkpt>
  <trkpt lat="42.443685" lon="-72.419008"></trkpt>
  <trkpt lat="42.443914" lon="-72.418981"></trkpt>
  <trkpt lat="42.444142" lon="-72.418955"></trkpt>
  <trkpt lat="42.444371" lon="-72.418940"></trkpt>
  <trkpt lat="42.444601" lon="-72.418932"></trkpt>
  <trkpt lat="42.444829" lon="-72.418951"></trkpt>
  <trkpt lat="42.445058" lon="-72.418980"></trkpt>
  <trkpt lat="42.445285" lon="-72.419018"></trkpt>
  <trkpt lat="42.445513" lon="-72.419056"></trkpt>
  <trkpt lat="42.445740" lon="-72.419098"></trkpt>
  <trkpt lat="42.445967" lon="-72.419144"></trkpt>
  <trkpt lat="42.446193" lon="-72.419191"></trkpt>
  <trkpt lat="42.446419" lon="-72.419242"></trkpt>
  <trkpt lat="42.446646" lon="-72.419293"></trkpt>
  <trkpt lat="42.446779" lon="-72.419323"></trkpt>
  <trkpt lat="42.446912" lon="-72.419354"></trkpt>
  <trkpt lat="42.447046" lon="-72.419383"></trkpt>
  <trkpt lat="42.447179" lon="-72.419413"></trkpt>
  <trkpt lat="42.447266" lon="-72.419432"></trkpt>
  <trkpt lat="42.447509" lon="-72.419490"></trkpt>
  <trkpt lat="42.447751" lon="-72.419559"></trkpt>
  <trkpt lat="42.447993" lon="-72.419629"></trkpt>
  <trkpt lat="42.448234" lon="-72.419699"></trkpt>
  <trkpt lat="42.448478" lon="-72.419752"></trkpt>
  <trkpt lat="42.448722" lon="-72.419804"></trkpt>
  <trkpt lat="42.448954" lon="-72.419852"></trkpt>
  <trkpt lat="42.449185" lon="-72.419898"></trkpt>
  <trkpt lat="42.449417" lon="-72.419943"></trkpt>
  <trkpt lat="42.449648" lon="-72.419988"></trkpt>
  <trkpt lat="42.449880" lon="-72.420030"></trkpt>
  <trkpt lat="42.450112" lon="-72.420071"></trkpt>
  <trkpt lat="42.450345" lon="-72.420110"></trkpt>
  <trkpt lat="42.450577" lon="-72.420143"></trkpt>
  <trkpt lat="42.450810" lon="-72.420181"></trkpt>
  <trkpt lat="42.450810" lon="-72.420181"></trkpt>
  <trkpt lat="42.450804" lon="-72.420234"></trkpt>
  <trkpt lat="42.450779" lon="-72.420414"></trkpt>
  <trkpt lat="42.450754" lon="-72.420593"></trkpt>
  <trkpt lat="42.450730" lon="-72.420772"></trkpt>
  <trkpt lat="42.450706" lon="-72.420952"></trkpt>
  <trkpt lat="42.450684" lon="-72.421132"></trkpt>
  <trkpt lat="42.450662" lon="-72.421312"></trkpt>
  <trkpt lat="42.450640" lon="-72.421491"></trkpt>
  <trkpt lat="42.450616" lon="-72.421671"></trkpt>
  <trkpt lat="42.450591" lon="-72.421850"></trkpt>
  <trkpt lat="42.450567" lon="-72.422029"></trkpt>
  <trkpt lat="42.450564" lon="-72.422049"></trkpt>
  <trkpt lat="42.450553" lon="-72.422134"></trkpt>
  <trkpt lat="42.450543" lon="-72.422209"></trkpt>
  <trkpt lat="42.450521" lon="-72.422389"></trkpt>
  <trkpt lat="42.450499" lon="-72.422569"></trkpt>
  <trkpt lat="42.450490" lon="-72.422641"></trkpt>
  <trkpt lat="42.450466" lon="-72.422820"></trkpt>
  <trkpt lat="42.450442" lon="-72.423000"></trkpt>
  <trkpt lat="42.450426" lon="-72.423181"></trkpt>
  <trkpt lat="42.450416" lon="-72.423298"></trkpt>
  <trkpt lat="42.450411" lon="-72.423362"></trkpt>
  <trkpt lat="42.450396" lon="-72.423543"></trkpt>
  <trkpt lat="42.450385" lon="-72.423725"></trkpt>
  <trkpt lat="42.450377" lon="-72.423907"></trkpt>
  <trkpt lat="42.450372" lon="-72.424089"></trkpt>
  <trkpt lat="42.450366" lon="-72.424271"></trkpt>
  <trkpt lat="42.450362" lon="-72.424453"></trkpt>
  <trkpt lat="42.450361" lon="-72.424636"></trkpt>
  <trkpt lat="42.450361" lon="-72.424706"></trkpt>
  <trkpt lat="42.450361" lon="-72.424798"></trkpt>
  <trkpt lat="42.450364" lon="-72.425000"></trkpt>
  <trkpt lat="42.450366" lon="-72.425183"></trkpt>
  <trkpt lat="42.450369" lon="-72.425365"></trkpt>
  <trkpt lat="42.450375" lon="-72.425547"></trkpt>
  <trkpt lat="42.450375" lon="-72.425552"></trkpt>
  <trkpt lat="42.450381" lon="-72.425980"></trkpt>
  <trkpt lat="42.450390" lon="-72.426340"></trkpt>
  <trkpt lat="42.450398" lon="-72.426701"></trkpt>
  <trkpt lat="42.450405" lon="-72.427061"></trkpt>
  <trkpt lat="42.450413" lon="-72.427005"></trkpt>
  <trkpt lat="42.450410" lon="-72.426823"></trkpt>
  <trkpt lat="42.450406" lon="-72.426640"></trkpt>
  <trkpt lat="42.450402" lon="-72.426458"></trkpt>
  <trkpt lat="42.450397" lon="-72.426276"></trkpt>
  <trkpt lat="42.450393" lon="-72.426094"></trkpt>
  <trkpt lat="42.450388" lon="-72.425912"></trkpt>
  <trkpt lat="42.450382" lon="-72.425729"></trkpt>
  <trkpt lat="42.450379" lon="-72.425646"></trkpt>
  <trkpt lat="42.450375" lon="-72.425552"></trkpt>
  <trkpt lat="42.450628" lon="-72.425653"></trkpt>
  <trkpt lat="42.450862" lon="-72.425774"></trkpt>
  <trkpt lat="42.451094" lon="-72.425901"></trkpt>
  <trkpt lat="42.451316" lon="-72.426057"></trkpt>
  <trkpt lat="42.451534" lon="-72.426210"></trkpt>
  <trkpt lat="42.451759" lon="-72.426344"></trkpt>
  <trkpt lat="42.451978" lon="-72.426492"></trkpt>
  <trkpt lat="42.452193" lon="-72.426652"></trkpt>
  <trkpt lat="42.452420" lon="-72.426767"></trkpt>
  <trkpt lat="42.452652" lon="-72.426863"></trkpt>
  <trkpt lat="42.452889" lon="-72.426934"></trkpt>
  <trkpt lat="42.453128" lon="-72.426988"></trkpt>
  <trkpt lat="42.453370" lon="-72.427006"></trkpt>
  <trkpt lat="42.453613" lon="-72.426994"></trkpt>
  <trkpt lat="42.453843" lon="-72.426965"></trkpt>
  <trkpt lat="42.454071" lon="-72.426920"></trkpt>
  <trkpt lat="42.454301" lon="-72.426935"></trkpt>
  <trkpt lat="42.454527" lon="-72.426999"></trkpt>
  <trkpt lat="42.454753" lon="-72.427063"></trkpt>
  <trkpt lat="42.454981" lon="-72.427112"></trkpt>
  <trkpt lat="42.455210" lon="-72.427147"></trkpt>
  <trkpt lat="42.455536" lon="-72.427193"></trkpt>
  <trkpt lat="42.455759" lon="-72.427247"></trkpt>
  <trkpt lat="42.455981" lon="-72.427301"></trkpt>
  <trkpt lat="42.456204" lon="-72.427351"></trkpt>
  <trkpt lat="42.456427" lon="-72.427398"></trkpt>
  <trkpt lat="42.456651" lon="-72.427445"></trkpt>
  <trkpt lat="42.456874" lon="-72.427492"></trkpt>
  <trkpt lat="42.457098" lon="-72.427540"></trkpt>
  <trkpt lat="42.457321" lon="-72.427586"></trkpt>
  <trkpt lat="42.457545" lon="-72.427630"></trkpt>
  <trkpt lat="42.457770" lon="-72.427661"></trkpt>
  <trkpt lat="42.457995" lon="-72.427690"></trkpt>
  <trkpt lat="42.458219" lon="-72.427728"></trkpt>
  <trkpt lat="42.458443" lon="-72.427769"></trkpt>
  <trkpt lat="42.458668" lon="-72.427804"></trkpt>
  <trkpt lat="42.458893" lon="-72.427825"></trkpt>
  <trkpt lat="42.459118" lon="-72.427851"></trkpt>
  <trkpt lat="42.459343" lon="-72.427889"></trkpt>
  <trkpt lat="42.459567" lon="-72.427930"></trkpt>
  <trkpt lat="42.459790" lon="-72.427973"></trkpt>
  <trkpt lat="42.460013" lon="-72.428023"></trkpt>
  <trkpt lat="42.460236" lon="-72.428077"></trkpt>
  <trkpt lat="42.460457" lon="-72.428139"></trkpt>
  <trkpt lat="42.460681" lon="-72.428187"></trkpt>
  <trkpt lat="42.460904" lon="-72.428235"></trkpt>
  <trkpt lat="42.461127" lon="-72.428287"></trkpt>
  <trkpt lat="42.461349" lon="-72.428340"></trkpt>
  <trkpt lat="42.461572" lon="-72.428393"></trkpt>
  <trkpt lat="42.461794" lon="-72.428449"></trkpt>
  <trkpt lat="42.462016" lon="-72.428505"></trkpt>
  <trkpt lat="42.462239" lon="-72.428562"></trkpt>
  <trkpt lat="42.462472" lon="-72.428616"></trkpt>
  <trkpt lat="42.462706" lon="-72.428668"></trkpt>
  <trkpt lat="42.462940" lon="-72.428720"></trkpt>
  <trkpt lat="42.463174" lon="-72.428771"></trkpt>
  <trkpt lat="42.463408" lon="-72.428820"></trkpt>
  <trkpt lat="42.463643" lon="-72.428866"></trkpt>
  <trkpt lat="42.463878" lon="-72.428913"></trkpt>
  <trkpt lat="42.464112" lon="-72.428960"></trkpt>
  <trkpt lat="42.464346" lon="-72.429009"></trkpt>
  <trkpt lat="42.464580" lon="-72.429065"></trkpt>
  <trkpt lat="42.464813" lon="-72.429122"></trkpt>
  <trkpt lat="42.465046" lon="-72.429178"></trkpt>
  <trkpt lat="42.465279" lon="-72.429237"></trkpt>
  <trkpt lat="42.465511" lon="-72.429305"></trkpt>
  <trkpt lat="42.465742" lon="-72.429375"></trkpt>
  <trkpt lat="42.465891" lon="-72.429420"></trkpt>
  <trkpt lat="42.466023" lon="-72.429460"></trkpt>
  <trkpt lat="42.466154" lon="-72.429500"></trkpt>
  <trkpt lat="42.466287" lon="-72.429535"></trkpt>
  <trkpt lat="42.466419" lon="-72.429569"></trkpt>
  <trkpt lat="42.466552" lon="-72.429603"></trkpt>
  <trkpt lat="42.466685" lon="-72.429637"></trkpt>
  <trkpt lat="42.466818" lon="-72.429671"></trkpt>
  <trkpt lat="42.466947" lon="-72.429720"></trkpt>
  <trkpt lat="42.467076" lon="-72.429776"></trkpt>
  <trkpt lat="42.467205" lon="-72.429832"></trkpt>
  <trkpt lat="42.467328" lon="-72.429904"></trkpt>
  <trkpt lat="42.467447" lon="-72.429990"></trkpt>
  <trkpt lat="42.467566" lon="-72.430076"></trkpt>
  <trkpt lat="42.467685" lon="-72.430162"></trkpt>
  <trkpt lat="42.467804" lon="-72.430248"></trkpt>
  <trkpt lat="42.467923" lon="-72.430334"></trkpt>
  <trkpt lat="42.468040" lon="-72.430427"></trkpt>
  <trkpt lat="42.468156" lon="-72.430519"></trkpt>
  <trkpt lat="42.468272" lon="-72.430612"></trkpt>
  <trkpt lat="42.468389" lon="-72.430704"></trkpt>
  <trkpt lat="42.468505" lon="-72.430797"></trkpt>
  <trkpt lat="42.468621" lon="-72.430889"></trkpt>
  <trkpt lat="42.468738" lon="-72.430982"></trkpt>
  <trkpt lat="42.468854" lon="-72.431074"></trkpt>
  <trkpt lat="42.468971" lon="-72.431167"></trkpt>
  <trkpt lat="42.469087" lon="-72.431259"></trkpt>
  <trkpt lat="42.469198" lon="-72.431363"></trkpt>
  <trkpt lat="42.469308" lon="-72.431469"></trkpt>
  <trkpt lat="42.469418" lon="-72.431575"></trkpt>
  <trkpt lat="42.469528" lon="-72.431681"></trkpt>
  <trkpt lat="42.469638" lon="-72.431787"></trkpt>
  <trkpt lat="42.469747" lon="-72.431894"></trkpt>
  <trkpt lat="42.469856" lon="-72.432002"></trkpt>
  <trkpt lat="42.469965" lon="-72.432109"></trkpt>
  <trkpt lat="42.470074" lon="-72.432217"></trkpt>
  <trkpt lat="42.470182" lon="-72.432325"></trkpt>
  <trkpt lat="42.470276" lon="-72.432456"></trkpt>
  <trkpt lat="42.470371" lon="-72.432587"></trkpt>
  <trkpt lat="42.470465" lon="-72.432718"></trkpt>
  <trkpt lat="42.470559" lon="-72.432848"></trkpt>
  <trkpt lat="42.470653" lon="-72.432979"></trkpt>
  <trkpt lat="42.470746" lon="-72.433112"></trkpt>
  <trkpt lat="42.470836" lon="-72.433248"></trkpt>
  <trkpt lat="42.470926" lon="-72.433384"></trkpt>
  <trkpt lat="42.471016" lon="-72.433519"></trkpt>
  <trkpt lat="42.471106" lon="-72.433655"></trkpt>
  <trkpt lat="42.471199" lon="-72.433787"></trkpt>
  <trkpt lat="42.471296" lon="-72.433915"></trkpt>
  <trkpt lat="42.471393" lon="-72.434042"></trkpt>
  <trkpt lat="42.471490" lon="-72.434169"></trkpt>
  <trkpt lat="42.471587" lon="-72.434296"></trkpt>
  <trkpt lat="42.471686" lon="-72.434419"></trkpt>
  <trkpt lat="42.471785" lon="-72.434543"></trkpt>
  <trkpt lat="42.471884" lon="-72.434667"></trkpt>
  <trkpt lat="42.471983" lon="-72.434791"></trkpt>
  <trkpt lat="42.472082" lon="-72.434915"></trkpt>
  <trkpt lat="42.472182" lon="-72.435039"></trkpt>
  <trkpt lat="42.472281" lon="-72.435163"></trkpt>
  <trkpt lat="42.472302" lon="-72.435189"></trkpt>
  <trkpt lat="42.472489" lon="-72.435422"></trkpt>
  <trkpt lat="42.472673" lon="-72.435658"></trkpt>
  <trkpt lat="42.472857" lon="-72.435895"></trkpt>
  <trkpt lat="42.473041" lon="-72.436133"></trkpt>
  <trkpt lat="42.473226" lon="-72.436368"></trkpt>
  <trkpt lat="42.473412" lon="-72.436601"></trkpt>
  <trkpt lat="42.473583" lon="-72.436815"></trkpt>
  <trkpt lat="42.473754" lon="-72.437029"></trkpt>
  <trkpt lat="42.473927" lon="-72.437240"></trkpt>
  <trkpt lat="42.474099" lon="-72.437451"></trkpt>
  <trkpt lat="42.474269" lon="-72.437667"></trkpt>
  <trkpt lat="42.474436" lon="-72.437886"></trkpt>
  <trkpt lat="42.474604" lon="-72.438104"></trkpt>
  <trkpt lat="42.474636" lon="-72.438155"></trkpt>
  <trkpt lat="42.474832" lon="-72.438406"></trkpt>
  <trkpt lat="42.475029" lon="-72.438657"></trkpt>
  <trkpt lat="42.475244" lon="-72.438950"></trkpt>
  <trkpt lat="42.475322" lon="-72.439070"></trkpt>
  <trkpt lat="42.475523" lon="-72.439212"></trkpt>
  <trkpt lat="42.475727" lon="-72.439349"></trkpt>
  <trkpt lat="42.475928" lon="-72.439493"></trkpt>
  <trkpt lat="42.476111" lon="-72.439675"></trkpt>
  <trkpt lat="42.476291" lon="-72.439863"></trkpt>
  <trkpt lat="42.476469" lon="-72.440054"></trkpt>
  <trkpt lat="42.476639" lon="-72.440257"></trkpt>
  <trkpt lat="42.476782" lon="-72.440497"></trkpt>
  <trkpt lat="42.476940" lon="-72.440716"></trkpt>
  <trkpt lat="42.477125" lon="-72.440895"></trkpt>
  <trkpt lat="42.477332" lon="-72.441021"></trkpt>
  <trkpt lat="42.477539" lon="-72.441147"></trkpt>
  <trkpt lat="42.477747" lon="-72.441273"></trkpt>
  <trkpt lat="42.477941" lon="-72.441431"></trkpt>
  <trkpt lat="42.478128" lon="-72.441605"></trkpt>
  <trkpt lat="42.478331" lon="-72.441739"></trkpt>
  <trkpt lat="42.478556" lon="-72.441780"></trkpt>
  <trkpt lat="42.478781" lon="-72.441752"></trkpt>
  <trkpt lat="42.479000" lon="-72.441671"></trkpt>
  <trkpt lat="42.479226" lon="-72.441656"></trkpt>
  <trkpt lat="42.479451" lon="-72.441703"></trkpt>
  <trkpt lat="42.479663" lon="-72.441812"></trkpt>
  <trkpt lat="42.479865" lon="-72.441952"></trkpt>
  <trkpt lat="42.480066" lon="-72.442095"></trkpt>
  <trkpt lat="42.480268" lon="-72.442250"></trkpt>
  <trkpt lat="42.480468" lon="-72.442412"></trkpt>
  <trkpt lat="42.480663" lon="-72.442581"></trkpt>
  <trkpt lat="42.480854" lon="-72.442760"></trkpt>
  <trkpt lat="42.481038" lon="-72.442952"></trkpt>
  <trkpt lat="42.481216" lon="-72.443155"></trkpt>
  <trkpt lat="42.481390" lon="-72.443363"></trkpt>
  <trkpt lat="42.481563" lon="-72.443573"></trkpt>
  <trkpt lat="42.481723" lon="-72.443800"></trkpt>
  <trkpt lat="42.481868" lon="-72.444045"></trkpt>
  <trkpt lat="42.482028" lon="-72.444273"></trkpt>
  <trkpt lat="42.482209" lon="-72.444468"></trkpt>
  <trkpt lat="42.482423" lon="-72.444585"></trkpt>
  <trkpt lat="42.482653" lon="-72.444630"></trkpt>
  <trkpt lat="42.482884" lon="-72.444604"></trkpt>
  <trkpt lat="42.483110" lon="-72.444531"></trkpt>
  <trkpt lat="42.483335" lon="-72.444453"></trkpt>
  <trkpt lat="42.483564" lon="-72.444401"></trkpt>
  <trkpt lat="42.483796" lon="-72.444388"></trkpt>
  <trkpt lat="42.484025" lon="-72.444439"></trkpt>
  <trkpt lat="42.484253" lon="-72.444500"></trkpt>
  <trkpt lat="42.484482" lon="-72.444551"></trkpt>
  <trkpt lat="42.484711" lon="-72.444607"></trkpt>
  <trkpt lat="42.484940" lon="-72.444655"></trkpt>
  <trkpt lat="42.485169" lon="-72.444705"></trkpt>
  <trkpt lat="42.485384" lon="-72.444817"></trkpt>
  <trkpt lat="42.485427" lon="-72.444901"></trkpt>
  <trkpt lat="42.485496" lon="-72.445076"></trkpt>
  <trkpt lat="42.485384" lon="-72.444817"></trkpt>
  <trkpt lat="42.485169" lon="-72.444705"></trkpt>
  <trkpt lat="42.484940" lon="-72.444655"></trkpt>
  <trkpt lat="42.484711" lon="-72.444607"></trkpt>
  <trkpt lat="42.484482" lon="-72.444551"></trkpt>
  <trkpt lat="42.484253" lon="-72.444500"></trkpt>
  <trkpt lat="42.484025" lon="-72.444439"></trkpt>
  <trkpt lat="42.483796" lon="-72.444388"></trkpt>
  <trkpt lat="42.483564" lon="-72.444401"></trkpt>
  <trkpt lat="42.483335" lon="-72.444453"></trkpt>
  <trkpt lat="42.483110" lon="-72.444531"></trkpt>
  <trkpt lat="42.482884" lon="-72.444604"></trkpt>
  <trkpt lat="42.482653" lon="-72.444630"></trkpt>
  <trkpt lat="42.482423" lon="-72.444585"></trkpt>
  <trkpt lat="42.482209" lon="-72.444468"></trkpt>
  <trkpt lat="42.482028" lon="-72.444273"></trkpt>
  <trkpt lat="42.481868" lon="-72.444045"></trkpt>
  <trkpt lat="42.481723" lon="-72.443800"></trkpt>
  <trkpt lat="42.481563" lon="-72.443573"></trkpt>
  <trkpt lat="42.481390" lon="-72.443363"></trkpt>
  <trkpt lat="42.481216" lon="-72.443155"></trkpt>
  <trkpt lat="42.481038" lon="-72.442952"></trkpt>
  <trkpt lat="42.480854" lon="-72.442760"></trkpt>
  <trkpt lat="42.480663" lon="-72.442581"></trkpt>
  <trkpt lat="42.480468" lon="-72.442412"></trkpt>
  <trkpt lat="42.480268" lon="-72.442250"></trkpt>
  <trkpt lat="42.480066" lon="-72.442095"></trkpt>
  <trkpt lat="42.479865" lon="-72.441952"></trkpt>
  <trkpt lat="42.479663" lon="-72.441812"></trkpt>
  <trkpt lat="42.479451" lon="-72.441703"></trkpt>
  <trkpt lat="42.479226" lon="-72.441656"></trkpt>
  <trkpt lat="42.479000" lon="-72.441671"></trkpt>
  <trkpt lat="42.478781" lon="-72.441752"></trkpt>
  <trkpt lat="42.478556" lon="-72.441780"></trkpt>
  <trkpt lat="42.478331" lon="-72.441739"></trkpt>
  <trkpt lat="42.478128" lon="-72.441605"></trkpt>
  <trkpt lat="42.477941" lon="-72.441431"></trkpt>
  <trkpt lat="42.477747" lon="-72.441273"></trkpt>
  <trkpt lat="42.477539" lon="-72.441147"></trkpt>
  <trkpt lat="42.477332" lon="-72.441021"></trkpt>
  <trkpt lat="42.477125" lon="-72.440895"></trkpt>
  <trkpt lat="42.476940" lon="-72.440716"></trkpt>
  <trkpt lat="42.476782" lon="-72.440497"></trkpt>
  <trkpt lat="42.476639" lon="-72.440257"></trkpt>
  <trkpt lat="42.476469" lon="-72.440054"></trkpt>
  <trkpt lat="42.476291" lon="-72.439863"></trkpt>
  <trkpt lat="42.476111" lon="-72.439675"></trkpt>
  <trkpt lat="42.475928" lon="-72.439493"></trkpt>
  <trkpt lat="42.475727" lon="-72.439349"></trkpt>
  <trkpt lat="42.475523" lon="-72.439212"></trkpt>
  <trkpt lat="42.475322" lon="-72.439070"></trkpt>
  <trkpt lat="42.475240" lon="-72.438956"></trkpt>
  <trkpt lat="42.475038" lon="-72.438658"></trkpt>
  <trkpt lat="42.474821" lon="-72.438381"></trkpt>
  <trkpt lat="42.474604" lon="-72.438104"></trkpt>
  <trkpt lat="42.474436" lon="-72.437886"></trkpt>
  <trkpt lat="42.474269" lon="-72.437667"></trkpt>
  <trkpt lat="42.474099" lon="-72.437451"></trkpt>
  <trkpt lat="42.473927" lon="-72.437240"></trkpt>
  <trkpt lat="42.473754" lon="-72.437029"></trkpt>
  <trkpt lat="42.473583" lon="-72.436815"></trkpt>
  <trkpt lat="42.473412" lon="-72.436601"></trkpt>
  <trkpt lat="42.473226" lon="-72.436368"></trkpt>
  <trkpt lat="42.473041" lon="-72.436133"></trkpt>
  <trkpt lat="42.472857" lon="-72.435895"></trkpt>
  <trkpt lat="42.472673" lon="-72.435658"></trkpt>
  <trkpt lat="42.472489" lon="-72.435422"></trkpt>
  <trkpt lat="42.472302" lon="-72.435189"></trkpt>
  <trkpt lat="42.472403" lon="-72.434904"></trkpt>
  <trkpt lat="42.472502" lon="-72.434616"></trkpt>
  <trkpt lat="42.472594" lon="-72.434325"></trkpt>
  <trkpt lat="42.472684" lon="-72.434033"></trkpt>
  <trkpt lat="42.472780" lon="-72.433744"></trkpt>
  <trkpt lat="42.472874" lon="-72.433454"></trkpt>
  <trkpt lat="42.472966" lon="-72.433163"></trkpt>
  <trkpt lat="42.473058" lon="-72.432871"></trkpt>
  <trkpt lat="42.473147" lon="-72.432578"></trkpt>
  <trkpt lat="42.473234" lon="-72.432284"></trkpt>
  <trkpt lat="42.473327" lon="-72.431968"></trkpt>
  <trkpt lat="42.473436" lon="-72.431660"></trkpt>
  <trkpt lat="42.473558" lon="-72.431362"></trkpt>
  <trkpt lat="42.474063" lon="-72.417300"></trkpt>
  <trkpt lat="42.474061" lon="-72.417225"></trkpt>
  <trkpt lat="42.474128" lon="-72.416519"></trkpt>
  <trkpt lat="42.474203" lon="-72.415813"></trkpt>
  <trkpt lat="42.474338" lon="-72.414772"></trkpt>
  <trkpt lat="42.474432" lon="-72.413960"></trkpt>
  <trkpt lat="42.474532" lon="-72.413660"></trkpt>
  <trkpt lat="42.474579" lon="-72.413337"></trkpt>
  <trkpt lat="42.474595" lon="-72.413007"></trkpt>
  <trkpt lat="42.474606" lon="-72.412677"></trkpt>
  <trkpt lat="42.474628" lon="-72.412348"></trkpt>
  <trkpt lat="42.474664" lon="-72.412021"></trkpt>
  <trkpt lat="42.474685" lon="-72.411691"></trkpt>
  <trkpt lat="42.474702" lon="-72.411361"></trkpt>
  <trkpt lat="42.474720" lon="-72.411031"></trkpt>
  <trkpt lat="42.474718" lon="-72.410828"></trkpt>
  <trkpt lat="42.474634" lon="-72.410486"></trkpt>
  <trkpt lat="42.474473" lon="-72.410198"></trkpt>
  <trkpt lat="42.474303" lon="-72.409916"></trkpt>
  <trkpt lat="42.474108" lon="-72.409665"></trkpt>
  <trkpt lat="42.473915" lon="-72.409410"></trkpt>
  <trkpt lat="42.473735" lon="-72.409135"></trkpt>
  <trkpt lat="42.473550" lon="-72.408865"></trkpt>
  <trkpt lat="42.473735" lon="-72.409135"></trkpt>
  <trkpt lat="42.473915" lon="-72.409410"></trkpt>
  <trkpt lat="42.474108" lon="-72.409665"></trkpt>
  <trkpt lat="42.474303" lon="-72.409916"></trkpt>
  <trkpt lat="42.474473" lon="-72.410198"></trkpt>
  <trkpt lat="42.474634" lon="-72.410486"></trkpt>
  <trkpt lat="42.474724" lon="-72.410827"></trkpt>
  <trkpt lat="42.474729" lon="-72.411031"></trkpt>
  <trkpt lat="42.474712" lon="-72.411345"></trkpt>
  <trkpt lat="42.474685" lon="-72.411868"></trkpt>
  <trkpt lat="42.474668" lon="-72.412092"></trkpt>
  <trkpt lat="42.474637" lon="-72.412350"></trkpt>
  <trkpt lat="42.474628" lon="-72.412477"></trkpt>
  <trkpt lat="42.474611" lon="-72.412724"></trkpt>
  <trkpt lat="42.474605" lon="-72.412964"></trkpt>
  <trkpt lat="42.474598" lon="-72.413202"></trkpt>
  <trkpt lat="42.474573" lon="-72.413530"></trkpt>
  <trkpt lat="42.474502" lon="-72.413816"></trkpt>
  <trkpt lat="42.474436" lon="-72.413960"></trkpt>
  <trkpt lat="42.475705" lon="-72.414321"></trkpt>
  <trkpt lat="42.475942" lon="-72.414381"></trkpt>
  <trkpt lat="42.476058" lon="-72.414408"></trkpt>
  <trkpt lat="42.476719" lon="-72.414524"></trkpt>
  <trkpt lat="42.476948" lon="-72.414077"></trkpt>
  <trkpt lat="42.477121" lon="-72.413758"></trkpt>
  <trkpt lat="42.477158" lon="-72.413700"></trkpt>
  <trkpt lat="42.477184" lon="-72.413666"></trkpt>
  <trkpt lat="42.477193" lon="-72.413654"></trkpt>
  <trkpt lat="42.477207" lon="-72.413643"></trkpt>
  <trkpt lat="42.477222" lon="-72.413635"></trkpt>
  <trkpt lat="42.477243" lon="-72.413630"></trkpt>
  <trkpt lat="42.477271" lon="-72.413620"></trkpt>
  <trkpt lat="42.477298" lon="-72.413610"></trkpt>
  <trkpt lat="42.477321" lon="-72.413592"></trkpt>
  <trkpt lat="42.477343" lon="-72.413565"></trkpt>
  <trkpt lat="42.477418" lon="-72.413458"></trkpt>
  <trkpt lat="42.477470" lon="-72.413360"></trkpt>
  <trkpt lat="42.477524" lon="-72.413236"></trkpt>
  <trkpt lat="42.477547" lon="-72.413185"></trkpt>
  <trkpt lat="42.477566" lon="-72.413132"></trkpt>
  <trkpt lat="42.477578" lon="-72.413087"></trkpt>
  <trkpt lat="42.477587" lon="-72.413038"></trkpt>
  <trkpt lat="42.477591" lon="-72.412991"></trkpt>
  <trkpt lat="42.477592" lon="-72.412945"></trkpt>
  <trkpt lat="42.477591" lon="-72.412899"></trkpt>
  <trkpt lat="42.477588" lon="-72.412858"></trkpt>
  <trkpt lat="42.477521" lon="-72.413232"></trkpt>
  <trkpt lat="42.477426" lon="-72.413459"></trkpt>
  <trkpt lat="42.477343" lon="-72.413561"></trkpt>
  <trkpt lat="42.477234" lon="-72.413618"></trkpt>
  <trkpt lat="42.477129" lon="-72.413735"></trkpt>
  <trkpt lat="42.476957" lon="-72.414078"></trkpt>
  <trkpt lat="42.476728" lon="-72.414525"></trkpt>
  <trkpt lat="42.476862" lon="-72.414545"></trkpt>
  <trkpt lat="42.476996" lon="-72.414566"></trkpt>
  <trkpt lat="42.477130" lon="-72.414587"></trkpt>
  <trkpt lat="42.477264" lon="-72.414610"></trkpt>
  <trkpt lat="42.477397" lon="-72.414644"></trkpt>
  <trkpt lat="42.477529" lon="-72.414685"></trkpt>
  <trkpt lat="42.477659" lon="-72.414730"></trkpt>
  <trkpt lat="42.477788" lon="-72.414783"></trkpt>
  <trkpt lat="42.477913" lon="-72.414852"></trkpt>
  <trkpt lat="42.478034" lon="-72.414933"></trkpt>
  <trkpt lat="42.478152" lon="-72.415023"></trkpt>
  <trkpt lat="42.478264" lon="-72.415124"></trkpt>
  <trkpt lat="42.478370" lon="-72.415237"></trkpt>
  <trkpt lat="42.478470" lon="-72.415359"></trkpt>
  <trkpt lat="42.478569" lon="-72.415483"></trkpt>
  <trkpt lat="42.478658" lon="-72.415621"></trkpt>
  <trkpt lat="42.478747" lon="-72.415759"></trkpt>
  <trkpt lat="42.478835" lon="-72.415897"></trkpt>
  <trkpt lat="42.478951" lon="-72.416079"></trkpt>
  <trkpt lat="42.479017" lon="-72.416166"></trkpt>
  <trkpt lat="42.479110" lon="-72.416299"></trkpt>
  <trkpt lat="42.479203" lon="-72.416431"></trkpt>
  <trkpt lat="42.479298" lon="-72.416560"></trkpt>
  <trkpt lat="42.479396" lon="-72.416686"></trkpt>
  <trkpt lat="42.479494" lon="-72.416811"></trkpt>
  <trkpt lat="42.479591" lon="-72.416937"></trkpt>
  <trkpt lat="42.479690" lon="-72.417063"></trkpt>
  <trkpt lat="42.479787" lon="-72.417189"></trkpt>
  <trkpt lat="42.479880" lon="-72.417322"></trkpt>
  <trkpt lat="42.479972" lon="-72.417455"></trkpt>
  <trkpt lat="42.480064" lon="-72.417588"></trkpt>
  <trkpt lat="42.480118" lon="-72.417675"></trkpt>
  <trkpt lat="42.480167" lon="-72.417774"></trkpt>
  <trkpt lat="42.480268" lon="-72.417968"></trkpt>
  <trkpt lat="42.480517" lon="-72.418016"></trkpt>
  <trkpt lat="42.480755" lon="-72.418077"></trkpt>
  <trkpt lat="42.481082" lon="-72.418183"></trkpt>
  <trkpt lat="42.481412" lon="-72.418257"></trkpt>
  <trkpt lat="42.481782" lon="-72.418315"></trkpt>
  <trkpt lat="42.482105" lon="-72.418344"></trkpt>
  <trkpt lat="42.482342" lon="-72.418411"></trkpt>
  <trkpt lat="42.482582" lon="-72.418448"></trkpt>
  <trkpt lat="42.482824" lon="-72.418437"></trkpt>
  <trkpt lat="42.483052" lon="-72.418404"></trkpt>
  <trkpt lat="42.483282" lon="-72.418378"></trkpt>
  <trkpt lat="42.483691" lon="-72.418329"></trkpt>
  <trkpt lat="42.483920" lon="-72.418289"></trkpt>
  <trkpt lat="42.484149" lon="-72.418304"></trkpt>
  <trkpt lat="42.484374" lon="-72.418366"></trkpt>
  <trkpt lat="42.484602" lon="-72.418413"></trkpt>
  <trkpt lat="42.484829" lon="-72.418464"></trkpt>
  <trkpt lat="42.485051" lon="-72.418543"></trkpt>
  <trkpt lat="42.485161" lon="-72.418596"></trkpt>
  <trkpt lat="42.485284" lon="-72.418672"></trkpt>
  <trkpt lat="42.485407" lon="-72.418749"></trkpt>
  <trkpt lat="42.485535" lon="-72.418806"></trkpt>
  <trkpt lat="42.485666" lon="-72.418849"></trkpt>
  <trkpt lat="42.485799" lon="-72.418874"></trkpt>
  <trkpt lat="42.485932" lon="-72.418907"></trkpt>
  <trkpt lat="42.486061" lon="-72.418959"></trkpt>
  <trkpt lat="42.486186" lon="-72.419030"></trkpt>
  <trkpt lat="42.486307" lon="-72.419111"></trkpt>
  <trkpt lat="42.486429" lon="-72.419189"></trkpt>
  <trkpt lat="42.486553" lon="-72.419262"></trkpt>
  <trkpt lat="42.486680" lon="-72.419325"></trkpt>
  <trkpt lat="42.486805" lon="-72.419390"></trkpt>
  <trkpt lat="42.486924" lon="-72.419476"></trkpt>
  <trkpt lat="42.487032" lon="-72.419586"></trkpt>
  <trkpt lat="42.487128" lon="-72.419714"></trkpt>
  <trkpt lat="42.487226" lon="-72.419840"></trkpt>
  <trkpt lat="42.487331" lon="-72.419953"></trkpt>
  <trkpt lat="42.487437" lon="-72.420067"></trkpt>
  <trkpt lat="42.487548" lon="-72.420171"></trkpt>
  <trkpt lat="42.487673" lon="-72.420239"></trkpt>
  <trkpt lat="42.487805" lon="-72.420271"></trkpt>
  <trkpt lat="42.487937" lon="-72.420311"></trkpt>
  <trkpt lat="42.488067" lon="-72.420363"></trkpt>
  <trkpt lat="42.488194" lon="-72.420422"></trkpt>
  <trkpt lat="42.488309" lon="-72.420515"></trkpt>
  <trkpt lat="42.488399" lon="-72.420651"></trkpt>
  <trkpt lat="42.488523" lon="-72.420712"></trkpt>
  <trkpt lat="42.488654" lon="-72.420682"></trkpt>
  <trkpt lat="42.488764" lon="-72.420579"></trkpt>
  <trkpt lat="42.488878" lon="-72.420482"></trkpt>
  <trkpt lat="42.488997" lon="-72.420396"></trkpt>
  <trkpt lat="42.489054" lon="-72.420355"></trkpt>
  <trkpt lat="42.489064" lon="-72.420344"></trkpt>
  <trkpt lat="42.489073" lon="-72.420334"></trkpt>
  <trkpt lat="42.489083" lon="-72.420323"></trkpt>
  <trkpt lat="42.489118" lon="-72.420297"></trkpt>
  <trkpt lat="42.489156" lon="-72.420276"></trkpt>
  <trkpt lat="42.489195" lon="-72.420262"></trkpt>
  <trkpt lat="42.489222" lon="-72.420254"></trkpt>
  <trkpt lat="42.489251" lon="-72.420249"></trkpt>
  <trkpt lat="42.489279" lon="-72.420246"></trkpt>
  <trkpt lat="42.489313" lon="-72.420246"></trkpt>
  <trkpt lat="42.489347" lon="-72.420249"></trkpt>
  <trkpt lat="42.489381" lon="-72.420253"></trkpt>
  <trkpt lat="42.489419" lon="-72.420256"></trkpt>
  <trkpt lat="42.489458" lon="-72.420260"></trkpt>
  <trkpt lat="42.489496" lon="-72.420268"></trkpt>
  <trkpt lat="42.489536" lon="-72.420283"></trkpt>
  <trkpt lat="42.489575" lon="-72.420303"></trkpt>
  <trkpt lat="42.489614" lon="-72.420324"></trkpt>
  <trkpt lat="42.489678" lon="-72.420366"></trkpt>
  <trkpt lat="42.489740" lon="-72.420415"></trkpt>
  <trkpt lat="42.489799" lon="-72.420469"></trkpt>
  <trkpt lat="42.489849" lon="-72.420522"></trkpt>
  <trkpt lat="42.489898" lon="-72.420579"></trkpt>
  <trkpt lat="42.489942" lon="-72.420643"></trkpt>
  <trkpt lat="42.489975" lon="-72.420702"></trkpt>
  <trkpt lat="42.490004" lon="-72.420766"></trkpt>
  <trkpt lat="42.490029" lon="-72.420832"></trkpt>
  <trkpt lat="42.490046" lon="-72.420886"></trkpt>
  <trkpt lat="42.490061" lon="-72.420942"></trkpt>
  <trkpt lat="42.490074" lon="-72.420999"></trkpt>
  <trkpt lat="42.490084" lon="-72.421055"></trkpt>
  <trkpt lat="42.490092" lon="-72.421112"></trkpt>
  <trkpt lat="42.490104" lon="-72.421167"></trkpt>
  <trkpt lat="42.490115" lon="-72.421203"></trkpt>
  <trkpt lat="42.490127" lon="-72.421238"></trkpt>
  <trkpt lat="42.490142" lon="-72.421270"></trkpt>
  <trkpt lat="42.490158" lon="-72.421295"></trkpt>
  <trkpt lat="42.490177" lon="-72.421318"></trkpt>
  <trkpt lat="42.490197" lon="-72.421336"></trkpt>
  <trkpt lat="42.490218" lon="-72.421346"></trkpt>
  <trkpt lat="42.490241" lon="-72.421351"></trkpt>
  <trkpt lat="42.490263" lon="-72.421355"></trkpt>
  <trkpt lat="42.490311" lon="-72.421363"></trkpt>
  <trkpt lat="42.490359" lon="-72.421366"></trkpt>
  <trkpt lat="42.490407" lon="-72.421368"></trkpt>
  <trkpt lat="42.490464" lon="-72.421371"></trkpt>
  <trkpt lat="42.490521" lon="-72.421372"></trkpt>
  <trkpt lat="42.490579" lon="-72.421372"></trkpt>
  <trkpt lat="42.490641" lon="-72.421368"></trkpt>
  <trkpt lat="42.490702" lon="-72.421362"></trkpt>
  <trkpt lat="42.490764" lon="-72.421356"></trkpt>
  <trkpt lat="42.490825" lon="-72.421351"></trkpt>
  <trkpt lat="42.490885" lon="-72.421346"></trkpt>
  <trkpt lat="42.490946" lon="-72.421339"></trkpt>
  <trkpt lat="42.491001" lon="-72.421330"></trkpt>
  <trkpt lat="42.491056" lon="-72.421320"></trkpt>
  <trkpt lat="42.491111" lon="-72.421312"></trkpt>
  <trkpt lat="42.491192" lon="-72.421311"></trkpt>
  <trkpt lat="42.491275" lon="-72.421314"></trkpt>
  <trkpt lat="42.491357" lon="-72.421311"></trkpt>
  <trkpt lat="42.491412" lon="-72.421301"></trkpt>
  <trkpt lat="42.491468" lon="-72.421289"></trkpt>
  <trkpt lat="42.491523" lon="-72.421277"></trkpt>
  <trkpt lat="42.491569" lon="-72.421269"></trkpt>
  <trkpt lat="42.491615" lon="-72.421262"></trkpt>
  <trkpt lat="42.491661" lon="-72.421248"></trkpt>
  <trkpt lat="42.491690" lon="-72.421235"></trkpt>
  <trkpt lat="42.491720" lon="-72.421219"></trkpt>
  <trkpt lat="42.491747" lon="-72.421198"></trkpt>
  <trkpt lat="42.491769" lon="-72.421174"></trkpt>
  <trkpt lat="42.491790" lon="-72.421146"></trkpt>
  <trkpt lat="42.491811" lon="-72.421118"></trkpt>
  <trkpt lat="42.491846" lon="-72.421077"></trkpt>
  <trkpt lat="42.491881" lon="-72.421038"></trkpt>
  <trkpt lat="42.491917" lon="-72.420999"></trkpt>
  <trkpt lat="42.491969" lon="-72.420948"></trkpt>
  <trkpt lat="42.492022" lon="-72.420899"></trkpt>
  <trkpt lat="42.492075" lon="-72.420851"></trkpt>
  <trkpt lat="42.492132" lon="-72.420800"></trkpt>
  <trkpt lat="42.492188" lon="-72.420749"></trkpt>
  <trkpt lat="42.492246" lon="-72.420701"></trkpt>
  <trkpt lat="42.492319" lon="-72.420643"></trkpt>
  <trkpt lat="42.492394" lon="-72.420588"></trkpt>
  <trkpt lat="42.492470" lon="-72.420535"></trkpt>
  <trkpt lat="42.492513" lon="-72.420508"></trkpt>
  <trkpt lat="42.492559" lon="-72.420478"></trkpt>
  <trkpt lat="42.492784" lon="-72.420776"></trkpt>
  <trkpt lat="42.492962" lon="-72.420995"></trkpt>
  <trkpt lat="42.493191" lon="-72.421094"></trkpt>
  <trkpt lat="42.493427" lon="-72.421173"></trkpt>
  <trkpt lat="42.493662" lon="-72.421253"></trkpt>
  <trkpt lat="42.493902" lon="-72.421299"></trkpt>
  <trkpt lat="42.494143" lon="-72.421345"></trkpt>
  <trkpt lat="42.494383" lon="-72.421391"></trkpt>
  <trkpt lat="42.494623" lon="-72.421437"></trkpt>
  <trkpt lat="42.494864" lon="-72.421483"></trkpt>
  <trkpt lat="42.494900" lon="-72.421140"></trkpt>
  <trkpt lat="42.494897" lon="-72.420825"></trkpt>
  <trkpt lat="42.494895" lon="-72.420510"></trkpt>
  <trkpt lat="42.494892" lon="-72.420195"></trkpt>
  <trkpt lat="42.494890" lon="-72.419880"></trkpt>
  <trkpt lat="42.494887" lon="-72.419566"></trkpt>
  <trkpt lat="42.494885" lon="-72.419251"></trkpt>
  <trkpt lat="42.494882" lon="-72.418936"></trkpt>
  <trkpt lat="42.494879" lon="-72.418621"></trkpt>
  <trkpt lat="42.494727" lon="-72.418331"></trkpt>
  <trkpt lat="42.494537" lon="-72.418081"></trkpt>
  <trkpt lat="42.494359" lon="-72.417818"></trkpt>
  <trkpt lat="42.494414" lon="-72.417539"></trkpt>
  <trkpt lat="42.494359" lon="-72.417818"></trkpt>
  <trkpt lat="42.494537" lon="-72.418081"></trkpt>
  <trkpt lat="42.494727" lon="-72.418331"></trkpt>
  <trkpt lat="42.494879" lon="-72.418621"></trkpt>
  <trkpt lat="42.494882" lon="-72.418936"></trkpt>
  <trkpt lat="42.494885" lon="-72.419251"></trkpt>
  <trkpt lat="42.494887" lon="-72.419566"></trkpt>
  <trkpt lat="42.494890" lon="-72.419880"></trkpt>
  <trkpt lat="42.494892" lon="-72.420195"></trkpt>
  <trkpt lat="42.494895" lon="-72.420510"></trkpt>
  <trkpt lat="42.494897" lon="-72.420825"></trkpt>
  <trkpt lat="42.494900" lon="-72.421140"></trkpt>
  <trkpt lat="42.494864" lon="-72.421483"></trkpt>
  <trkpt lat="42.494623" lon="-72.421437"></trkpt>
  <trkpt lat="42.494383" lon="-72.421391"></trkpt>
  <trkpt lat="42.494143" lon="-72.421345"></trkpt>
  <trkpt lat="42.493902" lon="-72.421299"></trkpt>
  <trkpt lat="42.493662" lon="-72.421253"></trkpt>
  <trkpt lat="42.493427" lon="-72.421173"></trkpt>
  <trkpt lat="42.493191" lon="-72.421094"></trkpt>
  <trkpt lat="42.492962" lon="-72.420995"></trkpt>
  <trkpt lat="42.492784" lon="-72.420776"></trkpt>
  <trkpt lat="42.492605" lon="-72.420559"></trkpt>
  <trkpt lat="42.492596" lon="-72.420450"></trkpt>
  <trkpt lat="42.492642" lon="-72.420400"></trkpt>
  <trkpt lat="42.492685" lon="-72.420345"></trkpt>
  <trkpt lat="42.492729" lon="-72.420293"></trkpt>
  <trkpt lat="42.492764" lon="-72.420262"></trkpt>
  <trkpt lat="42.492800" lon="-72.420233"></trkpt>
  <trkpt lat="42.492835" lon="-72.420203"></trkpt>
  <trkpt lat="42.492872" lon="-72.420169"></trkpt>
  <trkpt lat="42.492908" lon="-72.420134"></trkpt>
  <trkpt lat="42.492943" lon="-72.420097"></trkpt>
  <trkpt lat="42.492994" lon="-72.420035"></trkpt>
  <trkpt lat="42.493040" lon="-72.419967"></trkpt>
  <trkpt lat="42.493088" lon="-72.419900"></trkpt>
  <trkpt lat="42.493175" lon="-72.419783"></trkpt>
  <trkpt lat="42.493262" lon="-72.419667"></trkpt>
  <trkpt lat="42.493351" lon="-72.419551"></trkpt>
  <trkpt lat="42.493432" lon="-72.419442"></trkpt>
  <trkpt lat="42.493514" lon="-72.419334"></trkpt>
  <trkpt lat="42.493599" lon="-72.419230"></trkpt>
  <trkpt lat="42.493647" lon="-72.419177"></trkpt>
  <trkpt lat="42.493696" lon="-72.419125"></trkpt>
  <trkpt lat="42.493746" lon="-72.419076"></trkpt>
  <trkpt lat="42.493798" lon="-72.419031"></trkpt>
  <trkpt lat="42.493851" lon="-72.418988"></trkpt>
  <trkpt lat="42.493904" lon="-72.418945"></trkpt>
  <trkpt lat="42.493851" lon="-72.418988"></trkpt>
  <trkpt lat="42.493798" lon="-72.419031"></trkpt>
  <trkpt lat="42.493746" lon="-72.419076"></trkpt>
  <trkpt lat="42.493696" lon="-72.419125"></trkpt>
  <trkpt lat="42.493647" lon="-72.419177"></trkpt>
  <trkpt lat="42.493599" lon="-72.419230"></trkpt>
  <trkpt lat="42.493514" lon="-72.419334"></trkpt>
  <trkpt lat="42.493432" lon="-72.419442"></trkpt>
  <trkpt lat="42.493351" lon="-72.419551"></trkpt>
  <trkpt lat="42.493262" lon="-72.419667"></trkpt>
  <trkpt lat="42.493175" lon="-72.419783"></trkpt>
  <trkpt lat="42.493088" lon="-72.419900"></trkpt>
  <trkpt lat="42.493040" lon="-72.419967"></trkpt>
  <trkpt lat="42.492994" lon="-72.420035"></trkpt>
  <trkpt lat="42.492943" lon="-72.420097"></trkpt>
  <trkpt lat="42.492908" lon="-72.420134"></trkpt>
  <trkpt lat="42.492872" lon="-72.420169"></trkpt>
  <trkpt lat="42.492835" lon="-72.420203"></trkpt>
  <trkpt lat="42.492800" lon="-72.420233"></trkpt>
  <trkpt lat="42.492764" lon="-72.420262"></trkpt>
  <trkpt lat="42.492729" lon="-72.420293"></trkpt>
  <trkpt lat="42.492685" lon="-72.420345"></trkpt>
  <trkpt lat="42.492642" lon="-72.420400"></trkpt>
  <trkpt lat="42.492596" lon="-72.420450"></trkpt>
  <trkpt lat="42.492559" lon="-72.420478"></trkpt>
  <trkpt lat="42.492719" lon="-72.420694"></trkpt>
  <trkpt lat="42.492878" lon="-72.420911"></trkpt>
  <trkpt lat="42.493074" lon="-72.421058"></trkpt>
  <trkpt lat="42.493293" lon="-72.421133"></trkpt>
  <trkpt lat="42.493513" lon="-72.421207"></trkpt>
  <trkpt lat="42.493734" lon="-72.421269"></trkpt>
  <trkpt lat="42.493958" lon="-72.421314"></trkpt>
  <trkpt lat="42.494183" lon="-72.421346"></trkpt>
  <trkpt lat="42.494407" lon="-72.421389"></trkpt>
  <trkpt lat="42.494630" lon="-72.421438"></trkpt>
  <trkpt lat="42.494852" lon="-72.421498"></trkpt>
  <trkpt lat="42.495107" lon="-72.421534"></trkpt>
  <trkpt lat="42.495355" lon="-72.421452"></trkpt>
  <trkpt lat="42.495597" lon="-72.421336"></trkpt>
  <trkpt lat="42.495836" lon="-72.421289"></trkpt>
  <trkpt lat="42.496076" lon="-72.421254"></trkpt>
  <trkpt lat="42.496318" lon="-72.421277"></trkpt>
  <trkpt lat="42.496542" lon="-72.421402"></trkpt>
  <trkpt lat="42.496770" lon="-72.421511"></trkpt>
  <trkpt lat="42.497003" lon="-72.421601"></trkpt>
  <trkpt lat="42.497238" lon="-72.421679"></trkpt>
  <trkpt lat="42.497471" lon="-72.421771"></trkpt>
  <trkpt lat="42.497703" lon="-72.421867"></trkpt>
  <trkpt lat="42.497950" lon="-72.421951"></trkpt>
  <trkpt lat="42.498201" lon="-72.422012"></trkpt>
  <trkpt lat="42.498451" lon="-72.422081"></trkpt>
  <trkpt lat="42.498678" lon="-72.422234"></trkpt>
  <trkpt lat="42.498871" lon="-72.422459"></trkpt>
  <trkpt lat="42.499068" lon="-72.422677"></trkpt>
  <trkpt lat="42.499408" lon="-72.423007"></trkpt>
  <trkpt lat="42.499399" lon="-72.422991"></trkpt>
  <trkpt lat="42.499362" lon="-72.422956"></trkpt>
  <trkpt lat="42.499326" lon="-72.422921"></trkpt>
  <trkpt lat="42.499289" lon="-72.422886"></trkpt>
  <trkpt lat="42.499252" lon="-72.422851"></trkpt>
  <trkpt lat="42.499215" lon="-72.422816"></trkpt>
  <trkpt lat="42.499178" lon="-72.422782"></trkpt>
  <trkpt lat="42.499141" lon="-72.422747"></trkpt>
  <trkpt lat="42.499104" lon="-72.422712"></trkpt>
  <trkpt lat="42.499074" lon="-72.422683"></trkpt>
  <trkpt lat="42.499068" lon="-72.422677"></trkpt>
  <trkpt lat="42.499103" lon="-72.422769"></trkpt>
  <trkpt lat="42.499133" lon="-72.422856"></trkpt>
  <trkpt lat="42.499165" lon="-72.422940"></trkpt>
  <trkpt lat="42.499188" lon="-72.422991"></trkpt>
  <trkpt lat="42.499212" lon="-72.423041"></trkpt>
  <trkpt lat="42.499237" lon="-72.423091"></trkpt>
  <trkpt lat="42.499266" lon="-72.423147"></trkpt>
  <trkpt lat="42.499295" lon="-72.423203"></trkpt>
  <trkpt lat="42.499325" lon="-72.423259"></trkpt>
  <trkpt lat="42.499381" lon="-72.423574"></trkpt>
  <trkpt lat="42.499507" lon="-72.423850"></trkpt>
  <trkpt lat="42.499588" lon="-72.424155"></trkpt>
  <trkpt lat="42.499666" lon="-72.424463"></trkpt>
  <trkpt lat="42.499772" lon="-72.424754"></trkpt>
  <trkpt lat="42.499875" lon="-72.425048"></trkpt>
  <trkpt lat="42.499975" lon="-72.425344"></trkpt>
  <trkpt lat="42.500205" lon="-72.425509"></trkpt>
  <trkpt lat="42.500437" lon="-72.425613"></trkpt>
  <trkpt lat="42.500662" lon="-72.425738"></trkpt>
  <trkpt lat="42.500880" lon="-72.425886"></trkpt>
  <trkpt lat="42.501088" lon="-72.426059"></trkpt>
  <trkpt lat="42.501311" lon="-72.426189"></trkpt>
  <trkpt lat="42.501542" lon="-72.426297"></trkpt>
  <trkpt lat="42.501773" lon="-72.426403"></trkpt>
  <trkpt lat="42.502003" lon="-72.426510"></trkpt>
  <trkpt lat="42.502368" lon="-72.426787"></trkpt>
  <trkpt lat="42.502609" lon="-72.426767"></trkpt>
  <trkpt lat="42.502839" lon="-72.426784"></trkpt>
  <trkpt lat="42.503062" lon="-72.426878"></trkpt>
  <trkpt lat="42.503289" lon="-72.426958"></trkpt>
  <trkpt lat="42.503515" lon="-72.427040"></trkpt>
  <trkpt lat="42.503742" lon="-72.427116"></trkpt>
  <trkpt lat="42.503972" lon="-72.427181"></trkpt>
  <trkpt lat="42.504198" lon="-72.427259"></trkpt>
  <trkpt lat="42.504424" lon="-72.427346"></trkpt>
  <trkpt lat="42.504654" lon="-72.427398"></trkpt>
  <trkpt lat="42.504887" lon="-72.427432"></trkpt>
  <trkpt lat="42.505121" lon="-72.427447"></trkpt>
  <trkpt lat="42.505081" lon="-72.427771"></trkpt>
  <trkpt lat="42.505043" lon="-72.427921"></trkpt>
  <trkpt lat="42.504980" lon="-72.428031"></trkpt>
  <trkpt lat="42.504923" lon="-72.428089"></trkpt>
  <trkpt lat="42.504760" lon="-72.428178"></trkpt>
  <trkpt lat="42.504560" lon="-72.428249"></trkpt>
  <trkpt lat="42.504620" lon="-72.428223"></trkpt>
  <trkpt lat="42.504696" lon="-72.428206"></trkpt>
  <trkpt lat="42.504768" lon="-72.428179"></trkpt>
  <trkpt lat="42.504806" lon="-72.428158"></trkpt>
  <trkpt lat="42.504843" lon="-72.428134"></trkpt>
  <trkpt lat="42.504879" lon="-72.428108"></trkpt>
  <trkpt lat="42.504908" lon="-72.428089"></trkpt>
  <trkpt lat="42.504936" lon="-72.428068"></trkpt>
  <trkpt lat="42.504962" lon="-72.428043"></trkpt>
  <trkpt lat="42.504977" lon="-72.428024"></trkpt>
  <trkpt lat="42.504991" lon="-72.428002"></trkpt>
  <trkpt lat="42.505003" lon="-72.427979"></trkpt>
  <trkpt lat="42.505013" lon="-72.427954"></trkpt>
  <trkpt lat="42.505021" lon="-72.427926"></trkpt>
  <trkpt lat="42.505029" lon="-72.427899"></trkpt>
  <trkpt lat="42.505039" lon="-72.427865"></trkpt>
  <trkpt lat="42.505048" lon="-72.427832"></trkpt>
  <trkpt lat="42.505057" lon="-72.427799"></trkpt>
  <trkpt lat="42.505068" lon="-72.427760"></trkpt>
  <trkpt lat="42.505078" lon="-72.427721"></trkpt>
  <trkpt lat="42.505088" lon="-72.427682"></trkpt>
  <trkpt lat="42.505102" lon="-72.427604"></trkpt>
  <trkpt lat="42.505111" lon="-72.427526"></trkpt>
  <trkpt lat="42.505121" lon="-72.427447"></trkpt>
  <trkpt lat="42.505633" lon="-72.427463"></trkpt>
  <trkpt lat="42.505984" lon="-72.427375"></trkpt>
  <trkpt lat="42.506366" lon="-72.427382"></trkpt>
  <trkpt lat="42.506762" lon="-72.427518"></trkpt>
  <trkpt lat="42.507471" lon="-72.428069"></trkpt>
  <trkpt lat="42.507622" lon="-72.428231"></trkpt>
  <trkpt lat="42.507332" lon="-72.428383"></trkpt>
  <trkpt lat="42.507070" lon="-72.428457"></trkpt>
  <trkpt lat="42.506818" lon="-72.428452"></trkpt>
  <trkpt lat="42.506567" lon="-72.428447"></trkpt>
  <trkpt lat="42.506316" lon="-72.428441"></trkpt>
  <trkpt lat="42.507070" lon="-72.428457"></trkpt>
  <trkpt lat="42.507332" lon="-72.428383"></trkpt>
  <trkpt lat="42.507409" lon="-72.428294"></trkpt>
  <trkpt lat="42.507519" lon="-72.428121"></trkpt>
  <trkpt lat="42.507522" lon="-72.428117"></trkpt>
  <trkpt lat="42.507519" lon="-72.428121"></trkpt>
  <trkpt lat="42.507409" lon="-72.428294"></trkpt>
  <trkpt lat="42.507336" lon="-72.428396"></trkpt>
  <trkpt lat="42.507619" lon="-72.428236"></trkpt>
  <trkpt lat="42.507806" lon="-72.428438"></trkpt>
  <trkpt lat="42.507985" lon="-72.428654"></trkpt>
  <trkpt lat="42.508095" lon="-72.428932"></trkpt>
  <trkpt lat="42.507985" lon="-72.428654"></trkpt>
  <trkpt lat="42.507806" lon="-72.428438"></trkpt>
  <trkpt lat="42.507622" lon="-72.428231"></trkpt>
  <trkpt lat="42.507476" lon="-72.428066"></trkpt>
  <trkpt lat="42.507381" lon="-72.427958"></trkpt>
  <trkpt lat="42.507059" lon="-72.427579"></trkpt>
  <trkpt lat="42.506771" lon="-72.427519"></trkpt>
  <trkpt lat="42.506375" lon="-72.427383"></trkpt>
  <trkpt lat="42.506290" lon="-72.427377"></trkpt>
  <trkpt lat="42.506205" lon="-72.427372"></trkpt>
  <trkpt lat="42.506120" lon="-72.427370"></trkpt>
  <trkpt lat="42.506078" lon="-72.427371"></trkpt>
  <trkpt lat="42.506035" lon="-72.427372"></trkpt>
  <trkpt lat="42.505993" lon="-72.427376"></trkpt>
  <trkpt lat="42.505950" lon="-72.427385"></trkpt>
  <trkpt lat="42.505909" lon="-72.427397"></trkpt>
  <trkpt lat="42.505867" lon="-72.427409"></trkpt>
  <trkpt lat="42.505827" lon="-72.427423"></trkpt>
  <trkpt lat="42.505787" lon="-72.427437"></trkpt>
  <trkpt lat="42.505747" lon="-72.427448"></trkpt>
  <trkpt lat="42.505712" lon="-72.427455"></trkpt>
  <trkpt lat="42.505677" lon="-72.427460"></trkpt>
  <trkpt lat="42.505641" lon="-72.427464"></trkpt>
  <trkpt lat="42.505596" lon="-72.427465"></trkpt>
  <trkpt lat="42.505552" lon="-72.427464"></trkpt>
  <trkpt lat="42.505507" lon="-72.427462"></trkpt>
  <trkpt lat="42.505447" lon="-72.427459"></trkpt>
  <trkpt lat="42.505386" lon="-72.427454"></trkpt>
  <trkpt lat="42.505326" lon="-72.427451"></trkpt>
  <trkpt lat="42.505259" lon="-72.427449"></trkpt>
  <trkpt lat="42.505193" lon="-72.427448"></trkpt>
  <trkpt lat="42.505121" lon="-72.427447"></trkpt>
  <trkpt lat="42.504887" lon="-72.427432"></trkpt>
  <trkpt lat="42.504654" lon="-72.427398"></trkpt>
  <trkpt lat="42.504424" lon="-72.427346"></trkpt>
  <trkpt lat="42.504198" lon="-72.427259"></trkpt>
  <trkpt lat="42.503972" lon="-72.427181"></trkpt>
  <trkpt lat="42.503742" lon="-72.427116"></trkpt>
  <trkpt lat="42.503515" lon="-72.427040"></trkpt>
  <trkpt lat="42.503289" lon="-72.426958"></trkpt>
  <trkpt lat="42.503062" lon="-72.426878"></trkpt>
  <trkpt lat="42.502839" lon="-72.426784"></trkpt>
  <trkpt lat="42.502609" lon="-72.426767"></trkpt>
  <trkpt lat="42.502368" lon="-72.426787"></trkpt>
  <trkpt lat="42.502003" lon="-72.426510"></trkpt>
  <trkpt lat="42.501773" lon="-72.426403"></trkpt>
  <trkpt lat="42.501542" lon="-72.426297"></trkpt>
  <trkpt lat="42.501311" lon="-72.426189"></trkpt>
  <trkpt lat="42.501088" lon="-72.426059"></trkpt>
  <trkpt lat="42.500880" lon="-72.425886"></trkpt>
  <trkpt lat="42.500662" lon="-72.425738"></trkpt>
  <trkpt lat="42.500437" lon="-72.425613"></trkpt>
  <trkpt lat="42.500205" lon="-72.425509"></trkpt>
  <trkpt lat="42.499989" lon="-72.425367"></trkpt>
  <trkpt lat="42.499728" lon="-72.425368"></trkpt>
  <trkpt lat="42.499383" lon="-72.425382"></trkpt>
  <trkpt lat="42.499728" lon="-72.425368"></trkpt>
  <trkpt lat="42.499975" lon="-72.425343"></trkpt>
  <trkpt lat="42.499698" lon="-72.425326"></trkpt>
  <trkpt lat="42.499410" lon="-72.425280"></trkpt>
  <trkpt lat="42.499235" lon="-72.425196"></trkpt>
  <trkpt lat="42.497627" lon="-72.424903"></trkpt>
  <trkpt lat="42.497714" lon="-72.424841"></trkpt>
  <trkpt lat="42.497802" lon="-72.424779"></trkpt>
  <trkpt lat="42.497891" lon="-72.424726"></trkpt>
  <trkpt lat="42.497957" lon="-72.424694"></trkpt>
  <trkpt lat="42.498024" lon="-72.424667"></trkpt>
  <trkpt lat="42.498092" lon="-72.424649"></trkpt>
  <trkpt lat="42.498131" lon="-72.424643"></trkpt>
  <trkpt lat="42.498170" lon="-72.424641"></trkpt>
  <trkpt lat="42.498210" lon="-72.424642"></trkpt>
  <trkpt lat="42.498275" lon="-72.424653"></trkpt>
  <trkpt lat="42.498341" lon="-72.424672"></trkpt>
  <trkpt lat="42.498406" lon="-72.424692"></trkpt>
  <trkpt lat="42.498449" lon="-72.424706"></trkpt>
  <trkpt lat="42.498492" lon="-72.424721"></trkpt>
  <trkpt lat="42.498535" lon="-72.424732"></trkpt>
  <trkpt lat="42.498567" lon="-72.424737"></trkpt>
  <trkpt lat="42.498599" lon="-72.424739"></trkpt>
  <trkpt lat="42.498631" lon="-72.424740"></trkpt>
  <trkpt lat="42.498659" lon="-72.424739"></trkpt>
  <trkpt lat="42.498688" lon="-72.424738"></trkpt>
  <trkpt lat="42.498716" lon="-72.424732"></trkpt>
  <trkpt lat="42.498742" lon="-72.424723"></trkpt>
  <trkpt lat="42.498767" lon="-72.424712"></trkpt>
  <trkpt lat="42.498790" lon="-72.424697"></trkpt>
  <trkpt lat="42.498814" lon="-72.424678"></trkpt>
  <trkpt lat="42.498837" lon="-72.424655"></trkpt>
  <trkpt lat="42.498857" lon="-72.424630"></trkpt>
  <trkpt lat="42.498879" lon="-72.424598"></trkpt>
  <trkpt lat="42.498899" lon="-72.424561"></trkpt>
  <trkpt lat="42.498916" lon="-72.424523"></trkpt>
  <trkpt lat="42.498930" lon="-72.424479"></trkpt>
  <trkpt lat="42.498940" lon="-72.424431"></trkpt>
  <trkpt lat="42.498951" lon="-72.424385"></trkpt>
  <trkpt lat="42.498977" lon="-72.424297"></trkpt>
  <trkpt lat="42.499005" lon="-72.424211"></trkpt>
  <trkpt lat="42.499034" lon="-72.424125"></trkpt>
  <trkpt lat="42.499067" lon="-72.424028"></trkpt>
  <trkpt lat="42.499101" lon="-72.423933"></trkpt>
  <trkpt lat="42.499135" lon="-72.423837"></trkpt>
  <trkpt lat="42.499162" lon="-72.423755"></trkpt>
  <trkpt lat="42.499190" lon="-72.423673"></trkpt>
  <trkpt lat="42.499220" lon="-72.423592"></trkpt>
  <trkpt lat="42.499240" lon="-72.423541"></trkpt>
  <trkpt lat="42.499262" lon="-72.423491"></trkpt>
  <trkpt lat="42.499281" lon="-72.423439"></trkpt>
  <trkpt lat="42.499293" lon="-72.423390"></trkpt>
  <trkpt lat="42.499303" lon="-72.423341"></trkpt>
  <trkpt lat="42.499315" lon="-72.423293"></trkpt>
  <trkpt lat="42.499325" lon="-72.423259"></trkpt>
  <trkpt lat="42.499336" lon="-72.423225"></trkpt>
  <trkpt lat="42.499348" lon="-72.423191"></trkpt>
  <trkpt lat="42.499370" lon="-72.423130"></trkpt>
  <trkpt lat="42.499393" lon="-72.423069"></trkpt>
  <trkpt lat="42.499417" lon="-72.423008"></trkpt>
  <trkpt lat="42.499642" lon="-72.423239"></trkpt>
  <trkpt lat="42.499867" lon="-72.423470"></trkpt>
  <trkpt lat="42.500053" lon="-72.423660"></trkpt>
  <trkpt lat="42.500244" lon="-72.423842"></trkpt>
  <trkpt lat="42.500439" lon="-72.424014"></trkpt>
  <trkpt lat="42.500644" lon="-72.424167"></trkpt>
  <trkpt lat="42.500851" lon="-72.424311"></trkpt>
  <trkpt lat="42.501049" lon="-72.424477"></trkpt>
  <trkpt lat="42.501236" lon="-72.424665"></trkpt>
  <trkpt lat="42.501443" lon="-72.424811"></trkpt>
  <trkpt lat="42.501665" lon="-72.424904"></trkpt>
  <trkpt lat="42.501897" lon="-72.424936"></trkpt>
  <trkpt lat="42.502130" lon="-72.424956"></trkpt>
  <trkpt lat="42.502363" lon="-72.424966"></trkpt>
  <trkpt lat="42.502597" lon="-72.424977"></trkpt>
  <trkpt lat="42.502829" lon="-72.425008"></trkpt>
  <trkpt lat="42.503061" lon="-72.425039"></trkpt>
  <trkpt lat="42.503293" lon="-72.425071"></trkpt>
  <trkpt lat="42.503524" lon="-72.425118"></trkpt>
  <trkpt lat="42.503750" lon="-72.425197"></trkpt>
  <trkpt lat="42.503977" lon="-72.425271"></trkpt>
  <trkpt lat="42.504209" lon="-72.425307"></trkpt>
  <trkpt lat="42.504441" lon="-72.425337"></trkpt>
  <trkpt lat="42.504674" lon="-72.425357"></trkpt>
  <trkpt lat="42.504907" lon="-72.425362"></trkpt>
  <trkpt lat="42.505140" lon="-72.425368"></trkpt>
  <trkpt lat="42.505374" lon="-72.425377"></trkpt>
  <trkpt lat="42.505607" lon="-72.425388"></trkpt>
  <trkpt lat="42.505502" lon="-72.425668"></trkpt>
  <trkpt lat="42.505354" lon="-72.425911"></trkpt>
  <trkpt lat="42.505166" lon="-72.426097"></trkpt>
  <trkpt lat="42.504941" lon="-72.426168"></trkpt>
  <trkpt lat="42.504707" lon="-72.426183"></trkpt>
  <trkpt lat="42.504474" lon="-72.426158"></trkpt>
  <trkpt lat="42.504243" lon="-72.426103"></trkpt>
  <trkpt lat="42.504013" lon="-72.426047"></trkpt>
  <trkpt lat="42.503757" lon="-72.426012"></trkpt>
  <trkpt lat="42.503501" lon="-72.425977"></trkpt>
  <trkpt lat="42.503757" lon="-72.426012"></trkpt>
  <trkpt lat="42.504013" lon="-72.426047"></trkpt>
  <trkpt lat="42.504243" lon="-72.426103"></trkpt>
  <trkpt lat="42.504474" lon="-72.426158"></trkpt>
  <trkpt lat="42.504707" lon="-72.426183"></trkpt>
  <trkpt lat="42.504941" lon="-72.426168"></trkpt>
  <trkpt lat="42.505166" lon="-72.426097"></trkpt>
  <trkpt lat="42.505354" lon="-72.425911"></trkpt>
  <trkpt lat="42.505502" lon="-72.425668"></trkpt>
  <trkpt lat="42.505611" lon="-72.425388"></trkpt>
  <trkpt lat="42.505847" lon="-72.425396"></trkpt>
  <trkpt lat="42.506082" lon="-72.425387"></trkpt>
  <trkpt lat="42.506317" lon="-72.425378"></trkpt>
  <trkpt lat="42.506552" lon="-72.425370"></trkpt>
  <trkpt lat="42.506787" lon="-72.425374"></trkpt>
  <trkpt lat="42.507022" lon="-72.425387"></trkpt>
  <trkpt lat="42.507257" lon="-72.425401"></trkpt>
  <trkpt lat="42.507492" lon="-72.425424"></trkpt>
  <trkpt lat="42.507723" lon="-72.425479"></trkpt>
  <trkpt lat="42.507941" lon="-72.425598"></trkpt>
  <trkpt lat="42.508171" lon="-72.425662"></trkpt>
  <trkpt lat="42.508405" lon="-72.425684"></trkpt>
  <trkpt lat="42.508315" lon="-72.425246"></trkpt>
  <trkpt lat="42.508152" lon="-72.424599"></trkpt>
  <trkpt lat="42.507966" lon="-72.424199"></trkpt>
  <trkpt lat="42.507910" lon="-72.423967"></trkpt>
  <trkpt lat="42.507888" lon="-72.423726"></trkpt>
  <trkpt lat="42.507975" lon="-72.423224"></trkpt>
  <trkpt lat="42.508285" lon="-72.421833"></trkpt>
  <trkpt lat="42.508302" lon="-72.421797"></trkpt>
  <trkpt lat="42.508305" lon="-72.421809"></trkpt>
  <trkpt lat="42.508293" lon="-72.421834"></trkpt>
  <trkpt lat="42.508284" lon="-72.421855"></trkpt>
  <trkpt lat="42.508274" lon="-72.421877"></trkpt>
  <trkpt lat="42.508265" lon="-72.421898"></trkpt>
  <trkpt lat="42.508257" lon="-72.421917"></trkpt>
  <trkpt lat="42.508250" lon="-72.421937"></trkpt>
  <trkpt lat="42.508243" lon="-72.421957"></trkpt>
  <trkpt lat="42.508231" lon="-72.422003"></trkpt>
  <trkpt lat="42.508222" lon="-72.422051"></trkpt>
  <trkpt lat="42.508214" lon="-72.422098"></trkpt>
  <trkpt lat="42.508190" lon="-72.422211"></trkpt>
  <trkpt lat="42.508166" lon="-72.422323"></trkpt>
  <trkpt lat="42.508142" lon="-72.422435"></trkpt>
  <trkpt lat="42.508124" lon="-72.422508"></trkpt>
  <trkpt lat="42.508106" lon="-72.422580"></trkpt>
  <trkpt lat="42.508089" lon="-72.422653"></trkpt>
  <trkpt lat="42.508075" lon="-72.422723"></trkpt>
  <trkpt lat="42.508061" lon="-72.422793"></trkpt>
  <trkpt lat="42.508049" lon="-72.422864"></trkpt>
  <trkpt lat="42.508035" lon="-72.422943"></trkpt>
  <trkpt lat="42.508021" lon="-72.423022"></trkpt>
  <trkpt lat="42.508007" lon="-72.423101"></trkpt>
  <trkpt lat="42.507984" lon="-72.423225"></trkpt>
  <trkpt lat="42.507960" lon="-72.423350"></trkpt>
  <trkpt lat="42.507935" lon="-72.423474"></trkpt>
  <trkpt lat="42.507927" lon="-72.423511"></trkpt>
  <trkpt lat="42.507919" lon="-72.423549"></trkpt>
  <trkpt lat="42.507912" lon="-72.423588"></trkpt>
  <trkpt lat="42.507907" lon="-72.423623"></trkpt>
  <trkpt lat="42.507903" lon="-72.423659"></trkpt>
  <trkpt lat="42.507899" lon="-72.423694"></trkpt>
  <trkpt lat="42.507896" lon="-72.423727"></trkpt>
  <trkpt lat="42.507894" lon="-72.423761"></trkpt>
  <trkpt lat="42.507892" lon="-72.423794"></trkpt>
  <trkpt lat="42.507891" lon="-72.423825"></trkpt>
  <trkpt lat="42.507892" lon="-72.423856"></trkpt>
  <trkpt lat="42.507893" lon="-72.423887"></trkpt>
  <trkpt lat="42.507895" lon="-72.423926"></trkpt>
  <trkpt lat="42.507898" lon="-72.423965"></trkpt>
  <trkpt lat="42.507903" lon="-72.424004"></trkpt>
  <trkpt lat="42.507908" lon="-72.424030"></trkpt>
  <trkpt lat="42.507915" lon="-72.424055"></trkpt>
  <trkpt lat="42.507921" lon="-72.424080"></trkpt>
  <trkpt lat="42.507926" lon="-72.424098"></trkpt>
  <trkpt lat="42.507931" lon="-72.424116"></trkpt>
  <trkpt lat="42.507935" lon="-72.424134"></trkpt>
  <trkpt lat="42.507947" lon="-72.424164"></trkpt>
  <trkpt lat="42.507959" lon="-72.424194"></trkpt>
  <trkpt lat="42.507973" lon="-72.424223"></trkpt>
  <trkpt lat="42.507992" lon="-72.424262"></trkpt>
  <trkpt lat="42.508013" lon="-72.424299"></trkpt>
  <trkpt lat="42.508033" lon="-72.424336"></trkpt>
  <trkpt lat="42.508061" lon="-72.424389"></trkpt>
  <trkpt lat="42.508089" lon="-72.424441"></trkpt>
  <trkpt lat="42.508116" lon="-72.424495"></trkpt>
  <trkpt lat="42.508139" lon="-72.424547"></trkpt>
  <trkpt lat="42.508161" lon="-72.424600"></trkpt>
  <trkpt lat="42.508182" lon="-72.424654"></trkpt>
  <trkpt lat="42.508198" lon="-72.424699"></trkpt>
  <trkpt lat="42.508214" lon="-72.424744"></trkpt>
  <trkpt lat="42.508229" lon="-72.424790"></trkpt>
  <trkpt lat="42.508244" lon="-72.424847"></trkpt>
  <trkpt lat="42.508257" lon="-72.424904"></trkpt>
  <trkpt lat="42.508269" lon="-72.424961"></trkpt>
  <trkpt lat="42.508289" lon="-72.425056"></trkpt>
  <trkpt lat="42.508307" lon="-72.425151"></trkpt>
  <trkpt lat="42.508324" lon="-72.425247"></trkpt>
  <trkpt lat="42.508334" lon="-72.425315"></trkpt>
  <trkpt lat="42.508344" lon="-72.425383"></trkpt>
  <trkpt lat="42.508355" lon="-72.425451"></trkpt>
  <trkpt lat="42.508371" lon="-72.425525"></trkpt>
  <trkpt lat="42.508389" lon="-72.425598"></trkpt>
  <trkpt lat="42.508405" lon="-72.425684"></trkpt>
  <trkpt lat="42.508431" lon="-72.425819"></trkpt>
  <trkpt lat="42.508435" lon="-72.426124"></trkpt>
  <trkpt lat="42.508444" lon="-72.426430"></trkpt>
  <trkpt lat="42.508411" lon="-72.426730"></trkpt>
  <trkpt lat="42.508345" lon="-72.427023"></trkpt>
  <trkpt lat="42.508339" lon="-72.426987"></trkpt>
  <trkpt lat="42.508353" lon="-72.426934"></trkpt>
  <trkpt lat="42.508368" lon="-72.426871"></trkpt>
  <trkpt lat="42.508381" lon="-72.426808"></trkpt>
  <trkpt lat="42.508395" lon="-72.426745"></trkpt>
  <trkpt lat="42.508405" lon="-72.426702"></trkpt>
  <trkpt lat="42.508416" lon="-72.426658"></trkpt>
  <trkpt lat="42.508424" lon="-72.426614"></trkpt>
  <trkpt lat="42.508430" lon="-72.426581"></trkpt>
  <trkpt lat="42.508434" lon="-72.426546"></trkpt>
  <trkpt lat="42.508437" lon="-72.426512"></trkpt>
  <trkpt lat="42.508440" lon="-72.426476"></trkpt>
  <trkpt lat="42.508441" lon="-72.426439"></trkpt>
  <trkpt lat="42.508442" lon="-72.426403"></trkpt>
  <trkpt lat="42.508443" lon="-72.426352"></trkpt>
  <trkpt lat="42.508444" lon="-72.426301"></trkpt>
  <trkpt lat="42.508443" lon="-72.426249"></trkpt>
  <trkpt lat="42.508444" lon="-72.425972"></trkpt>
  <trkpt lat="42.508446" lon="-72.425917"></trkpt>
  <trkpt lat="42.508447" lon="-72.425896"></trkpt>
  <trkpt lat="42.508449" lon="-72.425884"></trkpt>
  <trkpt lat="42.508450" lon="-72.425871"></trkpt>
  <trkpt lat="42.508452" lon="-72.425859"></trkpt>
  <trkpt lat="42.508455" lon="-72.425845"></trkpt>
  <trkpt lat="42.508458" lon="-72.425832"></trkpt>
  <trkpt lat="42.508464" lon="-72.425812"></trkpt>
  <trkpt lat="42.508474" lon="-72.425787"></trkpt>
  <trkpt lat="42.508485" lon="-72.425762"></trkpt>
  <trkpt lat="42.508493" lon="-72.425747"></trkpt>
  <trkpt lat="42.508495" lon="-72.425746"></trkpt>
  <trkpt lat="42.508510" lon="-72.425728"></trkpt>
  <trkpt lat="42.508518" lon="-72.425719"></trkpt>
  <trkpt lat="42.508530" lon="-72.425708"></trkpt>
  <trkpt lat="42.508547" lon="-72.425694"></trkpt>
  <trkpt lat="42.508560" lon="-72.425686"></trkpt>
  <trkpt lat="42.508568" lon="-72.425682"></trkpt>
  <trkpt lat="42.508576" lon="-72.425679"></trkpt>
  <trkpt lat="42.508580" lon="-72.425677"></trkpt>
  <trkpt lat="42.508586" lon="-72.425675"></trkpt>
  <trkpt lat="42.508602" lon="-72.425672"></trkpt>
  <trkpt lat="42.508615" lon="-72.425670"></trkpt>
  <trkpt lat="42.508683" lon="-72.425663"></trkpt>
  <trkpt lat="42.508727" lon="-72.425660"></trkpt>
  <trkpt lat="42.508683" lon="-72.425663"></trkpt>
  <trkpt lat="42.508615" lon="-72.425670"></trkpt>
  <trkpt lat="42.508602" lon="-72.425672"></trkpt>
  <trkpt lat="42.508586" lon="-72.425675"></trkpt>
  <trkpt lat="42.508580" lon="-72.425677"></trkpt>
  <trkpt lat="42.508576" lon="-72.425679"></trkpt>
  <trkpt lat="42.508568" lon="-72.425682"></trkpt>
  <trkpt lat="42.508560" lon="-72.425686"></trkpt>
  <trkpt lat="42.508547" lon="-72.425694"></trkpt>
  <trkpt lat="42.508530" lon="-72.425708"></trkpt>
  <trkpt lat="42.508518" lon="-72.425719"></trkpt>
  <trkpt lat="42.508510" lon="-72.425728"></trkpt>
  <trkpt lat="42.508495" lon="-72.425746"></trkpt>
  <trkpt lat="42.508493" lon="-72.425747"></trkpt>
  <trkpt lat="42.508485" lon="-72.425762"></trkpt>
  <trkpt lat="42.508474" lon="-72.425787"></trkpt>
  <trkpt lat="42.508464" lon="-72.425812"></trkpt>
  <trkpt lat="42.508458" lon="-72.425832"></trkpt>
  <trkpt lat="42.508455" lon="-72.425845"></trkpt>
  <trkpt lat="42.508452" lon="-72.425859"></trkpt>
  <trkpt lat="42.508450" lon="-72.425871"></trkpt>
  <trkpt lat="42.508449" lon="-72.425884"></trkpt>
  <trkpt lat="42.508447" lon="-72.425896"></trkpt>
  <trkpt lat="42.508446" lon="-72.425917"></trkpt>
  <trkpt lat="42.508444" lon="-72.425972"></trkpt>
  <trkpt lat="42.508443" lon="-72.426249"></trkpt>
  <trkpt lat="42.508444" lon="-72.426301"></trkpt>
  <trkpt lat="42.508443" lon="-72.426352"></trkpt>
  <trkpt lat="42.508442" lon="-72.426403"></trkpt>
  <trkpt lat="42.508441" lon="-72.426439"></trkpt>
  <trkpt lat="42.508440" lon="-72.426476"></trkpt>
  <trkpt lat="42.508437" lon="-72.426512"></trkpt>
  <trkpt lat="42.508434" lon="-72.426546"></trkpt>
  <trkpt lat="42.508430" lon="-72.426581"></trkpt>
  <trkpt lat="42.508424" lon="-72.426614"></trkpt>
  <trkpt lat="42.508416" lon="-72.426658"></trkpt>
  <trkpt lat="42.508405" lon="-72.426702"></trkpt>
  <trkpt lat="42.508395" lon="-72.426745"></trkpt>
  <trkpt lat="42.508381" lon="-72.426808"></trkpt>
  <trkpt lat="42.508368" lon="-72.426871"></trkpt>
  <trkpt lat="42.508353" lon="-72.426934"></trkpt>
  <trkpt lat="42.508339" lon="-72.426987"></trkpt>
  <trkpt lat="42.508331" lon="-72.427017"></trkpt>
  <trkpt lat="42.508259" lon="-72.427361"></trkpt>
  <trkpt lat="42.508224" lon="-72.427716"></trkpt>
  <trkpt lat="42.508197" lon="-72.428072"></trkpt>
  <trkpt lat="42.508172" lon="-72.428429"></trkpt>
  <trkpt lat="42.508123" lon="-72.428781"></trkpt>
  <trkpt lat="42.508085" lon="-72.428976"></trkpt>
  <trkpt lat="42.507950" lon="-72.429388"></trkpt>
  <trkpt lat="42.507914" lon="-72.429473"></trkpt>
  <trkpt lat="42.507788" lon="-72.429727"></trkpt>
  <trkpt lat="42.507647" lon="-72.429966"></trkpt>
  <trkpt lat="42.507489" lon="-72.430185"></trkpt>
  <trkpt lat="42.507172" lon="-72.430603"></trkpt>
  <trkpt lat="42.507025" lon="-72.430470"></trkpt>
  <trkpt lat="42.506764" lon="-72.430585"></trkpt>
  <trkpt lat="42.506243" lon="-72.430809"></trkpt>
  <trkpt lat="42.506063" lon="-72.430924"></trkpt>
  <trkpt lat="42.505960" lon="-72.431010"></trkpt>
  <trkpt lat="42.505697" lon="-72.431328"></trkpt>
  <trkpt lat="42.505485" lon="-72.431129"></trkpt>
  <trkpt lat="42.505274" lon="-72.430931"></trkpt>
  <trkpt lat="42.504571" lon="-72.430968"></trkpt>
  <trkpt lat="42.504643" lon="-72.430958"></trkpt>
  <trkpt lat="42.504706" lon="-72.430947"></trkpt>
  <trkpt lat="42.504769" lon="-72.430937"></trkpt>
  <trkpt lat="42.504823" lon="-72.430929"></trkpt>
  <trkpt lat="42.504878" lon="-72.430921"></trkpt>
  <trkpt lat="42.504933" lon="-72.430916"></trkpt>
  <trkpt lat="42.504975" lon="-72.430915"></trkpt>
  <trkpt lat="42.505018" lon="-72.430915"></trkpt>
  <trkpt lat="42.505061" lon="-72.430916"></trkpt>
  <trkpt lat="42.505107" lon="-72.430917"></trkpt>
  <trkpt lat="42.505153" lon="-72.430919"></trkpt>
  <trkpt lat="42.505199" lon="-72.430921"></trkpt>
  <trkpt lat="42.505221" lon="-72.430922"></trkpt>
  <trkpt lat="42.505244" lon="-72.430924"></trkpt>
  <trkpt lat="42.505267" lon="-72.430927"></trkpt>
  <trkpt lat="42.505283" lon="-72.430932"></trkpt>
  <trkpt lat="42.505310" lon="-72.430944"></trkpt>
  <trkpt lat="42.505340" lon="-72.430964"></trkpt>
  <trkpt lat="42.505363" lon="-72.430986"></trkpt>
  <trkpt lat="42.505385" lon="-72.431007"></trkpt>
  <trkpt lat="42.505494" lon="-72.431110"></trkpt>
  <trkpt lat="42.505600" lon="-72.431219"></trkpt>
  <trkpt lat="42.505705" lon="-72.431329"></trkpt>
  <trkpt lat="42.505708" lon="-72.431326"></trkpt>
  <trkpt lat="42.505780" lon="-72.431233"></trkpt>
  <trkpt lat="42.505828" lon="-72.431160"></trkpt>
  <trkpt lat="42.505875" lon="-72.431086"></trkpt>
  <trkpt lat="42.505926" lon="-72.431019"></trkpt>
  <trkpt lat="42.505956" lon="-72.430986"></trkpt>
  <trkpt lat="42.505988" lon="-72.430955"></trkpt>
  <trkpt lat="42.506020" lon="-72.430926"></trkpt>
  <trkpt lat="42.506045" lon="-72.430907"></trkpt>
  <trkpt lat="42.506071" lon="-72.430888"></trkpt>
  <trkpt lat="42.506097" lon="-72.430871"></trkpt>
  <trkpt lat="42.506165" lon="-72.430835"></trkpt>
  <trkpt lat="42.506236" lon="-72.430806"></trkpt>
  <trkpt lat="42.506307" lon="-72.430777"></trkpt>
  <trkpt lat="42.506417" lon="-72.430725"></trkpt>
  <trkpt lat="42.506525" lon="-72.430671"></trkpt>
  <trkpt lat="42.506635" lon="-72.430620"></trkpt>
  <trkpt lat="42.506691" lon="-72.430593"></trkpt>
  <trkpt lat="42.506748" lon="-72.430568"></trkpt>
  <trkpt lat="42.506806" lon="-72.430550"></trkpt>
  <trkpt lat="42.506831" lon="-72.430545"></trkpt>
  <trkpt lat="42.506857" lon="-72.430541"></trkpt>
  <trkpt lat="42.507061" lon="-72.430453"></trkpt>
  <trkpt lat="42.507125" lon="-72.430504"></trkpt>
  <trkpt lat="42.507195" lon="-72.430572"></trkpt>
  <trkpt lat="42.506516" lon="-72.431468"></trkpt>
  <trkpt lat="42.506437" lon="-72.431575"></trkpt>
  <trkpt lat="42.506393" lon="-72.431634"></trkpt>
  <trkpt lat="42.506371" lon="-72.431665"></trkpt>
  <trkpt lat="42.506145" lon="-72.431974"></trkpt>
  <trkpt lat="42.505986" lon="-72.432192"></trkpt>
  <trkpt lat="42.505827" lon="-72.432409"></trkpt>
  <trkpt lat="42.505668" lon="-72.432627"></trkpt>
  <trkpt lat="42.505509" lon="-72.432844"></trkpt>
  <trkpt lat="42.505270" lon="-72.432548"></trkpt>
  <trkpt lat="42.505039" lon="-72.432240"></trkpt>
  <trkpt lat="42.504866" lon="-72.432010"></trkpt>
  <trkpt lat="42.504692" lon="-72.431779"></trkpt>
  <trkpt lat="42.504773" lon="-72.431639"></trkpt>
  <trkpt lat="42.504692" lon="-72.431779"></trkpt>
  <trkpt lat="42.504578" lon="-72.432099"></trkpt>
  <trkpt lat="42.504470" lon="-72.432423"></trkpt>
  <trkpt lat="42.504370" lon="-72.432739"></trkpt>
  <trkpt lat="42.504528" lon="-72.432931"></trkpt>
  <trkpt lat="42.504416" lon="-72.433101"></trkpt>
  <trkpt lat="42.504643" lon="-72.432776"></trkpt>
  <trkpt lat="42.504829" lon="-72.432497"></trkpt>
  <trkpt lat="42.505024" lon="-72.432230"></trkpt>
  <trkpt lat="42.505200" lon="-72.432012"></trkpt>
  <trkpt lat="42.505369" lon="-72.431785"></trkpt>
  <trkpt lat="42.505532" lon="-72.431550"></trkpt>
  <trkpt lat="42.505705" lon="-72.431329"></trkpt>
  <trkpt lat="42.505932" lon="-72.431665"></trkpt>
  <trkpt lat="42.506162" lon="-72.431996"></trkpt>
  <trkpt lat="42.505986" lon="-72.432192"></trkpt>
  <trkpt lat="42.505827" lon="-72.432409"></trkpt>
  <trkpt lat="42.505668" lon="-72.432627"></trkpt>
  <trkpt lat="42.505509" lon="-72.432844"></trkpt>
  <trkpt lat="42.505216" lon="-72.433247"></trkpt>
  <trkpt lat="42.505196" lon="-72.433272"></trkpt>
  <trkpt lat="42.504790" lon="-72.433826"></trkpt>
  <trkpt lat="42.504585" lon="-72.434112"></trkpt>
  <trkpt lat="42.504503" lon="-72.434223"></trkpt>
  <trkpt lat="42.504310" lon="-72.434454"></trkpt>
  <trkpt lat="42.504099" lon="-72.434655"></trkpt>
  <trkpt lat="42.504054" lon="-72.434676"></trkpt>
  <trkpt lat="42.503964" lon="-72.434725"></trkpt>
  <trkpt lat="42.503863" lon="-72.434772"></trkpt>
  <trkpt lat="42.503783" lon="-72.434802"></trkpt>
  <trkpt lat="42.503621" lon="-72.434856"></trkpt>
  <trkpt lat="42.503537" lon="-72.434890"></trkpt>
  <trkpt lat="42.503371" lon="-72.434968"></trkpt>
  <trkpt lat="42.503221" lon="-72.435048"></trkpt>
  <trkpt lat="42.503327" lon="-72.435331"></trkpt>
  <trkpt lat="42.503449" lon="-72.435628"></trkpt>
  <trkpt lat="42.503508" lon="-72.435781"></trkpt>
  <trkpt lat="42.503545" lon="-72.435857"></trkpt>
  <trkpt lat="42.503570" lon="-72.435921"></trkpt>
  <trkpt lat="42.503603" lon="-72.436011"></trkpt>
  <trkpt lat="42.503619" lon="-72.436082"></trkpt>
  <trkpt lat="42.503535" lon="-72.436077"></trkpt>
  <trkpt lat="42.503474" lon="-72.436066"></trkpt>
  <trkpt lat="42.503418" lon="-72.436034"></trkpt>
  <trkpt lat="42.503349" lon="-72.435989"></trkpt>
  <trkpt lat="42.503304" lon="-72.435935"></trkpt>
  <trkpt lat="42.503218" lon="-72.435818"></trkpt>
  <trkpt lat="42.503156" lon="-72.435752"></trkpt>
  <trkpt lat="42.503105" lon="-72.435701"></trkpt>
  <trkpt lat="42.503156" lon="-72.435752"></trkpt>
  <trkpt lat="42.503218" lon="-72.435818"></trkpt>
  <trkpt lat="42.503304" lon="-72.435935"></trkpt>
  <trkpt lat="42.503349" lon="-72.435989"></trkpt>
  <trkpt lat="42.503418" lon="-72.436034"></trkpt>
  <trkpt lat="42.503474" lon="-72.436066"></trkpt>
  <trkpt lat="42.503535" lon="-72.436077"></trkpt>
  <trkpt lat="42.503610" lon="-72.436082"></trkpt>
  <trkpt lat="42.503628" lon="-72.436144"></trkpt>
  <trkpt lat="42.503629" lon="-72.436231"></trkpt>
  <trkpt lat="42.503612" lon="-72.436618"></trkpt>
  <trkpt lat="42.503606" lon="-72.437234"></trkpt>
  <trkpt lat="42.503611" lon="-72.437514"></trkpt>
  <trkpt lat="42.503640" lon="-72.438261"></trkpt>
  <trkpt lat="42.503734" lon="-72.438602"></trkpt>
  <trkpt lat="42.503926" lon="-72.438807"></trkpt>
  <trkpt lat="42.504150" lon="-72.438941"></trkpt>
  <trkpt lat="42.504390" lon="-72.439014"></trkpt>
  <trkpt lat="42.504635" lon="-72.439034"></trkpt>
  <trkpt lat="42.504929" lon="-72.439048"></trkpt>
  <trkpt lat="42.505666" lon="-72.439059"></trkpt>
  <trkpt lat="42.505736" lon="-72.439055"></trkpt>
  <trkpt lat="42.506286" lon="-72.439020"></trkpt>
  <trkpt lat="42.506873" lon="-72.439040"></trkpt>
  <trkpt lat="42.507224" lon="-72.439020"></trkpt>
  <trkpt lat="42.507482" lon="-72.439069"></trkpt>
  <trkpt lat="42.507597" lon="-72.439098"></trkpt>
  <trkpt lat="42.507831" lon="-72.439065"></trkpt>
  <trkpt lat="42.508345" lon="-72.439056"></trkpt>
  <trkpt lat="42.508567" lon="-72.439146"></trkpt>
  <trkpt lat="42.508796" lon="-72.439192"></trkpt>
  <trkpt lat="42.509028" lon="-72.439186"></trkpt>
  <trkpt lat="42.509259" lon="-72.439152"></trkpt>
  <trkpt lat="42.509491" lon="-72.439120"></trkpt>
  <trkpt lat="42.509723" lon="-72.439112"></trkpt>
  <trkpt lat="42.509954" lon="-72.439081"></trkpt>
  <trkpt lat="42.510185" lon="-72.439048"></trkpt>
  <trkpt lat="42.509954" lon="-72.439081"></trkpt>
  <trkpt lat="42.509723" lon="-72.439112"></trkpt>
  <trkpt lat="42.509491" lon="-72.439120"></trkpt>
  <trkpt lat="42.509259" lon="-72.439152"></trkpt>
  <trkpt lat="42.509028" lon="-72.439186"></trkpt>
  <trkpt lat="42.508796" lon="-72.439192"></trkpt>
  <trkpt lat="42.508567" lon="-72.439146"></trkpt>
  <trkpt lat="42.508345" lon="-72.439055"></trkpt>
  <trkpt lat="42.508099" lon="-72.439043"></trkpt>
  <trkpt lat="42.507853" lon="-72.439065"></trkpt>
  <trkpt lat="42.507608" lon="-72.439099"></trkpt>
  <trkpt lat="42.507365" lon="-72.439041"></trkpt>
  <trkpt lat="42.507119" lon="-72.439027"></trkpt>
  <trkpt lat="42.506873" lon="-72.439040"></trkpt>
  <trkpt lat="42.506631" lon="-72.439020"></trkpt>
  <trkpt lat="42.506390" lon="-72.438995"></trkpt>
  <trkpt lat="42.506149" lon="-72.438999"></trkpt>
  <trkpt lat="42.505908" lon="-72.439030"></trkpt>
  <trkpt lat="42.505667" lon="-72.439038"></trkpt>
  <trkpt lat="42.505421" lon="-72.439028"></trkpt>
  <trkpt lat="42.505175" lon="-72.439019"></trkpt>
  <trkpt lat="42.504929" lon="-72.439020"></trkpt>
  <trkpt lat="42.504635" lon="-72.439034"></trkpt>
  <trkpt lat="42.504390" lon="-72.439014"></trkpt>
  <trkpt lat="42.504150" lon="-72.438941"></trkpt>
  <trkpt lat="42.503926" lon="-72.438807"></trkpt>
  <trkpt lat="42.503734" lon="-72.438602"></trkpt>
  <trkpt lat="42.503666" lon="-72.438287"></trkpt>
  <trkpt lat="42.503663" lon="-72.438261"></trkpt>
  <trkpt lat="42.503659" lon="-72.438209"></trkpt>
  <trkpt lat="42.503656" lon="-72.438149"></trkpt>
  <trkpt lat="42.503653" lon="-72.438089"></trkpt>
  <trkpt lat="42.503651" lon="-72.438029"></trkpt>
  <trkpt lat="42.503644" lon="-72.437936"></trkpt>
  <trkpt lat="42.503637" lon="-72.437844"></trkpt>
  <trkpt lat="42.503631" lon="-72.437751"></trkpt>
  <trkpt lat="42.503626" lon="-72.437672"></trkpt>
  <trkpt lat="42.503623" lon="-72.437594"></trkpt>
  <trkpt lat="42.503620" lon="-72.437515"></trkpt>
  <trkpt lat="42.503620" lon="-72.437431"></trkpt>
  <trkpt lat="42.503622" lon="-72.437346"></trkpt>
  <trkpt lat="42.503623" lon="-72.437262"></trkpt>
  <trkpt lat="42.503622" lon="-72.437198"></trkpt>
  <trkpt lat="42.503620" lon="-72.437133"></trkpt>
  <trkpt lat="42.503618" lon="-72.437068"></trkpt>
  <trkpt lat="42.503617" lon="-72.437002"></trkpt>
  <trkpt lat="42.503617" lon="-72.436935"></trkpt>
  <trkpt lat="42.503617" lon="-72.436868"></trkpt>
  <trkpt lat="42.503618" lon="-72.436784"></trkpt>
  <trkpt lat="42.503620" lon="-72.436699"></trkpt>
  <trkpt lat="42.503622" lon="-72.436614"></trkpt>
  <trkpt lat="42.503621" lon="-72.436541"></trkpt>
  <trkpt lat="42.503620" lon="-72.436469"></trkpt>
  <trkpt lat="42.503619" lon="-72.436396"></trkpt>
  <trkpt lat="42.503619" lon="-72.436346"></trkpt>
  <trkpt lat="42.503619" lon="-72.436296"></trkpt>
  <trkpt lat="42.503617" lon="-72.436227"></trkpt>
  <trkpt lat="42.503617" lon="-72.436200"></trkpt>
  <trkpt lat="42.503616" lon="-72.436154"></trkpt>
  <trkpt lat="42.503613" lon="-72.436109"></trkpt>
  <trkpt lat="42.503611" lon="-72.436088"></trkpt>
  <trkpt lat="42.503610" lon="-72.436082"></trkpt>
  <trkpt lat="42.503607" lon="-72.436067"></trkpt>
  <trkpt lat="42.503604" lon="-72.436046"></trkpt>
  <trkpt lat="42.503600" lon="-72.436021"></trkpt>
  <trkpt lat="42.503597" lon="-72.435997"></trkpt>
  <trkpt lat="42.503592" lon="-72.435973"></trkpt>
  <trkpt lat="42.503586" lon="-72.435947"></trkpt>
  <trkpt lat="42.503578" lon="-72.435922"></trkpt>
  <trkpt lat="42.503570" lon="-72.435898"></trkpt>
  <trkpt lat="42.503553" lon="-72.435858"></trkpt>
  <trkpt lat="42.503535" lon="-72.435820"></trkpt>
  <trkpt lat="42.503517" lon="-72.435782"></trkpt>
  <trkpt lat="42.503496" lon="-72.435731"></trkpt>
  <trkpt lat="42.503477" lon="-72.435680"></trkpt>
  <trkpt lat="42.503458" lon="-72.435629"></trkpt>
  <trkpt lat="42.503417" lon="-72.435530"></trkpt>
  <trkpt lat="42.503376" lon="-72.435431"></trkpt>
  <trkpt lat="42.503336" lon="-72.435332"></trkpt>
  <trkpt lat="42.503301" lon="-72.435241"></trkpt>
  <trkpt lat="42.503267" lon="-72.435149"></trkpt>
  <trkpt lat="42.503230" lon="-72.435049"></trkpt>
  <trkpt lat="42.503371" lon="-72.434968"></trkpt>
  <trkpt lat="42.503537" lon="-72.434890"></trkpt>
  <trkpt lat="42.503621" lon="-72.434856"></trkpt>
  <trkpt lat="42.503783" lon="-72.434802"></trkpt>
  <trkpt lat="42.503863" lon="-72.434772"></trkpt>
  <trkpt lat="42.503964" lon="-72.434725"></trkpt>
  <trkpt lat="42.504054" lon="-72.434676"></trkpt>
  <trkpt lat="42.504116" lon="-72.434636"></trkpt>
  <trkpt lat="42.504063" lon="-72.434677"></trkpt>
  <trkpt lat="42.504022" lon="-72.434700"></trkpt>
  <trkpt lat="42.503973" lon="-72.434726"></trkpt>
  <trkpt lat="42.503922" lon="-72.434750"></trkpt>
  <trkpt lat="42.503872" lon="-72.434773"></trkpt>
  <trkpt lat="42.503810" lon="-72.434796"></trkpt>
  <trkpt lat="42.503792" lon="-72.434803"></trkpt>
  <trkpt lat="42.503710" lon="-72.434829"></trkpt>
  <trkpt lat="42.503630" lon="-72.434857"></trkpt>
  <trkpt lat="42.503546" lon="-72.434891"></trkpt>
  <trkpt lat="42.503462" lon="-72.434929"></trkpt>
  <trkpt lat="42.503379" lon="-72.434969"></trkpt>
  <trkpt lat="42.503314" lon="-72.435003"></trkpt>
  <trkpt lat="42.503250" lon="-72.435038"></trkpt>
  <trkpt lat="42.503230" lon="-72.435049"></trkpt>
  <trkpt lat="42.503204" lon="-72.435064"></trkpt>
  <trkpt lat="42.503186" lon="-72.435074"></trkpt>
  <trkpt lat="42.503142" lon="-72.435098"></trkpt>
  <trkpt lat="42.503098" lon="-72.435121"></trkpt>
  <trkpt lat="42.503056" lon="-72.435147"></trkpt>
  <trkpt lat="42.503020" lon="-72.435173"></trkpt>
  <trkpt lat="42.502985" lon="-72.435201"></trkpt>
  <trkpt lat="42.502950" lon="-72.435227"></trkpt>
  <trkpt lat="42.502933" lon="-72.435239"></trkpt>
  <trkpt lat="42.502901" lon="-72.435262"></trkpt>
  <trkpt lat="42.502881" lon="-72.435278"></trkpt>
  <trkpt lat="42.502849" lon="-72.435307"></trkpt>
  <trkpt lat="42.502820" lon="-72.435340"></trkpt>
  <trkpt lat="42.502792" lon="-72.435377"></trkpt>
  <trkpt lat="42.502766" lon="-72.435416"></trkpt>
  <trkpt lat="42.502656" lon="-72.435588"></trkpt>
  <trkpt lat="42.502628" lon="-72.435634"></trkpt>
  <trkpt lat="42.502603" lon="-72.435681"></trkpt>
  <trkpt lat="42.502574" lon="-72.435740"></trkpt>
  <trkpt lat="42.502546" lon="-72.435801"></trkpt>
  <trkpt lat="42.502521" lon="-72.435863"></trkpt>
  <trkpt lat="42.502499" lon="-72.435921"></trkpt>
  <trkpt lat="42.502479" lon="-72.435980"></trkpt>
  <trkpt lat="42.502460" lon="-72.436039"></trkpt>
  <trkpt lat="42.502447" lon="-72.436084"></trkpt>
  <trkpt lat="42.502434" lon="-72.436129"></trkpt>
  <trkpt lat="42.502422" lon="-72.436174"></trkpt>
  <trkpt lat="42.502404" lon="-72.436238"></trkpt>
  <trkpt lat="42.502386" lon="-72.436303"></trkpt>
  <trkpt lat="42.502370" lon="-72.436368"></trkpt>
  <trkpt lat="42.502358" lon="-72.436430"></trkpt>
  <trkpt lat="42.502347" lon="-72.436492"></trkpt>
  <trkpt lat="42.502337" lon="-72.436555"></trkpt>
  <trkpt lat="42.502324" lon="-72.436632"></trkpt>
  <trkpt lat="42.502313" lon="-72.436710"></trkpt>
  <trkpt lat="42.502301" lon="-72.436789"></trkpt>
  <trkpt lat="42.502279" lon="-72.436946"></trkpt>
  <trkpt lat="42.502259" lon="-72.437103"></trkpt>
  <trkpt lat="42.502252" lon="-72.437156"></trkpt>
  <trkpt lat="42.502247" lon="-72.437194"></trkpt>
  <trkpt lat="42.502238" lon="-72.437261"></trkpt>
  <trkpt lat="42.502234" lon="-72.437293"></trkpt>
  <trkpt lat="42.502213" lon="-72.437442"></trkpt>
  <trkpt lat="42.502205" lon="-72.437497"></trkpt>
  <trkpt lat="42.502188" lon="-72.437623"></trkpt>
  <trkpt lat="42.502162" lon="-72.437804"></trkpt>
  <trkpt lat="42.502140" lon="-72.437954"></trkpt>
  <trkpt lat="42.502119" lon="-72.438103"></trkpt>
  <trkpt lat="42.502097" lon="-72.438252"></trkpt>
  <trkpt lat="42.502081" lon="-72.438352"></trkpt>
  <trkpt lat="42.502065" lon="-72.438452"></trkpt>
  <trkpt lat="42.502050" lon="-72.438552"></trkpt>
  <trkpt lat="42.502039" lon="-72.438630"></trkpt>
  <trkpt lat="42.502030" lon="-72.438709"></trkpt>
  <trkpt lat="42.502019" lon="-72.438787"></trkpt>
  <trkpt lat="42.502012" lon="-72.438847"></trkpt>
  <trkpt lat="42.502004" lon="-72.438907"></trkpt>
  <trkpt lat="42.501997" lon="-72.438967"></trkpt>
  <trkpt lat="42.501968" lon="-72.439296"></trkpt>
  <trkpt lat="42.501961" lon="-72.439401"></trkpt>
  <trkpt lat="42.501959" lon="-72.439673"></trkpt>
  <trkpt lat="42.501958" lon="-72.439817"></trkpt>
  <trkpt lat="42.501964" lon="-72.440361"></trkpt>
  <trkpt lat="42.501965" lon="-72.440436"></trkpt>
  <trkpt lat="42.501966" lon="-72.440509"></trkpt>
  <trkpt lat="42.501969" lon="-72.440581"></trkpt>
  <trkpt lat="42.501973" lon="-72.440654"></trkpt>
  <trkpt lat="42.501977" lon="-72.440718"></trkpt>
  <trkpt lat="42.501982" lon="-72.440782"></trkpt>
  <trkpt lat="42.501987" lon="-72.440846"></trkpt>
  <trkpt lat="42.501994" lon="-72.440972"></trkpt>
  <trkpt lat="42.501999" lon="-72.441035"></trkpt>
  <trkpt lat="42.502007" lon="-72.441105"></trkpt>
  <trkpt lat="42.502015" lon="-72.441175"></trkpt>
  <trkpt lat="42.502025" lon="-72.441245"></trkpt>
  <trkpt lat="42.502034" lon="-72.441309"></trkpt>
  <trkpt lat="42.502044" lon="-72.441373"></trkpt>
  <trkpt lat="42.502055" lon="-72.441437"></trkpt>
  <trkpt lat="42.502066" lon="-72.441490"></trkpt>
  <trkpt lat="42.502078" lon="-72.441543"></trkpt>
  <trkpt lat="42.502092" lon="-72.441595"></trkpt>
  <trkpt lat="42.502107" lon="-72.441651"></trkpt>
  <trkpt lat="42.502152" lon="-72.441813"></trkpt>
  <trkpt lat="42.502190" lon="-72.441940"></trkpt>
  <trkpt lat="42.502229" lon="-72.442065"></trkpt>
  <trkpt lat="42.502244" lon="-72.442106"></trkpt>
  <trkpt lat="42.502261" lon="-72.442146"></trkpt>
  <trkpt lat="42.502308" lon="-72.442246"></trkpt>
  <trkpt lat="42.502261" lon="-72.442146"></trkpt>
  <trkpt lat="42.502244" lon="-72.442106"></trkpt>
  <trkpt lat="42.502229" lon="-72.442065"></trkpt>
  <trkpt lat="42.502190" lon="-72.441940"></trkpt>
  <trkpt lat="42.502152" lon="-72.441813"></trkpt>
  <trkpt lat="42.502107" lon="-72.441651"></trkpt>
  <trkpt lat="42.502092" lon="-72.441595"></trkpt>
  <trkpt lat="42.502078" lon="-72.441543"></trkpt>
  <trkpt lat="42.502066" lon="-72.441490"></trkpt>
  <trkpt lat="42.502055" lon="-72.441437"></trkpt>
  <trkpt lat="42.502044" lon="-72.441373"></trkpt>
  <trkpt lat="42.502034" lon="-72.441309"></trkpt>
  <trkpt lat="42.502025" lon="-72.441245"></trkpt>
  <trkpt lat="42.502015" lon="-72.441175"></trkpt>
  <trkpt lat="42.502007" lon="-72.441105"></trkpt>
  <trkpt lat="42.501999" lon="-72.441035"></trkpt>
  <trkpt lat="42.501994" lon="-72.440972"></trkpt>
  <trkpt lat="42.501987" lon="-72.440846"></trkpt>
  <trkpt lat="42.501982" lon="-72.440782"></trkpt>
  <trkpt lat="42.501977" lon="-72.440718"></trkpt>
  <trkpt lat="42.501973" lon="-72.440654"></trkpt>
  <trkpt lat="42.501969" lon="-72.440581"></trkpt>
  <trkpt lat="42.501966" lon="-72.440509"></trkpt>
  <trkpt lat="42.501965" lon="-72.440436"></trkpt>
  <trkpt lat="42.501964" lon="-72.440361"></trkpt>
  <trkpt lat="42.501958" lon="-72.439817"></trkpt>
  <trkpt lat="42.501959" lon="-72.439673"></trkpt>
  <trkpt lat="42.501961" lon="-72.439401"></trkpt>
  <trkpt lat="42.501968" lon="-72.439296"></trkpt>
  <trkpt lat="42.501997" lon="-72.438967"></trkpt>
  <trkpt lat="42.502004" lon="-72.438907"></trkpt>
  <trkpt lat="42.502012" lon="-72.438847"></trkpt>
  <trkpt lat="42.502019" lon="-72.438787"></trkpt>
  <trkpt lat="42.502030" lon="-72.438709"></trkpt>
  <trkpt lat="42.502039" lon="-72.438630"></trkpt>
  <trkpt lat="42.502050" lon="-72.438552"></trkpt>
  <trkpt lat="42.502065" lon="-72.438452"></trkpt>
  <trkpt lat="42.502081" lon="-72.438352"></trkpt>
  <trkpt lat="42.502097" lon="-72.438252"></trkpt>
  <trkpt lat="42.502119" lon="-72.438103"></trkpt>
  <trkpt lat="42.502140" lon="-72.437954"></trkpt>
  <trkpt lat="42.502162" lon="-72.437804"></trkpt>
  <trkpt lat="42.502188" lon="-72.437623"></trkpt>
  <trkpt lat="42.502205" lon="-72.437497"></trkpt>
  <trkpt lat="42.502213" lon="-72.437442"></trkpt>
  <trkpt lat="42.502234" lon="-72.437293"></trkpt>
  <trkpt lat="42.502238" lon="-72.437261"></trkpt>
  <trkpt lat="42.502247" lon="-72.437194"></trkpt>
  <trkpt lat="42.502048" lon="-72.437000"></trkpt>
  <trkpt lat="42.501845" lon="-72.436842"></trkpt>
  <trkpt lat="42.501499" lon="-72.436586"></trkpt>
  <trkpt lat="42.501482" lon="-72.436576"></trkpt>
  <trkpt lat="42.501421" lon="-72.436541"></trkpt>
  <trkpt lat="42.501360" lon="-72.436509"></trkpt>
  <trkpt lat="42.501320" lon="-72.436488"></trkpt>
  <trkpt lat="42.501280" lon="-72.436469"></trkpt>
  <trkpt lat="42.501239" lon="-72.436452"></trkpt>
  <trkpt lat="42.501205" lon="-72.436442"></trkpt>
  <trkpt lat="42.501170" lon="-72.436434"></trkpt>
  <trkpt lat="42.501136" lon="-72.436425"></trkpt>
  <trkpt lat="42.501103" lon="-72.436417"></trkpt>
  <trkpt lat="42.501070" lon="-72.436409"></trkpt>
  <trkpt lat="42.501037" lon="-72.436401"></trkpt>
  <trkpt lat="42.500997" lon="-72.436391"></trkpt>
  <trkpt lat="42.500983" lon="-72.436388"></trkpt>
  <trkpt lat="42.500910" lon="-72.436372"></trkpt>
  <trkpt lat="42.500813" lon="-72.436360"></trkpt>
  <trkpt lat="42.500712" lon="-72.436358"></trkpt>
  <trkpt lat="42.500609" lon="-72.436350"></trkpt>
  <trkpt lat="42.500377" lon="-72.436293"></trkpt>
  <trkpt lat="42.500156" lon="-72.436186"></trkpt>
  <trkpt lat="42.499942" lon="-72.436051"></trkpt>
  <trkpt lat="42.499630" lon="-72.435832"></trkpt>
  <trkpt lat="42.499380" lon="-72.435657"></trkpt>
  <trkpt lat="42.499129" lon="-72.435482"></trkpt>
  <trkpt lat="42.499330" lon="-72.434967"></trkpt>
  <trkpt lat="42.499129" lon="-72.435482"></trkpt>
  <trkpt lat="42.498899" lon="-72.435322"></trkpt>
  <trkpt lat="42.498669" lon="-72.435161"></trkpt>
  <trkpt lat="42.498438" lon="-72.435004"></trkpt>
  <trkpt lat="42.498417" lon="-72.434990"></trkpt>
  <trkpt lat="42.498438" lon="-72.435004"></trkpt>
  <trkpt lat="42.498469" lon="-72.434886"></trkpt>
  <trkpt lat="42.498564" lon="-72.434710"></trkpt>
  <trkpt lat="42.498665" lon="-72.434558"></trkpt>
  <trkpt lat="42.498690" lon="-72.434519"></trkpt>
  <trkpt lat="42.498724" lon="-72.434484"></trkpt>
  <trkpt lat="42.498543" lon="-72.434426"></trkpt>
  <trkpt lat="42.498318" lon="-72.434374"></trkpt>
  <trkpt lat="42.498114" lon="-72.434253"></trkpt>
  <trkpt lat="42.497909" lon="-72.434010"></trkpt>
  <trkpt lat="42.497712" lon="-72.433755"></trkpt>
  <trkpt lat="42.497531" lon="-72.433553"></trkpt>
  <trkpt lat="42.497332" lon="-72.433386"></trkpt>
  <trkpt lat="42.497279" lon="-72.433801"></trkpt>
  <trkpt lat="42.497245" lon="-72.433987"></trkpt>
  <trkpt lat="42.497279" lon="-72.433801"></trkpt>
  <trkpt lat="42.497332" lon="-72.433387"></trkpt>
  <trkpt lat="42.497417" lon="-72.432977"></trkpt>
  <trkpt lat="42.497522" lon="-72.432593"></trkpt>
  <trkpt lat="42.497600" lon="-72.432641"></trkpt>
  <trkpt lat="42.497699" lon="-72.432870"></trkpt>
  <trkpt lat="42.497805" lon="-72.432981"></trkpt>
  <trkpt lat="42.497926" lon="-72.433052"></trkpt>
  <trkpt lat="42.498077" lon="-72.433105"></trkpt>
  <trkpt lat="42.498234" lon="-72.433107"></trkpt>
  <trkpt lat="42.498077" lon="-72.433105"></trkpt>
  <trkpt lat="42.497926" lon="-72.433052"></trkpt>
  <trkpt lat="42.497805" lon="-72.432981"></trkpt>
  <trkpt lat="42.497699" lon="-72.432870"></trkpt>
  <trkpt lat="42.497600" lon="-72.432641"></trkpt>
  <trkpt lat="42.497521" lon="-72.432594"></trkpt>
  <trkpt lat="42.497538" lon="-72.432541"></trkpt>
  <trkpt lat="42.497016" lon="-72.431558"></trkpt>
  <trkpt lat="42.497540" lon="-72.432536"></trkpt>
  <trkpt lat="42.497658" lon="-72.432221"></trkpt>
  <trkpt lat="42.497672" lon="-72.432159"></trkpt>
  <trkpt lat="42.497796" lon="-72.432295"></trkpt>
  <trkpt lat="42.497739" lon="-72.432212"></trkpt>
  <trkpt lat="42.497692" lon="-72.432165"></trkpt>
  <trkpt lat="42.497673" lon="-72.432155"></trkpt>
  <trkpt lat="42.497667" lon="-72.431735"></trkpt>
  <trkpt lat="42.497609" lon="-72.431314"></trkpt>
  <trkpt lat="42.497604" lon="-72.431213"></trkpt>
  <trkpt lat="42.497549" lon="-72.431157"></trkpt>
  <trkpt lat="42.497492" lon="-72.431043"></trkpt>
  <trkpt lat="42.497360" lon="-72.430799"></trkpt>
  <trkpt lat="42.497310" lon="-72.430699"></trkpt>
  <trkpt lat="42.497360" lon="-72.430799"></trkpt>
  <trkpt lat="42.497492" lon="-72.431043"></trkpt>
  <trkpt lat="42.497549" lon="-72.431157"></trkpt>
  <trkpt lat="42.497604" lon="-72.431213"></trkpt>
  <trkpt lat="42.497763" lon="-72.430840"></trkpt>
  <trkpt lat="42.497504" lon="-72.430409"></trkpt>
  <trkpt lat="42.497376" lon="-72.430160"></trkpt>
  <trkpt lat="42.497302" lon="-72.429991"></trkpt>
  <trkpt lat="42.497286" lon="-72.429804"></trkpt>
  <trkpt lat="42.497296" lon="-72.429605"></trkpt>
  <trkpt lat="42.497290" lon="-72.429353"></trkpt>
  <trkpt lat="42.497288" lon="-72.429198"></trkpt>
  <trkpt lat="42.497292" lon="-72.429164"></trkpt>
  <trkpt lat="42.497314" lon="-72.428979"></trkpt>
  <trkpt lat="42.497333" lon="-72.428762"></trkpt>
  <trkpt lat="42.497366" lon="-72.428598"></trkpt>
  <trkpt lat="42.497333" lon="-72.428762"></trkpt>
  <trkpt lat="42.497314" lon="-72.428979"></trkpt>
  <trkpt lat="42.497292" lon="-72.429164"></trkpt>
  <trkpt lat="42.497288" lon="-72.429198"></trkpt>
  <trkpt lat="42.497290" lon="-72.429353"></trkpt>
  <trkpt lat="42.497296" lon="-72.429605"></trkpt>
  <trkpt lat="42.497286" lon="-72.429804"></trkpt>
  <trkpt lat="42.497302" lon="-72.429991"></trkpt>
  <trkpt lat="42.497376" lon="-72.430160"></trkpt>
  <trkpt lat="42.497504" lon="-72.430409"></trkpt>
  <trkpt lat="42.497763" lon="-72.430840"></trkpt>
  <trkpt lat="42.497911" lon="-72.431093"></trkpt>
  <trkpt lat="42.498058" lon="-72.431348"></trkpt>
  <trkpt lat="42.498204" lon="-72.431604"></trkpt>
  <trkpt lat="42.498351" lon="-72.431859"></trkpt>
  <trkpt lat="42.498499" lon="-72.432112"></trkpt>
  <trkpt lat="42.498268" lon="-72.432314"></trkpt>
  <trkpt lat="42.498037" lon="-72.432465"></trkpt>
  <trkpt lat="42.498076" lon="-72.432480"></trkpt>
  <trkpt lat="42.498494" lon="-72.432117"></trkpt>
  <trkpt lat="42.498659" lon="-72.432378"></trkpt>
  <trkpt lat="42.498811" lon="-72.432650"></trkpt>
  <trkpt lat="42.498965" lon="-72.432921"></trkpt>
  <trkpt lat="42.499120" lon="-72.433191"></trkpt>
  <trkpt lat="42.499276" lon="-72.433461"></trkpt>
  <trkpt lat="42.499432" lon="-72.433730"></trkpt>
  <trkpt lat="42.499587" lon="-72.434000"></trkpt>
  <trkpt lat="42.499743" lon="-72.434269"></trkpt>
  <trkpt lat="42.499906" lon="-72.433979"></trkpt>
  <trkpt lat="42.499743" lon="-72.434269"></trkpt>
  <trkpt lat="42.499544" lon="-72.434606"></trkpt>
  <trkpt lat="42.499344" lon="-72.434942"></trkpt>
  <trkpt lat="42.499381" lon="-72.435001"></trkpt>
  <trkpt lat="42.499500" lon="-72.435204"></trkpt>
  <trkpt lat="42.499550" lon="-72.435282"></trkpt>
  <trkpt lat="42.499735" lon="-72.435561"></trkpt>
  <trkpt lat="42.499866" lon="-72.435778"></trkpt>
  <trkpt lat="42.499928" lon="-72.435894"></trkpt>
  <trkpt lat="42.499947" lon="-72.435985"></trkpt>
  <trkpt lat="42.499942" lon="-72.436051"></trkpt>
  <trkpt lat="42.500156" lon="-72.436186"></trkpt>
  <trkpt lat="42.500377" lon="-72.436293"></trkpt>
  <trkpt lat="42.500609" lon="-72.436349"></trkpt>
  <trkpt lat="42.500983" lon="-72.436388"></trkpt>
  <trkpt lat="42.500720" lon="-72.435899"></trkpt>
  <trkpt lat="42.500482" lon="-72.435486"></trkpt>
  <trkpt lat="42.500139" lon="-72.434899"></trkpt>
  <trkpt lat="42.500055" lon="-72.434757"></trkpt>
  <trkpt lat="42.499743" lon="-72.434269"></trkpt>
  <trkpt lat="42.499544" lon="-72.434606"></trkpt>
  <trkpt lat="42.499344" lon="-72.434942"></trkpt>
  <trkpt lat="42.499301" lon="-72.434934"></trkpt>
  <trkpt lat="42.499230" lon="-72.434809"></trkpt>
  <trkpt lat="42.499164" lon="-72.434702"></trkpt>
  <trkpt lat="42.499095" lon="-72.434629"></trkpt>
  <trkpt lat="42.499040" lon="-72.434571"></trkpt>
  <trkpt lat="42.499019" lon="-72.434485"></trkpt>
  <trkpt lat="42.498988" lon="-72.434432"></trkpt>
  <trkpt lat="42.498918" lon="-72.434427"></trkpt>
  <trkpt lat="42.498769" lon="-72.434453"></trkpt>
  <trkpt lat="42.498735" lon="-72.434496"></trkpt>
  <trkpt lat="42.498597" lon="-72.434676"></trkpt>
  <trkpt lat="42.498479" lon="-72.434893"></trkpt>
  <trkpt lat="42.498416" lon="-72.434990"></trkpt>
  <trkpt lat="42.498190" lon="-72.434840"></trkpt>
  <trkpt lat="42.497961" lon="-72.434698"></trkpt>
  <trkpt lat="42.497930" lon="-72.434679"></trkpt>
  <trkpt lat="42.497810" lon="-72.434598"></trkpt>
  <trkpt lat="42.497693" lon="-72.434505"></trkpt>
  <trkpt lat="42.497580" lon="-72.434406"></trkpt>
  <trkpt lat="42.497472" lon="-72.434296"></trkpt>
  <trkpt lat="42.497372" lon="-72.434173"></trkpt>
  <trkpt lat="42.497282" lon="-72.434037"></trkpt>
  <trkpt lat="42.497254" lon="-72.433988"></trkpt>
  <trkpt lat="42.497199" lon="-72.433894"></trkpt>
  <trkpt lat="42.497136" lon="-72.433781"></trkpt>
  <trkpt lat="42.497118" lon="-72.433748"></trkpt>
  <trkpt lat="42.497041" lon="-72.433597"></trkpt>
  <trkpt lat="42.496970" lon="-72.433443"></trkpt>
  <trkpt lat="42.496900" lon="-72.433286"></trkpt>
  <trkpt lat="42.496831" lon="-72.433130"></trkpt>
  <trkpt lat="42.496762" lon="-72.432973"></trkpt>
  <trkpt lat="42.496694" lon="-72.432815"></trkpt>
  <trkpt lat="42.496626" lon="-72.432657"></trkpt>
  <trkpt lat="42.496554" lon="-72.432504"></trkpt>
  <trkpt lat="42.496476" lon="-72.432355"></trkpt>
  <trkpt lat="42.496392" lon="-72.432211"></trkpt>
  <trkpt lat="42.496308" lon="-72.432069"></trkpt>
  <trkpt lat="42.496221" lon="-72.431928"></trkpt>
  <trkpt lat="42.496122" lon="-72.431775"></trkpt>
  <trkpt lat="42.496213" lon="-72.431624"></trkpt>
  <trkpt lat="42.496256" lon="-72.431555"></trkpt>
  <trkpt lat="42.496321" lon="-72.431462"></trkpt>
  <trkpt lat="42.496378" lon="-72.431363"></trkpt>
  <trkpt lat="42.496433" lon="-72.431241"></trkpt>
  <trkpt lat="42.496467" lon="-72.431120"></trkpt>
  <trkpt lat="42.496485" lon="-72.431018"></trkpt>
  <trkpt lat="42.496501" lon="-72.430884"></trkpt>
  <trkpt lat="42.496502" lon="-72.430698"></trkpt>
  <trkpt lat="42.496484" lon="-72.430528"></trkpt>
  <trkpt lat="42.496455" lon="-72.430395"></trkpt>
  <trkpt lat="42.496442" lon="-72.430330"></trkpt>
  <trkpt lat="42.496365" lon="-72.430020"></trkpt>
  <trkpt lat="42.496299" lon="-72.429789"></trkpt>
  <trkpt lat="42.496269" lon="-72.429614"></trkpt>
  <trkpt lat="42.496274" lon="-72.429463"></trkpt>
  <trkpt lat="42.496292" lon="-72.429340"></trkpt>
  <trkpt lat="42.496349" lon="-72.429182"></trkpt>
  <trkpt lat="42.496460" lon="-72.428874"></trkpt>
  <trkpt lat="42.496521" lon="-72.428695"></trkpt>
  <trkpt lat="42.496468" lon="-72.428875"></trkpt>
  <trkpt lat="42.496357" lon="-72.429183"></trkpt>
  <trkpt lat="42.496301" lon="-72.429341"></trkpt>
  <trkpt lat="42.496283" lon="-72.429464"></trkpt>
  <trkpt lat="42.496278" lon="-72.429615"></trkpt>
  <trkpt lat="42.496308" lon="-72.429790"></trkpt>
  <trkpt lat="42.496374" lon="-72.430021"></trkpt>
  <trkpt lat="42.496450" lon="-72.430331"></trkpt>
  <trkpt lat="42.496464" lon="-72.430396"></trkpt>
  <trkpt lat="42.496493" lon="-72.430530"></trkpt>
  <trkpt lat="42.496511" lon="-72.430699"></trkpt>
  <trkpt lat="42.496510" lon="-72.430885"></trkpt>
  <trkpt lat="42.496494" lon="-72.431019"></trkpt>
  <trkpt lat="42.496476" lon="-72.431121"></trkpt>
  <trkpt lat="42.496441" lon="-72.431242"></trkpt>
  <trkpt lat="42.496387" lon="-72.431364"></trkpt>
  <trkpt lat="42.496330" lon="-72.431463"></trkpt>
  <trkpt lat="42.496264" lon="-72.431556"></trkpt>
  <trkpt lat="42.496222" lon="-72.431625"></trkpt>
  <trkpt lat="42.496122" lon="-72.431775"></trkpt>
  <trkpt lat="42.495962" lon="-72.431536"></trkpt>
  <trkpt lat="42.495801" lon="-72.431298"></trkpt>
  <trkpt lat="42.495640" lon="-72.431060"></trkpt>
  <trkpt lat="42.495474" lon="-72.430829"></trkpt>
  <trkpt lat="42.495299" lon="-72.430610"></trkpt>
  <trkpt lat="42.495108" lon="-72.430417"></trkpt>
  <trkpt lat="42.494915" lon="-72.430227"></trkpt>
  <trkpt lat="42.494733" lon="-72.430019"></trkpt>
  <trkpt lat="42.494567" lon="-72.429788"></trkpt>
  <trkpt lat="42.494408" lon="-72.429547"></trkpt>
  <trkpt lat="42.494251" lon="-72.429305"></trkpt>
  <trkpt lat="42.494032" lon="-72.428962"></trkpt>
  <trkpt lat="42.493797" lon="-72.428640"></trkpt>
  <trkpt lat="42.493596" lon="-72.428393"></trkpt>
  <trkpt lat="42.493417" lon="-72.428191"></trkpt>
  <trkpt lat="42.493229" lon="-72.428005"></trkpt>
  <trkpt lat="42.493039" lon="-72.427822"></trkpt>
  <trkpt lat="42.492860" lon="-72.427621"></trkpt>
  <trkpt lat="42.492688" lon="-72.427409"></trkpt>
  <trkpt lat="42.492525" lon="-72.427183"></trkpt>
  <trkpt lat="42.492367" lon="-72.426951"></trkpt>
  <trkpt lat="42.492209" lon="-72.426720"></trkpt>
  <trkpt lat="42.492033" lon="-72.426513"></trkpt>
  <trkpt lat="42.491837" lon="-72.426344"></trkpt>
  <trkpt lat="42.491622" lon="-72.426222"></trkpt>
  <trkpt lat="42.491402" lon="-72.426119"></trkpt>
  <trkpt lat="42.491178" lon="-72.426033"></trkpt>
  <trkpt lat="42.490954" lon="-72.425948"></trkpt>
  <trkpt lat="42.490733" lon="-72.425847"></trkpt>
  <trkpt lat="42.490518" lon="-72.425726"></trkpt>
  <trkpt lat="42.490311" lon="-72.425581"></trkpt>
  <trkpt lat="42.490112" lon="-72.425417"></trkpt>
  <trkpt lat="42.489915" lon="-72.425248"></trkpt>
  <trkpt lat="42.489714" lon="-72.425090"></trkpt>
  <trkpt lat="42.489494" lon="-72.424999"></trkpt>
  <trkpt lat="42.489266" lon="-72.424965"></trkpt>
  <trkpt lat="42.489037" lon="-72.425001"></trkpt>
  <trkpt lat="42.488814" lon="-72.425076"></trkpt>
  <trkpt lat="42.488595" lon="-72.425172"></trkpt>
  <trkpt lat="42.488377" lon="-72.425272"></trkpt>
  <trkpt lat="42.488159" lon="-72.425373"></trkpt>
  <trkpt lat="42.487942" lon="-72.425477"></trkpt>
  <trkpt lat="42.487725" lon="-72.425582"></trkpt>
  <trkpt lat="42.487509" lon="-72.425689"></trkpt>
  <trkpt lat="42.487288" lon="-72.425776"></trkpt>
  <trkpt lat="42.487024" lon="-72.425814"></trkpt>
  <trkpt lat="42.486763" lon="-72.425756"></trkpt>
  <trkpt lat="42.486519" lon="-72.425614"></trkpt>
  <trkpt lat="42.486283" lon="-72.425434"></trkpt>
  <trkpt lat="42.486060" lon="-72.425229"></trkpt>
  <trkpt lat="42.485840" lon="-72.425016"></trkpt>
  <trkpt lat="42.485627" lon="-72.424792"></trkpt>
  <trkpt lat="42.485454" lon="-72.424594"></trkpt>
  <trkpt lat="42.485291" lon="-72.424383"></trkpt>
  <trkpt lat="42.485130" lon="-72.424168"></trkpt>
  <trkpt lat="42.484967" lon="-72.423956"></trkpt>
  <trkpt lat="42.484801" lon="-72.423748"></trkpt>
  <trkpt lat="42.484635" lon="-72.423540"></trkpt>
  <trkpt lat="42.484469" lon="-72.423333"></trkpt>
  <trkpt lat="42.484418" lon="-72.423270"></trkpt>
  <trkpt lat="42.484319" lon="-72.423146"></trkpt>
  <trkpt lat="42.484219" lon="-72.423022"></trkpt>
  <trkpt lat="42.484120" lon="-72.422898"></trkpt>
  <trkpt lat="42.484022" lon="-72.422774"></trkpt>
  <trkpt lat="42.483923" lon="-72.422649"></trkpt>
  <trkpt lat="42.483824" lon="-72.422525"></trkpt>
  <trkpt lat="42.483725" lon="-72.422401"></trkpt>
  <trkpt lat="42.483627" lon="-72.422276"></trkpt>
  <trkpt lat="42.483528" lon="-72.422152"></trkpt>
  <trkpt lat="42.483430" lon="-72.422026"></trkpt>
  <trkpt lat="42.483332" lon="-72.421900"></trkpt>
  <trkpt lat="42.483234" lon="-72.421775"></trkpt>
  <trkpt lat="42.483137" lon="-72.421649"></trkpt>
  <trkpt lat="42.483039" lon="-72.421523"></trkpt>
  <trkpt lat="42.482938" lon="-72.421401"></trkpt>
  <trkpt lat="42.482837" lon="-72.421281"></trkpt>
  <trkpt lat="42.482735" lon="-72.421161"></trkpt>
  <trkpt lat="42.482633" lon="-72.421042"></trkpt>
  <trkpt lat="42.482531" lon="-72.420922"></trkpt>
  <trkpt lat="42.482426" lon="-72.420806"></trkpt>
  <trkpt lat="42.482320" lon="-72.420693"></trkpt>
  <trkpt lat="42.482214" lon="-72.420581"></trkpt>
  <trkpt lat="42.482180" lon="-72.420545"></trkpt>
  <trkpt lat="42.482119" lon="-72.420727"></trkpt>
  <trkpt lat="42.482085" lon="-72.420845"></trkpt>
  <trkpt lat="42.482041" lon="-72.421048"></trkpt>
  <trkpt lat="42.482012" lon="-72.421164"></trkpt>
  <trkpt lat="42.481970" lon="-72.421259"></trkpt>
  <trkpt lat="42.481913" lon="-72.421340"></trkpt>
  <trkpt lat="42.481836" lon="-72.421424"></trkpt>
  <trkpt lat="42.481751" lon="-72.421508"></trkpt>
  <trkpt lat="42.481697" lon="-72.421572"></trkpt>
  <trkpt lat="42.481650" lon="-72.421656"></trkpt>
  <trkpt lat="42.481615" lon="-72.421758"></trkpt>
  <trkpt lat="42.481589" lon="-72.421879"></trkpt>
  <trkpt lat="42.481563" lon="-72.422066"></trkpt>
  <trkpt lat="42.481538" lon="-72.422177"></trkpt>
  <trkpt lat="42.481532" lon="-72.422201"></trkpt>
  <trkpt lat="42.481517" lon="-72.422262"></trkpt>
  <trkpt lat="42.481679" lon="-72.422489"></trkpt>
  <trkpt lat="42.481770" lon="-72.422763"></trkpt>
  <trkpt lat="42.481592" lon="-72.422961"></trkpt>
  <trkpt lat="42.481345" lon="-72.423042"></trkpt>
  <trkpt lat="42.481099" lon="-72.423107"></trkpt>
  <trkpt lat="42.481054" lon="-72.423095"></trkpt>
  <trkpt lat="42.481010" lon="-72.423055"></trkpt>
  <trkpt lat="42.480986" lon="-72.423000"></trkpt>
  <trkpt lat="42.480943" lon="-72.422869"></trkpt>
  <trkpt lat="42.480937" lon="-72.422831"></trkpt>
  <trkpt lat="42.480935" lon="-72.422814"></trkpt>
  <trkpt lat="42.480942" lon="-72.422741"></trkpt>
  <trkpt lat="42.480966" lon="-72.422687"></trkpt>
  <trkpt lat="42.481011" lon="-72.422625"></trkpt>
  <trkpt lat="42.481051" lon="-72.422585"></trkpt>
  <trkpt lat="42.481168" lon="-72.422513"></trkpt>
  <trkpt lat="42.481327" lon="-72.422399"></trkpt>
  <trkpt lat="42.481456" lon="-72.422314"></trkpt>
  <trkpt lat="42.481517" lon="-72.422262"></trkpt>
  <trkpt lat="42.481532" lon="-72.422201"></trkpt>
  <trkpt lat="42.481538" lon="-72.422177"></trkpt>
  <trkpt lat="42.481563" lon="-72.422066"></trkpt>
  <trkpt lat="42.481589" lon="-72.421879"></trkpt>
  <trkpt lat="42.481615" lon="-72.421758"></trkpt>
  <trkpt lat="42.481650" lon="-72.421656"></trkpt>
  <trkpt lat="42.481697" lon="-72.421572"></trkpt>
  <trkpt lat="42.481751" lon="-72.421508"></trkpt>
  <trkpt lat="42.481836" lon="-72.421424"></trkpt>
  <trkpt lat="42.481913" lon="-72.421340"></trkpt>
  <trkpt lat="42.481970" lon="-72.421259"></trkpt>
  <trkpt lat="42.482012" lon="-72.421164"></trkpt>
  <trkpt lat="42.482041" lon="-72.421048"></trkpt>
  <trkpt lat="42.482085" lon="-72.420845"></trkpt>
  <trkpt lat="42.482119" lon="-72.420727"></trkpt>
  <trkpt lat="42.482180" lon="-72.420545"></trkpt>
  <trkpt lat="42.482108" lon="-72.420468"></trkpt>
  <trkpt lat="42.482002" lon="-72.420355"></trkpt>
  <trkpt lat="42.481897" lon="-72.420240"></trkpt>
  <trkpt lat="42.481792" lon="-72.420125"></trkpt>
  <trkpt lat="42.481687" lon="-72.420011"></trkpt>
  <trkpt lat="42.481582" lon="-72.419896"></trkpt>
  <trkpt lat="42.481477" lon="-72.419781"></trkpt>
  <trkpt lat="42.481372" lon="-72.419666"></trkpt>
  <trkpt lat="42.481269" lon="-72.419548"></trkpt>
  <trkpt lat="42.481173" lon="-72.419421"></trkpt>
  <trkpt lat="42.481077" lon="-72.419293"></trkpt>
  <trkpt lat="42.480980" lon="-72.419165"></trkpt>
  <trkpt lat="42.480889" lon="-72.419031"></trkpt>
  <trkpt lat="42.480803" lon="-72.418890"></trkpt>
  <trkpt lat="42.480718" lon="-72.418749"></trkpt>
  <trkpt lat="42.480632" lon="-72.418608"></trkpt>
  <trkpt lat="42.480548" lon="-72.418465"></trkpt>
  <trkpt lat="42.480467" lon="-72.418318"></trkpt>
  <trkpt lat="42.480387" lon="-72.418172"></trkpt>
  <trkpt lat="42.480306" lon="-72.418026"></trkpt>
  <trkpt lat="42.480276" lon="-72.417969"></trkpt>
  <trkpt lat="42.480228" lon="-72.417877"></trkpt>
  <trkpt lat="42.480151" lon="-72.417727"></trkpt>
  <trkpt lat="42.480118" lon="-72.417675"></trkpt>
  <trkpt lat="42.480066" lon="-72.417790"></trkpt>
  <trkpt lat="42.480034" lon="-72.417879"></trkpt>
  <trkpt lat="42.480004" lon="-72.417998"></trkpt>
  <trkpt lat="42.479988" lon="-72.418192"></trkpt>
  <trkpt lat="42.479969" lon="-72.418486"></trkpt>
  <trkpt lat="42.479939" lon="-72.418815"></trkpt>
  <trkpt lat="42.479911" lon="-72.419181"></trkpt>
  <trkpt lat="42.479877" lon="-72.419546"></trkpt>
  <trkpt lat="42.479855" lon="-72.419796"></trkpt>
  <trkpt lat="42.479831" lon="-72.419997"></trkpt>
  <trkpt lat="42.479803" lon="-72.420172"></trkpt>
  <trkpt lat="42.479790" lon="-72.420235"></trkpt>
  <trkpt lat="42.479779" lon="-72.420334"></trkpt>
  <trkpt lat="42.479730" lon="-72.420557"></trkpt>
  <trkpt lat="42.479691" lon="-72.420731"></trkpt>
  <trkpt lat="42.479671" lon="-72.420856"></trkpt>
  <trkpt lat="42.479653" lon="-72.420992"></trkpt>
  <trkpt lat="42.479657" lon="-72.421162"></trkpt>
  <trkpt lat="42.479653" lon="-72.420992"></trkpt>
  <trkpt lat="42.479671" lon="-72.420856"></trkpt>
  <trkpt lat="42.479691" lon="-72.420731"></trkpt>
  <trkpt lat="42.479730" lon="-72.420557"></trkpt>
  <trkpt lat="42.479779" lon="-72.420334"></trkpt>
  <trkpt lat="42.479799" lon="-72.420236"></trkpt>
  <trkpt lat="42.479925" lon="-72.420641"></trkpt>
  <trkpt lat="42.479978" lon="-72.421077"></trkpt>
  <trkpt lat="42.479790" lon="-72.422477"></trkpt>
  <trkpt lat="42.479844" lon="-72.422128"></trkpt>
  <trkpt lat="42.479889" lon="-72.421777"></trkpt>
  <trkpt lat="42.479934" lon="-72.421427"></trkpt>
  <trkpt lat="42.479978" lon="-72.421077"></trkpt>
  <trkpt lat="42.479925" lon="-72.420641"></trkpt>
  <trkpt lat="42.479799" lon="-72.420236"></trkpt>
  <trkpt lat="42.479812" lon="-72.420174"></trkpt>
  <trkpt lat="42.479840" lon="-72.419998"></trkpt>
  <trkpt lat="42.479864" lon="-72.419797"></trkpt>
  <trkpt lat="42.479886" lon="-72.419547"></trkpt>
  <trkpt lat="42.479920" lon="-72.419182"></trkpt>
  <trkpt lat="42.479947" lon="-72.418816"></trkpt>
  <trkpt lat="42.479978" lon="-72.418487"></trkpt>
  <trkpt lat="42.479996" lon="-72.418193"></trkpt>
  <trkpt lat="42.480012" lon="-72.417999"></trkpt>
  <trkpt lat="42.480043" lon="-72.417880"></trkpt>
  <trkpt lat="42.480074" lon="-72.417791"></trkpt>
  <trkpt lat="42.480118" lon="-72.417675"></trkpt>
  <trkpt lat="42.480064" lon="-72.417588"></trkpt>
  <trkpt lat="42.479972" lon="-72.417455"></trkpt>
  <trkpt lat="42.479880" lon="-72.417322"></trkpt>
  <trkpt lat="42.479787" lon="-72.417189"></trkpt>
  <trkpt lat="42.479690" lon="-72.417063"></trkpt>
  <trkpt lat="42.479591" lon="-72.416937"></trkpt>
  <trkpt lat="42.479494" lon="-72.416811"></trkpt>
  <trkpt lat="42.479396" lon="-72.416686"></trkpt>
  <trkpt lat="42.479298" lon="-72.416560"></trkpt>
  <trkpt lat="42.479203" lon="-72.416431"></trkpt>
  <trkpt lat="42.479110" lon="-72.416299"></trkpt>
  <trkpt lat="42.479017" lon="-72.416166"></trkpt>
  <trkpt lat="42.478951" lon="-72.416079"></trkpt>
  <trkpt lat="42.478835" lon="-72.415897"></trkpt>
  <trkpt lat="42.478747" lon="-72.415759"></trkpt>
  <trkpt lat="42.478658" lon="-72.415621"></trkpt>
  <trkpt lat="42.478569" lon="-72.415483"></trkpt>
  <trkpt lat="42.478470" lon="-72.415359"></trkpt>
  <trkpt lat="42.478370" lon="-72.415237"></trkpt>
  <trkpt lat="42.478264" lon="-72.415124"></trkpt>
  <trkpt lat="42.478152" lon="-72.415023"></trkpt>
  <trkpt lat="42.478034" lon="-72.414933"></trkpt>
  <trkpt lat="42.477913" lon="-72.414852"></trkpt>
  <trkpt lat="42.477788" lon="-72.414783"></trkpt>
  <trkpt lat="42.477659" lon="-72.414730"></trkpt>
  <trkpt lat="42.477529" lon="-72.414685"></trkpt>
  <trkpt lat="42.477397" lon="-72.414644"></trkpt>
  <trkpt lat="42.477264" lon="-72.414610"></trkpt>
  <trkpt lat="42.477130" lon="-72.414587"></trkpt>
  <trkpt lat="42.476996" lon="-72.414566"></trkpt>
  <trkpt lat="42.476862" lon="-72.414545"></trkpt>
  <trkpt lat="42.476728" lon="-72.414525"></trkpt>
  <trkpt lat="42.476594" lon="-72.414504"></trkpt>
  <trkpt lat="42.476531" lon="-72.414494"></trkpt>
  <trkpt lat="42.476459" lon="-72.414483"></trkpt>
  <trkpt lat="42.476326" lon="-72.414461"></trkpt>
  <trkpt lat="42.476192" lon="-72.414434"></trkpt>
  <trkpt lat="42.476059" lon="-72.414403"></trkpt>
  <trkpt lat="42.475926" lon="-72.414368"></trkpt>
  <trkpt lat="42.475794" lon="-72.414333"></trkpt>
  <trkpt lat="42.475662" lon="-72.414295"></trkpt>
  <trkpt lat="42.475529" lon="-72.414258"></trkpt>
  <trkpt lat="42.475397" lon="-72.414220"></trkpt>
  <trkpt lat="42.475265" lon="-72.414182"></trkpt>
  <trkpt lat="42.475134" lon="-72.414144"></trkpt>
  <trkpt lat="42.475001" lon="-72.414109"></trkpt>
  <trkpt lat="42.474868" lon="-72.414074"></trkpt>
  <trkpt lat="42.474736" lon="-72.414039"></trkpt>
  <trkpt lat="42.474603" lon="-72.414004"></trkpt>
  <trkpt lat="42.474518" lon="-72.413981"></trkpt>
  <trkpt lat="42.474471" lon="-72.413969"></trkpt>
  <trkpt lat="42.474436" lon="-72.413960"></trkpt>
  <trkpt lat="42.474338" lon="-72.414772"></trkpt>
  <trkpt lat="42.474203" lon="-72.415813"></trkpt>
  <trkpt lat="42.474128" lon="-72.416519"></trkpt>
  <trkpt lat="42.474061" lon="-72.417225"></trkpt>
  <trkpt lat="42.474056" lon="-72.417293"></trkpt>
  <trkpt lat="42.474052" lon="-72.417346"></trkpt>
  <trkpt lat="42.474067" lon="-72.417268"></trkpt>
  <trkpt lat="42.474100" lon="-72.416768"></trkpt>
  <trkpt lat="42.474149" lon="-72.416291"></trkpt>
  <trkpt lat="42.474194" lon="-72.415883"></trkpt>
  <trkpt lat="42.474249" lon="-72.415445"></trkpt>
  <trkpt lat="42.474293" lon="-72.415081"></trkpt>
  <trkpt lat="42.474339" lon="-72.414615"></trkpt>
  <trkpt lat="42.474392" lon="-72.414314"></trkpt>
  <trkpt lat="42.474436" lon="-72.413960"></trkpt>
  <trkpt lat="42.474200" lon="-72.413906"></trkpt>
  <trkpt lat="42.473964" lon="-72.413858"></trkpt>
  <trkpt lat="42.473727" lon="-72.413810"></trkpt>
  <trkpt lat="42.473491" lon="-72.413762"></trkpt>
  <trkpt lat="42.473255" lon="-72.413714"></trkpt>
  <trkpt lat="42.473018" lon="-72.413666"></trkpt>
  <trkpt lat="42.472587" lon="-72.413588"></trkpt>
  <trkpt lat="42.472357" lon="-72.413547"></trkpt>
  <trkpt lat="42.472128" lon="-72.413506"></trkpt>
  <trkpt lat="42.471899" lon="-72.413465"></trkpt>
  <trkpt lat="42.471670" lon="-72.413424"></trkpt>
  <trkpt lat="42.471454" lon="-72.413339"></trkpt>
  <trkpt lat="42.471243" lon="-72.413234"></trkpt>
  <trkpt lat="42.471048" lon="-72.413083"></trkpt>
  <trkpt lat="42.470863" lon="-72.412909"></trkpt>
  <trkpt lat="42.470681" lon="-72.412729"></trkpt>
  <trkpt lat="42.470498" lon="-72.412552"></trkpt>
  <trkpt lat="42.470479" lon="-72.412876"></trkpt>
  <trkpt lat="42.470444" lon="-72.413197"></trkpt>
  <trkpt lat="42.470397" lon="-72.413516"></trkpt>
  <trkpt lat="42.470358" lon="-72.413837"></trkpt>
  <trkpt lat="42.470327" lon="-72.414159"></trkpt>
  <trkpt lat="42.470287" lon="-72.414480"></trkpt>
  <trkpt lat="42.470244" lon="-72.414800"></trkpt>
  <trkpt lat="42.470200" lon="-72.415120"></trkpt>
  <trkpt lat="42.470158" lon="-72.415440"></trkpt>
  <trkpt lat="42.470120" lon="-72.415781"></trkpt>
  <trkpt lat="42.470049" lon="-72.416102"></trkpt>
  <trkpt lat="42.469705" lon="-72.416109"></trkpt>
  <trkpt lat="42.470049" lon="-72.416102"></trkpt>
  <trkpt lat="42.470120" lon="-72.415781"></trkpt>
  <trkpt lat="42.470166" lon="-72.415442"></trkpt>
  <trkpt lat="42.470186" lon="-72.415276"></trkpt>
  <trkpt lat="42.470235" lon="-72.414936"></trkpt>
  <trkpt lat="42.470293" lon="-72.414501"></trkpt>
  <trkpt lat="42.470333" lon="-72.414200"></trkpt>
  <trkpt lat="42.470359" lon="-72.413894"></trkpt>
  <trkpt lat="42.470408" lon="-72.413497"></trkpt>
  <trkpt lat="42.470484" lon="-72.412986"></trkpt>
  <trkpt lat="42.470498" lon="-72.412552"></trkpt>
  <trkpt lat="42.470469" lon="-72.412524"></trkpt>
  <trkpt lat="42.470396" lon="-72.412454"></trkpt>
  <trkpt lat="42.470354" lon="-72.412416"></trkpt>
  <trkpt lat="42.470321" lon="-72.412386"></trkpt>
  <trkpt lat="42.470246" lon="-72.412324"></trkpt>
  <trkpt lat="42.470167" lon="-72.412266"></trkpt>
  <trkpt lat="42.470086" lon="-72.412212"></trkpt>
  <trkpt lat="42.470004" lon="-72.412161"></trkpt>
  <trkpt lat="42.469921" lon="-72.412114"></trkpt>
  <trkpt lat="42.469915" lon="-72.412110"></trkpt>
  <trkpt lat="42.469831" lon="-72.412066"></trkpt>
  <trkpt lat="42.469746" lon="-72.412025"></trkpt>
  <trkpt lat="42.469736" lon="-72.412021"></trkpt>
  <trkpt lat="42.469661" lon="-72.411987"></trkpt>
  <trkpt lat="42.469576" lon="-72.411953"></trkpt>
  <trkpt lat="42.469489" lon="-72.411922"></trkpt>
  <trkpt lat="42.469401" lon="-72.411897"></trkpt>
  <trkpt lat="42.469341" lon="-72.411884"></trkpt>
  <trkpt lat="42.469252" lon="-72.411871"></trkpt>
  <trkpt lat="42.469162" lon="-72.411862"></trkpt>
  <trkpt lat="42.469128" lon="-72.411857"></trkpt>
  <trkpt lat="42.469161" lon="-72.411543"></trkpt>
  <trkpt lat="42.469195" lon="-72.411229"></trkpt>
  <trkpt lat="42.469230" lon="-72.410915"></trkpt>
  <trkpt lat="42.469265" lon="-72.410601"></trkpt>
  <trkpt lat="42.469336" lon="-72.409857"></trkpt>
  <trkpt lat="42.469393" lon="-72.409369"></trkpt>
  <trkpt lat="42.469370" lon="-72.409639"></trkpt>
  <trkpt lat="42.469334" lon="-72.409960"></trkpt>
  <trkpt lat="42.469299" lon="-72.410281"></trkpt>
  <trkpt lat="42.469265" lon="-72.410601"></trkpt>
  <trkpt lat="42.469230" lon="-72.410915"></trkpt>
  <trkpt lat="42.469195" lon="-72.411229"></trkpt>
  <trkpt lat="42.469161" lon="-72.411543"></trkpt>
  <trkpt lat="42.469128" lon="-72.411857"></trkpt>
  <trkpt lat="42.468903" lon="-72.411818"></trkpt>
  <trkpt lat="42.468677" lon="-72.411783"></trkpt>
  <trkpt lat="42.468451" lon="-72.411747"></trkpt>
  <trkpt lat="42.468226" lon="-72.411706"></trkpt>
  <trkpt lat="42.468001" lon="-72.411669"></trkpt>
  <trkpt lat="42.467775" lon="-72.411632"></trkpt>
  <trkpt lat="42.467548" lon="-72.411617"></trkpt>
  <trkpt lat="42.467323" lon="-72.411655"></trkpt>
  <trkpt lat="42.467100" lon="-72.411712"></trkpt>
  <trkpt lat="42.466876" lon="-72.411768"></trkpt>
  <trkpt lat="42.466653" lon="-72.411826"></trkpt>
  <trkpt lat="42.466430" lon="-72.411887"></trkpt>
  <trkpt lat="42.466207" lon="-72.411940"></trkpt>
  <trkpt lat="42.465982" lon="-72.411984"></trkpt>
  <trkpt lat="42.465755" lon="-72.412013"></trkpt>
  <trkpt lat="42.465529" lon="-72.412031"></trkpt>
  <trkpt lat="42.465274" lon="-72.412046"></trkpt>
  <trkpt lat="42.464961" lon="-72.412055"></trkpt>
  <trkpt lat="42.464720" lon="-72.412040"></trkpt>
  <trkpt lat="42.464480" lon="-72.412006"></trkpt>
  <trkpt lat="42.464242" lon="-72.411956"></trkpt>
  <trkpt lat="42.464005" lon="-72.411895"></trkpt>
  <trkpt lat="42.463768" lon="-72.411837"></trkpt>
  <trkpt lat="42.463518" lon="-72.411774"></trkpt>
  <trkpt lat="42.463269" lon="-72.411708"></trkpt>
  <trkpt lat="42.462900" lon="-72.411611"></trkpt>
  <trkpt lat="42.462665" lon="-72.411550"></trkpt>
  <trkpt lat="42.462430" lon="-72.411489"></trkpt>
  <trkpt lat="42.462195" lon="-72.411428"></trkpt>
  <trkpt lat="42.461960" lon="-72.411367"></trkpt>
  <trkpt lat="42.461725" lon="-72.411305"></trkpt>
  <trkpt lat="42.461490" lon="-72.411243"></trkpt>
  <trkpt lat="42.461225" lon="-72.411173"></trkpt>
  <trkpt lat="42.461104" lon="-72.411142"></trkpt>
  <trkpt lat="42.460884" lon="-72.411090"></trkpt>
  <trkpt lat="42.460646" lon="-72.411037"></trkpt>
  <trkpt lat="42.460409" lon="-72.410982"></trkpt>
  <trkpt lat="42.460170" lon="-72.410936"></trkpt>
  <trkpt lat="42.459930" lon="-72.410903"></trkpt>
  <trkpt lat="42.459690" lon="-72.410884"></trkpt>
  <trkpt lat="42.459449" lon="-72.410872"></trkpt>
  <trkpt lat="42.459209" lon="-72.410845"></trkpt>
  <trkpt lat="42.459020" lon="-72.410783"></trkpt>
  <trkpt lat="42.458799" lon="-72.410669"></trkpt>
  <trkpt lat="42.458583" lon="-72.410536"></trkpt>
  <trkpt lat="42.458370" lon="-72.410398"></trkpt>
  <trkpt lat="42.458155" lon="-72.410262"></trkpt>
  <trkpt lat="42.457936" lon="-72.410140"></trkpt>
  <trkpt lat="42.457708" lon="-72.410051"></trkpt>
  <trkpt lat="42.457474" lon="-72.410005"></trkpt>
  <trkpt lat="42.457237" lon="-72.409989"></trkpt>
  <trkpt lat="42.457001" lon="-72.409990"></trkpt>
  <trkpt lat="42.456765" lon="-72.410026"></trkpt>
  <trkpt lat="42.456532" lon="-72.410084"></trkpt>
  <trkpt lat="42.456301" lon="-72.410156"></trkpt>
  <trkpt lat="42.456071" lon="-72.410234"></trkpt>
  <trkpt lat="42.455843" lon="-72.410318"></trkpt>
  <trkpt lat="42.455600" lon="-72.410396"></trkpt>
  <trkpt lat="42.455355" lon="-72.410456"></trkpt>
  <trkpt lat="42.455106" lon="-72.410449"></trkpt>
  <trkpt lat="42.454861" lon="-72.410426"></trkpt>
  <trkpt lat="42.454617" lon="-72.410397"></trkpt>
  <trkpt lat="42.454373" lon="-72.410366"></trkpt>
  <trkpt lat="42.454052" lon="-72.410325"></trkpt>
  <trkpt lat="42.453732" lon="-72.410275"></trkpt>
  <trkpt lat="42.453640" lon="-72.410260"></trkpt>
  <trkpt lat="42.453624" lon="-72.410257"></trkpt>
  <trkpt lat="42.453535" lon="-72.410243"></trkpt>
  <trkpt lat="42.453446" lon="-72.410229"></trkpt>
  <trkpt lat="42.453356" lon="-72.410215"></trkpt>
  <trkpt lat="42.453345" lon="-72.410213"></trkpt>
  <trkpt lat="42.453255" lon="-72.410199"></trkpt>
  <trkpt lat="42.453166" lon="-72.410185"></trkpt>
  <trkpt lat="42.453112" lon="-72.410177"></trkpt>
  <trkpt lat="42.453119" lon="-72.409758"></trkpt>
  <trkpt lat="42.453104" lon="-72.409345"></trkpt>
  <trkpt lat="42.452958" lon="-72.409204"></trkpt>
  <trkpt lat="42.452757" lon="-72.409354"></trkpt>
  <trkpt lat="42.452688" lon="-72.409726"></trkpt>
  <trkpt lat="42.452638" lon="-72.410105"></trkpt>
  <trkpt lat="42.452660" lon="-72.410109"></trkpt>
  <trkpt lat="42.452749" lon="-72.410122"></trkpt>
  <trkpt lat="42.452817" lon="-72.410132"></trkpt>
  <trkpt lat="42.452907" lon="-72.410146"></trkpt>
  <trkpt lat="42.452996" lon="-72.410159"></trkpt>
  <trkpt lat="42.453085" lon="-72.410173"></trkpt>
  <trkpt lat="42.453112" lon="-72.410177"></trkpt>
  <trkpt lat="42.453085" lon="-72.410173"></trkpt>
  <trkpt lat="42.452996" lon="-72.410159"></trkpt>
  <trkpt lat="42.452907" lon="-72.410146"></trkpt>
  <trkpt lat="42.452817" lon="-72.410132"></trkpt>
  <trkpt lat="42.452749" lon="-72.410122"></trkpt>
  <trkpt lat="42.452660" lon="-72.410109"></trkpt>
  <trkpt lat="42.452638" lon="-72.410105"></trkpt>
  <trkpt lat="42.452570" lon="-72.410095"></trkpt>
  <trkpt lat="42.452498" lon="-72.410084"></trkpt>
  <trkpt lat="42.452328" lon="-72.410060"></trkpt>
  <trkpt lat="42.452238" lon="-72.410048"></trkpt>
  <trkpt lat="42.452189" lon="-72.410041"></trkpt>
  <trkpt lat="42.452141" lon="-72.410031"></trkpt>
  <trkpt lat="42.452162" lon="-72.409842"></trkpt>
 </trkseg></trk>
</gpx>
