{"type":"FeatureCollection","features":[{"type":"Feature","id":15582,"geometry":{"type":"LineString","coordinates":[[-72.431625711839487,42.450285610216262],[-72.431567725878068,42.450546047276902],[-72.431509647979823,42.45080704232457],[-72.431414399689046,42.451059340204857],[-72.431402618514213,42.451084755872685],[-72.43139044857277,42.45110961288789],[-72.431374837973749,42.451132809639269],[-72.431358284979936,42.451150386154914],[-72.431339437413925,42.451166856732577],[-72.431318945820152,42.45118165341529],[-72.431295154708565,42.451197601264809],[-72.431269425559293,42.451211311297499],[-72.431242253004811,42.451223349410604],[-72.431220601064524,42.451230277722281],[-72.431198085221496,42.451236084022682],[-72.431175268192916,42.45124133455996],[-72.431138042506817,42.451247826073626],[-72.431100203755818,42.451252068148719],[-72.431062176880928,42.451255754438705],[-72.430991448041041,42.451264203926314],[-72.430920416951125,42.451271531322959],[-72.430849478162187,42.451278853428121],[-72.430630047450521,42.451295819472449],[-72.430409878159907,42.451308293103132],[-72.430189673379147,42.451317949521211],[-72.430027552064885,42.451324882123544],[-72.429865313575888,42.451330133659859],[-72.42970321130251,42.451332004095129],[-72.42957240302961,42.451330248259282],[-72.429441461917989,42.451326238964839],[-72.429310635840281,42.451323353983881],[-72.429243469854768,42.451322208729124],[-72.42917649811821,42.451321623662999],[-72.429109659164169,42.451323288267552],[-72.4290849778465,42.451324049165805],[-72.429060490800239,42.451325372087162],[-72.429036021558801,42.451327822951001],[-72.42900038257909,42.451332609285515],[-72.428965146528668,42.451339084946135],[-72.428930200732822,42.451346119149392],[-72.428876061015302,42.451358933294522],[-72.428822907408986,42.451373992042718],[-72.42876984958518,42.451389613589122],[-72.428664614652746,42.451421973096245],[-72.428560551681656,42.451456572937651],[-72.428457271005328,42.451492295368936],[-72.428272601566462,42.45156130552509],[-72.428090656365839,42.451634796789641],[-72.427908809204141,42.45170828697217],[-72.427717601390867,42.451785231133691],[-72.427526686002267,42.451862168116001],[-72.427334900297922,42.451937987294386],[-72.427108024071217,42.452024219828594],[-72.42688016721425,42.45210820632014],[-72.426652125928527,42.45219275563268]]},"properties":{"OBJECTID":15582,"route_id":"L013963 EB","from_measure":0,"to_measure":0.31839000000000001,"Route_System":"L","Route_Number":"013963","Route_Direction":"EB","Rd_Seg_ID":null,"Facility":1,"Mile_Count":0,"Urban_Area":"0","Urban_Type":5,"F_F_Class":7,"Jurisdictn":"0","NHS":0,"Fd_Aid_Rd":0,"Control":0,"Num_Lanes":0,"Opp_Lanes":0,"Surface_Tp":0,"Surface_Wd":0,"Shldr_Lt_W":0,"Shldr_Lt_T":0,"Shldr_Rt_W":0,"Shldr_Rt_T":0,"Shldr_UL_W":0,"Shldr_UL_T":0,"Med_Width":0,"Med_Type":0,"Curb":null,"Lt_Sidewlk":0,"Rt_Sidewlk":0,"Pd_Sf_Type":null,"Pd_Fc_Type":null,"Cr_Slope":null,"Path_Width":null,"Operation":2,"Speed_Lim":null,"Op_Dir_SL":null,"Speed_Reg":null,"T_Exc_Type":null,"T_Exc_Time":null,"Trk_Permit":null,"Trk_Netwrk":null,"Truck_Rte":null,"ROW_Width":null,"Toll_Road":null,"MHS":null,"City":272,"Mun_Type":2,"County":11,"Hwy_Dist":2,"RPA":"FRCOG","RTA":"FRTA","MPO":5,"St_Name":"","City_Maint":272,"Length":0.31839000000000001,"created_user":"RH","created_date":1785555425000,"last_edited_user":"RH","last_edited_date":1785555425000,"Record_ID":"123570.911615.NE.51.013963","GlobalID":"{31B1F80C-D758-4F24-9534-D390B20BDF90}","Local_Priority":1,"Oneway":null,"SHAPE.STLength()":512.82278677842089}},{"type":"Feature","id":15583,"geometry":{"type":"LineString","coordinates":[[-72.426652125928527,42.45219275563268],[-72.426408855382633,42.452314003951514],[-72.425815454670385,42.452704787667258],[-72.425336076443458,42.453008554530967],[-72.424873583393278,42.45333750861068],[-72.424731064197161,42.453424741627465],[-72.424425853573112,42.453597690842876],[-72.424048921052986,42.453821851764161],[-72.423627130158678,42.454102645094217],[-72.423319693636017,42.454299238710107],[-72.422509238397737,42.454626467642612],[-72.421750869157421,42.454943709960972],[-72.420696560916554,42.455374163896693],[-72.419878976596991,42.455722815169644],[-72.418936906456395,42.456126469671432],[-72.418086183573863,42.456496756535451],[-72.417107571873572,42.456923757502715],[-72.416513541949598,42.457167068658521],[-72.41571288776332,42.457507114720805],[-72.415239479865761,42.457730325911783],[-72.414677768020212,42.457982935520725],[-72.414066127726358,42.458231435214202],[-72.413530231022179,42.458443320361489],[-72.413175985983699,42.458599180900215],[-72.412748295213888,42.458786009562388],[-72.412583606623258,42.458853153122845],[-72.412465175529988,42.458900791258642],[-72.412321354257031,42.458926692550463],[-72.412250659132454,42.458931751299779],[-72.41216858896189,42.458938029972536],[-72.411874110041481,42.458950488246131],[-72.411864905391454,42.458951123806706]]},"properties":{"OBJECTID":15583,"route_id":"L013963 EB","from_measure":0.31839000000000001,"to_measure":1.2121253999999999,"Route_System":"L","Route_Number":"013963","Route_Direction":"EB","Rd_Seg_ID":null,"Facility":1,"Mile_Count":0,"Urban_Area":"0","Urban_Type":5,"F_F_Class":7,"Jurisdictn":"0","NHS":0,"Fd_Aid_Rd":0,"Control":0,"Num_Lanes":0,"Opp_Lanes":0,"Surface_Tp":0,"Surface_Wd":0,"Shldr_Lt_W":0,"Shldr_Lt_T":0,"Shldr_Rt_W":0,"Shldr_Rt_T":0,"Shldr_UL_W":0,"Shldr_UL_T":0,"Med_Width":0,"Med_Type":0,"Curb":null,"Lt_Sidewlk":0,"Rt_Sidewlk":0,"Pd_Sf_Type":null,"Pd_Fc_Type":null,"Cr_Slope":null,"Path_Width":null,"Operation":2,"Speed_Lim":null,"Op_Dir_SL":null,"Speed_Reg":null,"T_Exc_Type":null,"T_Exc_Time":null,"Trk_Permit":null,"Trk_Netwrk":null,"Truck_Rte":null,"ROW_Width":null,"Toll_Road":null,"MHS":null,"City":272,"Mun_Type":2,"County":11,"Hwy_Dist":2,"RPA":"FRCOG","RTA":"FRTA","MPO":5,"St_Name":"","City_Maint":272,"Length":0.89373539999999996,"created_user":"RH","created_date":1785555425000,"last_edited_user":"RH","last_edited_date":1785555425000,"Record_ID":"124368.912113.NE.14.013963","GlobalID":"{5538BE5A-1601-4562-9975-954F8ECA4504}","Local_Priority":1,"Oneway":null,"SHAPE.STLength()":1439.5172824473304}},{"type":"Feature","id":15584,"geometry":{"type":"LineString","coordinates":[[-72.432157786763597,42.450261230726205],[-72.431989268067568,42.450023728918254],[-72.431952373687778,42.449949790366112],[-72.431947308779073,42.449849079127517],[-72.43198815285534,42.449705579040277],[-72.432047598421661,42.449609646787131],[-72.432107513313653,42.449545531366255],[-72.432192837365292,42.449505073049409],[-72.432595459123121,42.449374547026316],[-72.432901976474611,42.449281919804825],[-72.433282648105973,42.449119757479174],[-72.433668781053854,42.448964175004399],[-72.433834628359961,42.448921735560837],[-72.43394850502915,42.448875738854035],[-72.434010817774009,42.44885269777194]]},"properties":{"OBJECTID":15584,"route_id":"L013963 WB","from_measure":0,"to_measure":0.16234789999999999,"Route_System":"L","Route_Number":"013963","Route_Direction":"WB","Rd_Seg_ID":null,"Facility":1,"Mile_Count":0,"Urban_Area":"0","Urban_Type":5,"F_F_Class":7,"Jurisdictn":"0","NHS":0,"Fd_Aid_Rd":0,"Control":0,"Num_Lanes":0,"Opp_Lanes":0,"Surface_Tp":0,"Surface_Wd":0,"Shldr_Lt_W":0,"Shldr_Lt_T":0,"Shldr_Rt_W":0,"Shldr_Rt_T":0,"Shldr_UL_W":0,"Shldr_UL_T":0,"Med_Width":0,"Med_Type":0,"Curb":null,"Lt_Sidewlk":0,"Rt_Sidewlk":0,"Pd_Sf_Type":null,"Pd_Fc_Type":null,"Cr_Slope":null,"Path_Width":null,"Operation":2,"Speed_Lim":null,"Op_Dir_SL":null,"Speed_Reg":null,"T_Exc_Type":null,"T_Exc_Time":null,"Trk_Permit":null,"Trk_Netwrk":null,"Truck_Rte":null,"ROW_Width":null,"Toll_Road":null,"MHS":null,"City":272,"Mun_Type":2,"County":11,"Hwy_Dist":2,"RPA":"FRCOG","RTA":"FRTA","MPO":5,"St_Name":"","City_Maint":272,"Length":0.16234789999999999,"created_user":"RH","created_date":1785555425000,"last_edited_user":"RH","last_edited_date":1785555425000,"Record_ID":"123263.911394.SW.26.013963","GlobalID":"{6534E5AE-A5BD-448B-9008-E066E05E36BE}","Local_Priority":1,"Oneway":null,"SHAPE.STLength()":261.27429708062795}},{"type":"Feature","id":16457,"geometry":{"type":"LineString","coordinates":[[-72.452126065309074,42.443639736647057],[-72.452070107052066,42.443654712399187],[-72.451941488665014,42.443692020624965],[-72.451900380030153,42.443703944810487],[-72.451730760885226,42.443753738775236],[-72.451560645644179,42.443802411190795],[-72.451390527758207,42.443850521576586],[-72.451221094994239,42.443900313242452],[-72.451052151693176,42.443951225109345],[-72.450883120676565,42.444002141951337],[-72.450713887598283,42.444052493011135],[-72.450544747852291,42.444102843949324],[-72.45037726300113,42.444155991766706],[-72.450210172862612,42.444210265977667],[-72.450043174802687,42.444263972884514],[-72.449873350975537,42.444313203073001],[-72.449702944787376,42.444361312415566],[-72.449532336654713,42.444408862271317],[-72.449362713737102,42.444458651839319],[-72.449192982458982,42.444507881150834],[-72.449094085254458,42.444536832936308],[-72.449023256980027,42.444557109261289],[-72.448853525159336,42.444606337171081],[-72.448683706777473,42.444655565541041],[-72.448513974427655,42.444704792949175],[-72.448344443515779,42.444754581143073],[-72.448174912336782,42.444804369086782],[-72.448007034766434,42.444856954852412],[-72.447839854440659,42.444911226325218],[-72.44767197629406,42.44496381070077],[-72.447503809969319,42.445015840804473],[-72.447335052731106,42.44506674562421],[-72.447163757970173,42.445113172185934],[-72.446992360865451,42.445159032132928],[-72.446827105052606,42.445215536181216],[-72.446716236548625,42.44525696096602],[-72.44661734760399,42.445306165835106],[-72.446526167150409,42.445362622325817],[-72.44639577407581,42.445457666212178],[-72.44626997105162,42.445554920317775],[-72.446146577582027,42.445654405273082],[-72.446064268693632,42.445738926060486],[-72.445999963460736,42.445820481809264]]},"properties":{"OBJECTID":16457,"route_id":"L020815 EB","from_measure":1.27484,"to_measure":1.6269909,"Route_System":"L","Route_Number":"020815","Route_Direction":"EB","Rd_Seg_ID":null,"Facility":1,"Mile_Count":0,"Urban_Area":"0","Urban_Type":5,"F_F_Class":7,"Jurisdictn":"0","NHS":0,"Fd_Aid_Rd":0,"Control":0,"Num_Lanes":0,"Opp_Lanes":0,"Surface_Tp":0,"Surface_Wd":0,"Shldr_Lt_W":0,"Shldr_Lt_T":0,"Shldr_Rt_W":0,"Shldr_Rt_T":0,"Shldr_UL_W":0,"Shldr_UL_T":0,"Med_Width":0,"Med_Type":0,"Curb":null,"Lt_Sidewlk":0,"Rt_Sidewlk":0,"Pd_Sf_Type":null,"Pd_Fc_Type":null,"Cr_Slope":null,"Path_Width":null,"Operation":2,"Speed_Lim":null,"Op_Dir_SL":null,"Speed_Reg":null,"T_Exc_Type":null,"T_Exc_Time":null,"Trk_Permit":null,"Trk_Netwrk":null,"Truck_Rte":null,"ROW_Width":null,"Toll_Road":null,"MHS":null,"City":272,"Mun_Type":2,"County":11,"Hwy_Dist":2,"RPA":"FRCOG","RTA":"FRTA","MPO":5,"St_Name":"","City_Maint":272,"Length":0.35215089999999999,"created_user":"RH","created_date":1785555425000,"last_edited_user":"RH","last_edited_date":1785555425000,"Record_ID":"121930.910883.NE.56.020815","GlobalID":"{C296B733-73FF-43C7-B997-06A288319E65}","Local_Priority":1,"Oneway":null,"SHAPE.STLength()":566.73297272282821}},{"type":"Feature","id":16458,"geometry":{"type":"LineString","coordinates":[[-72.438809105455277,42.502890774643454],[-72.438731927850185,42.502853139483349],[-72.438633353324732,42.502852817742742],[-72.438567802814873,42.502855600455597],[-72.438455342303214,42.502841885306559],[-72.438366478837409,42.502817288675885],[-72.4382584144997,42.502760775033167],[-72.438193523342449,42.502705597066843],[-72.438089414720366,42.502620913951212],[-72.437976430183895,42.502559378593638],[-72.437828522720721,42.502495306622784],[-72.437695211494557,42.502441246816495],[-72.437551709883152,42.502385583478585],[-72.437333909158966,42.502293951230648],[-72.437156192454566,42.502251504760537]]},"properties":{"OBJECTID":16458,"route_id":"L020817 EB","from_measure":0,"to_measure":0.097775000000000001,"Route_System":"L","Route_Number":"020817","Route_Direction":"EB","Rd_Seg_ID":null,"Facility":1,"Mile_Count":0,"Urban_Area":"0","Urban_Type":5,"F_F_Class":7,"Jurisdictn":"0","NHS":0,"Fd_Aid_Rd":0,"Control":0,"Num_Lanes":0,"Opp_Lanes":0,"Surface_Tp":0,"Surface_Wd":0,"Shldr_Lt_W":0,"Shldr_Lt_T":0,"Shldr_Rt_W":0,"Shldr_Rt_T":0,"Shldr_UL_W":0,"Shldr_UL_T":0,"Med_Width":0,"Med_Type":0,"Curb":null,"Lt_Sidewlk":0,"Rt_Sidewlk":0,"Pd_Sf_Type":null,"Pd_Fc_Type":null,"Cr_Slope":null,"Path_Width":null,"Operation":2,"Speed_Lim":null,"Op_Dir_SL":null,"Speed_Reg":null,"T_Exc_Type":null,"T_Exc_Time":null,"Trk_Permit":null,"Trk_Netwrk":null,"Truck_Rte":null,"ROW_Width":null,"Toll_Road":null,"MHS":null,"City":272,"Mun_Type":2,"County":11,"Hwy_Dist":2,"RPA":"FRCOG","RTA":"FRTA","MPO":5,"St_Name":"","City_Maint":272,"Length":0.097775000000000001,"created_user":"RH","created_date":1785555425000,"last_edited_user":"RH","last_edited_date":1785555425000,"Record_ID":"122905.917315.SE.15.020817","GlobalID":"{97A613F4-34F0-41FB-B7CC-9F2816565220}","Local_Priority":1,"Oneway":null,"SHAPE.STLength()":157.35389581324941}},{"type":"Feature","id":16459,"geometry":{"type":"LineString","coordinates":[[-72.438306427758718,42.497270156031234],[-72.438164733803816,42.497298929847418],[-72.437984948142358,42.497324294338746],[-72.437566991050943,42.497359034495666],[-72.437050684374256,42.497392979221274],[-72.436781692600633,42.497453596340769],[-72.436457176241177,42.497497134180172],[-72.436000040504325,42.497547256211448]]},"properties":{"OBJECTID":16459,"route_id":"L020818 EB","from_measure":0,"to_measure":0.1196224,"Route_System":"L","Route_Number":"020818","Route_Direction":"EB","Rd_Seg_ID":null,"Facility":1,"Mile_Count":0,"Urban_Area":"0","Urban_Type":5,"F_F_Class":7,"Jurisdictn":"0","NHS":0,"Fd_Aid_Rd":0,"Control":0,"Num_Lanes":0,"Opp_Lanes":0,"Surface_Tp":0,"Surface_Wd":0,"Shldr_Lt_W":0,"Shldr_Lt_T":0,"Shldr_Rt_W":0,"Shldr_Rt_T":0,"Shldr_UL_W":0,"Shldr_UL_T":0,"Med_Width":0,"Med_Type":0,"Curb":null,"Lt_Sidewlk":0,"Rt_Sidewlk":0,"Pd_Sf_Type":null,"Pd_Fc_Type":null,"Cr_Slope":null,"Path_Width":null,"Operation":2,"Speed_Lim":null,"Op_Dir_SL":null,"Speed_Reg":null,"T_Exc_Type":null,"T_Exc_Time":null,"Trk_Permit":null,"Trk_Netwrk":null,"Truck_Rte":null,"ROW_Width":null,"Toll_Road":null,"MHS":null,"City":272,"Mun_Type":2,"County":11,"Hwy_Dist":2,"RPA":"FRCOG","RTA":"FRTA","MPO":5,"St_Name":"","City_Maint":272,"Length":0.1196224,"created_user":"RH","created_date":1785555425000,"last_edited_user":"RH","last_edited_date":1785555425000,"Record_ID":"122967.916738.NE.19.020818","GlobalID":"{A3575590-DFF7-4A5F-8723-31856097B3DA}","Local_Priority":1,"Oneway":null,"SHAPE.STLength()":192.51392133231946}},{"type":"Feature","id":16460,"geometry":{"type":"LineString","coordinates":[[-72.436000040504325,42.497547256211448],[-72.435955388900268,42.497535804144491],[-72.435897472652627,42.497553155106338],[-72.435494148712849,42.49769147472103],[-72.435134941436047,42.497811988925044],[-72.434873343126782,42.497900203352572],[-72.434697740457764,42.497961275254887]]},"properties":{"OBJECTID":16460,"route_id":"L020818 EB","from_measure":0.1196224,"to_measure":0.19267129999999999,"Route_System":"L","Route_Number":"020818","Route_Direction":"EB","Rd_Seg_ID":null,"Facility":1,"Mile_Count":0,"Urban_Area":"0","Urban_Type":5,"F_F_Class":7,"Jurisdictn":"0","NHS":0,"Fd_Aid_Rd":0,"Control":0,"Num_Lanes":0,"Opp_Lanes":0,"Surface_Tp":0,"Surface_Wd":0,"Shldr_Lt_W":0,"Shldr_Lt_T":0,"Shldr_Rt_W":0,"Shldr_Rt_T":0,"Shldr_UL_W":0,"Shldr_UL_T":0,"Med_Width":0,"Med_Type":0,"Curb":null,"Lt_Sidewlk":0,"Rt_Sidewlk":0,"Pd_Sf_Type":null,"Pd_Fc_Type":null,"Cr_Slope":null,"Path_Width":null,"Operation":2,"Speed_Lim":null,"Op_Dir_SL":null,"Speed_Reg":null,"T_Exc_Type":null,"T_Exc_Time":null,"Trk_Permit":null,"Trk_Netwrk":null,"Truck_Rte":null,"ROW_Width":null,"Toll_Road":null,"MHS":null,"City":272,"Mun_Type":2,"County":11,"Hwy_Dist":2,"RPA":"FRCOG","RTA":"FRTA","MPO":5,"St_Name":"","City_Maint":272,"Length":0.0730489,"created_user":"RH","created_date":1785555425000,"last_edited_user":"RH","last_edited_date":1785555425000,"Record_ID":"123116.916776.NE.11.020818","GlobalID":"{06753109-6A04-42EC-B398-3131F87EBFD5}","Local_Priority":1,"Oneway":null,"SHAPE.STLength()":117.56102041092969}},{"type":"Feature","id":16461,"geometry":{"type":"LineString","coordinates":[[-72.436000040504325,42.497547256211448],[-72.436060506816702,42.497580525595417],[-72.436124302982023,42.497632902029025],[-72.436191573104082,42.497714506435251]]},"properties":{"OBJECTID":16461,"route_id":"L020818 NB","from_measure":0,"to_measure":0.0153133,"Route_System":"L","Route_Number":"020818","Route_Direction":"NB","Rd_Seg_ID":null,"Facility":1,"Mile_Count":0,"Urban_Area":"0","Urban_Type":5,"F_F_Class":7,"Jurisdictn":"0","NHS":0,"Fd_Aid_Rd":0,"Control":0,"Num_Lanes":0,"Opp_Lanes":0,"Surface_Tp":0,"Surface_Wd":0,"Shldr_Lt_W":0,"Shldr_Lt_T":0,"Shldr_Rt_W":0,"Shldr_Rt_T":0,"Shldr_UL_W":0,"Shldr_UL_T":0,"Med_Width":0,"Med_Type":0,"Curb":null,"Lt_Sidewlk":0,"Rt_Sidewlk":0,"Pd_Sf_Type":null,"Pd_Fc_Type":null,"Cr_Slope":null,"Path_Width":null,"Operation":2,"Speed_Lim":null,"Op_Dir_SL":null,"Speed_Reg":null,"T_Exc_Type":null,"T_Exc_Time":null,"Trk_Permit":null,"Trk_Netwrk":null,"Truck_Rte":null,"ROW_Width":null,"Toll_Road":null,"MHS":null,"City":272,"Mun_Type":2,"County":11,"Hwy_Dist":2,"RPA":"FRCOG","RTA":"FRTA","MPO":5,"St_Name":"","City_Maint":272,"Length":0.0153133,"created_user":"RH","created_date":1785555425000,"last_edited_user":"RH","last_edited_date":1785555425000,"Record_ID":"123053.916764.NW.24.020818","GlobalID":"{E732CD51-33BF-4DFC-A17C-109EBB1556BB}","Local_Priority":1,"Oneway":null,"SHAPE.STLength()":24.644396655336848}},{"type":"Feature","id":16462,"geometry":{"type":"LineString","coordinates":[[-72.438250049654158,42.493508547986991],[-72.438065064710727,42.493596146212141],[-72.437899135649872,42.493629007261561],[-72.437714842260618,42.49364119707019],[-72.43762987582555,42.493660455305701],[-72.437520515379205,42.493694542746695],[-72.437424923991898,42.493760029610129],[-72.437360130805317,42.493844961846811],[-72.437295287864046,42.493971532578826],[-72.4372271953889,42.494103191198349],[-72.437158703439763,42.494239919025631],[-72.437096846516766,42.494368715203649],[-72.437071907702872,42.494449382574651],[-72.4370681139212,42.4945332568577],[-72.437082095991713,42.494610790724607],[-72.437105865966089,42.494707380048666],[-72.437166859094873,42.494936462310058],[-72.437182943794099,42.495008355767865],[-72.437183305974401,42.495064621766254],[-72.437148423377494,42.495147623453072],[-72.437040503716986,42.4952919831073],[-72.436905411750843,42.495430381157121],[-72.436757896292889,42.495571125369239],[-72.43658665856951,42.495765518538562],[-72.436492213655868,42.495876573973334],[-72.436420754843823,42.495915981037662],[-72.436231920711577,42.495981098991159],[-72.43597562255917,42.496086716348636],[-72.43574160726665,42.496220283074997],[-72.435467745296123,42.49634630048611],[-72.435281434904297,42.496409142915589],[-72.43514570145615,42.496517719695724],[-72.43490385557854,42.496623217362114],[-72.434655112357945,42.496745087524964],[-72.434430964144894,42.496865066073916],[-72.434141115652423,42.496996270473254],[-72.433781051820532,42.497135926057823]]},"properties":{"OBJECTID":16462,"route_id":"L020819 NB","from_measure":0,"to_measure":0.3714865,"Route_System":"L","Route_Number":"020819","Route_Direction":"NB","Rd_Seg_ID":null,"Facility":1,"Mile_Count":0,"Urban_Area":"0","Urban_Type":5,"F_F_Class":7,"Jurisdictn":"0","NHS":0,"Fd_Aid_Rd":0,"Control":0,"Num_Lanes":0,"Opp_Lanes":0,"Surface_Tp":0,"Surface_Wd":0,"Shldr_Lt_W":0,"Shldr_Lt_T":0,"Shldr_Rt_W":0,"Shldr_Rt_T":0,"Shldr_UL_W":0,"Shldr_UL_T":0,"Med_Width":0,"Med_Type":0,"Curb":null,"Lt_Sidewlk":0,"Rt_Sidewlk":0,"Pd_Sf_Type":null,"Pd_Fc_Type":null,"Cr_Slope":null,"Path_Width":null,"Operation":2,"Speed_Lim":null,"Op_Dir_SL":null,"Speed_Reg":null,"T_Exc_Type":null,"T_Exc_Time":null,"Trk_Permit":null,"Trk_Netwrk":null,"Truck_Rte":null,"ROW_Width":null,"Toll_Road":null,"MHS":null,"City":272,"Mun_Type":2,"County":11,"Hwy_Dist":2,"RPA":"FRCOG","RTA":"FRTA","MPO":5,"St_Name":"","City_Maint":272,"Length":0.3714865,"created_user":"RH","created_date":1785555425000,"last_edited_user":"RH","last_edited_date":1785555425000,"Record_ID":"123003.916545.NE.59.020819","GlobalID":"{C47F0974-9EAB-4167-92E9-88B660EE099D}","Local_Priority":1,"Oneway":null,"SHAPE.STLength()":597.85076219785969}},{"type":"Feature","id":16463,"geometry":{"type":"LineString","coordinates":[[-72.423258568030974,42.499325148160487],[-72.423224791273114,42.499336108877642],[-72.42319140956775,42.499347628208042],[-72.423129856755409,42.499370066921919],[-72.423069077308398,42.4993930620968],[-72.423008207495116,42.4994166197502]]},"properties":{"OBJECTID":16463,"route_id":"L020820 NB","from_measure":0,"to_measure":0.014264600000000001,"Route_System":"L","Route_Number":"020820","Route_Direction":"NB","Rd_Seg_ID":null,"Facility":1,"Mile_Count":0,"Urban_Area":"0","Urban_Type":5,"F_F_Class":7,"Jurisdictn":"0","NHS":0,"Fd_Aid_Rd":0,"Control":0,"Num_Lanes":0,"Opp_Lanes":0,"Surface_Tp":0,"Surface_Wd":0,"Shldr_Lt_W":0,"Shldr_Lt_T":0,"Shldr_Rt_W":0,"Shldr_Rt_T":0,"Shldr_UL_W":0,"Shldr_UL_T":0,"Med_Width":0,"Med_Type":0,"Curb":null,"Lt_Sidewlk":0,"Rt_Sidewlk":0,"Pd_Sf_Type":null,"Pd_Fc_Type":null,"Cr_Slope":null,"Path_Width":null,"Operation":2,"Speed_Lim":null,"Op_Dir_SL":null,"Speed_Reg":null,"T_Exc_Type":null,"T_Exc_Time":null,"Trk_Permit":null,"Trk_Netwrk":null,"Truck_Rte":null,"ROW_Width":null,"Toll_Road":null,"MHS":null,"City":272,"Mun_Type":2,"County":11,"Hwy_Dist":2,"RPA":"FRCOG","RTA":"FRTA","MPO":5,"St_Name":"SOUTH LAUREL DRIVE","City_Maint":272,"Length":0.014264600000000001,"created_user":"RH","created_date":1785555425000,"last_edited_user":"RH","last_edited_date":1785555425000,"Record_ID":"124122.916946.NE.22.020820","GlobalID":"{F1505760-C2C2-4164-AE34-A46165BAD636}","Local_Priority":1,"Oneway":null,"SHAPE.STLength()":22.956789465009589}},{"type":"Feature","id":16464,"geometry":{"type":"LineString","coordinates":[[-72.429375193426296,42.465742435323094],[-72.429253070813957,42.46588746992758],[-72.429066896411271,42.465947494324325],[-72.428923369330917,42.465974534734926],[-72.428857514959716,42.466044274284947],[-72.428844338210908,42.466097837270375],[-72.428813246596079,42.466309100549303],[-72.428801538471717,42.466565782962782],[-72.428756208539383,42.466739455161211],[-72.428701941844864,42.466944714682505],[-72.428700853011307,42.467148416497992],[-72.428703902391007,42.467310450170984],[-72.428654368930907,42.467540425461571],[-72.428627377922425,42.467804545969919],[-72.428595212392736,42.468078835730836],[-72.428563059123547,42.468366630888035],[-72.428529535545351,42.468490133492061],[-72.428500322720893,42.468707005622171],[-72.428478180388097,42.469003723101785],[-72.428435983922967,42.469474475072232],[-72.428394466742319,42.46968750472405],[-72.428345739710508,42.470095286740801],[-72.428310523462741,42.470375228648621],[-72.428249061004337,42.470731348164357],[-72.428225424353343,42.471114165787512],[-72.42820158908215,42.471367008457094],[-72.428144663904405,42.471695516639379],[-72.428114496885271,42.472015369725],[-72.42808942861528,42.47218437841051]]},"properties":{"OBJECTID":16464,"route_id":"L020821 NB","from_measure":0,"to_measure":0.46172809999999997,"Route_System":"L","Route_Number":"020821","Route_Direction":"NB","Rd_Seg_ID":null,"Facility":1,"Mile_Count":0,"Urban_Area":"0","Urban_Type":5,"F_F_Class":7,"Jurisdictn":"0","NHS":0,"Fd_Aid_Rd":0,"Control":0,"Num_Lanes":0,"Opp_Lanes":0,"Surface_Tp":0,"Surface_Wd":0,"Shldr_Lt_W":0,"Shldr_Lt_T":0,"Shldr_Rt_W":0,"Shldr_Rt_T":0,"Shldr_UL_W":0,"Shldr_UL_T":0,"Med_Width":0,"Med_Type":0,"Curb":null,"Lt_Sidewlk":0,"Rt_Sidewlk":0,"Pd_Sf_Type":null,"Pd_Fc_Type":null,"Cr_Slope":null,"Path_Width":null,"Operation":2,"Speed_Lim":null,"Op_Dir_SL":null,"Speed_Reg":null,"T_Exc_Type":null,"T_Exc_Time":null,"Trk_Permit":null,"Trk_Netwrk":null,"Truck_Rte":null,"ROW_Width":null,"Toll_Road":null,"MHS":null,"City":272,"Mun_Type":2,"County":11,"Hwy_Dist":2,"RPA":"FRCOG","RTA":"FRTA","MPO":5,"St_Name":"","City_Maint":272,"Length":0.46172809999999997,"created_user":"RH","created_date":1785555425000,"last_edited_user":"RH","last_edited_date":1785555425000,"Record_ID":"123645.913573.NE.74.020821","GlobalID":"{8AA6268E-774E-451F-A9CB-198BD6704AA3}","Local_Priority":1,"Oneway":null,"SHAPE.STLength()":743.08075343739449}},{"type":"Feature","id":16465,"geometry":{"type":"LineString","coordinates":[[-72.42808942861528,42.47218437841051],[-72.428069890673981,42.472316203953916],[-72.428025179821304,42.472706510621016],[-72.428011623837961,42.472805657213947],[-72.427943340333456,42.473240603627914],[-72.427875320879863,42.473726189189385],[-72.427832821351529,42.47405401811853],[-72.427807810099381,42.474421095498741]]},"properties":{"OBJECTID":16465,"route_id":"L020821 NB","from_measure":0.46172809999999997,"to_measure":0.61681419999999998,"Route_System":"L","Route_Number":"020821","Route_Direction":"NB","Rd_Seg_ID":null,"Facility":1,"Mile_Count":0,"Urban_Area":"0","Urban_Type":5,"F_F_Class":7,"Jurisdictn":"0","NHS":0,"Fd_Aid_Rd":0,"Control":0,"Num_Lanes":0,"Opp_Lanes":0,"Surface_Tp":0,"Surface_Wd":0,"Shldr_Lt_W":0,"Shldr_Lt_T":0,"Shldr_Rt_W":0,"Shldr_Rt_T":0,"Shldr_UL_W":0,"Shldr_UL_T":0,"Med_Width":0,"Med_Type":0,"Curb":null,"Lt_Sidewlk":0,"Rt_Sidewlk":0,"Pd_Sf_Type":null,"Pd_Fc_Type":null,"Cr_Slope":null,"Path_Width":null,"Operation":2,"Speed_Lim":null,"Op_Dir_SL":null,"Speed_Reg":null,"T_Exc_Type":null,"T_Exc_Time":null,"Trk_Permit":null,"Trk_Netwrk":null,"Truck_Rte":null,"ROW_Width":null,"Toll_Road":null,"MHS":null,"City":272,"Mun_Type":2,"County":11,"Hwy_Dist":2,"RPA":"FRCOG","RTA":"FRTA","MPO":5,"St_Name":"","City_Maint":272,"Length":0.1550861,"created_user":"RH","created_date":1785555425000,"last_edited_user":"RH","last_edited_date":1785555425000,"Record_ID":"123696.914055.NE.24.020821","GlobalID":"{B01D587E-5A56-4E59-8313-EA7BA5438660}","Local_Priority":1,"Oneway":null,"SHAPE.STLength()":249.58740389774997}},{"type":"Feature","id":16466,"geometry":{"type":"LineString","coordinates":[[-72.427807810099381,42.474421095498741],[-72.427715008685396,42.475173037131498],[-72.427663555936292,42.475434542138871],[-72.42762660957429,42.475972209173385],[-72.427562799374215,42.476389114615571],[-72.427557370157999,42.476426859552546],[-72.427481082685532,42.476964281299139],[-72.427392932037421,42.477496732372131],[-72.427329765545409,42.477834291947389],[-72.427322649890286,42.478307571635789],[-72.4273235892137,42.478377901374614],[-72.427302920556386,42.478523242036928],[-72.427273495616632,42.478713106656294],[-72.427224688820075,42.478948140714252],[-72.427217176810132,42.479200288564812],[-72.427178916821546,42.479435237698254],[-72.427126499097412,42.479747952073112],[-72.42708001901913,42.479993099312566],[-72.427051729999775,42.480215023532054],[-72.427051304875988,42.480412533251268],[-72.427021053869197,42.480642918085593],[-72.426978747377149,42.480861580672752],[-72.426943948150054,42.48112576349034],[-72.426926708669043,42.481465769169333],[-72.426890615584668,42.481758094164753],[-72.426852503714144,42.482003734742086],[-72.426808985421033,42.482314690879583],[-72.426762288453403,42.482693756288505],[-72.426733920770019,42.483001211639412],[-72.426686531360602,42.483320076437941],[-72.426648490474207,42.483576969169995],[-72.426605379493765,42.483851344238694],[-72.426573974723937,42.484068232532884],[-72.426546667221132,42.484325038868505],[-72.426525977652531,42.484540152892315],[-72.426491321161933,42.484794768407333],[-72.426424208280466,42.485065401051116],[-72.426374333556154,42.48531226117283],[-72.426334425326203,42.485591109969775],[-72.426292814198462,42.485837903588759],[-72.426247689969628,42.48601382557402],[-72.426136126611979,42.486169464677623],[-72.42594524767901,42.486327424564081],[-72.425762759990818,42.486422860833542],[-72.425613921613788,42.486518589224993]]},"properties":{"OBJECTID":16466,"route_id":"L020821 NB","from_measure":0.61681419999999998,"to_measure":1.4698434,"Route_System":"L","Route_Number":"020821","Route_Direction":"NB","Rd_Seg_ID":null,"Facility":1,"Mile_Count":0,"Urban_Area":"0","Urban_Type":5,"F_F_Class":7,"Jurisdictn":"0","NHS":0,"Fd_Aid_Rd":0,"Control":0,"Num_Lanes":0,"Opp_Lanes":0,"Surface_Tp":0,"Surface_Wd":0,"Shldr_Lt_W":0,"Shldr_Lt_T":0,"Shldr_Rt_W":0,"Shldr_Rt_T":0,"Shldr_UL_W":0,"Shldr_UL_T":0,"Med_Width":0,"Med_Type":0,"Curb":null,"Lt_Sidewlk":0,"Rt_Sidewlk":0,"Pd_Sf_Type":null,"Pd_Fc_Type":null,"Cr_Slope":null,"Path_Width":null,"Operation":2,"Speed_Lim":null,"Op_Dir_SL":null,"Speed_Reg":null,"T_Exc_Type":null,"T_Exc_Time":null,"Trk_Permit":null,"Trk_Netwrk":null,"Truck_Rte":null,"ROW_Width":null,"Toll_Road":null,"MHS":null,"City":272,"Mun_Type":2,"County":11,"Hwy_Dist":2,"RPA":"FRCOG","RTA":"FRTA","MPO":5,"St_Name":"","City_Maint":272,"Length":0.85302920000000004,"created_user":"RH","created_date":1785555425000,"last_edited_user":"RH","last_edited_date":1785555425000,"Record_ID":"123778.914853.NE.13.020821","GlobalID":"{3F367610-A8BB-4909-8D93-D886155411AE}","Local_Priority":1,"Oneway":null,"SHAPE.STLength()":1372.8202007979357}},{"type":"Feature","id":16467,"geometry":{"type":"LineString","coordinates":[[-72.429912001562968,42.470055647700953],[-72.429757846048361,42.470135669739278],[-72.429566480208393,42.470218240776823],[-72.429397144549966,42.470300071980844],[-72.429337390040217,42.470325874273421],[-72.429280178495176,42.470350531538081],[-72.429157607596494,42.470472498121026],[-72.42902957684575,42.470591135139991],[-72.4288822496612,42.470742000156697],[-72.428772228673594,42.470877367036039],[-72.42869551298682,42.47096464098653],[-72.428698977569397,42.471096848461521],[-72.428678519648756,42.471263004004534],[-72.428567436356815,42.471449028730085],[-72.42843612422368,42.47166784800045],[-72.428315568277029,42.47186238466935],[-72.428212389563072,42.472050028890386],[-72.428160844084275,42.472130346446079],[-72.42808942861528,42.47218437841051]]},"properties":{"OBJECTID":16467,"route_id":"L020822 NB","from_measure":0,"to_measure":0.181423,"Route_System":"L","Route_Number":"020822","Route_Direction":"NB","Rd_Seg_ID":null,"Facility":1,"Mile_Count":0,"Urban_Area":"0","Urban_Type":5,"F_F_Class":7,"Jurisdictn":"0","NHS":0,"Fd_Aid_Rd":0,"Control":0,"Num_Lanes":0,"Opp_Lanes":0,"Surface_Tp":0,"Surface_Wd":0,"Shldr_Lt_W":0,"Shldr_Lt_T":0,"Shldr_Rt_W":0,"Shldr_Rt_T":0,"Shldr_UL_W":0,"Shldr_UL_T":0,"Med_Width":0,"Med_Type":0,"Curb":null,"Lt_Sidewlk":0,"Rt_Sidewlk":0,"Pd_Sf_Type":null,"Pd_Fc_Type":null,"Cr_Slope":null,"Path_Width":null,"Operation":2,"Speed_Lim":null,"Op_Dir_SL":null,"Speed_Reg":null,"T_Exc_Type":null,"T_Exc_Time":null,"Trk_Permit":null,"Trk_Netwrk":null,"Truck_Rte":null,"ROW_Width":null,"Toll_Road":null,"MHS":null,"City":272,"Mun_Type":2,"County":11,"Hwy_Dist":2,"RPA":"FRCOG","RTA":"FRTA","MPO":5,"St_Name":"","City_Maint":272,"Length":0.181423,"created_user":"RH","created_date":1785555425000,"last_edited_user":"RH","last_edited_date":1785555425000,"Record_ID":"123630.913811.NE.29.020822","GlobalID":"{07FD4E1D-BCB0-41C4-8D4C-403232D5211F}","Local_Priority":1,"Oneway":null,"SHAPE.STLength()":291.97269715950273}},{"type":"Feature","id":16468,"geometry":{"type":"LineString","coordinates":[[-72.431361580302053,42.473557606644228],[-72.431022051676891,42.473702495840577],[-72.43076892537097,42.473791759194043],[-72.43042116806464,42.473913291571243],[-72.43012662857322,42.474061410590934],[-72.429900272975445,42.474149325999043],[-72.429729120960999,42.474205289256339],[-72.429536800495256,42.474242856007614],[-72.429152790218268,42.4742965939597],[-72.428719151224755,42.474341728508982],[-72.428149042251292,42.474391339720491],[-72.427807810099381,42.474421095498741]]},"properties":{"OBJECTID":16468,"route_id":"L020823 EB","from_measure":0,"to_measure":0.19420879999999999,"Route_System":"L","Route_Number":"020823","Route_Direction":"EB","Rd_Seg_ID":null,"Facility":1,"Mile_Count":0,"Urban_Area":"0","Urban_Type":5,"F_F_Class":7,"Jurisdictn":"0","NHS":0,"Fd_Aid_Rd":0,"Control":0,"Num_Lanes":0,"Opp_Lanes":0,"Surface_Tp":0,"Surface_Wd":0,"Shldr_Lt_W":0,"Shldr_Lt_T":0,"Shldr_Rt_W":0,"Shldr_Rt_T":0,"Shldr_UL_W":0,"Shldr_UL_T":0,"Med_Width":0,"Med_Type":0,"Curb":null,"Lt_Sidewlk":0,"Rt_Sidewlk":0,"Pd_Sf_Type":null,"Pd_Fc_Type":null,"Cr_Slope":null,"Path_Width":null,"Operation":2,"Speed_Lim":null,"Op_Dir_SL":null,"Speed_Reg":null,"T_Exc_Type":null,"T_Exc_Time":null,"Trk_Permit":null,"Trk_Netwrk":null,"Truck_Rte":null,"ROW_Width":null,"Toll_Road":null,"MHS":null,"City":272,"Mun_Type":2,"County":11,"Hwy_Dist":2,"RPA":"FRCOG","RTA":"FRTA","MPO":5,"St_Name":"","City_Maint":272,"Length":0.19420879999999999,"created_user":"RH","created_date":1785555425000,"last_edited_user":"RH","last_edited_date":1785555425000,"Record_ID":"123554.914158.NE.31.020823","GlobalID":"{737D0CA7-84B7-42CB-BEED-CB6B2D1EDD1D}","Local_Priority":1,"Oneway":null,"SHAPE.STLength()":312.54946399384579}},{"type":"Feature","id":16469,"geometry":{"type":"LineString","coordinates":[[-72.427807810099381,42.474421095498741],[-72.427356991628614,42.474480431440632],[-72.427023240609941,42.474540510926268],[-72.426660410778609,42.47456200209281],[-72.426228028256205,42.474595860595038],[-72.425818739327511,42.474623345898173],[-72.425426076558708,42.47465126249589],[-72.425227851048035,42.474675358548772],[-72.424842787603225,42.474683516123626],[-72.424475955645207,42.474749482451337],[-72.424038188928805,42.474824455994465],[-72.423666812822376,42.474852754047845],[-72.423318742722614,42.474876365304873],[-72.422898264375533,42.474925309446917],[-72.422540699662321,42.474975439092177],[-72.422217688588518,42.475042734484788],[-72.421915545028412,42.475068785531818],[-72.421607206924577,42.475080817152282],[-72.421314979071937,42.475076405580673],[-72.421008014998961,42.475045657376171],[-72.420799898522503,42.475003995381293],[-72.420488616695636,42.474911949664993],[-72.420086413548404,42.474780678145244],[-72.419794316016379,42.474681166879201],[-72.419476181059835,42.474574542283321],[-72.419075124809382,42.474456764491762],[-72.418686532098675,42.47430062113456],[-72.4185056258397,42.474195716642726],[-72.418336931863379,42.474127285854379],[-72.418124911649272,42.474071581992256],[-72.417956203456228,42.474034662368048],[-72.417774963366199,42.474018101006202],[-72.417520994212211,42.474031375800848],[-72.417299601850175,42.474062963083036]]},"properties":{"OBJECTID":16469,"route_id":"L020823 EB","from_measure":0.19420879999999999,"to_measure":0.75124950000000001,"Route_System":"L","Route_Number":"020823","Route_Direction":"EB","Rd_Seg_ID":null,"Facility":1,"Mile_Count":0,"Urban_Area":"0","Urban_Type":5,"F_F_Class":7,"Jurisdictn":"0","NHS":0,"Fd_Aid_Rd":0,"Control":0,"Num_Lanes":0,"Opp_Lanes":0,"Surface_Tp":0,"Surface_Wd":0,"Shldr_Lt_W":0,"Shldr_Lt_T":0,"Shldr_Rt_W":0,"Shldr_Rt_T":0,"Shldr_UL_W":0,"Shldr_UL_T":0,"Med_Width":0,"Med_Type":0,"Curb":null,"Lt_Sidewlk":0,"Rt_Sidewlk":0,"Pd_Sf_Type":null,"Pd_Fc_Type":null,"Cr_Slope":null,"Path_Width":null,"Operation":2,"Speed_Lim":null,"Op_Dir_SL":null,"Speed_Reg":null,"T_Exc_Type":null,"T_Exc_Time":null,"Trk_Permit":null,"Trk_Netwrk":null,"Truck_Rte":null,"ROW_Width":null,"Toll_Road":null,"MHS":null,"City":272,"Mun_Type":2,"County":11,"Hwy_Dist":2,"RPA":"FRCOG","RTA":"FRTA","MPO":5,"St_Name":"","City_Maint":272,"Length":0.55704070000000006,"created_user":"RH","created_date":1785555425000,"last_edited_user":"RH","last_edited_date":1785555425000,"Record_ID":"124131.914234.SE.89.020823","GlobalID":"{9D7CE542-CA2B-4C8C-9325-D993083EEED4}","Local_Priority":1,"Oneway":null,"SHAPE.STLength()":896.47185459149387}},{"type":"Feature","id":16470,"geometry":{"type":"LineString","coordinates":[[-72.422478383147677,42.479798437411816],[-72.421079810487043,42.479978731703795],[-72.420581388320031,42.479917576894906],[-72.42023613313637,42.47979876209039]]},"properties":{"OBJECTID":16470,"route_id":"L020824 EB","from_measure":0,"to_measure":0.11779530000000001,"Route_System":"L","Route_Number":"020824","Route_Direction":"EB","Rd_Seg_ID":null,"Facility":1,"Mile_Count":0,"Urban_Area":"0","Urban_Type":5,"F_F_Class":7,"Jurisdictn":"0","NHS":0,"Fd_Aid_Rd":0,"Control":0,"Num_Lanes":0,"Opp_Lanes":0,"Surface_Tp":0,"Surface_Wd":0,"Shldr_Lt_W":0,"Shldr_Lt_T":0,"Shldr_Rt_W":0,"Shldr_Rt_T":0,"Shldr_UL_W":0,"Shldr_UL_T":0,"Med_Width":0,"Med_Type":0,"Curb":null,"Lt_Sidewlk":0,"Rt_Sidewlk":0,"Pd_Sf_Type":null,"Pd_Fc_Type":null,"Cr_Slope":null,"Path_Width":null,"Operation":2,"Speed_Lim":null,"Op_Dir_SL":null,"Speed_Reg":null,"T_Exc_Type":null,"T_Exc_Time":null,"Trk_Permit":null,"Trk_Netwrk":null,"Truck_Rte":null,"ROW_Width":null,"Toll_Road":null,"MHS":null,"City":272,"Mun_Type":2,"County":11,"Hwy_Dist":2,"RPA":"FRCOG","RTA":"FRTA","MPO":5,"St_Name":"LADYSLIPPER LANE","City_Maint":272,"Length":0.11779530000000001,"created_user":"RH","created_date":1785555425000,"last_edited_user":"RH","last_edited_date":1785555425000,"Record_ID":"124243.914787.SE.18.020824","GlobalID":"{A6ABE7F6-E64A-4876-B79E-0D42A74FEB4A}","Local_Priority":1,"Oneway":null,"SHAPE.STLength()":189.57342581666688}},{"type":"Feature","id":16471,"geometry":{"type":"LineString","coordinates":[[-72.42023613313637,42.47979876209039],[-72.42033390335871,42.479778773218364],[-72.420556865909376,42.479729726151348],[-72.420731428171877,42.479691196541033],[-72.420855602718873,42.479670507366194],[-72.420991885866286,42.479652538328068],[-72.421161840953417,42.479656807567622]]},"properties":{"OBJECTID":16471,"route_id":"L020824 EB","from_measure":0.11779530000000001,"to_measure":0.16643160000000001,"Route_System":"L","Route_Number":"020824","Route_Direction":"EB","Rd_Seg_ID":null,"Facility":1,"Mile_Count":0,"Urban_Area":"0","Urban_Type":5,"F_F_Class":7,"Jurisdictn":"0","NHS":0,"Fd_Aid_Rd":0,"Control":0,"Num_Lanes":0,"Opp_Lanes":0,"Surface_Tp":0,"Surface_Wd":0,"Shldr_Lt_W":0,"Shldr_Lt_T":0,"Shldr_Rt_W":0,"Shldr_Rt_T":0,"Shldr_UL_W":0,"Shldr_UL_T":0,"Med_Width":0,"Med_Type":0,"Curb":null,"Lt_Sidewlk":0,"Rt_Sidewlk":0,"Pd_Sf_Type":null,"Pd_Fc_Type":null,"Cr_Slope":null,"Path_Width":null,"Operation":2,"Speed_Lim":null,"Op_Dir_SL":null,"Speed_Reg":null,"T_Exc_Type":null,"T_Exc_Time":null,"Trk_Permit":null,"Trk_Netwrk":null,"Truck_Rte":null,"ROW_Width":null,"Toll_Road":null,"MHS":null,"City":272,"Mun_Type":2,"County":11,"Hwy_Dist":2,"RPA":"FRCOG","RTA":"FRTA","MPO":5,"St_Name":"LADYSLIPPER LANE","City_Maint":272,"Length":0.0486363,"created_user":"RH","created_date":1785555425000,"last_edited_user":"RH","last_edited_date":1785555425000,"Record_ID":"124299.914759.SW.78.020824","GlobalID":"{2F6B77E6-3A25-4487-8FD5-E335B915C1E4}","Local_Priority":1,"Oneway":null,"SHAPE.STLength()":78.272843171949177}},{"type":"Feature","id":16472,"geometry":{"type":"LineString","coordinates":[[-72.42333312797976,42.484468998469112],[-72.422837808355865,42.484707044340681],[-72.42254618556602,42.484838238966049],[-72.422399925141789,42.484941815755256],[-72.422346347769391,42.485040718927642],[-72.422261791839034,42.4851719379229],[-72.422179966097943,42.485249683070528],[-72.422040875163518,42.485297495717646],[-72.421873363687908,42.485312341363333],[-72.42172161019478,42.485319183968734],[-72.421507366269012,42.485322584578057]]},"properties":{"OBJECTID":16472,"route_id":"L020825 EB","from_measure":0,"to_measure":0.11730549999999999,"Route_System":"L","Route_Number":"020825","Route_Direction":"EB","Rd_Seg_ID":null,"Facility":1,"Mile_Count":0,"Urban_Area":"0","Urban_Type":5,"F_F_Class":7,"Jurisdictn":"0","NHS":0,"Fd_Aid_Rd":0,"Control":0,"Num_Lanes":0,"Opp_Lanes":0,"Surface_Tp":0,"Surface_Wd":0,"Shldr_Lt_W":0,"Shldr_Lt_T":0,"Shldr_Rt_W":0,"Shldr_Rt_T":0,"Shldr_UL_W":0,"Shldr_UL_T":0,"Med_Width":0,"Med_Type":0,"Curb":null,"Lt_Sidewlk":0,"Rt_Sidewlk":0,"Pd_Sf_Type":null,"Pd_Fc_Type":null,"Cr_Slope":null,"Path_Width":null,"Operation":2,"Speed_Lim":null,"Op_Dir_SL":null,"Speed_Reg":null,"T_Exc_Type":null,"T_Exc_Time":null,"Trk_Permit":null,"Trk_Netwrk":null,"Truck_Rte":null,"ROW_Width":null,"Toll_Road":null,"MHS":null,"City":272,"Mun_Type":2,"County":11,"Hwy_Dist":2,"RPA":"FRCOG","RTA":"FRTA","MPO":5,"St_Name":"","City_Maint":272,"Length":0.11730549999999999,"created_user":"RH","created_date":1785555425000,"last_edited_user":"RH","last_edited_date":1785555425000,"Record_ID":"124161.915340.NE.18.020825","GlobalID":"{30EE4E4F-A068-4EE6-A309-D728D4D90C86}","Local_Priority":1,"Oneway":null,"SHAPE.STLength()":188.78528458005997}},{"type":"Feature","id":16473,"geometry":{"type":"LineString","coordinates":[[-72.421336020428654,42.495596968159028],[-72.421253796970035,42.495557112762981],[-72.421201042787317,42.495537274947388],[-72.421097228245699,42.495476775246821],[-72.421009965124725,42.495417262265292],[-72.42088842960213,42.49530850829769],[-72.420795262570138,42.495222035092411],[-72.420717617512835,42.495157384456327],[-72.420625336637229,42.495092850676642],[-72.420557467771275,42.495046688753931],[-72.420491827318301,42.495016264264756],[-72.420409291317057,42.495000605460454],[-72.42034027604808,42.494993278954325],[-72.420246998063291,42.494990649441704],[-72.420094198267847,42.494986241588428],[-72.419950702162481,42.494974447926232],[-72.419780770113491,42.494981428368462],[-72.419626577508694,42.494992223591886],[-72.419432056972155,42.495001090476528],[-72.419286003722803,42.494989879075128],[-72.4190940700542,42.494954833279792],[-72.418868475499849,42.494931311097616],[-72.418737959220564,42.494910405833956],[-72.41862234059181,42.494880945863088],[-72.41850950870851,42.494853708918789],[-72.418402994940706,42.494855682201063],[-72.418279281659039,42.494871298737429],[-72.418063981337752,42.494915213735396],[-72.417862111484752,42.494954523468067],[-72.417715714291731,42.494972007208538],[-72.417545901414911,42.495013310075812],[-72.417387802247703,42.495062959774003],[-72.417216121640834,42.495158857752166],[-72.417025081353302,42.495302739781813],[-72.41677111820573,42.495544465212483],[-72.41665060306444,42.495682156013373],[-72.416567302294908,42.495816735499119],[-72.416507044859415,42.495934255547425],[-72.416447013528384,42.496021949506968],[-72.416339138157383,42.496113960837377],[-72.416240800992185,42.496201397436508],[-72.415996899869768,42.496390151118142],[-72.415616988626581,42.496684077538291],[-72.414917849003842,42.49723656086146],[-72.413919788381918,42.498026052792682],[-72.413399930478491,42.498443750617589],[-72.413313410477471,42.498520958985772],[-72.413268363267235,42.498560704930384],[-72.413240602921519,42.498619442553228],[-72.413196406342124,42.498711513435751],[-72.41313031803827,42.498919668582637],[-72.413067724038513,42.499146363769803],[-72.412969657336262,42.499417231273966],[-72.412879820638835,42.499646391047811],[-72.412841591142239,42.499816066204218],[-72.41283221544353,42.499857778391799],[-72.412785226517627,42.500065782899185],[-72.412755834953714,42.500202185886415],[-72.412726592881427,42.50032958468617],[-72.412673454427974,42.500421158928873],[-72.412600706670602,42.500530897981577],[-72.412467585308278,42.500665305965441],[-72.412415699955503,42.500705667456728],[-72.412363915112934,42.500746589914655],[-72.412311259958287,42.500786395663745],[-72.41223974071481,42.50083591455985],[-72.412166678359142,42.500884321148362],[-72.412097742938187,42.500935512067585],[-72.4120283174571,42.500998516040816],[-72.41196398165097,42.501065424810662],[-72.411898970864129,42.501131772594334],[-72.411819382441976,42.501208362217618],[-72.411738834053253,42.501284964777874],[-72.411657321462926,42.501360445029938],[-72.411562154483207,42.501444478006647],[-72.411465552063788,42.501527955963731],[-72.411371052056666,42.501612545287124],[-72.411304774032516,42.501676653790426],[-72.411239551421033,42.501741314795908],[-72.41117193281616,42.501804866628362],[-72.411097466556981,42.501867914359629],[-72.411020307072334,42.501928733480845],[-72.410942475848501,42.501989554255658],[-72.410864626262452,42.502048691562884],[-72.410786203479788,42.50210782974338],[-72.410710470360613,42.502168632876639],[-72.410642074243995,42.502231069654769],[-72.410576454604637,42.502294609829917],[-72.410509314129939,42.502358161978783],[-72.410461224243917,42.502398492570499],[-72.410412652937055,42.502438264257187],[-72.41036792876568,42.502480818070275],[-72.410337821084397,42.502515377921448],[-72.410300776645101,42.502563498819605]]},"properties":{"OBJECTID":16473,"route_id":"L020826 NB","from_measure":0,"to_measure":0.86756759999999999,"Route_System":"L","Route_Number":"020826","Route_Direction":"NB","Rd_Seg_ID":null,"Facility":1,"Mile_Count":0,"Urban_Area":"0","Urban_Type":5,"F_F_Class":7,"Jurisdictn":"0","NHS":0,"Fd_Aid_Rd":0,"Control":0,"Num_Lanes":0,"Opp_Lanes":0,"Surface_Tp":0,"Surface_Wd":0,"Shldr_Lt_W":0,"Shldr_Lt_T":0,"Shldr_Rt_W":0,"Shldr_Rt_T":0,"Shldr_UL_W":0,"Shldr_UL_T":0,"Med_Width":0,"Med_Type":0,"Curb":null,"Lt_Sidewlk":0,"Rt_Sidewlk":0,"Pd_Sf_Type":null,"Pd_Fc_Type":null,"Cr_Slope":null,"Path_Width":null,"Operation":2,"Speed_Lim":null,"Op_Dir_SL":null,"Speed_Reg":null,"T_Exc_Type":null,"T_Exc_Time":null,"Trk_Permit":null,"Trk_Netwrk":null,"Truck_Rte":null,"ROW_Width":null,"Toll_Road":null,"MHS":null,"City":272,"Mun_Type":2,"County":11,"Hwy_Dist":2,"RPA":"FRCOG","RTA":"FRTA","MPO":5,"St_Name":"","City_Maint":272,"Length":0.86756759999999999,"created_user":"RH","created_date":1785555425000,"last_edited_user":"RH","last_edited_date":1785555425000,"Record_ID":"124842.916751.NE.13.020826","GlobalID":"{CD27DC1E-AB40-4F8B-A910-3327849B52D8}","Local_Priority":1,"Oneway":null,"SHAPE.STLength()":1396.2174945412919}},{"type":"Feature","id":16474,"geometry":{"type":"LineString","coordinates":[[-72.410300776645101,42.502563498819605],[-72.410255192723838,42.502619002963137],[-72.410227984814611,42.502650728253059],[-72.410203643928938,42.502682993583406],[-72.410177794981337,42.502729901561594],[-72.410156815110355,42.502777895559504],[-72.410135941863302,42.502826451397219],[-72.410107897728324,42.502885753088002],[-72.410079862935149,42.502945621884663],[-72.410052407914065,42.503006043380324],[-72.410009948976395,42.503100348098229],[-72.409968544281682,42.503195207160921],[-72.409928179638882,42.503290057995322],[-72.409880573001828,42.503409724171206],[-72.409834875399952,42.503530499726196],[-72.409786981276909,42.503650167221814],[-72.40975086596292,42.503735976959398],[-72.409713595273388,42.503821238516792],[-72.409673943966197,42.503905952558995],[-72.409623885818888,42.504000879758664],[-72.409617946417001,42.504011057678547],[-72.409570766163213,42.504094705718352],[-72.409519854875754,42.504189639597541],[-72.409480607018963,42.504276041136791],[-72.409443065894408,42.504362425593307],[-72.409400002172205,42.504447732733141],[-72.409363599349035,42.504507661934561],[-72.409324427156406,42.504566493899283],[-72.409282199530679,42.504624220077396],[-72.409242023569533,42.504666174847578],[-72.409200134570739,42.504708143114307],[-72.409169141352095,42.504766909609451]]},"properties":{"OBJECTID":16474,"route_id":"L020826 NB","from_measure":0.86756759999999999,"to_measure":1.0309022999999999,"Route_System":"L","Route_Number":"020826","Route_Direction":"NB","Rd_Seg_ID":null,"Facility":1,"Mile_Count":0,"Urban_Area":"0","Urban_Type":5,"F_F_Class":7,"Jurisdictn":"0","NHS":0,"Fd_Aid_Rd":0,"Control":0,"Num_Lanes":0,"Opp_Lanes":0,"Surface_Tp":0,"Surface_Wd":0,"Shldr_Lt_W":0,"Shldr_Lt_T":0,"Shldr_Rt_W":0,"Shldr_Rt_T":0,"Shldr_UL_W":0,"Shldr_UL_T":0,"Med_Width":0,"Med_Type":0,"Curb":null,"Lt_Sidewlk":0,"Rt_Sidewlk":0,"Pd_Sf_Type":null,"Pd_Fc_Type":null,"Cr_Slope":null,"Path_Width":null,"Operation":2,"Speed_Lim":null,"Op_Dir_SL":null,"Speed_Reg":null,"T_Exc_Type":null,"T_Exc_Time":null,"Trk_Permit":null,"Trk_Netwrk":null,"Truck_Rte":null,"ROW_Width":null,"Toll_Road":null,"MHS":null,"City":272,"Mun_Type":2,"County":11,"Hwy_Dist":2,"RPA":"FRCOG","RTA":"FRTA","MPO":5,"St_Name":"","City_Maint":272,"Length":0.1633347,"created_user":"RH","created_date":1785555425000,"last_edited_user":"RH","last_edited_date":1785555425000,"Record_ID":"125225.917413.NE.26.020826","GlobalID":"{6CBF16BD-B530-420F-8468-4540E1E6FCCC}","Local_Priority":1,"Oneway":null,"SHAPE.STLength()":262.86226276261795}},{"type":"Feature","id":16475,"geometry":{"type":"LineString","coordinates":[[-72.410300776645101,42.502563498819605],[-72.410165482717787,42.502633779412697],[-72.410030179159989,42.502703497232972],[-72.409891594167618,42.502769861974514],[-72.409843119092656,42.50278993683073],[-72.409794348830289,42.502809455811281],[-72.409747803162759,42.502831202556912],[-72.409705309074369,42.502857420599284],[-72.409665235153014,42.502886435658709],[-72.409625153085742,42.502914888081712],[-72.409576889836387,42.50296309726663],[-72.409528538919943,42.503011307121902],[-72.409481329886461,42.503060070632387],[-72.409417137603583,42.503130347489261],[-72.409354861726527,42.503201737262842],[-72.409294299473373,42.50327367706911],[-72.409254308449974,42.503321820855227],[-72.409214990928575,42.503370521099868],[-72.409177200976998,42.503419772867936],[-72.409129000072909,42.503484861046132],[-72.40908365485393,42.503551056554571],[-72.409045766708772,42.503619438578177],[-72.409025561026823,42.503668550716242],[-72.409008876926094,42.503718197765274],[-72.408994960193553,42.503768390175871],[-72.408981721732886,42.503825887653278],[-72.408971996766454,42.503883357422282],[-72.408966558644195,42.503941356071799],[-72.408965516247378,42.503987505450723],[-72.408966689913839,42.504016194986384],[-72.40896741435941,42.504033631641825],[-72.40897273835651,42.504079727216265],[-72.408981020476645,42.504120178904941],[-72.408991769815231,42.504160607535823],[-72.409004416256934,42.5042004585192],[-72.40902216787633,42.504244768029409],[-72.409041896181321,42.50428794197795],[-72.40905735376748,42.504331707787294],[-72.409063877920971,42.504375547647257],[-72.409066223001972,42.504419416862675],[-72.409071321324461,42.504463268866111],[-72.409089711962707,42.504525577475931],[-72.409114072218998,42.504586719931815],[-72.409136535407981,42.504648439129589],[-72.409147941523159,42.504687738090091],[-72.409158581176285,42.504727042193998],[-72.409169141352095,42.504766909609451]]},"properties":{"OBJECTID":16475,"route_id":"L020827 EB","from_measure":0,"to_measure":0.18020030000000001,"Route_System":"L","Route_Number":"020827","Route_Direction":"EB","Rd_Seg_ID":null,"Facility":1,"Mile_Count":0,"Urban_Area":"0","Urban_Type":5,"F_F_Class":7,"Jurisdictn":null,"NHS":0,"Fd_Aid_Rd":0,"Control":0,"Num_Lanes":2,"Opp_Lanes":0,"Surface_Tp":null,"Surface_Wd":null,"Shldr_Lt_W":null,"Shldr_Lt_T":null,"Shldr_Rt_W":null,"Shldr_Rt_T":null,"Shldr_UL_W":null,"Shldr_UL_T":null,"Med_Width":0,"Med_Type":0,"Curb":null,"Lt_Sidewlk":null,"Rt_Sidewlk":null,"Pd_Sf_Type":null,"Pd_Fc_Type":null,"Cr_Slope":null,"Path_Width":null,"Operation":2,"Speed_Lim":null,"Op_Dir_SL":null,"Speed_Reg":null,"T_Exc_Type":null,"T_Exc_Time":null,"Trk_Permit":null,"Trk_Netwrk":null,"Truck_Rte":null,"ROW_Width":null,"Toll_Road":null,"MHS":null,"City":272,"Mun_Type":2,"County":11,"Hwy_Dist":2,"RPA":"FRCOG","RTA":"FRTA","MPO":5,"St_Name":"MOUNT MINERAL ROAD","City_Maint":272,"Length":0.18020030000000001,"created_user":"RH","created_date":1785555425000,"last_edited_user":"RH","last_edited_date":1785555425000,"Record_ID":"125277.917389.NE.29.020827","GlobalID":"{5E2B7C53-2211-4251-A041-D6486F9517D1}","Local_Priority":1,"Oneway":null,"SHAPE.STLength()":290.00487596294721}},{"type":"Feature","id":16476,"geometry":{"type":"LineString","coordinates":[[-72.406723038931744,42.498457642931371],[-72.406715325152945,42.498483023616636],[-72.406707516494748,42.498508405947845],[-72.406705027525689,42.49853374553053],[-72.40671199098847,42.498561826889407],[-72.406725217331683,42.498589292691577],[-72.406739955065532,42.498616188417067],[-72.406758394652456,42.498649240970963],[-72.406778820019383,42.498681716112856],[-72.406799809075622,42.498713624129593],[-72.406837878173988,42.498770155078589],[-72.406877845517272,42.498826109292899],[-72.406919408632803,42.498880926463897],[-72.406958410940064,42.498929572415591],[-72.406998644846709,42.498977646876085],[-72.40703839829753,42.499025725103309],[-72.40713545135273,42.499151566719881],[-72.407229282623575,42.499278558085344],[-72.407323119138098,42.499405549331833],[-72.407385307058078,42.499486648448112],[-72.407447502010655,42.499568310161607],[-72.407507233315641,42.499650557526117],[-72.407613842865899,42.499819648560567],[-72.407709957583165,42.499992762748178],[-72.407805221211476,42.500165879953713],[-72.407882602325586,42.500305381238611],[-72.407959418827176,42.500445445101633],[-72.408039170856924,42.500584365814042],[-72.408102327064853,42.500686278108098],[-72.408167186977607,42.500787609755029],[-72.408230994873989,42.500888955055487],[-72.408309552664633,42.501023943477243],[-72.408386212571244,42.501159509486598],[-72.408465988420559,42.501293363725438],[-72.40855267011483,42.50142490912684],[-72.408642569630913,42.501555309124299],[-72.408729152308808,42.501686856070343],[-72.408802078435187,42.501813448246239],[-72.408872168237551,42.501941188110983],[-72.408950008667432,42.502066055181857],[-72.409032732007987,42.502173435911971],[-72.409121789567962,42.50227852218049],[-72.409207627922655,42.502384191956835],[-72.409274488651562,42.502479321232165],[-72.40933908716508,42.502575593686934],[-72.409408025808517,42.50266958201837],[-72.409478034837036,42.502752304535186],[-72.409625153085742,42.502914888081712]]},"properties":{"OBJECTID":16476,"route_id":"L020827 NB","from_measure":0,"to_measure":0.34320990000000001,"Route_System":"L","Route_Number":"020827","Route_Direction":"NB","Rd_Seg_ID":null,"Facility":1,"Mile_Count":0,"Urban_Area":"0","Urban_Type":5,"F_F_Class":7,"Jurisdictn":"0","NHS":0,"Fd_Aid_Rd":0,"Control":0,"Num_Lanes":0,"Opp_Lanes":0,"Surface_Tp":0,"Surface_Wd":0,"Shldr_Lt_W":0,"Shldr_Lt_T":0,"Shldr_Rt_W":0,"Shldr_Rt_T":0,"Shldr_UL_W":0,"Shldr_UL_T":0,"Med_Width":0,"Med_Type":0,"Curb":null,"Lt_Sidewlk":0,"Rt_Sidewlk":0,"Pd_Sf_Type":null,"Pd_Fc_Type":null,"Cr_Slope":null,"Path_Width":null,"Operation":2,"Speed_Lim":null,"Op_Dir_SL":null,"Speed_Reg":null,"T_Exc_Type":null,"T_Exc_Time":null,"Trk_Permit":null,"Trk_Netwrk":null,"Truck_Rte":null,"ROW_Width":null,"Toll_Road":null,"MHS":null,"City":272,"Mun_Type":2,"County":11,"Hwy_Dist":2,"RPA":"FRCOG","RTA":"FRTA","MPO":5,"St_Name":"","City_Maint":272,"Length":0.34320990000000001,"created_user":"RH","created_date":1785555425000,"last_edited_user":"RH","last_edited_date":1785555425000,"Record_ID":"125358.917081.NW.55.020827","GlobalID":"{D84EA559-97C6-4725-8FC9-CD06CEBC7772}","Local_Priority":1,"Oneway":null,"SHAPE.STLength()":552.34392664453935}},{"type":"Feature","id":16477,"geometry":{"type":"LineString","coordinates":[[-72.394312555098566,42.495381052951238],[-72.394352605848653,42.495504535869529],[-72.39444058449142,42.495676595144275],[-72.394508471185702,42.495772287648954],[-72.394548350664195,42.495836686158853],[-72.394589794742132,42.495897136407301],[-72.394654728371549,42.49595233923273],[-72.394758847397583,42.496022429453063],[-72.394895232026869,42.496095644279116],[-72.395070354923064,42.496179813640254],[-72.39522926277364,42.496252853158495],[-72.395547018974625,42.496328036233265],[-72.395896588049609,42.49636076698426],[-72.395925792865285,42.496362789815286],[-72.395999022408176,42.496365599376055],[-72.396072425157115,42.496367840355894],[-72.396145832841029,42.496370085752154],[-72.396228280591501,42.496372818992114],[-72.396310721050384,42.496375552229807],[-72.39639291564049,42.496381103453459],[-72.396445060660341,42.496385201183202],[-72.396497118731048,42.496389857750543],[-72.396547708577842,42.496398467220708],[-72.396589885313347,42.49640995734736],[-72.396631041791551,42.496423705240815],[-72.396671267874609,42.49643858573063],[-72.396840076336318,42.49652617586306],[-72.396990753779832,42.4966352916381],[-72.397145095119456,42.496740998978773],[-72.397193508198399,42.496770445405978],[-72.397242400542837,42.496799883580564],[-72.397293431020088,42.496825936173344],[-72.397360499595706,42.496850171316751],[-72.397430932882429,42.496870439617815],[-72.397500334907477,42.49689184578061],[-72.397567435622975,42.496918330399168],[-72.397633492222155,42.496945390298357],[-72.397700035385469,42.496972440968491],[-72.39777360374606,42.496999442281464],[-72.397847543638335,42.497025873465745],[-72.397920459589272,42.497053442454096],[-72.397992952311398,42.497084950797621],[-72.398064235615138,42.497118155678116],[-72.398136830144267,42.497150224924525],[-72.398204737346092,42.497173328572522],[-72.39827358108829,42.497195300409388],[-72.398335948864911,42.497223508628515],[-72.398388861053093,42.497261359785774],[-72.398435302235427,42.49730545271062],[-72.39847739856458,42.49735182302927],[-72.398509853929838,42.497394899574218],[-72.398539101195539,42.497439688278384],[-72.398571450052856,42.497482199348454],[-72.398623321293172,42.497533559384223],[-72.398680666418159,42.497582632273414],[-72.398739135393797,42.497630567397046],[-72.398804004076624,42.497686892880395],[-72.398870089139749,42.497742083468566],[-72.398941808162931,42.497792726787175],[-72.398995673116517,42.497824379786145],[-72.399052358720112,42.497853760913493],[-72.39911110583796,42.497880872485645],[-72.399167661383004,42.497900689804283],[-72.399225893515265,42.497918803255246],[-72.399282357395293,42.497939183919399],[-72.399344461371626,42.497968518127095],[-72.399404233407196,42.498000687531061],[-72.399462588576213,42.498033996934943],[-72.399497956340412,42.498054536719792],[-72.399532752471075,42.49807508725717],[-72.399566137702763,42.49809677236771],[-72.39960543413298,42.498126284438719],[-72.399642375268456,42.498157506540238],[-72.399677152541017,42.498189870892908],[-72.399698508012975,42.498214462395509]]},"properties":{"OBJECTID":16477,"route_id":"L020828 NB","from_measure":0,"to_measure":0.35577619999999999,"Route_System":"L","Route_Number":"020828","Route_Direction":"NB","Rd_Seg_ID":null,"Facility":1,"Mile_Count":0,"Urban_Area":"0","Urban_Type":5,"F_F_Class":7,"Jurisdictn":"0","NHS":0,"Fd_Aid_Rd":0,"Control":0,"Num_Lanes":0,"Opp_Lanes":0,"Surface_Tp":0,"Surface_Wd":0,"Shldr_Lt_W":0,"Shldr_Lt_T":0,"Shldr_Rt_W":0,"Shldr_Rt_T":0,"Shldr_UL_W":0,"Shldr_UL_T":0,"Med_Width":0,"Med_Type":0,"Curb":null,"Lt_Sidewlk":0,"Rt_Sidewlk":0,"Pd_Sf_Type":null,"Pd_Fc_Type":null,"Cr_Slope":null,"Path_Width":null,"Operation":2,"Speed_Lim":null,"Op_Dir_SL":null,"Speed_Reg":null,"T_Exc_Type":null,"T_Exc_Time":null,"Trk_Permit":null,"Trk_Netwrk":null,"Truck_Rte":null,"ROW_Width":null,"Toll_Road":null,"MHS":null,"City":272,"Mun_Type":2,"County":11,"Hwy_Dist":2,"RPA":"FRCOG","RTA":"FRTA","MPO":5,"St_Name":"MT. MINERAL ROAD","City_Maint":272,"Length":0.35577619999999999,"created_user":"RH","created_date":1785555425000,"last_edited_user":"RH","last_edited_date":1785555425000,"Record_ID":"126258.916629.NW.57.020828","GlobalID":"{E633B81D-37D9-468B-A50D-F9A41EDB225D}","Local_Priority":1,"Oneway":null,"SHAPE.STLength()":572.56744034669782}},{"type":"Feature","id":16478,"geometry":{"type":"LineString","coordinates":[[-72.399698508012975,42.498214462395509],[-72.399735214119488,42.498255818256439],[-72.399785539050029,42.498325757588859],[-72.399834538184606,42.498395711750774],[-72.399901464282877,42.498489721437323],[-72.399966215711416,42.498584872536433],[-72.400029738677048,42.498680033190865],[-72.40009892935376,42.498786401473438],[-72.400166514060174,42.498893349443321],[-72.400234952913962,42.499000286199582],[-72.400291049035772,42.499088189791173],[-72.40034770904434,42.499175526263748],[-72.400408913844785,42.499261702732547],[-72.400468210137987,42.499333825122896],[-72.400531003810073,42.499404796586155],[-72.400593798826961,42.499475767104165],[-72.400656850397382,42.49955123527176],[-72.40071980849855,42.499626707736127],[-72.400786527679443,42.499699897327275],[-72.400942670585295,42.499844411769772],[-72.401115300650204,42.499978669657494],[-72.401299966901092,42.500103831094094],[-72.401387778880746,42.500156038715616],[-72.401478124468724,42.500205973009933],[-72.401566876372726,42.500257610458561],[-72.40165284601747,42.500313768391621],[-72.40173712584587,42.500371627539046],[-72.401822716241099,42.500427788313019],[-72.401897135489563,42.500473909884548],[-72.401972487670747,42.500518899635964],[-72.40204813063275,42.500563881661016],[-72.402119254806166,42.500605530088841],[-72.402190471465588,42.500647173247714],[-72.4022615101197,42.500689379541974],[-72.402343840896421,42.500737126055348],[-72.402425992483174,42.500785435698994],[-72.40250428669755,42.500836592518723],[-72.402585020491628,42.500898981203505],[-72.402661149459476,42.500964781109388],[-72.402736154771702,42.501031714237236],[-72.402794066348505,42.501080217961778],[-72.402851324200626,42.501129284962396],[-72.402903970307932,42.501181199689313],[-72.402950977384037,42.501238229943482],[-72.402992812553464,42.501298669609078],[-72.403033593589143,42.501358559333028],[-72.403089679603482,42.501445336261426],[-72.403143305396299,42.501532691523096],[-72.40319815813514,42.5016194780601],[-72.403263445417522,42.501718001909929],[-72.403330430406953,42.501815946129902],[-72.403401291719561,42.50191217187156],[-72.403491944384314,42.502022874077802],[-72.403588072510544,42.502131282545747],[-72.403686285357665,42.502239109202108],[-72.403788631370077,42.502349718597692],[-72.403893243457262,42.502459748346531],[-72.404002194054527,42.50256693144555],[-72.404087979805269,42.502643343904971],[-72.404176120055098,42.502718055175805],[-72.404260399638062,42.50279504110722],[-72.404328427416857,42.502865969436073],[-72.404393726401523,42.502938605391826],[-72.404458738489112,42.503011248062947],[-72.404531405073129,42.503087201345366],[-72.404603784770941,42.503163160434397],[-72.40466755992118,42.503241998637868],[-72.404711172594503,42.503313680139044],[-72.404748638590291,42.503387659711535],[-72.404784872260763,42.503461648043583],[-72.404821579280934,42.503535633548218],[-72.404857238969981,42.50360963176324],[-72.404892045836206,42.503683631259456],[-72.4049248781279,42.503759334303105],[-72.404957056791588,42.50383560875499],[-72.404994339218575,42.503910151468652],[-72.40503808165569,42.503977333035543],[-72.405086182415346,42.504043913177433],[-72.405088602459315,42.504046710305602],[-72.405133995402764,42.504109933773066],[-72.405173209385808,42.504173209344202],[-72.405212142412879,42.504236487107853],[-72.405257952472624,42.504295774751476],[-72.40530797484837,42.50434377287818],[-72.405363382559216,42.504389478843173],[-72.405420767395896,42.504433477593487],[-72.4055061509208,42.504494703237867],[-72.40559576738076,42.504552517649543],[-72.405688281752205,42.50460749669476],[-72.40580647116073,42.504669027044578],[-72.405929064315174,42.504726581163737],[-72.406049787728236,42.504785842408474],[-72.40615479521756,42.504843534512425],[-72.406258223256557,42.504903493283003],[-72.406361735042154,42.504962322330137],[-72.406449238536709,42.505012278696924],[-72.406536835015345,42.505061667979525],[-72.406626300450995,42.505109355339613],[-72.406738097580742,42.505162494729632],[-72.406852692022156,42.505212233190207],[-72.406968317994796,42.505260838950363],[-72.407118028164717,42.505319871012958],[-72.407269324315735,42.505376636055587],[-72.407417438744147,42.505437366547902],[-72.407530360863959,42.505489367346271],[-72.407641409125119,42.505543636233035],[-72.407750025844877,42.5056007366898],[-72.40784548020801,42.505654566392373],[-72.407938975479283,42.505710661289598],[-72.408032369923518,42.505766756005428],[-72.408220781953901,42.505879500510588],[-72.408409294343585,42.505992238517123],[-72.408599481970484,42.50610271407065],[-72.40877830260807,42.506202589697004],[-72.408958711908539,42.506300198176881],[-72.409137815934841,42.506400071014625],[-72.40924842181785,42.506462782138456],[-72.409358649135385,42.506526058828911],[-72.40946748237802,42.506591033570025],[-72.409533545192517,42.506630463035386],[-72.409599050458468,42.506670459548261],[-72.40966202109675,42.506712724967549],[-72.409694089042929,42.506734980238662]]},"properties":{"OBJECTID":16478,"route_id":"L020828 NB","from_measure":0.35577619999999999,"to_measure":1.1529992,"Route_System":"L","Route_Number":"020828","Route_Direction":"NB","Rd_Seg_ID":null,"Facility":1,"Mile_Count":0,"Urban_Area":"0","Urban_Type":5,"F_F_Class":7,"Jurisdictn":"0","NHS":0,"Fd_Aid_Rd":0,"Control":0,"Num_Lanes":0,"Opp_Lanes":0,"Surface_Tp":0,"Surface_Wd":0,"Shldr_Lt_W":0,"Shldr_Lt_T":0,"Shldr_Rt_W":0,"Shldr_Rt_T":0,"Shldr_UL_W":0,"Shldr_UL_T":0,"Med_Width":0,"Med_Type":0,"Curb":null,"Lt_Sidewlk":0,"Rt_Sidewlk":0,"Pd_Sf_Type":null,"Pd_Fc_Type":null,"Cr_Slope":null,"Path_Width":null,"Operation":2,"Speed_Lim":null,"Op_Dir_SL":null,"Speed_Reg":null,"T_Exc_Type":null,"T_Exc_Time":null,"Trk_Permit":null,"Trk_Netwrk":null,"Truck_Rte":null,"ROW_Width":null,"Toll_Road":null,"MHS":null,"City":272,"Mun_Type":2,"County":11,"Hwy_Dist":2,"RPA":"FRCOG","RTA":"FRTA","MPO":5,"St_Name":"","City_Maint":272,"Length":0.79722300000000001,"created_user":"RH","created_date":1785555425000,"last_edited_user":"RH","last_edited_date":1785555425000,"Record_ID":"125680.917306.NW.12.020828","GlobalID":"{64F7FC90-1B7D-4480-8088-81710A7FB5B5}","Local_Priority":1,"Oneway":null,"SHAPE.STLength()":1283.0086657442644}},{"type":"Feature","id":16479,"geometry":{"type":"LineString","coordinates":[[-72.40405306572795,42.495958904653115],[-72.404048521118952,42.495913923544407],[-72.404043877289709,42.495868385027876],[-72.404043045261318,42.495823374797205],[-72.40404904900592,42.495771558703836],[-72.404059989544336,42.495719144799644],[-72.404072650811599,42.495667276481868],[-72.404088045741574,42.495607512701717],[-72.404105720236458,42.495547731036623],[-72.404125308840136,42.495488492537781],[-72.404138423329329,42.495455192026078],[-72.404152196349074,42.49542132365945],[-72.404163123670514,42.49538804030194],[-72.404169974259929,42.495355350711655],[-72.404174259408606,42.495322682146814],[-72.404176442944689,42.495289461979851],[-72.404176805272513,42.495255137027996],[-72.404174878741841,42.495220267344898],[-72.404169921564971,42.49518597872212],[-72.404164341189087,42.495161264269115],[-72.404157151032493,42.495137125131357],[-72.404148065705868,42.495113001760551],[-72.404133997306474,42.495086666731339],[-72.404117479347605,42.495061476290175],[-72.40410105308959,42.495035722440129],[-72.404074013063607,42.494992604943569],[-72.404047360720639,42.494950051588127],[-72.404024398664433,42.494906339405006],[-72.404009508726318,42.494868759762809],[-72.403997169268848,42.494830030238063],[-72.403985977667602,42.494791854395693],[-72.403977417966658,42.494745217602315],[-72.403970477328031,42.494698568109087],[-72.40395425854021,42.49465424573512],[-72.403941705770094,42.494634085650816],[-72.403926980085942,42.494614508895538],[-72.403909714368567,42.494596639220354],[-72.403879663227386,42.49457549189006],[-72.403844628927516,42.494558324241687],[-72.403808836756951,42.494541158024411],[-72.403770600775232,42.494525706223286],[-72.403731709411943,42.494511381321658],[-72.403701030041248,42.494492486918858],[-72.403682719140292,42.494461682700752],[-72.403674692310375,42.494425735461377],[-72.403667718849107,42.494389776360798],[-72.403657625823442,42.494348779335205],[-72.403649046508889,42.494307209553448],[-72.40363990717205,42.49426620504812],[-72.4036311051929,42.494229134906249],[-72.403621928648207,42.494192073101942],[-72.403612179110056,42.494155010387246],[-72.403604257158037,42.49411287185913],[-72.403595669779179,42.494070734045565],[-72.403575378528799,42.494034321163554],[-72.403544829222056,42.494011490490102],[-72.403506345034828,42.493992099937074],[-72.403467668615292,42.493972706376717],[-72.403403197311718,42.493937202472203],[-72.403338262091765,42.493902259453421],[-72.403274451438108,42.493866750299276],[-72.403227001400708,42.49383842242532],[-72.403180200701016,42.493808965869626],[-72.403133968167467,42.493779509344272],[-72.403090662444725,42.493748337303572],[-72.403047917536782,42.493717161752706],[-72.403001615538827,42.493689388378627],[-72.402961255836487,42.49367169950083],[-72.402918742472579,42.493656277329976],[-72.402875392518624,42.493641986171419],[-72.402830423561909,42.493627707679224],[-72.402784525163923,42.493615128112829],[-72.402737814310669,42.493605367427726],[-72.40268518995525,42.493600713623749],[-72.402631381711274,42.493599447891832],[-72.402577590293291,42.493599869164342],[-72.402511659515568,42.493601509947169],[-72.402445945789012,42.493605398841098],[-72.402380646214198,42.493611537904442],[-72.402328410300896,42.493620949876146],[-72.402276476284072,42.493631483034257],[-72.402224046188294,42.493640333791419],[-72.402167767834271,42.493645840325726],[-72.402111071657814,42.493649095753106],[-72.402054696788554,42.493647849841494],[-72.402013856968665,42.493643108896968],[-72.401973363231008,42.493636109979477],[-72.401932779013563,42.493629674443049],[-72.401889364516705,42.493624386414666],[-72.401845771944295,42.493619661550277],[-72.401802024984335,42.493617754014011],[-72.401785870036548,42.493617880419322],[-72.401769824826872,42.493619131337979],[-72.401753770349586,42.493619818739539],[-72.401732397803755,42.493620548647954],[-72.401711212582271,42.493621277086781],[-72.401690142014147,42.493623133600167],[-72.401616194065127,42.493636088535332],[-72.401544831585014,42.493656905319334],[-72.401476005031867,42.493682201919356],[-72.401439802812561,42.493696553157442],[-72.40140438417977,42.493712022729326],[-72.401370227925298,42.493729170478503],[-72.401328217684821,42.493755943519403],[-72.4012889139739,42.493785512415599],[-72.401246615869326,42.493811725890204],[-72.40120715017342,42.493830039582178],[-72.401165948882451,42.493846678770005],[-72.401123575712802,42.493861079058199],[-72.401060784249125,42.493876762539408],[-72.400995950861656,42.493889084026243],[-72.400931800148868,42.493902529115182],[-72.400885300794897,42.493914144532944],[-72.400839104605055,42.49392688653748],[-72.400793397635269,42.493940750073619],[-72.40074011772451,42.493956917222953],[-72.400687627103935,42.493974774342853],[-72.400639956221454,42.493997650755318],[-72.400619891910395,42.494010188460415],[-72.400600704359832,42.494024406471482],[-72.400583424850453,42.494039172256734],[-72.400553573437833,42.494078227312009],[-72.40053271105846,42.494121719920827],[-72.400512329066686,42.494165204270125],[-72.400480327660574,42.4942273507694],[-72.400449108581213,42.494290616519983],[-72.400412810889179,42.494351104901376],[-72.400368382014094,42.494408286972266],[-72.400318901449978,42.494463813223604],[-72.400268547968736,42.494518788085337],[-72.400224351950158,42.494565274525783],[-72.400179481260153,42.494611204431095],[-72.400138819019602,42.494658787709668],[-72.400106346579321,42.494707994172856],[-72.400077703111592,42.494758858783968],[-72.400047912994395,42.494809168754301],[-72.400008136542809,42.4948589958124],[-72.399967112525189,42.49490827351174],[-72.399942771048515,42.494960790752501],[-72.39994065223496,42.494985565515982],[-72.399941880015234,42.495011438621354],[-72.399944234761691,42.495036744741519],[-72.399951468876509,42.495090702585131],[-72.399963070034076,42.495144630829245],[-72.399976855202141,42.495197980231133],[-72.400008279589201,42.495288888301559],[-72.400045969235848,42.495379189250443],[-72.400077401835659,42.495470659921772],[-72.400086532787924,42.495531360581296],[-72.400093299671042,42.495592637886794],[-72.400112365759199,42.495649882132092],[-72.400154562041038,42.495696256480755],[-72.400207732397618,42.495739170781491],[-72.400245106570424,42.495787269019523],[-72.400250260040409,42.49580185952086],[-72.400254275588537,42.495817017095391],[-72.400256679409267,42.495832190860028],[-72.400256793600136,42.495860327003491],[-72.400251589440799,42.495888499286131],[-72.400241121360523,42.495914468239135],[-72.400223791535467,42.495938799124602],[-72.400200839085628,42.49596204944946],[-72.400176243399528,42.495983620041997],[-72.400129558050097,42.496015495108374],[-72.400077786048854,42.496044036459828],[-72.400029465422747,42.496074795280386],[-72.399986651111433,42.496111706038562],[-72.399947574114762,42.496150837444574],[-72.399910319521311,42.496191079080361],[-72.39986671558367,42.49624600102802],[-72.399826367720806,42.496302584696664],[-72.399780273766424,42.496355833487492],[-72.399738186128388,42.496390489529311],[-72.399693214955661,42.496422913716522],[-72.399651802998733,42.496458121735913],[-72.399580409363807,42.496537456001533],[-72.399524245889324,42.496624548968626],[-72.399494649775889,42.496715370675417],[-72.399494540187575,42.496760950938082],[-72.399501004479077,42.496807599867346],[-72.399504896022464,42.496854272475396],[-72.39950372656682,42.496891983397212],[-72.399501039674746,42.496930267947263],[-72.399496917853355,42.496968001008867],[-72.399491292638956,42.497006866674049],[-72.39948424665431,42.497045747927771],[-72.39947671457341,42.497084070287741],[-72.399462127582538,42.4971410145546],[-72.399446200531571,42.497197407489928],[-72.399435699608659,42.497254320765002],[-72.399433954227646,42.497304978863923],[-72.399436382493747,42.497355600791408],[-72.399440708939863,42.497405644318683],[-72.399467673189108,42.49755679743518],[-72.399511817615959,42.497706691090656],[-72.399558612682398,42.497855435063727],[-72.39958025186165,42.497940233613434],[-72.399602743131879,42.49802446282068],[-72.399634800378749,42.498106363011203],[-72.399698508012975,42.498214462395509]]},"properties":{"OBJECTID":16479,"route_id":"L020829 NB","from_measure":0,"to_measure":0.62836550000000002,"Route_System":"L","Route_Number":"020829","Route_Direction":"NB","Rd_Seg_ID":null,"Facility":1,"Mile_Count":0,"Urban_Area":"0","Urban_Type":5,"F_F_Class":7,"Jurisdictn":"0","NHS":0,"Fd_Aid_Rd":0,"Control":0,"Num_Lanes":0,"Opp_Lanes":0,"Surface_Tp":0,"Surface_Wd":0,"Shldr_Lt_W":0,"Shldr_Lt_T":0,"Shldr_Rt_W":0,"Shldr_Rt_T":0,"Shldr_UL_W":0,"Shldr_UL_T":0,"Med_Width":0,"Med_Type":0,"Curb":null,"Lt_Sidewlk":0,"Rt_Sidewlk":0,"Pd_Sf_Type":null,"Pd_Fc_Type":null,"Cr_Slope":null,"Path_Width":null,"Operation":2,"Speed_Lim":null,"Op_Dir_SL":null,"Speed_Reg":null,"T_Exc_Type":null,"T_Exc_Time":null,"Trk_Permit":null,"Trk_Netwrk":null,"Truck_Rte":null,"ROW_Width":null,"Toll_Road":null,"MHS":null,"City":272,"Mun_Type":2,"County":11,"Hwy_Dist":2,"RPA":"FRCOG","RTA":"FRTA","MPO":5,"St_Name":"","City_Maint":272,"Length":0.62836550000000002,"created_user":"RH","created_date":1785555425000,"last_edited_user":"RH","last_edited_date":1785555425000,"Record_ID":"125998.916536.NE.10.020829","GlobalID":"{D5266DE0-A05A-401B-89D2-D5122DE06041}","Local_Priority":1,"Oneway":null,"SHAPE.STLength()":1011.2582536643}},{"type":"Feature","id":16480,"geometry":{"type":"LineString","coordinates":[[-72.418543068235806,42.485051400774928],[-72.418430749693357,42.4850646769817],[-72.418318331307518,42.485077949372702],[-72.418206720067005,42.485094032271164],[-72.418143217835251,42.485105794735567],[-72.418080024976632,42.485118674677231],[-72.418016429046759,42.485130437817816],[-72.417927968632824,42.485144081654099],[-72.417838802964141,42.485155485683201],[-72.417749323558112,42.485164638682726],[-72.417671205353784,42.485170884990765],[-72.417592791110948,42.485176012725574],[-72.417514251324576,42.485179449736798],[-72.41742724813183,42.48518239228526],[-72.417340027089097,42.485183652935234],[-72.417252814165309,42.485185472542824],[-72.417166367448743,42.485187285085821],[-72.417079820996335,42.485189098357608],[-72.416993374269779,42.48519091077079],[-72.416890371685625,42.485191730370609],[-72.416787375179894,42.485192549829968],[-72.416684295279936,42.485194495239497],[-72.416614298637256,42.48519730548923],[-72.416544408619288,42.485200673936546],[-72.416474428220766,42.485204603948965],[-72.416399696076738,42.485208577108416],[-72.416324894694483,42.485214233436238],[-72.416250480994151,42.485220453823821],[-72.416167270072179,42.485228993061455],[-72.416084458206981,42.485239216234284],[-72.41600214397242,42.485251127061105],[-72.415912831227502,42.485265337909475],[-72.415824030338527,42.485281798978981],[-72.41573640379076,42.485301067695467],[-72.415630752449758,42.48532835181436],[-72.415526763601392,42.485359564153441],[-72.415425972051963,42.485394688023185],[-72.415328693840621,42.485435974379506],[-72.415234318619213,42.485481178221633],[-72.415141874354958,42.485528612005616],[-72.415025707330173,42.485591431195594],[-72.414912441054483,42.485657601570246],[-72.414799090325261,42.485724339691579],[-72.41477282843816,42.485735237460759],[-72.414746669561325,42.485746697095323],[-72.414720896288927,42.48575815816455],[-72.414698830902978,42.485770147984098],[-72.414677051390782,42.48578214003178],[-72.414654501431286,42.485793008310509],[-72.414626605597746,42.485802794536511],[-72.41459746627703,42.485811466146707],[-72.414568312716113,42.485819575173323],[-72.414528938494016,42.485830581451481],[-72.414489367538124,42.485841022986904],[-72.414449604389517,42.485851465133365],[-72.414399617304198,42.485864243650894],[-72.414349437953874,42.485877018270202],[-72.414298459768133,42.485887549349172],[-72.414238533624555,42.485896469629353],[-72.414177706737405,42.485902576375679],[-72.414116745531345,42.48590587611141],[-72.414035500366396,42.485906520557684],[-72.41395400878973,42.485902663587368],[-72.413872409346226,42.485898244725817],[-72.413736706758158,42.485892004956376],[-72.413601094661573,42.485885207923005],[-72.4134655671171,42.485877274778439],[-72.413297677692313,42.485866229027067],[-72.413130042755483,42.485852926657437],[-72.412962322375066,42.485840187410489],[-72.412786021396087,42.485825828719719],[-72.412639122536277,42.485814053054995],[-72.412609820216289,42.485811468069194],[-72.412433256812022,42.485798802586523],[-72.412373057857778,42.485795338594777],[-72.41231286101187,42.485792440845152],[-72.412252562325506,42.4857889766798],[-72.412185780085991,42.485790630707243],[-72.412119091480719,42.485792283054543],[-72.412052401720729,42.485793939873844],[-72.411969582519561,42.485796845178207],[-72.411886849651054,42.485799748839447],[-72.411805040491885,42.48580714934527],[-72.411732016707035,42.4858172919295],[-72.41165979940763,42.48583080692179],[-72.411590788202574,42.48584935800632],[-72.411522124730368,42.485878600089656],[-72.411457248274317,42.485913435466749],[-72.411393137603625,42.485948828339147],[-72.41133938672516,42.485977389680308],[-72.411286016026409,42.486006506176764],[-72.411233800386398,42.486036180704801],[-72.411174465750236,42.486073226453811],[-72.411116474134801,42.486111381528879],[-72.411059923389629,42.486150093273167],[-72.41101272664325,42.486185351306638],[-72.410966390620189,42.486221169706376],[-72.410918231287383,42.486255309931231],[-72.410844934622986,42.486299781725009],[-72.410768193742726,42.486342026335166],[-72.410689700522823,42.486382034886155],[-72.410586128062619,42.486428991120235],[-72.410479568363172,42.486472600130234],[-72.410374266880467,42.486518444453559],[-72.41028575372286,42.486561910713512],[-72.410198115281418,42.486606490871196],[-72.410107661485867,42.486647156174655],[-72.410011226779659,42.486681678159293],[-72.409912084589678,42.486712847108343],[-72.409813035954087,42.48674401523251],[-72.40971109814835,42.486779142197996],[-72.409609463545891,42.486815396557724],[-72.409506547668983,42.486848844794523],[-72.409432730838418,42.48687024413826],[-72.409358229290106,42.48688996617318],[-72.409283342074332,42.486909686701011],[-72.409111003341479,42.486952684451666],[-72.408936701000457,42.486991197721721],[-72.408759889864797,42.487020729293185],[-72.408671097296377,42.48703155695727],[-72.408581615105916,42.48704070192413],[-72.408491991493619,42.487047037194209],[-72.408292611545349,42.487046354480597],[-72.408092666878119,42.487033303926502],[-72.407892561195524,42.487022499646976],[-72.407778205430745,42.487020026190251],[-72.407663569444367,42.487018113014237],[-72.407549044562458,42.487017327827516],[-72.40744168377347,42.487019297756163],[-72.40733444574218,42.487022953783388],[-72.40722708301017,42.487024366240618],[-72.407114254406167,42.487022438289578],[-72.407001494072148,42.487018827027207],[-72.4068885657381,42.487016898739988],[-72.406767405264304,42.487017290372748],[-72.406646278301267,42.487019930567662],[-72.406525586168939,42.487026507834265],[-72.406442256889477,42.487033916471233],[-72.406359044247637,42.487043011295384],[-72.406276235263036,42.487053789149407],[-72.406223346139228,42.487063208086852],[-72.406170744869343,42.487073191025978],[-72.406117426515166,42.48707923355812],[-72.406083135372072,42.487080628557692],[-72.406048533401247,42.48707977523727],[-72.406014201130702,42.487077796209931],[-72.405952581493409,42.487068715845098],[-72.405891655433464,42.487054563999152],[-72.40583119445597,42.487039845777041],[-72.405698532649652,42.487000375815512],[-72.405567155625207,42.486957520376215],[-72.405433054008157,42.486936628340885],[-72.405362564400107,42.486938306631203],[-72.405291388479498,42.486945056265768],[-72.405223551043989,42.486959658169198],[-72.405179499895482,42.486975754961883],[-72.405137204869135,42.486995221276679],[-72.40509470829906,42.487014121968706],[-72.405048581282799,42.487031363992358],[-72.405002254018143,42.487048045781826],[-72.404960735187558,42.487068631311665],[-72.404920901578265,42.487100454658375],[-72.404887313043602,42.487137290447038],[-72.404857359822884,42.487175789347098],[-72.404831198146738,42.487213696680648],[-72.404808384677949,42.487253263983376],[-72.404786718126104,42.487292822276139],[-72.404687493921344,42.487517552099412],[-72.404624688636218,42.487750434463038],[-72.404591743797198,42.487984770451909],[-72.404609323064705,42.488263163990865],[-72.404669497065001,42.488542910304737],[-72.404710673717645,42.48882336839857],[-72.404712144086716,42.488859928877218],[-72.404713326708602,42.488895933427948],[-72.404713571110364,42.488932508031851],[-72.404713243333589,42.488969645313801],[-72.404712069071905,42.489006793742213],[-72.404708509566547,42.4890439563939],[-72.404692976170679,42.48911385254948],[-72.404668495265881,42.489182694464617],[-72.404637239542325,42.489249897888755],[-72.40460879255194,42.489294013550527],[-72.404577104436228,42.489337587455388],[-72.404551332336737,42.489382806580956],[-72.404539403614038,42.489425662692383],[-72.404532233863847,42.4894690441376],[-72.404519629370043,42.489511348263648],[-72.404484801114478,42.489567890408068],[-72.404438717986579,42.489621703828853],[-72.404388313590417,42.489672182216339],[-72.40430614366872,42.489740909554229],[-72.40421458649584,42.489804649894516],[-72.40412474854989,42.489868938459317],[-72.404034146370634,42.489952925220017],[-72.403945451972973,42.490037464131078],[-72.403840470088525,42.490106370050086],[-72.403786615588572,42.490128176341905],[-72.403729767480485,42.490147189043341],[-72.403671553293947,42.490163400789925],[-72.403600424852883,42.490180276451653],[-72.403527629146851,42.490193790814587],[-72.403454008758644,42.490202808293674],[-72.4033940044296,42.490206653001479],[-72.403333573121074,42.490207692987873],[-72.40327326563758,42.490210415533774],[-72.40319060027791,42.490218378361192],[-72.403108351442086,42.49022858771562],[-72.403025784573373,42.490236550552943],[-72.40295046462299,42.490239952348766],[-72.402874846861181,42.490241669265679],[-72.402799360871313,42.490240011675375],[-72.402727639285033,42.490235507509126],[-72.402656250174104,42.490227626368714],[-72.402585394521466,42.490217492056054],[-72.402507164360145,42.490202911248893],[-72.402429738660729,42.490184950664393],[-72.402352957322321,42.490165855105943],[-72.402293059051601,42.490150568829513],[-72.402233433740136,42.490134717697465],[-72.402174171883829,42.49011773921444],[-72.402112125373904,42.490098533548696],[-72.402050636376927,42.490078755396503],[-72.401988589942931,42.490059549664061],[-72.401909674684561,42.490037096188075],[-72.401830015354392,42.490015773856264],[-72.401749187047187,42.489998963918445],[-72.401671403115941,42.489989445044728],[-72.401592627439101,42.489983308202738],[-72.401513582011262,42.489978298792401],[-72.401435597526742,42.489974409105578],[-72.401357351252216,42.489972204974983],[-72.401279088994258,42.48996888094284],[-72.401208888230883,42.489964363940736],[-72.401138865543459,42.489959282815867],[-72.401068850242467,42.489954206992593],[-72.401004919665112,42.489949640841424],[-72.400940990313345,42.489945074645298],[-72.40087724519779,42.489939949687745],[-72.400796866776389,42.48993494930648],[-72.400716487164217,42.489929949778841],[-72.40063672717622,42.489921570127606],[-72.400568640057557,42.489911975631024],[-72.400501101705856,42.489900684242059],[-72.400435212524513,42.489885443816128],[-72.400372693609427,42.489866240009377],[-72.400311725298764,42.489843083441642],[-72.400252078939971,42.489818791140095],[-72.400210390622746,42.489801112585262],[-72.400169267116354,42.489782861514378],[-72.400128415441969,42.489764051019996],[-72.400065658646312,42.489734717828284],[-72.400003367746834,42.489705380063981],[-72.399941550636669,42.489675482180942],[-72.399896361965986,42.489652201270701],[-72.399851455527426,42.489628919039404],[-72.399805616420494,42.489606768547709],[-72.3997725332448,42.489592396072538],[-72.399739171052516,42.489578588453909],[-72.399705607525448,42.489564224211428],[-72.399672440694189,42.489550977736009],[-72.39963927264759,42.489537730360261],[-72.399606756349698,42.489523353412636],[-72.399539363082226,42.489488994641583],[-72.39947523913834,42.489450668800487],[-72.399412991132664,42.489410642021191],[-72.399350532564256,42.489369491476495],[-72.399290252275904,42.489327198525046],[-72.39923438782067,42.489281493159886],[-72.399175355063534,42.48922061902261],[-72.399123102538027,42.489155194056664],[-72.399070857405874,42.489089768108713],[-72.399015902549678,42.489028299387925],[-72.398961039538179,42.488966268136998],[-72.398910623749401,42.488902515008341],[-72.398867106541601,42.488836459100398],[-72.398827937935152,42.488768676694598],[-72.398790467949624,42.488700323741377],[-72.398742312056626,42.488608416728951],[-72.398696993278136,42.488515929384455],[-72.398653472758284,42.488422860808996],[-72.398616755285985,42.488340433835546],[-72.398581269238932,42.488257430058319],[-72.398545597967455,42.488174994902508],[-72.398506157868496,42.488088084916484],[-72.398466330401604,42.488000616148476],[-72.398428216285296,42.487913696695927],[-72.398358208859648,42.487735308653676],[-72.398295009613108,42.487555176730083],[-72.398237799037545,42.487374440801716],[-72.398218665074381,42.487312130692324],[-72.398200204442901,42.487250377118485],[-72.398184959497954,42.48718747490274],[-72.398177254592397,42.487133515122245],[-72.398172113674008,42.487079540758828],[-72.398162610638011,42.487026157678386],[-72.398138626917614,42.486956570407543],[-72.398107234513702,42.48688760715909],[-72.398074151702687,42.486819777949208],[-72.398038727602895,42.486748029959891],[-72.398001311346036,42.486676297482873],[-72.397964461951744,42.486604560575927],[-72.397929704607606,42.486532807355452],[-72.397895426548033,42.486461050389345],[-72.397859909200918,42.486389303068016],[-72.397820493835965,42.486317586104505],[-72.397779846495339,42.486245878724766],[-72.397741948490747,42.486173587223902],[-72.397702526749754,42.486087802168484],[-72.397666973125681,42.486000299803514],[-72.397636083909646,42.485912761093267],[-72.397616861820097,42.485844265587914],[-72.397600477019623,42.485774618100955],[-72.397582681600596,42.485706106973986],[-72.397562497409538,42.485636494474925],[-72.397540894534629,42.485567450307258],[-72.397516829523326,42.485498987998994],[-72.397485286511397,42.485419331965062],[-72.397450247135552,42.485340832128124],[-72.397409706923526,42.485263495092148],[-72.397359515135591,42.485188483051601],[-72.397303630530686,42.485114645194514],[-72.39725096766999,42.48503965684867],[-72.397206508220961,42.484967416247919],[-72.397164891030982,42.484894029025234],[-72.397127537279232,42.484820042306019],[-72.397100417727728,42.484750482808501],[-72.397077088457408,42.484680327508144],[-72.39704921560957,42.484611332948077],[-72.39700432509764,42.484528406346939],[-72.396952708590192,42.484447214743433],[-72.396898262303338,42.484367174118468],[-72.396866547840503,42.484321845915396],[-72.396833797317555,42.484277646641523],[-72.396800759182483,42.484232891409874],[-72.396754979614812,42.484174162717139],[-72.396708634135265,42.484116005599411],[-72.39666606536619,42.484056126509223],[-72.396626864414287,42.483992285081889],[-72.396591817275635,42.483926725057536],[-72.396562932554332,42.483859990799452],[-72.39654508923168,42.483801607351211],[-72.396531802437124,42.483742630262533],[-72.396518894430642,42.483683087536448],[-72.396487606321244,42.483540969929798],[-72.396459060727182,42.483397706498771],[-72.396430517157853,42.4832550048285],[-72.396417661795041,42.48319264553308],[-72.396404886034972,42.483129722927849],[-72.396391830588655,42.483066803396348],[-72.396380817474508,42.483013999066138],[-72.396369626225876,42.482961754306693],[-72.396358613148635,42.482908949972902],[-72.396355939804991,42.482854389099089],[-72.396353452542783,42.48279982677699],[-72.396338935071086,42.482747606985541],[-72.396328682260545,42.482728557133903],[-72.396316543842275,42.482710084636736],[-72.396302979997571,42.48269161872409],[-72.396280221755845,42.482668166431822],[-72.396254348455884,42.48264642192715],[-72.396228195451371,42.482624679592142],[-72.396193211501853,42.482596819061662],[-72.39615785917816,42.482570082260686],[-72.396126463356353,42.482540503038969],[-72.396102926912675,42.482509175525109],[-72.396083542227032,42.482475565867539],[-72.396064051065778,42.482441394346161],[-72.396035928121464,42.482394908997286],[-72.396007989402591,42.482347860420774],[-72.39597712231452,42.482301959083266],[-72.395956507662433,42.482268920755217],[-72.395934382023967,42.482236457760202],[-72.395903918866409,42.482212499010096],[-72.395875758267195,42.482203715837692],[-72.395843953914351,42.482198897104233],[-72.3958119973653,42.482196895688119],[-72.395778266715709,42.482197157907947],[-72.395744298198906,42.48220080079826],[-72.395710529752591,42.482205000310209],[-72.395685976322511,42.482209131785609],[-72.395661533651122,42.48221438327009],[-72.395638536282121,42.482213999332721],[-72.395622111039103,42.482208499213819],[-72.395606598170659,42.482200179459674],[-72.395594301952741,42.482190710226625],[-72.395586069664859,42.482172769081188],[-72.395585287190613,42.482151392103546],[-72.395583665075094,42.482130587941214],[-72.395580178247954,42.482112605411309],[-72.395575845713381,42.482095196643982],[-72.395567166182275,42.482079508826175],[-72.3955610967529,42.482073931814348],[-72.395554179600296,42.482068357789394]]},"properties":{"OBJECTID":16480,"route_id":"L020830 EB","from_measure":0,"to_measure":1.7642954,"Route_System":"L","Route_Number":"020830","Route_Direction":"EB","Rd_Seg_ID":null,"Facility":1,"Mile_Count":0,"Urban_Area":"0","Urban_Type":5,"F_F_Class":7,"Jurisdictn":"0","NHS":0,"Fd_Aid_Rd":0,"Control":0,"Num_Lanes":0,"Opp_Lanes":0,"Surface_Tp":0,"Surface_Wd":0,"Shldr_Lt_W":0,"Shldr_Lt_T":0,"Shldr_Rt_W":0,"Shldr_Rt_T":0,"Shldr_UL_W":0,"Shldr_UL_T":0,"Med_Width":0,"Med_Type":0,"Curb":null,"Lt_Sidewlk":0,"Rt_Sidewlk":0,"Pd_Sf_Type":null,"Pd_Fc_Type":null,"Cr_Slope":null,"Path_Width":null,"Operation":2,"Speed_Lim":null,"Op_Dir_SL":null,"Speed_Reg":null,"T_Exc_Type":null,"T_Exc_Time":null,"Trk_Permit":null,"Trk_Netwrk":null,"Truck_Rte":null,"ROW_Width":null,"Toll_Road":null,"MHS":null,"City":272,"Mun_Type":2,"County":11,"Hwy_Dist":2,"RPA":"FRCOG","RTA":"FRTA","MPO":5,"St_Name":"","City_Maint":272,"Length":1.7642954,"created_user":"RH","created_date":1785555425000,"last_edited_user":"RH","last_edited_date":1785555425000,"Record_ID":"125431.915560.SE.28.020830","GlobalID":"{6BE47217-F9C3-4152-B2CA-34836B4AA8B6}","Local_Priority":1,"Oneway":null,"SHAPE.STLength()":2839.3639070813542}},{"type":"Feature","id":16481,"geometry":{"type":"LineString","coordinates":[[-72.395554179600296,42.482068357789394],[-72.395547350000697,42.482062782183249],[-72.395512936699475,42.482041666571881],[-72.395478529553301,42.482020554503656],[-72.395442250417304,42.482002264112197],[-72.39540319547929,42.481988503988617],[-72.395362360302286,42.481977003036455],[-72.395322370965033,42.481964936410712],[-72.39527783533039,42.48194671101966],[-72.395234230010246,42.481927357508539],[-72.395190810739876,42.481907998934474],[-72.395144359634315,42.481888667497657],[-72.395097802019464,42.481868770579986],[-72.395052189448805,42.481848869904191],[-72.395000926133193,42.481825635169443],[-72.394950505532194,42.481801269390459],[-72.394904881066608,42.481773486610024],[-72.39486427729851,42.481737792585676],[-72.394828925607868,42.48169755355341],[-72.394793211682952,42.48165844269991],[-72.394743774034168,42.481609872696211],[-72.394693786891594,42.481562432314604],[-72.394647379950669,42.481512714261108],[-72.394622519682272,42.481481959411866],[-72.394598898694582,42.481451194035579],[-72.39457583650173,42.481419862528092],[-72.394555378374605,42.481390759752919],[-72.394535395307443,42.481362220476122],[-72.394515883389957,42.481333110348331],[-72.394479370750943,42.481277687632513],[-72.39444428472919,42.481222253830971],[-72.394411084354104,42.481166242693504],[-72.39438554211857,42.481120299597073],[-72.394361312694173,42.481073783616793],[-72.39433851478239,42.481027261021993],[-72.394316616366666,42.48097734810792],[-72.394296328790801,42.480926865400761],[-72.394276893769316,42.480876376073056],[-72.394253199585435,42.480813537948137],[-72.394230729451195,42.480750128530147],[-72.394208166922098,42.480686718923806],[-72.394190037839095,42.480627779117071],[-72.394172011553863,42.480569396696154],[-72.394144916920993,42.480514462572721],[-72.394121459935533,42.480482009557811],[-72.394094600306616,42.480450706516997],[-72.394065391976909,42.480421114260913],[-72.394027310404113,42.480389336488265],[-72.393985924738004,42.480358709714899],[-72.393944162752589,42.480328646734186],[-72.393903834101735,42.480299136207812],[-72.393863124168121,42.480269065936625],[-72.393821949880035,42.480240128231429],[-72.39377332097159,42.480208432190956],[-72.393724030533107,42.480176741261026],[-72.39367625966095,42.480144476736434],[-72.393642838842368,42.480119977640463],[-72.393610370782909,42.480094904856259],[-72.393579784070994,42.480068697497785],[-72.393522842434678,42.480006679734295],[-72.393476181565674,42.479938958040279],[-72.393437760489022,42.479869481671123],[-72.393414203517935,42.479816769796898],[-72.39339520217159,42.479762902620536],[-72.393379899028716,42.479709001365563],[-72.39337217176012,42.479673047406095],[-72.393366052271574,42.479637084581675],[-72.393359846394063,42.479601118825215],[-72.393348903072152,42.479539873311552],[-72.393337493932279,42.479478626905937],[-72.393322855531906,42.479417973624841],[-72.393306335307784,42.479365207169501],[-72.393287350684844,42.479313021604952],[-72.393267142200159,42.479261413615141],[-72.393248676643026,42.479212041063832],[-72.393228973093741,42.479162677205849],[-72.393204649765252,42.479115599910628],[-72.393181634963355,42.479080888916712],[-72.393155898112838,42.479047889784809],[-72.393128915999711,42.479014901199697],[-72.393090327115146,42.478973562240988],[-72.393049746948293,42.478932801391409],[-72.393013048496684,42.478890880564684],[-72.392987311837047,42.478851691817667],[-72.3929646032215,42.478811354220703],[-72.392940942420367,42.4787710239981],[-72.392904629099405,42.478716161912637],[-72.392866608476055,42.478661316646516],[-72.392826133296566,42.478608173951677],[-72.392787063837361,42.478566275925552],[-72.39274628274805,42.47852494933494],[-72.392714204605625,42.478480748161225],[-72.392706580075,42.478465613737164],[-72.392700088311727,42.47844990874804],[-72.392694726883079,42.478433633212816],[-72.392690634616102,42.478412842733391],[-72.392688905887809,42.478391477555732],[-72.392686991020469,42.478370108418225],[-72.392680569749544,42.478312764814461],[-72.392674060931071,42.478255421887788],[-72.392666599854564,42.478198081835913],[-72.392655360020143,42.478128960895454],[-72.392642609195974,42.47806040984586],[-72.392629006637875,42.47799243258256],[-72.392610523014824,42.477908169752382],[-72.392590614257074,42.477823923359665],[-72.39256985851793,42.477740240810213],[-72.392553707268746,42.477673407754324],[-72.392536811184868,42.477607138652253],[-72.39251715588577,42.47754089452112],[-72.392501313006932,42.477495438542398],[-72.392484138588415,42.477449996476196],[-72.392465065263323,42.477405127302625],[-72.392440511302482,42.477355239976959],[-72.392413685152675,42.477305931132506],[-72.392386193860688,42.477256628333329],[-72.392355770154964,42.477201720448811],[-72.392324417498813,42.477147944227589],[-72.392291630484706,42.477093616416482],[-72.392254441153483,42.477037072831351],[-72.392215166972051,42.476981108066887],[-72.392174660988672,42.476925153727201],[-72.392151741081989,42.476896631361747],[-72.392128332985862,42.476867556384882],[-72.392107491966399,42.47683845612557],[-72.39208638126351,42.476796981494864],[-72.392069726135915,42.476754343384712],[-72.392053538053034,42.476711705257117],[-72.392051860771915,42.476707219432242],[-72.392040008229017,42.476675237925733],[-72.392026943472047,42.476638200701856],[-72.392011222246353,42.476601744930448],[-72.391990555941646,42.476564771052821],[-72.39196705987041,42.476528938153585],[-72.391941472905756,42.476493688626022],[-72.391907575651601,42.476454562798736],[-72.391870928988496,42.476416582721114],[-72.391836930873282,42.476377456753347],[-72.39176264899514,42.476250863984312],[-72.391711051201895,42.476116217063726],[-72.391660496369269,42.475981000257043],[-72.391633683940015,42.475919315559075],[-72.391607150543365,42.475857061504534],[-72.391580615983059,42.475794807452267],[-72.391569416070539,42.475768448633559],[-72.391558200875593,42.475741523641673],[-72.391546047609751,42.475715173097811],[-72.391524107311469,42.47566863877492],[-72.391499617118257,42.47562325315667],[-72.391468624904221,42.475581288573188],[-72.391228989338032,42.475378708944113]]},"properties":{"OBJECTID":16481,"route_id":"L020830 EB","from_measure":1.7642954,"to_measure":2.2922383000000002,"Route_System":"L","Route_Number":"020830","Route_Direction":"EB","Rd_Seg_ID":null,"Facility":1,"Mile_Count":0,"Urban_Area":"0","Urban_Type":5,"F_F_Class":7,"Jurisdictn":"0","NHS":0,"Fd_Aid_Rd":0,"Control":0,"Num_Lanes":0,"Opp_Lanes":0,"Surface_Tp":0,"Surface_Wd":0,"Shldr_Lt_W":0,"Shldr_Lt_T":0,"Shldr_Rt_W":0,"Shldr_Rt_T":0,"Shldr_UL_W":0,"Shldr_UL_T":0,"Med_Width":0,"Med_Type":0,"Curb":null,"Lt_Sidewlk":0,"Rt_Sidewlk":0,"Pd_Sf_Type":null,"Pd_Fc_Type":null,"Cr_Slope":null,"Path_Width":null,"Operation":2,"Speed_Lim":null,"Op_Dir_SL":null,"Speed_Reg":null,"T_Exc_Type":null,"T_Exc_Time":null,"Trk_Permit":null,"Trk_Netwrk":null,"Truck_Rte":null,"ROW_Width":null,"Toll_Road":null,"MHS":null,"City":272,"Mun_Type":2,"County":11,"Hwy_Dist":2,"RPA":"FRCOG","RTA":"FRTA","MPO":5,"St_Name":"","City_Maint":272,"Length":0.52794289999999999,"created_user":"RH","created_date":1785555425000,"last_edited_user":"RH","last_edited_date":1785555425000,"Record_ID":"126575.914642.SE.84.020830","GlobalID":"{EA497701-4831-4497-AB92-1E0FD4CEE897}","Local_Priority":1,"Oneway":null,"SHAPE.STLength()":849.6434095472066}},{"type":"Feature","id":16482,"geometry":{"type":"LineString","coordinates":[[-72.391228989338032,42.475378708944113],[-72.391382035444877,42.4752629128904],[-72.391427755841406,42.475230485886215],[-72.39147230686082,42.475196380743974],[-72.391524377988446,42.475156026914675],[-72.391574606599335,42.475113437462404],[-72.39162474945249,42.475071411340025],[-72.39168345207689,42.475023128468798],[-72.391741860909164,42.474974286051307],[-72.391799028630487,42.474924889619842],[-72.391841539646478,42.474887421282808],[-72.391883367126567,42.474848833742428],[-72.3919231947431,42.474809698978312],[-72.391958853245725,42.474771163665935],[-72.391992582285056,42.474730951610567],[-72.392025945908259,42.474691305062919],[-72.392055916914742,42.474653933728383],[-72.392085702486057,42.474617126510417],[-72.392116834872056,42.47458087514628],[-72.392142904009162,42.474556478553147],[-72.392169648088341,42.474533200305359],[-72.39218819960395,42.474507736534768],[-72.392193754927661,42.474484060566944],[-72.392193870209127,42.474458738656715],[-72.392191528565917,42.474433999361416],[-72.392180550872737,42.474396945074602],[-72.392163324126656,42.474361064554095],[-72.39215007563196,42.474324594138075],[-72.392143193648096,42.474281317650032],[-72.3921415198879,42.47423688085609],[-72.392146898577266,42.474194076620471],[-72.392166098253796,42.474140470664558],[-72.392196900042364,42.474087900240221],[-72.392236607741268,42.474040326843635],[-72.392279806967665,42.474004544669434],[-72.392329704231315,42.473972084938559],[-72.392379406880764,42.473939626692776],[-72.392448958477686,42.473892383853894],[-72.392518114121259,42.47384458224986],[-72.392582186434083,42.473793444747976],[-72.392617265025294,42.473761099689106],[-72.39265042827185,42.473727644980009],[-72.392681392273573,42.47369364461106],[-72.39272623824003,42.473626334393636],[-72.392763340276417,42.473555709826449],[-72.392808465803284,42.473488401908483],[-72.392846725484972,42.473445904614174],[-72.392888712929263,42.473405065585062],[-72.392935506927373,42.473368126313844],[-72.392964971432448,42.473348768311638],[-72.392995979785468,42.473331085503823],[-72.393027854514628,42.47331395416019],[-72.393069074548492,42.473292817844388],[-72.393111829184463,42.473272789594866],[-72.393156570812209,42.473258940912288],[-72.393220518048309,42.473252254680894],[-72.393288117920505,42.473255667605301],[-72.393354806723963,42.473261903702976],[-72.39343380187519,42.473271422270422],[-72.393511729219384,42.473286006968685],[-72.393585661569489,42.473307379375235],[-72.393641397331947,42.473331705422559],[-72.393694446250137,42.473360554701117],[-72.393748231959364,42.473388270159965],[-72.393801140249536,42.473414308833519],[-72.393854708155942,42.473439776074713],[-72.393911597493315,42.473458464346528],[-72.393940660171623,42.473464429340183],[-72.393970552608849,42.473468700720012],[-72.394000443113129,42.473472405816281],[-72.394074200553817,42.473481398297778],[-72.394148506866401,42.473488699304184],[-72.394222549501052,42.473497131289626],[-72.394335630361155,42.473512004377802],[-72.394448177824984,42.47352914035735],[-72.394559345491302,42.473549656775816],[-72.394620906410793,42.473562684232768],[-72.394682103904657,42.47357683985831],[-72.394741348222254,42.473593822266899],[-72.39480277184164,42.473616979105948],[-72.394861774332128,42.473644095344838],[-72.394917109571779,42.473673484494903],[-72.39502031181641,42.473748647732229],[-72.395106321538904,42.4738374462964],[-72.395174573136373,42.473933698635413],[-72.395191682659117,42.473967888863243],[-72.39520681635409,42.474003222520338],[-72.395225917071627,42.474036834581902],[-72.395296441593075,42.47409874602431],[-72.395387724249943,42.474150926782173],[-72.395476091920528,42.47420482179384],[-72.395482232244817,42.474209277387054],[-72.39548838656556,42.474214291059148],[-72.395494720239256,42.474218745148931],[-72.395528953098776,42.474240987557017],[-72.395564972650007,42.474261524397328],[-72.395599948408318,42.47428263653115],[-72.395656491204633,42.474323272433402],[-72.395710013077547,42.474365618961578],[-72.39576071541903,42.474410241745105],[-72.395786415772179,42.474433675792774],[-72.395811457730971,42.474457676742986],[-72.395834715940154,42.474482816035582],[-72.39586049037942,42.474518067771342],[-72.395883049747567,42.474554464477777],[-72.395905415856859,42.474590867183942],[-72.395949852610215,42.474702496855208],[-72.395994181821933,42.474813564654127],[-72.396044771196287,42.474923459270144],[-72.39607549145407,42.474979489301958],[-72.396108032864575,42.475036067850596],[-72.396140466632886,42.475092084537415],[-72.396168456897414,42.475143069770972],[-72.396196556175525,42.475194620440121],[-72.396226537731138,42.475245028380918],[-72.396264711431144,42.475297058855965],[-72.396305257760545,42.475349075362509],[-72.396339170795102,42.475402268837392],[-72.396355073428111,42.475438154544157],[-72.396368232216673,42.475474628785939],[-72.396379585817357,42.475511675257977],[-72.396387490462445,42.475546503205429],[-72.396393790559301,42.475581901823254],[-72.39640131453362,42.475616728229348],[-72.396416539423626,42.475665005568359],[-72.396434324061133,42.475713258487872],[-72.396452771998426,42.475760943554086],[-72.396475240364055,42.475817600365602],[-72.396498553235546,42.475873687911907],[-72.396519881009525,42.475930352688167],[-72.396546079416311,42.47600892624606],[-72.396568486898047,42.476088091084755],[-72.396583873598317,42.476167873239881],[-72.396588413093426,42.47623986214986],[-72.396587258469722,42.476312458056853],[-72.396586095854019,42.476384491335352],[-72.396586790924388,42.476433438995471],[-72.396587486008642,42.476482387555151],[-72.39658760831361,42.476531339671006],[-72.396586276069655,42.47657130097673],[-72.39658438026116,42.476611829356628],[-72.396585613919882,42.476651770694929],[-72.396588278983302,42.476672008570837],[-72.39658996682499,42.476683810110742],[-72.396596218020875,42.476715834754479],[-72.396603130765712,42.476747854249751],[-72.396612035785992,42.476786048723135],[-72.396622088266994,42.476824796955469],[-72.396633451452644,42.476862405106949],[-72.396663542524166,42.476933632470725],[-72.396698835877942,42.477003694861452],[-72.396727216082311,42.477074936422092],[-72.396740438449001,42.477129977058652],[-72.396749592543614,42.477185612945412],[-72.396756660528979,42.477241825955296],[-72.396761359056185,42.477318313315621],[-72.396761879182492,42.47739483679581],[-72.396766563706905,42.477470765174075],[-72.396772627403308,42.477516293101054],[-72.396780109651004,42.477561251799003],[-72.396789110738922,42.477606194173141],[-72.396800245470217,42.477654502376446],[-72.396813187276479,42.477702792911948],[-72.396829249365297,42.477749930179563],[-72.396854407247559,42.477808256730597],[-72.396884100975683,42.477865418989531],[-72.396917868508467,42.477921425051221],[-72.396952013234369,42.477970674996925],[-72.396989374421992,42.478018775414888],[-72.397029192003586,42.478065731319013],[-72.397058517101755,42.478097014503952],[-72.397089082635844,42.478128287123447],[-72.397118880157223,42.478159003925775],[-72.397174376654178,42.478226091809418],[-72.397227596287806,42.478293765486647],[-72.397287517375759,42.478358007216869],[-72.397311615333805,42.478382015184465],[-72.397336466078031,42.47840601728447],[-72.397366365686167,42.478423789578521],[-72.39738678326448,42.478429821043719],[-72.397408795502173,42.478434152918567],[-72.397430799694575,42.478437918561632],[-72.397494664680792,42.478445298771966],[-72.397559528268303,42.478449859523472],[-72.397622449071207,42.47845780970718],[-72.397720169316273,42.478487429108128],[-72.397812817405992,42.478527788044069],[-72.397899741550276,42.47857324760988],[-72.398091757711299,42.478719178373787],[-72.398244331544689,42.478897485077368],[-72.398388980938492,42.47907979398709],[-72.398437376694034,42.479135685546588],[-72.398484848476727,42.479192708768245],[-72.398531554254177,42.479249742444971],[-72.398575471038782,42.47930453989391],[-72.398618820022236,42.479359345355313],[-72.398660572519461,42.479415288629468],[-72.398699991968456,42.479467875751432],[-72.398738093916663,42.479521035825037],[-72.398769269011268,42.479575369892096],[-72.398806873660817,42.479693803942361],[-72.398816045708912,42.479817526670018],[-72.398799631113192,42.479939194622339],[-72.39878795845047,42.479987114231307],[-72.398772292501619,42.480034503197665],[-72.398748210197198,42.480078578072813],[-72.398714635950483,42.480115979209913],[-72.39867351385503,42.480151184846981],[-72.398629799738146,42.480184161728388],[-72.398576354178374,42.480221155104665],[-72.39851916412367,42.480255361508974],[-72.398459563225003,42.480287336827075],[-72.398405770030791,42.480313076354378],[-72.39835004032021,42.480336581999026],[-72.398292571098992,42.480357851322132],[-72.398253491180355,42.480369407952438],[-72.398213627158626,42.480379283515362],[-72.398174453633487,42.480390845349767],[-72.398102161885575,42.480418978779156],[-72.398033074894201,42.480452152285665],[-72.397966405452465,42.480488123955197],[-72.397922866932433,42.48051322154933],[-72.397880297300702,42.480539997842456],[-72.397838302421448,42.480567336831335],[-72.397799210995544,42.480591270747382],[-72.397760500244829,42.480615205285083],[-72.397725340517383,42.480641928288556],[-72.397701314771567,42.48066293225088],[-72.397679306324818,42.480685612159732],[-72.397662917868487,42.480709373660183],[-72.397656223301183,42.480733058740121],[-72.397654112054582,42.480758395280297],[-72.397651618232871,42.480783172111892],[-72.397646819560819,42.480813595586376],[-72.397640973089381,42.480843465434475],[-72.39762940488518,42.480871687286822],[-72.397609375984629,42.48089998044739],[-72.397583051311699,42.480926630078201],[-72.397550902194979,42.480944322952382],[-72.397523032414426,42.480949043346129],[-72.397492341602543,42.480949282395414],[-72.39746136187425,42.480948961898378],[-72.39738619811483,42.480948984601966],[-72.397310900690769,42.480946192153048],[-72.397235717837233,42.480944528641729],[-72.397184409602204,42.480944928146656],[-72.397133110564738,42.480945889345513],[-72.397082321451194,42.480949097306322],[-72.397009672430883,42.480958669494875],[-72.39693823545575,42.480973851887029],[-72.396870985559403,42.480995758410174],[-72.396841430818938,42.481008932082879],[-72.396812937878394,42.481023218359702],[-72.396784546598838,42.481038069227708],[-72.396694326485544,42.481088287044287],[-72.396606899607818,42.48114130009828],[-72.396519079072078,42.481193753458285],[-72.396457708291763,42.481227990442378],[-72.396396050444281,42.481262230526426],[-72.396335543169073,42.481297586103508],[-72.396272258814008,42.481337467458026],[-72.396210496472648,42.481377898727317],[-72.396150656425689,42.481420002177906],[-72.396091793778297,42.481463789662271],[-72.396034953083884,42.481509244056276],[-72.395982129654016,42.481556920639257],[-72.395937003264436,42.481604538251062],[-72.395895332223844,42.481654377932593],[-72.395855662449591,42.48170476832869],[-72.395823965347674,42.481747778177507],[-72.395793700306157,42.48179133867216],[-72.395763444472877,42.481835465376129],[-72.395738038439873,42.481873364798737],[-72.395712539870644,42.481911259532659],[-72.39568377684779,42.481946935183323],[-72.395641590258563,42.481987213969873],[-72.395594419927079,42.482024715331953],[-72.395547350000697,42.482062782183249]]},"properties":{"OBJECTID":16482,"route_id":"L020831 NB","from_measure":0,"to_measure":1.0166489000000001,"Route_System":"L","Route_Number":"020831","Route_Direction":"NB","Rd_Seg_ID":null,"Facility":1,"Mile_Count":0,"Urban_Area":"0","Urban_Type":5,"F_F_Class":7,"Jurisdictn":"0","NHS":0,"Fd_Aid_Rd":0,"Control":0,"Num_Lanes":0,"Opp_Lanes":0,"Surface_Tp":0,"Surface_Wd":0,"Shldr_Lt_W":0,"Shldr_Lt_T":0,"Shldr_Rt_W":0,"Shldr_Rt_T":0,"Shldr_UL_W":0,"Shldr_UL_T":0,"Med_Width":0,"Med_Type":0,"Curb":null,"Lt_Sidewlk":0,"Rt_Sidewlk":0,"Pd_Sf_Type":null,"Pd_Fc_Type":null,"Cr_Slope":null,"Path_Width":null,"Operation":2,"Speed_Lim":null,"Op_Dir_SL":null,"Speed_Reg":null,"T_Exc_Type":null,"T_Exc_Time":null,"Trk_Permit":null,"Trk_Netwrk":null,"Truck_Rte":null,"ROW_Width":null,"Toll_Road":null,"MHS":null,"City":272,"Mun_Type":2,"County":11,"Hwy_Dist":2,"RPA":"FRCOG","RTA":"FRTA","MPO":5,"St_Name":"","City_Maint":272,"Length":1.0166489000000001,"created_user":"RH","created_date":1785555425000,"last_edited_user":"RH","last_edited_date":1785555425000,"Record_ID":"126263.914496.NW.16.020831","GlobalID":"{1EB72598-8CEC-4B12-B7F5-CB7E4F1E55C9}","Local_Priority":1,"Oneway":null,"SHAPE.STLength()":1636.1410244801361}},{"type":"Feature","id":16483,"geometry":{"type":"LineString","coordinates":[[-72.378878755843331,42.503636129413991],[-72.378874736434327,42.503632855078791],[-72.378820907765245,42.503590497891103],[-72.378770393480423,42.503545866475413],[-72.3787378942326,42.503512349585947],[-72.378706992687086,42.503477705043146],[-72.378677224910447,42.50344304284657],[-72.378648214046166,42.503407250404827],[-72.37862033603264,42.503371461924921],[-72.37859293842682,42.503335657172364],[-72.378564803698339,42.503294795675231],[-72.378537341790164,42.503253929943405],[-72.378506844845646,42.5032147699864],[-72.378427590223623,42.503141663267662],[-72.378335237079142,42.503075404011554],[-72.378239290100197,42.503011427301153],[-72.378198231373347,42.502984170400502],[-72.378156495513949,42.502957476826467],[-72.378114878914587,42.50293078232891],[-72.378098220778213,42.502901647854259],[-72.37808156894053,42.502872527733857],[-72.378064152144077,42.502843956315651],[-72.378046897780493,42.502819887831244],[-72.378029084458333,42.502796395288961],[-72.378014475720036,42.502771749364918],[-72.378002952008814,42.502736394343678],[-72.37799722283863,42.502699857212036],[-72.377992988378722,42.502662750512073],[-72.37799023537373,42.502627882363818],[-72.377988797611351,42.502593013200084],[-72.377985259910744,42.502558150127768],[-72.377981361164686,42.502530043815554],[-72.377976018340789,42.502501947601964],[-72.377965870499523,42.502475580540427],[-72.37794217476231,42.502446504145809],[-72.377910824523383,42.502420294064052],[-72.377879372933947,42.502393531064492],[-72.377854400332453,42.502368958647253],[-72.377829264868055,42.502344397368198],[-72.377801848696691,42.502321539703843],[-72.377768855965101,42.502300398146559],[-72.377733506851797,42.50228041789736],[-72.377699568389374,42.502259859710435],[-72.377670204696244,42.50223982486326],[-72.377642145346911,42.502218654709147],[-72.377617494036926,42.502195214165738],[-72.377595875807174,42.502165550195024],[-72.377578907034689,42.502134169071645],[-72.377561076429103,42.502102231822747],[-72.377532425027383,42.502059125066829],[-72.377501981545478,42.502016022943316],[-72.377468242215102,42.501975204740546],[-72.377440142100269,42.501943912833816],[-72.377410157316646,42.501913755232835],[-72.37737622632379,42.501886448284779],[-72.377345652768213,42.501868109716483],[-72.377312723018477,42.501851470823965],[-72.377278677083652,42.501836546475779],[-72.377206538938808,42.50180952575819],[-72.377129913781488,42.501788725065111],[-72.377051813999842,42.501776938488902],[-72.376990100264095,42.501775725392925],[-72.376927344018853,42.501780129931532],[-72.376864763729202,42.501785114687721],[-72.376779405373384,42.501792516207843],[-72.376694270021375,42.501801608522534],[-72.376608929696516,42.501808997174798],[-72.376523615160238,42.501812462083464],[-72.376438098428949,42.501814246715874],[-72.376352986650531,42.501818820920036],[-72.37627800421987,42.501826144081825],[-72.376203329723438,42.50183628097551],[-72.376130831320097,42.501851462736745],[-72.376082770895778,42.501867583183106],[-72.376035782452448,42.501886516085101],[-72.375986929719403,42.501899817388114],[-72.375948601067435,42.501905737306267],[-72.375909286895848,42.501908852180229],[-72.375871977513597,42.501905194196148],[-72.375852514771225,42.50189971434294],[-72.375833761252437,42.501891421078838],[-72.375816718940769,42.501882553025879],[-72.375794201581357,42.50186246478485],[-72.375786253280836,42.50185126429075],[-72.375776940494575,42.501837829728785],[-72.375760166789235,42.501813770756797],[-72.37573559298697,42.501782438144012],[-72.375711679973875,42.50175111310984],[-72.375689258708988,42.50171865317003],[-72.375661032907658,42.501671039448681],[-72.37563574411277,42.501622278040642],[-72.375608550679374,42.501574089277725],[-72.375579261513323,42.501531554072535],[-72.375548253150257,42.501489013912611],[-72.375518656925593,42.501445913838424],[-72.375482025740951,42.501381487892026],[-72.375448338059257,42.501316468790776],[-72.375411707033919,42.501252043719987],[-72.375374194057699,42.501199991782819],[-72.37533442278621,42.501148538573155],[-72.375299187967713,42.501095903025245],[-72.375274724783424,42.501046015298321],[-72.375253771520462,42.500994971944166],[-72.375231200733012,42.500944499050654],[-72.375203996797396,42.500894632118495],[-72.375175268959396,42.500845330431382],[-72.375148164679615,42.50079544922432],[-72.375126188834301,42.500746105262799],[-72.375105912022036,42.500696185713245],[-72.375083655099914,42.500646834873798],[-72.375059123205418,42.500598635672127],[-72.37503299081709,42.50055100589757],[-72.375003062660994,42.500504529399585],[-72.374966121609532,42.500458658909309],[-72.374925300413707,42.500414523918309],[-72.37488504477399,42.500370371115636],[-72.374868110707723,42.5003485585625],[-72.374851267330897,42.500326178132795],[-72.374830749590004,42.50030607452473],[-72.374808285206242,42.500291061549603],[-72.374783020516972,42.500277747071955],[-72.374755893151075,42.500268383714243],[-72.374728259595102,42.500262965682502],[-72.374699135162302,42.50026093686408],[-72.374670934605533,42.500262275332709],[-72.374644320535552,42.500269230399162],[-72.374618793843482,42.500280114197786],[-72.37459493695431,42.500293233356821],[-72.374572223569118,42.500307483607656],[-72.374551446154982,42.50032394919527],[-72.374530570390704,42.500340429929928],[-72.374492807209123,42.500372789441343],[-72.374451398820938,42.500401807691006],[-72.374388403896731,42.500432104246023],[-72.374319163866915,42.500456257710439],[-72.374249054266741,42.500479297761494],[-72.374179978236498,42.500501771747928],[-72.374110132210305,42.500523118060734],[-72.374039296909885,42.500542789181395],[-72.373972505442467,42.500558484505355],[-72.373905037783459,42.500573059548628],[-72.37383764388602,42.500587076710502],[-72.373733049769839,42.500611497837099],[-72.373628626201608,42.500634797608861],[-72.373523206708342,42.500655854996552],[-72.373429510334716,42.500670628527828],[-72.373335197771965,42.500683166718318],[-72.373240480930434,42.500694011739142],[-72.373169298170637,42.500700736916606],[-72.373097997391653,42.500707462944021],[-72.373026492060688,42.500712507825931],[-72.37295972855857,42.500715829599343],[-72.372892945177512,42.500718594202247],[-72.372826054004705,42.500720778892692],[-72.372711626568602,42.500721645318137],[-72.372596969793676,42.50072026803165],[-72.37248265365757,42.500716071931564],[-72.372398654929981,42.500710508288961],[-72.372314814289354,42.500703265239956],[-72.372230789694498,42.500697147989911],[-72.372106401921499,42.500693027730492],[-72.371981785779738,42.50069227886668],[-72.371857313820755,42.500689284343551],[-72.371755181398811,42.500684995365411],[-72.371653113754007,42.50067958133927],[-72.371551139267751,42.500673599333005],[-72.371463331539161,42.500669197281269],[-72.371375543225398,42.500664790514541],[-72.371288191154562,42.500658140451002],[-72.371166988082834,42.500643305910678],[-72.371046404575111,42.500624520571073],[-72.370925808221941,42.500606297886875],[-72.37075347484452,42.500585091625595],[-72.370580756527289,42.500564459701771],[-72.37040888718839,42.500542124954428],[-72.370261331839117,42.500518476511736],[-72.370114502030319,42.50049370243778],[-72.369967596468129,42.500468366965613],[-72.369811725885043,42.500442531773793],[-72.369655868811364,42.500416696270115],[-72.369500198118573,42.500390868153453],[-72.369429035000081,42.500379590390089],[-72.369358163312057,42.500367739598367],[-72.369287364316506,42.500355334534042],[-72.369242389754433,42.500347233450235],[-72.369197599292406,42.500338010994625],[-72.369153448103404,42.500328207512929],[-72.369109544235826,42.500315600433957],[-72.369066310877528,42.500301853011848],[-72.369023617303654,42.500287544221891],[-72.368977781479529,42.500271581857483],[-72.368932589731386,42.500255033029461],[-72.36889105352698,42.500235087726537],[-72.368854217806543,42.500210054525709],[-72.368820936837409,42.500182168495229],[-72.368791263957391,42.500152564507012],[-72.368759804930292,42.500111725697415],[-72.368734024864239,42.500068028857363],[-72.368707460349441,42.500024350527532],[-72.368672059507148,42.49997228592283],[-72.368635612946321,42.499920790971167],[-72.368596238456135,42.499871010625114],[-72.368565057025251,42.499836355591434],[-72.368532457684367,42.499802279319177],[-72.368494789368683,42.499760123278186],[-72.368478854777976,42.499740657439794]]},"properties":{"OBJECTID":16483,"route_id":"L020832 EB","from_measure":0,"to_measure":0.70656779999999997,"Route_System":"L","Route_Number":"020832","Route_Direction":"EB","Rd_Seg_ID":null,"Facility":1,"Mile_Count":0,"Urban_Area":"0","Urban_Type":5,"F_F_Class":7,"Jurisdictn":"0","NHS":0,"Fd_Aid_Rd":0,"Control":0,"Num_Lanes":0,"Opp_Lanes":0,"Surface_Tp":0,"Surface_Wd":0,"Shldr_Lt_W":0,"Shldr_Lt_T":0,"Shldr_Rt_W":0,"Shldr_Rt_T":0,"Shldr_UL_W":0,"Shldr_UL_T":0,"Med_Width":0,"Med_Type":0,"Curb":null,"Lt_Sidewlk":0,"Rt_Sidewlk":0,"Pd_Sf_Type":null,"Pd_Fc_Type":null,"Cr_Slope":null,"Path_Width":null,"Operation":2,"Speed_Lim":null,"Op_Dir_SL":null,"Speed_Reg":null,"T_Exc_Type":null,"T_Exc_Time":null,"Trk_Permit":null,"Trk_Netwrk":null,"Truck_Rte":null,"ROW_Width":null,"Toll_Road":null,"MHS":null,"City":272,"Mun_Type":2,"County":11,"Hwy_Dist":2,"RPA":"FRCOG","RTA":"FRTA","MPO":5,"St_Name":"","City_Maint":272,"Length":0.70656779999999997,"created_user":"RH","created_date":1785555425000,"last_edited_user":"RH","last_edited_date":1785555425000,"Record_ID":"128209.917048.SE.11.020832","GlobalID":"{DC3539C2-094B-477A-B02C-643C0E4275D0}","Local_Priority":1,"Oneway":null,"SHAPE.STLength()":1137.1128504969022}},{"type":"Feature","id":16484,"geometry":{"type":"LineString","coordinates":[[-72.393598002309062,42.486733596400967],[-72.393436330790507,42.486852453437294],[-72.393274553987709,42.48697130565273],[-72.393115657539553,42.487091827873662],[-72.393093657369207,42.487108316311627],[-72.393071456489736,42.487124805400356],[-72.393051564202736,42.487142402869466],[-72.393028020531119,42.487171284180839],[-72.393008970505676,42.487201817827369],[-72.392991270618865,42.487233465482809],[-72.392965448879437,42.487289371630162],[-72.392943836162075,42.487346932318836],[-72.392916198340657,42.487401728050209],[-72.392888510206376,42.487439639939673],[-72.392857671837618,42.487476455355825],[-72.392826548823521,42.487513272968457],[-72.39279204722969,42.487553491070393],[-72.392757359500905,42.487593710603242],[-72.392725244822046,42.487634472879861],[-72.392696315809204,42.48767858389288],[-72.39267004871823,42.487723242367473],[-72.392646562026243,42.48776899837118],[-72.392625388365857,42.487817553491162],[-72.392607082825393,42.487867215367103],[-72.392590582162299,42.487916858758311],[-72.392571037570164,42.48799297022591],[-72.392555500768083,42.488070180523813],[-72.392535382009456,42.488146297328882],[-72.392514860570088,42.488200475143877],[-72.392491958165124,42.4882541096067],[-72.39247020333076,42.488308296963702],[-72.392448834090246,42.488356290869298],[-72.392428326611267,42.488404840783879],[-72.392421112574425,42.488452725064803],[-72.392427500496524,42.488480807258583],[-72.392438255011882,42.48850886103881],[-72.392446908268568,42.488536363901531],[-72.392451401791632,42.488592035139014],[-72.392448203434668,42.488647765942332],[-72.392443759578626,42.488703506389889],[-72.392441027072323,42.488738412356689],[-72.392437614069578,42.488772766307385],[-72.39243695957714,42.488807094394403],[-72.392437418617362,42.48881271861184],[-72.392437979203422,42.488818900228559],[-72.392438447414122,42.488825087062132],[-72.392433655786135,42.488889270507435],[-72.39241802011567,42.488952975238583],[-72.392398952565131,42.489016144754657],[-72.392387539630818,42.489055621232289],[-72.392374887275324,42.48909510820593],[-72.392358134626789,42.489133501552942],[-72.392315238936334,42.489198542716686],[-72.392259557520276,42.489259741344483],[-72.392195332747349,42.489314819227658],[-72.392141959534399,42.489350684408144],[-72.392083772289283,42.489382641716119],[-72.392025592986585,42.489415165220755],[-72.391972335329868,42.489445963441696],[-72.39191887627716,42.489476200509039],[-72.391866585562695,42.489508115670041],[-72.391817732846846,42.489541692262918],[-72.391769956014116,42.489576946769589],[-72.391719566898402,42.489609409834159],[-72.391686357797369,42.489626551001244],[-72.391652093428362,42.489643134034992],[-72.391618209749836,42.489659714113024],[-72.391498056560764,42.489745043994382],[-72.391383099517981,42.489834836851976],[-72.391248696123512,42.489887084456406],[-72.391208040517455,42.489888523333697],[-72.391166212250582,42.489887722317405],[-72.391125277519237,42.489889725110544],[-72.391082993634654,42.489896805204282],[-72.391041509627428,42.489906690731999],[-72.391003887749122,42.489921049681179],[-72.390975260840122,42.489939838771662],[-72.390949532654631,42.489961983367195],[-72.390922935873576,42.489983005696509],[-72.390871244072613,42.49001717011334],[-72.390816466728978,42.490048537719908],[-72.390757624130302,42.490074317054628],[-72.390711079674716,42.490089303056003],[-72.390662387630513,42.490100373129756],[-72.390612795896402,42.490108634000293],[-72.390571318007559,42.490112328853414],[-72.390529513399329,42.4901132145825],[-72.390487421097333,42.4901135398325],[-72.390443019514848,42.490112195749546],[-72.390398602074853,42.490109727298588],[-72.390354200420859,42.490108377780182],[-72.390330178034745,42.490109693243305],[-72.390306148273467,42.490111003356617],[-72.390282297266694,42.490111187610587],[-72.390249560762484,42.490108061676835],[-72.390216993930679,42.490103251764445],[-72.390184413037488,42.490097875663452],[-72.390089834529562,42.490002386722367],[-72.389073349043443,42.489409846165877],[-72.388529565267476,42.48885641641774],[-72.388505730679753,42.48875644370959],[-72.388452889756252,42.488627996685416],[-72.388420865725948,42.488459437480813],[-72.388384333216379,42.488328610343778],[-72.388371910271118,42.488256119488177],[-72.388338672329667,42.488183227297199],[-72.388291469760716,42.488117757668228],[-72.388133603325272,42.488028946286299],[-72.387969405927251,42.487982944983507],[-72.387806946764556,42.487932426760267],[-72.387715457331723,42.487907249747494],[-72.387637261363011,42.487881406683982],[-72.387549024897581,42.487844385356176],[-72.38748395858957,42.487785800720744],[-72.387432217081468,42.487755255892523],[-72.387308695390985,42.487743263423859],[-72.387109876658371,42.487756046014809],[-72.387011194651862,42.487760184436219],[-72.386863428827951,42.487754005865611],[-72.386776737031227,42.48772541236719],[-72.38662672678737,42.487701808369266],[-72.386367459781994,42.487734188789972],[-72.386214962384955,42.487804011216227],[-72.386098227182458,42.48786905516846],[-72.386051535317975,42.487934684954865],[-72.386034096271601,42.488005718483151],[-72.386030276139351,42.488065390861429],[-72.385988382952021,42.488168122855193],[-72.385857336735441,42.488317676895477],[-72.385734555732114,42.488358008714826],[-72.385240249813108,42.488402882952698],[-72.385134105572433,42.488417203639635],[-72.384991839613917,42.488471190598965],[-72.384935588893484,42.48850594554677],[-72.384859152302354,42.488544233380892],[-72.384733576496103,42.48863016050349],[-72.384366765591153,42.488685870323835],[-72.384193527543047,42.488754157522671],[-72.384038686462063,42.48883355976696],[-72.38391205811736,42.488871108403657],[-72.383878473505149,42.488882055236708],[-72.383839212405704,42.488881231877436],[-72.38370492896604,42.488792795397835],[-72.383630219907985,42.488757916300614],[-72.383549184393857,42.488678636119083],[-72.383441918245964,42.488537664139479],[-72.383327135058721,42.488471018908875],[-72.383255056817305,42.488406863301933],[-72.382973707804481,42.488321801986558],[-72.38288424306657,42.488074342619385],[-72.38287673491989,42.487972552955853],[-72.382824808227682,42.487867729254042],[-72.382784572427965,42.487756624617653],[-72.382729862621616,42.487642820102387],[-72.382610572502628,42.487437226866206],[-72.382503040203872,42.48725011482464],[-72.382351205679655,42.486966556168916],[-72.382224448908943,42.486770588962145],[-72.382100611910033,42.486558839530133],[-72.381977490139178,42.486357216449917],[-72.381917131111919,42.486152295891799]]},"properties":{"OBJECTID":16484,"route_id":"L020833 EB","from_measure":0,"to_measure":0.98578809999999994,"Route_System":"L","Route_Number":"020833","Route_Direction":"EB","Rd_Seg_ID":null,"Facility":1,"Mile_Count":0,"Urban_Area":"0","Urban_Type":5,"F_F_Class":7,"Jurisdictn":"0","NHS":0,"Fd_Aid_Rd":0,"Control":0,"Num_Lanes":0,"Opp_Lanes":0,"Surface_Tp":0,"Surface_Wd":0,"Shldr_Lt_W":0,"Shldr_Lt_T":0,"Shldr_Rt_W":0,"Shldr_Rt_T":0,"Shldr_UL_W":0,"Shldr_UL_T":0,"Med_Width":0,"Med_Type":0,"Curb":null,"Lt_Sidewlk":0,"Rt_Sidewlk":0,"Pd_Sf_Type":null,"Pd_Fc_Type":null,"Cr_Slope":null,"Path_Width":null,"Operation":2,"Speed_Lim":null,"Op_Dir_SL":null,"Speed_Reg":null,"T_Exc_Type":null,"T_Exc_Time":null,"Trk_Permit":null,"Trk_Netwrk":null,"Truck_Rte":null,"ROW_Width":null,"Toll_Road":null,"MHS":null,"City":272,"Mun_Type":2,"County":11,"Hwy_Dist":2,"RPA":"FRCOG","RTA":"FRTA","MPO":5,"St_Name":"","City_Maint":272,"Length":0.98578809999999994,"created_user":"RH","created_date":1785555425000,"last_edited_user":"RH","last_edited_date":1785555425000,"Record_ID":"127007.915647.SE.15.020833","GlobalID":"{C9EAC90D-E28B-4E7F-BE0F-0B4FA6E4B027}","Local_Priority":1,"Oneway":null,"SHAPE.STLength()":1586.4753545992096}},{"type":"Feature","id":16485,"geometry":{"type":"LineString","coordinates":[[-72.41078254758115,42.459020459680616],[-72.410514713279753,42.459082220756997],[-72.410248945951196,42.459129338461587],[-72.410076992670668,42.459121132285027],[-72.409749921587363,42.45910626887423],[-72.409496675815419,42.459106018855302],[-72.409189307321597,42.459114074086919],[-72.408910828862744,42.459155660297469],[-72.408192060523035,42.459256425579859],[-72.407478661558258,42.459340258778475],[-72.406631402232918,42.459423458541266],[-72.406014973480481,42.459507086555249],[-72.405458864133934,42.459570540188132],[-72.405003058092404,42.45964727132516],[-72.404737244000827,42.459691564962114],[-72.404459076812131,42.459801783670109],[-72.403781769840208,42.460138528254262],[-72.402799633913133,42.460622265608094],[-72.401957583113628,42.461044691387812],[-72.401396560859553,42.461311298166564],[-72.400793204847318,42.461606927789106],[-72.40020475537257,42.46189625168828],[-72.399502378242133,42.462250042736777],[-72.398871832010428,42.46256557130183],[-72.398385928567038,42.462785435331945],[-72.397892830825882,42.463040800202975],[-72.397442616185415,42.463272763898814],[-72.39715309959206,42.463421879654149],[-72.397134492111491,42.463429339554864],[-72.396764341075922,42.463606656828013],[-72.396567743743105,42.463683590420771],[-72.396344486552991,42.463789425662192],[-72.396191912571823,42.463862637200144],[-72.395982568722559,42.463964984636355],[-72.395697350467714,42.46410281210408],[-72.395473675999867,42.464219900887329],[-72.395284147971182,42.464313094435362],[-72.395199474773378,42.464377899230207],[-72.395133730962158,42.464558469402292],[-72.395067987060514,42.464812754732307],[-72.394998115035563,42.465097459181742],[-72.39490226413966,42.465345787775647],[-72.39482953380363,42.465456073842496],[-72.394678959637645,42.465629991209148],[-72.394540593663379,42.465767799562457],[-72.394402133332946,42.465831334203763],[-72.394288147759767,42.465865979658581],[-72.394086822959878,42.465911434917594],[-72.393334531076604,42.466066943198676],[-72.39261814012805,42.466201351517249],[-72.392006741295106,42.466324254025821],[-72.391503283770803,42.466441813774267],[-72.391035034765054,42.466536594974642],[-72.390656376355579,42.466611547472837],[-72.390235299350138,42.466676694494154],[-72.389909262760682,42.466730983720076],[-72.38940079424674,42.466803555905578],[-72.388866575870153,42.466855507683135],[-72.38848403081181,42.466889872967698]]},"properties":{"OBJECTID":16485,"route_id":"L020834 EB","from_measure":0,"to_measure":1.3217266000000001,"Route_System":"L","Route_Number":"020834","Route_Direction":"EB","Rd_Seg_ID":null,"Facility":1,"Mile_Count":0,"Urban_Area":"0","Urban_Type":5,"F_F_Class":7,"Jurisdictn":"0","NHS":0,"Fd_Aid_Rd":0,"Control":0,"Num_Lanes":0,"Opp_Lanes":0,"Surface_Tp":0,"Surface_Wd":0,"Shldr_Lt_W":0,"Shldr_Lt_T":0,"Shldr_Rt_W":0,"Shldr_Rt_T":0,"Shldr_UL_W":0,"Shldr_UL_T":0,"Med_Width":0,"Med_Type":0,"Curb":null,"Lt_Sidewlk":0,"Rt_Sidewlk":0,"Pd_Sf_Type":null,"Pd_Fc_Type":null,"Cr_Slope":null,"Path_Width":null,"Operation":2,"Speed_Lim":null,"Op_Dir_SL":null,"Speed_Reg":null,"T_Exc_Type":null,"T_Exc_Time":null,"Trk_Permit":null,"Trk_Netwrk":null,"Truck_Rte":null,"ROW_Width":null,"Toll_Road":null,"MHS":null,"City":272,"Mun_Type":2,"County":11,"Hwy_Dist":2,"RPA":"FRCOG","RTA":"FRTA","MPO":5,"St_Name":"NET TRAIL","City_Maint":272,"Length":1.3217266000000001,"created_user":"RH","created_date":1785555425000,"last_edited_user":"RH","last_edited_date":1785555425000,"Record_ID":"126050.912822.NE.21.020834","GlobalID":"{97799A33-FE3E-401D-9A1E-17E6916BA80E}","Local_Priority":1,"Oneway":null,"SHAPE.STLength()":2127.7291587511522}},{"type":"Feature","id":16486,"geometry":{"type":"LineString","coordinates":[[-72.38848403081181,42.466889872967698],[-72.388345766129163,42.466942243067884],[-72.388160862342119,42.467041575919112],[-72.38792835323575,42.467159846868043],[-72.387762805466195,42.467237084065445],[-72.387499498236863,42.467368530628541],[-72.387222612048689,42.467493332476046],[-72.386820670855457,42.467642725743019],[-72.386596484362798,42.467718724541655],[-72.38634551336655,42.467808436230747],[-72.386206624304748,42.467883216185172],[-72.386084978623586,42.468015823093452],[-72.38587170996648,42.46819246065148],[-72.385663996700401,42.468399998522038],[-72.385416686128096,42.468642730690213],[-72.385214285150212,42.46881590911093],[-72.384948676808321,42.469027831089555],[-72.384746870634075,42.469209444426667],[-72.384477967174817,42.469430393610871],[-72.384163035165102,42.469702341046343],[-72.383918306952125,42.469927040354172],[-72.383580682571846,42.470105189310942],[-72.383156355836164,42.470347585810075],[-72.382722956001103,42.470573171348832],[-72.382468392683748,42.470754054863541],[-72.382060866716415,42.471043585315492],[-72.381990411029932,42.471093640448508],[-72.381986266227344,42.471096488325216],[-72.381441126118034,42.471526052314687],[-72.380732358044312,42.472084033165345],[-72.380016242896488,42.472633625267669],[-72.379350301566163,42.473123749313025],[-72.379269010570866,42.473187954434067],[-72.378859259557316,42.473517436511045],[-72.378451739535592,42.473809765324688],[-72.37795898038766,42.474183773834966],[-72.377650522734314,42.474412322805399],[-72.377330663297769,42.474675848011934],[-72.377176969586628,42.474870020281344],[-72.376894232895793,42.475151828490873],[-72.376472497383119,42.47560574879035],[-72.376175629908985,42.475897227421292],[-72.375857045825384,42.476205189177954],[-72.375512887053191,42.476553860565531],[-72.375436401290685,42.476629278305019],[-72.375227005718187,42.476836251029859],[-72.375160647970645,42.476902026850375],[-72.37481576932521,42.477260824479039],[-72.374800859240366,42.477275005774679],[-72.374471753407235,42.477606675350572],[-72.374397312869576,42.477686017452264],[-72.374067219057153,42.47802894615274],[-72.37377559073613,42.47832263195361],[-72.373504471999354,42.478581273074418],[-72.373289245441796,42.478800663601113],[-72.373025083064036,42.47905418932401],[-72.372789044395219,42.479293990589483],[-72.372558084350274,42.479488741509648],[-72.372335619755987,42.479700311846621],[-72.372174845448967,42.479899591168703],[-72.372025022632513,42.480094293074984],[-72.371921575678655,42.480309456072433],[-72.371860205379193,42.480461845940866],[-72.371795028173537,42.480579379777822],[-72.371658978774931,42.480670438041606],[-72.371211229146908,42.480856135704258],[-72.370504430887621,42.481081489811537],[-72.37012427569158,42.481249225626101],[-72.369712137317734,42.481391886065275],[-72.369512072686206,42.481478921591673],[-72.369379551087022,42.481550258249406],[-72.369243977212761,42.481697015988821],[-72.368973103737787,42.482051862628786],[-72.368636709426127,42.482472478641021],[-72.368534212457575,42.482597169207487]]},"properties":{"OBJECTID":16486,"route_id":"L020834 EB","from_measure":1.3217266000000001,"to_measure":2.8339465000000001,"Route_System":"L","Route_Number":"020834","Route_Direction":"EB","Rd_Seg_ID":null,"Facility":1,"Mile_Count":0,"Urban_Area":"0","Urban_Type":5,"F_F_Class":7,"Jurisdictn":"0","NHS":0,"Fd_Aid_Rd":0,"Control":0,"Num_Lanes":0,"Opp_Lanes":0,"Surface_Tp":0,"Surface_Wd":0,"Shldr_Lt_W":0,"Shldr_Lt_T":0,"Shldr_Rt_W":0,"Shldr_Rt_T":0,"Shldr_UL_W":0,"Shldr_UL_T":0,"Med_Width":0,"Med_Type":0,"Curb":null,"Lt_Sidewlk":0,"Rt_Sidewlk":0,"Pd_Sf_Type":null,"Pd_Fc_Type":null,"Cr_Slope":null,"Path_Width":null,"Operation":2,"Speed_Lim":null,"Op_Dir_SL":null,"Speed_Reg":null,"T_Exc_Type":null,"T_Exc_Time":null,"Trk_Permit":null,"Trk_Netwrk":null,"Truck_Rte":null,"ROW_Width":null,"Toll_Road":null,"MHS":null,"City":272,"Mun_Type":2,"County":11,"Hwy_Dist":2,"RPA":"FRCOG","RTA":"FRTA","MPO":5,"St_Name":"NET TRAIL","City_Maint":272,"Length":1.5122199000000001,"created_user":"RH","created_date":1785555425000,"last_edited_user":"RH","last_edited_date":1785555425000,"Record_ID":"127815.914118.NE.24.020834","GlobalID":"{9DC26569-9B69-4332-A39E-7625FE3D596C}","Local_Priority":1,"Oneway":null,"SHAPE.STLength()":2434.3876190337646}},{"type":"Feature","id":16488,"geometry":{"type":"LineString","coordinates":[[-72.446124778716012,42.449797722833125],[-72.446009021730788,42.44981161754442],[-72.445881792794879,42.449814349724093],[-72.44575275125861,42.449810343388044],[-72.445632986896527,42.449765747479567],[-72.445553533276225,42.449724198480702],[-72.445431655203819,42.449665555903962],[-72.445313256359881,42.449597876094074],[-72.445226804656116,42.449555122970935]]},"properties":{"OBJECTID":16488,"route_id":"L020835 EB","from_measure":0,"to_measure":0.051314100000000001,"Route_System":"L","Route_Number":"020835","Route_Direction":"EB","Rd_Seg_ID":null,"Facility":1,"Mile_Count":0,"Urban_Area":"0","Urban_Type":5,"F_F_Class":7,"Jurisdictn":"0","NHS":0,"Fd_Aid_Rd":0,"Control":0,"Num_Lanes":0,"Opp_Lanes":0,"Surface_Tp":0,"Surface_Wd":0,"Shldr_Lt_W":0,"Shldr_Lt_T":0,"Shldr_Rt_W":0,"Shldr_Rt_T":0,"Shldr_UL_W":0,"Shldr_UL_T":0,"Med_Width":0,"Med_Type":0,"Curb":null,"Lt_Sidewlk":0,"Rt_Sidewlk":0,"Pd_Sf_Type":null,"Pd_Fc_Type":null,"Cr_Slope":null,"Path_Width":null,"Operation":2,"Speed_Lim":null,"Op_Dir_SL":null,"Speed_Reg":null,"T_Exc_Type":null,"T_Exc_Time":null,"Trk_Permit":null,"Trk_Netwrk":null,"Truck_Rte":null,"ROW_Width":null,"Toll_Road":null,"MHS":null,"City":272,"Mun_Type":2,"County":11,"Hwy_Dist":2,"RPA":"FRCOG","RTA":"FRTA","MPO":5,"St_Name":"","City_Maint":272,"Length":0.051314100000000001,"created_user":"RH","created_date":1785555425000,"last_edited_user":"RH","last_edited_date":1785555425000,"Record_ID":"122213.911455.SE.82.020835","GlobalID":"{A5541A97-B8C1-4586-81C3-694246ED83C1}","Local_Priority":1,"Oneway":null,"SHAPE.STLength()":82.58221065321726}},{"type":"Feature","id":16489,"geometry":{"type":"LineString","coordinates":[[-72.445226804656116,42.449555122970935],[-72.445213645909149,42.449548615455804],[-72.445122999826708,42.449501530153391],[-72.44502095889483,42.449435407496289],[-72.444947604041275,42.449388742869267],[-72.444878914536105,42.449349354976349],[-72.444797766980386,42.449296000927994],[-72.44474566717507,42.449235092587884]]},"properties":{"OBJECTID":16489,"route_id":"L020835 EB","from_measure":0.051314100000000001,"to_measure":0.084620000000000001,"Route_System":"L","Route_Number":"020835","Route_Direction":"EB","Rd_Seg_ID":null,"Facility":1,"Mile_Count":0,"Urban_Area":"0","Urban_Type":5,"F_F_Class":7,"Jurisdictn":"0","NHS":0,"Fd_Aid_Rd":0,"Control":0,"Num_Lanes":0,"Opp_Lanes":0,"Surface_Tp":0,"Surface_Wd":0,"Shldr_Lt_W":0,"Shldr_Lt_T":0,"Shldr_Rt_W":0,"Shldr_Rt_T":0,"Shldr_UL_W":0,"Shldr_UL_T":0,"Med_Width":0,"Med_Type":0,"Curb":null,"Lt_Sidewlk":0,"Rt_Sidewlk":0,"Pd_Sf_Type":null,"Pd_Fc_Type":null,"Cr_Slope":null,"Path_Width":null,"Operation":2,"Speed_Lim":null,"Op_Dir_SL":null,"Speed_Reg":null,"T_Exc_Type":null,"T_Exc_Time":null,"Trk_Permit":null,"Trk_Netwrk":null,"Truck_Rte":null,"ROW_Width":null,"Toll_Road":null,"MHS":null,"City":272,"Mun_Type":2,"County":11,"Hwy_Dist":2,"RPA":"FRCOG","RTA":"FRTA","MPO":5,"St_Name":"","City_Maint":272,"Length":0.033305899999999999,"created_user":"RH","created_date":1785555425000,"last_edited_user":"RH","last_edited_date":1785555425000,"Record_ID":"122265.911416.SE.53.020835","GlobalID":"{2E7FC54E-E91C-464D-B231-7D48C9AA0614}","Local_Priority":1,"Oneway":null,"SHAPE.STLength()":53.600753742588878}},{"type":"Feature","id":16490,"geometry":{"type":"LineString","coordinates":[[-72.445730714692971,42.449118410147321],[-72.44581949575408,42.449256665357701],[-72.445978476204985,42.449465244598493],[-72.446049030288648,42.449635727550927],[-72.446082936323492,42.449737293522965],[-72.446124778716012,42.449797722833125],[-72.446250674601046,42.449953682691735],[-72.446363403525339,42.450079922283173],[-72.446454278508369,42.450154579571411],[-72.446543044809928,42.450228124223848],[-72.446643816460579,42.450272876205212],[-72.446716100824275,42.450324047431764],[-72.446773414681118,42.450383787531564],[-72.446816170234626,42.450422824811206],[-72.446823635629983,42.450426700514001]]},"properties":{"OBJECTID":16490,"route_id":"L020835 NB","from_measure":0,"to_measure":0.1081585,"Route_System":"L","Route_Number":"020835","Route_Direction":"NB","Rd_Seg_ID":null,"Facility":1,"Mile_Count":0,"Urban_Area":"0","Urban_Type":5,"F_F_Class":7,"Jurisdictn":null,"NHS":0,"Fd_Aid_Rd":0,"Control":0,"Num_Lanes":2,"Opp_Lanes":0,"Surface_Tp":null,"Surface_Wd":null,"Shldr_Lt_W":null,"Shldr_Lt_T":null,"Shldr_Rt_W":null,"Shldr_Rt_T":null,"Shldr_UL_W":null,"Shldr_UL_T":null,"Med_Width":0,"Med_Type":0,"Curb":null,"Lt_Sidewlk":null,"Rt_Sidewlk":null,"Pd_Sf_Type":null,"Pd_Fc_Type":null,"Cr_Slope":null,"Path_Width":null,"Operation":2,"Speed_Lim":null,"Op_Dir_SL":null,"Speed_Reg":null,"T_Exc_Type":null,"T_Exc_Time":null,"Trk_Permit":null,"Trk_Netwrk":null,"Truck_Rte":null,"ROW_Width":null,"Toll_Road":null,"MHS":null,"City":272,"Mun_Type":2,"County":11,"Hwy_Dist":2,"RPA":"FRCOG","RTA":"FRTA","MPO":5,"St_Name":"LEVERETT ROAD","City_Maint":272,"Length":0.1081585,"created_user":"RH","created_date":1785555425000,"last_edited_user":"RH","last_edited_date":1785555425000,"Record_ID":"122169.911464.NW.17.020835","GlobalID":"{48F0F1A2-C26B-436A-A09C-3B7407D81079}","Local_Priority":1,"Oneway":null,"SHAPE.STLength()":174.06465867744234}},{"type":"Feature","id":16491,"geometry":{"type":"LineString","coordinates":[[-72.428968493012945,42.449132165022469],[-72.428922594311814,42.449124095706182],[-72.428326302343734,42.448979229402859],[-72.427824092033617,42.448857231731644]]},"properties":{"OBJECTID":16491,"route_id":"L020837 EB","from_measure":0,"to_measure":0.061506400000000003,"Route_System":"L","Route_Number":"020837","Route_Direction":"EB","Rd_Seg_ID":null,"Facility":1,"Mile_Count":0,"Urban_Area":"0","Urban_Type":5,"F_F_Class":7,"Jurisdictn":"0","NHS":0,"Fd_Aid_Rd":0,"Control":0,"Num_Lanes":0,"Opp_Lanes":0,"Surface_Tp":0,"Surface_Wd":0,"Shldr_Lt_W":0,"Shldr_Lt_T":0,"Shldr_Rt_W":0,"Shldr_Rt_T":0,"Shldr_UL_W":0,"Shldr_UL_T":0,"Med_Width":0,"Med_Type":0,"Curb":null,"Lt_Sidewlk":0,"Rt_Sidewlk":0,"Pd_Sf_Type":null,"Pd_Fc_Type":null,"Cr_Slope":null,"Path_Width":null,"Operation":2,"Speed_Lim":null,"Op_Dir_SL":null,"Speed_Reg":null,"T_Exc_Type":null,"T_Exc_Time":null,"Trk_Permit":null,"Trk_Netwrk":null,"Truck_Rte":null,"ROW_Width":null,"Toll_Road":null,"MHS":null,"City":272,"Mun_Type":2,"County":11,"Hwy_Dist":2,"RPA":"FRCOG","RTA":"FRTA","MPO":5,"St_Name":"","City_Maint":272,"Length":0.061506400000000003,"created_user":"RH","created_date":1785555425000,"last_edited_user":"RH","last_edited_date":1785555425000,"Record_ID":"123628.911356.SE.98.020837","GlobalID":"{DB8928D8-3DEF-49BE-94C8-CFEB757F6848}","Local_Priority":1,"Oneway":null,"SHAPE.STLength()":98.985206802484399}},{"type":"Feature","id":16492,"geometry":{"type":"LineString","coordinates":[[-72.410274879370647,42.453731995258977],[-72.409993563257046,42.453754753380245],[-72.409616221963802,42.453792440083383]]},"properties":{"OBJECTID":16492,"route_id":"L020838 EB","from_measure":0,"to_measure":0.033925700000000003,"Route_System":"L","Route_Number":"020838","Route_Direction":"EB","Rd_Seg_ID":null,"Facility":1,"Mile_Count":0,"Urban_Area":"0","Urban_Type":5,"F_F_Class":7,"Jurisdictn":"0","NHS":0,"Fd_Aid_Rd":0,"Control":0,"Num_Lanes":0,"Opp_Lanes":0,"Surface_Tp":0,"Surface_Wd":0,"Shldr_Lt_W":0,"Shldr_Lt_T":0,"Shldr_Rt_W":0,"Shldr_Rt_T":0,"Shldr_UL_W":0,"Shldr_UL_T":0,"Med_Width":0,"Med_Type":0,"Curb":null,"Lt_Sidewlk":0,"Rt_Sidewlk":0,"Pd_Sf_Type":null,"Pd_Fc_Type":null,"Cr_Slope":null,"Path_Width":null,"Operation":2,"Speed_Lim":null,"Op_Dir_SL":null,"Speed_Reg":null,"T_Exc_Type":null,"T_Exc_Time":null,"Trk_Permit":null,"Trk_Netwrk":null,"Truck_Rte":null,"ROW_Width":null,"Toll_Road":null,"MHS":null,"City":272,"Mun_Type":2,"County":11,"Hwy_Dist":2,"RPA":"FRCOG","RTA":"FRTA","MPO":5,"St_Name":"","City_Maint":272,"Length":0.033925700000000003,"created_user":"RH","created_date":1785555425000,"last_edited_user":"RH","last_edited_date":1785555425000,"Record_ID":"125152.911868.NE.54.020838","GlobalID":"{6D3CB78B-601F-4916-BC8B-2E4780ACFFE6}","Local_Priority":1,"Oneway":null,"SHAPE.STLength()":54.598153626602908}},{"type":"Feature","id":16493,"geometry":{"type":"LineString","coordinates":[[-72.410479916001634,42.450342742044889],[-72.410868720268695,42.450426323504253],[-72.411117054302167,42.450477254253364],[-72.411363580478934,42.45050118676],[-72.411596401710639,42.450522977341222],[-72.411933848072238,42.450544368523552],[-72.412017690439455,42.450576206737452],[-72.412066524838394,42.45061482147203],[-72.412111761490181,42.451316471305645],[-72.4121877061757,42.451877626569953]]},"properties":{"OBJECTID":16493,"route_id":"L020839 EB","from_measure":0,"to_measure":0.17175869999999999,"Route_System":"L","Route_Number":"020839","Route_Direction":"EB","Rd_Seg_ID":null,"Facility":1,"Mile_Count":0,"Urban_Area":"0","Urban_Type":5,"F_F_Class":7,"Jurisdictn":"0","NHS":0,"Fd_Aid_Rd":0,"Control":0,"Num_Lanes":0,"Opp_Lanes":0,"Surface_Tp":0,"Surface_Wd":0,"Shldr_Lt_W":0,"Shldr_Lt_T":0,"Shldr_Rt_W":0,"Shldr_Rt_T":0,"Shldr_UL_W":0,"Shldr_UL_T":0,"Med_Width":0,"Med_Type":0,"Curb":null,"Lt_Sidewlk":0,"Rt_Sidewlk":0,"Pd_Sf_Type":null,"Pd_Fc_Type":null,"Cr_Slope":null,"Path_Width":null,"Operation":2,"Speed_Lim":null,"Op_Dir_SL":null,"Speed_Reg":null,"T_Exc_Type":null,"T_Exc_Time":null,"Trk_Permit":null,"Trk_Netwrk":null,"Truck_Rte":null,"ROW_Width":null,"Toll_Road":null,"MHS":null,"City":272,"Mun_Type":2,"County":11,"Hwy_Dist":2,"RPA":"FRCOG","RTA":"FRTA","MPO":5,"St_Name":"","City_Maint":272,"Length":0.17175869999999999,"created_user":"RH","created_date":1785555425000,"last_edited_user":"RH","last_edited_date":1785555425000,"Record_ID":"124972.911573.NW.27.020839","GlobalID":"{2E349098-557E-4C3D-A270-EC7AEA130153}","Local_Priority":1,"Oneway":null,"SHAPE.STLength()":276.41939351295696}},{"type":"Feature","id":16494,"geometry":{"type":"LineString","coordinates":[[-72.403385400480545,42.448864705011758],[-72.403401082916432,42.449177443296755],[-72.403409579037785,42.449346746545729],[-72.40342622069187,42.449872731838695],[-72.403421390323658,42.450344869617183],[-72.403400330391264,42.450785061116484],[-72.403402712173957,42.451197498513991],[-72.403412909314383,42.451538412511923],[-72.403414245810893,42.45170495565452],[-72.403424474601337,42.451769022458805],[-72.403472779354502,42.451832790584596],[-72.403581602763168,42.451950666067376],[-72.40364442010285,42.452046393781508],[-72.403696382036856,42.452166401546584],[-72.40372483934209,42.452316418261731],[-72.403739087370752,42.452502557027564],[-72.403793613637362,42.45268219370007],[-72.403817284074321,42.452856443746477]]},"properties":{"OBJECTID":16494,"route_id":"L020840 NB","from_measure":0,"to_measure":0.27961629999999998,"Route_System":"L","Route_Number":"020840","Route_Direction":"NB","Rd_Seg_ID":null,"Facility":1,"Mile_Count":0,"Urban_Area":"0","Urban_Type":5,"F_F_Class":7,"Jurisdictn":"0","NHS":0,"Fd_Aid_Rd":0,"Control":0,"Num_Lanes":0,"Opp_Lanes":0,"Surface_Tp":0,"Surface_Wd":0,"Shldr_Lt_W":0,"Shldr_Lt_T":0,"Shldr_Rt_W":0,"Shldr_Rt_T":0,"Shldr_UL_W":0,"Shldr_UL_T":0,"Med_Width":0,"Med_Type":0,"Curb":null,"Lt_Sidewlk":0,"Rt_Sidewlk":0,"Pd_Sf_Type":null,"Pd_Fc_Type":null,"Cr_Slope":null,"Path_Width":null,"Operation":2,"Speed_Lim":null,"Op_Dir_SL":null,"Speed_Reg":null,"T_Exc_Type":null,"T_Exc_Time":null,"Trk_Permit":null,"Trk_Netwrk":null,"Truck_Rte":null,"ROW_Width":null,"Toll_Road":null,"MHS":null,"City":272,"Mun_Type":2,"County":11,"Hwy_Dist":2,"RPA":"FRCOG","RTA":"FRTA","MPO":5,"St_Name":"","City_Maint":272,"Length":0.27961629999999998,"created_user":"RH","created_date":1785555425000,"last_edited_user":"RH","last_edited_date":1785555425000,"Record_ID":"125687.911541.NW.44.020840","GlobalID":"{E3D76238-106B-4170-95E8-836314175D54}","Local_Priority":1,"Oneway":null,"SHAPE.STLength()":449.99966264361655}},{"type":"Feature","id":16495,"geometry":{"type":"LineString","coordinates":[[-72.386340018092284,42.44882384101949],[-72.386353983914589,42.448939083707948],[-72.386333518412528,42.449057970233717],[-72.386282129832594,42.449246869492171],[-72.386255669699906,42.449310657361849],[-72.386180442594906,42.449492983188236],[-72.386059357607451,42.449689733580669],[-72.385814381182797,42.450073120758042],[-72.385639140396592,42.450526313063385],[-72.385510352458567,42.450939754031005],[-72.385415133861301,42.451274726128524],[-72.385274584452716,42.451540271832407],[-72.385183722614016,42.451861141982455],[-72.385166906186541,42.452063843055228],[-72.385179088031819,42.452174033463479],[-72.385241424217156,42.45237950142846],[-72.385334726852662,42.452619053731198],[-72.385492436999741,42.452934076002038],[-72.385586241868452,42.453161804989485],[-72.385638335056115,42.453205297105036],[-72.385691237729191,42.453225707203373],[-72.385731660353713,42.453243401593255],[-72.385776255815955,42.453253752484365],[-72.385878477981294,42.453282223570319]]},"properties":{"OBJECTID":16495,"route_id":"L020841 NB","from_measure":0,"to_measure":0.32973269999999999,"Route_System":"L","Route_Number":"020841","Route_Direction":"NB","Rd_Seg_ID":null,"Facility":1,"Mile_Count":0,"Urban_Area":"0","Urban_Type":5,"F_F_Class":7,"Jurisdictn":"0","NHS":0,"Fd_Aid_Rd":0,"Control":0,"Num_Lanes":0,"Opp_Lanes":0,"Surface_Tp":0,"Surface_Wd":0,"Shldr_Lt_W":0,"Shldr_Lt_T":0,"Shldr_Rt_W":0,"Shldr_Rt_T":0,"Shldr_UL_W":0,"Shldr_UL_T":0,"Med_Width":0,"Med_Type":0,"Curb":null,"Lt_Sidewlk":0,"Rt_Sidewlk":0,"Pd_Sf_Type":null,"Pd_Fc_Type":null,"Cr_Slope":null,"Path_Width":null,"Operation":2,"Speed_Lim":null,"Op_Dir_SL":null,"Speed_Reg":null,"T_Exc_Type":null,"T_Exc_Time":null,"Trk_Permit":null,"Trk_Netwrk":null,"Truck_Rte":null,"ROW_Width":null,"Toll_Road":null,"MHS":null,"City":272,"Mun_Type":2,"County":11,"Hwy_Dist":2,"RPA":"FRCOG","RTA":"FRTA","MPO":5,"St_Name":"","City_Maint":272,"Length":0.32973269999999999,"created_user":"RH","created_date":1785555425000,"last_edited_user":"RH","last_edited_date":1785555425000,"Record_ID":"127160.911542.NE.53.020841","GlobalID":"{BD3D72EB-A395-4D7D-98CF-06F58B830A35}","Local_Priority":1,"Oneway":null,"SHAPE.STLength()":530.65434139302931}},{"type":"Feature","id":16496,"geometry":{"type":"LineString","coordinates":[[-72.383589713136345,42.444767139142797],[-72.383534939682804,42.444768683871438],[-72.383481165548346,42.444766846550593],[-72.383299562568808,42.444670332840523],[-72.383074762508187,42.444560642765808],[-72.382885498573685,42.444472626646103],[-72.382683938871409,42.444361071359921],[-72.382521292992678,42.444275099591493],[-72.382355312544675,42.444195344567134],[-72.382169652014738,42.444099983761383],[-72.381969260829038,42.443929332822613],[-72.381773992124181,42.443771585151637],[-72.381558942184469,42.443611739609324],[-72.381309815063602,42.443398135039871],[-72.381202711455842,42.443304421334602],[-72.381110252049154,42.443245485149546],[-72.381046495146805,42.443243156787965],[-72.380980044478704,42.443251542866165],[-72.380905747046924,42.443297128465709],[-72.38086051272623,42.443355992742433],[-72.380803105526311,42.443516237533011]]},"properties":{"OBJECTID":16496,"route_id":"L020842 NB","from_measure":0,"to_measure":0.1948154,"Route_System":"L","Route_Number":"020842","Route_Direction":"NB","Rd_Seg_ID":null,"Facility":1,"Mile_Count":0,"Urban_Area":"0","Urban_Type":5,"F_F_Class":7,"Jurisdictn":"0","NHS":0,"Fd_Aid_Rd":0,"Control":0,"Num_Lanes":0,"Opp_Lanes":0,"Surface_Tp":0,"Surface_Wd":0,"Shldr_Lt_W":0,"Shldr_Lt_T":0,"Shldr_Rt_W":0,"Shldr_Rt_T":0,"Shldr_UL_W":0,"Shldr_UL_T":0,"Med_Width":0,"Med_Type":0,"Curb":null,"Lt_Sidewlk":0,"Rt_Sidewlk":0,"Pd_Sf_Type":null,"Pd_Fc_Type":null,"Cr_Slope":null,"Path_Width":null,"Operation":2,"Speed_Lim":null,"Op_Dir_SL":null,"Speed_Reg":null,"T_Exc_Type":null,"T_Exc_Time":null,"Trk_Permit":null,"Trk_Netwrk":null,"Truck_Rte":null,"ROW_Width":null,"Toll_Road":null,"MHS":null,"City":272,"Mun_Type":2,"County":11,"Hwy_Dist":2,"RPA":"FRCOG","RTA":"FRTA","MPO":5,"St_Name":"","City_Maint":272,"Length":0.1948154,"created_user":"RH","created_date":1785555425000,"last_edited_user":"RH","last_edited_date":1785555425000,"Record_ID":"127429.910767.SE.31.020842","GlobalID":"{BDB1D05B-838E-4BFF-A8F0-DE71D357CB79}","Local_Priority":1,"Oneway":null,"SHAPE.STLength()":313.52567478463368}},{"type":"Feature","id":16497,"geometry":{"type":"LineString","coordinates":[[-72.380051454194643,42.433338920328687],[-72.380049340896932,42.434530161001121],[-72.380072872620005,42.434876598903998],[-72.380150777196434,42.435111207745862],[-72.380417957125758,42.435539064267282],[-72.380572512673979,42.435925581255738],[-72.380690247457039,42.436340512538251],[-72.38069217677473,42.436478918680606],[-72.380657957107687,42.436700883590284],[-72.380664427285026,42.437165055610606],[-72.38066471742782,42.437185870360906],[-72.380691531938169,42.437767492415873],[-72.380805984207598,42.437946676276887],[-72.381153149379301,42.438239435278248],[-72.381171183667917,42.438252802822227],[-72.381189309786677,42.438265607867251],[-72.381207156878943,42.438278973236855],[-72.381341979754069,42.438406797345941],[-72.381455977959405,42.43854659997686],[-72.381569898230921,42.438686965784235],[-72.381691805419791,42.438821637084843],[-72.381813434285561,42.438956882084021],[-72.381929772439861,42.439093850154357],[-72.381999911221371,42.439186717384715],[-72.382067785406278,42.439280168213656],[-72.382140464285982,42.439371333221033],[-72.382172846543071,42.439405407653766],[-72.382206080247173,42.439438913760938],[-72.382233731170999,42.43947415431311],[-72.38224932922121,42.439503292172688],[-72.382261812290778,42.439533582884636],[-72.382272204957289,42.439563889611435],[-72.382283966161765,42.439617252686347],[-72.382289467684032,42.439671230015918],[-72.382294405853784,42.43972577435455],[-72.382300557710039,42.439778622212657],[-72.382306330320603,42.439831468474104],[-72.382310965423073,42.439884327951958],[-72.382314383084946,42.439972643747765],[-72.382314858930513,42.44006154567608],[-72.382318663660286,42.440150421195753],[-72.382330667343439,42.440254990208985],[-72.3823471236269,42.440358962407636],[-72.382363866792872,42.440462932403477],[-72.382380510353158,42.44056690315788],[-72.382397547089269,42.440671432687921],[-72.382413239116701,42.440775410724392],[-72.382423378057624,42.440855235493693],[-72.382432564163111,42.440935067562314],[-72.382441751519821,42.441014900519527],[-72.382463366670976,42.441189170722161],[-72.382484888356259,42.441363441630365],[-72.382508871984228,42.44153713096722],[-72.382535847043997,42.441707418506049],[-72.38256529195877,42.441877688003672],[-72.382595682667912,42.442047953840159],[-72.382616868111967,42.442164267165502],[-72.382631117997875,42.442240750847851]]},"properties":{"OBJECTID":16497,"route_id":"L020843 NB","from_measure":0,"to_measure":0.64570070000000002,"Route_System":"L","Route_Number":"020843","Route_Direction":"NB","Rd_Seg_ID":null,"Facility":1,"Mile_Count":0,"Urban_Area":"0","Urban_Type":5,"F_F_Class":7,"Jurisdictn":"0","NHS":0,"Fd_Aid_Rd":0,"Control":0,"Num_Lanes":0,"Opp_Lanes":0,"Surface_Tp":0,"Surface_Wd":0,"Shldr_Lt_W":0,"Shldr_Lt_T":0,"Shldr_Rt_W":0,"Shldr_Rt_T":0,"Shldr_UL_W":0,"Shldr_UL_T":0,"Med_Width":0,"Med_Type":0,"Curb":null,"Lt_Sidewlk":0,"Rt_Sidewlk":0,"Pd_Sf_Type":null,"Pd_Fc_Type":null,"Cr_Slope":null,"Path_Width":null,"Operation":2,"Speed_Lim":null,"Op_Dir_SL":null,"Speed_Reg":null,"T_Exc_Type":null,"T_Exc_Time":null,"Trk_Permit":null,"Trk_Netwrk":null,"Truck_Rte":null,"ROW_Width":null,"Toll_Road":null,"MHS":null,"City":272,"Mun_Type":2,"County":11,"Hwy_Dist":2,"RPA":"FRCOG","RTA":"FRTA","MPO":5,"St_Name":"PRESCOTT ROAD","City_Maint":272,"Length":0.64570070000000002,"created_user":"RH","created_date":1785555425000,"last_edited_user":"RH","last_edited_date":1785555425000,"Record_ID":"127520.910099.NW.10.020843","GlobalID":"{92003E14-3B01-4E67-ABED-1599FADEEC4C}","Local_Priority":1,"Oneway":null,"SHAPE.STLength()":1039.1565947870665}},{"type":"Feature","id":16499,"geometry":{"type":"LineString","coordinates":[[-72.378499968648015,42.420404470249657],[-72.37855121721087,42.420472538979418],[-72.378607984866292,42.420547505179151],[-72.378661638195865,42.420616870863228],[-72.37871518535529,42.420685671035265],[-72.37876524601549,42.420756188585671],[-72.378813359041914,42.420836849508873],[-72.378857221334187,42.420919233652057],[-72.378903550822997,42.421001032643979],[-72.378954714914954,42.421082793802803],[-72.379008626955496,42.421163972160116],[-72.379067526506006,42.421242300727187],[-72.379124898710486,42.421312763185504],[-72.379186319743496,42.421380944810039],[-72.379255274498661,42.421444565493019],[-72.379319109884349,42.421488528182643],[-72.379387566407075,42.421530211055156],[-72.379452439051633,42.421573603051833],[-72.379512620004164,42.421627725679585],[-72.379568465610589,42.421684131283513],[-72.379627895202276,42.421738821387443],[-72.379689987783109,42.421786738761227],[-72.379755078177212,42.421832383308967],[-72.379822900245074,42.421875753458394],[-72.379885961019141,42.421911848515443],[-72.379897909431193,42.421917947744447],[-72.379951079107713,42.421945674328093],[-72.380016113962071,42.421980062536001],[-72.380109273729161,42.422029995675508],[-72.380202054506469,42.422079928036624],[-72.380292497524138,42.422132131684151],[-72.380376598671958,42.422186070047559],[-72.38045844773913,42.422241713661826],[-72.380538229397743,42.42229906021884],[-72.380578237102526,42.422329140672744],[-72.380617778762527,42.422359782872149],[-72.380657499797124,42.422389865491553],[-72.380709309484615,42.422428857848359],[-72.38076121280578,42.422467850365905],[-72.380813208520749,42.422506841252954],[-72.380871144781835,42.422549723731365],[-72.38092898762693,42.422592611397135],[-72.380985699833801,42.422636064980409],[-72.381050893473557,42.422688461259895],[-72.381114584118478,42.42274199439796],[-72.381176571934532,42.422796102330501],[-72.381238499428918,42.422853022369914],[-72.381298636613423,42.422910517877177],[-72.381355569091141,42.422969725975392],[-72.381403333969772,42.423025067165902],[-72.381448363775718,42.423081554669693],[-72.381489987851197,42.423139197226426],[-72.381531421227649,42.423210342325525],[-72.381568146192137,42.423283773347748],[-72.381610052404369,42.423354914796597],[-72.381660513766448,42.423419800156793],[-72.381715689835204,42.423482400402619],[-72.381768605914317,42.423546142423284],[-72.381826177633826,42.423623917051501],[-72.381880630300174,42.423702836433634],[-72.38192989417773,42.423783490829585],[-72.381955110198263,42.423835625653275],[-72.381978357842073,42.423888905444315],[-72.382006694313816,42.423939891858467],[-72.382027987108629,42.423968990700402],[-72.382051075153242,42.42399750858624],[-72.38207481641993,42.424025463268201],[-72.382108413928606,42.424065157233152],[-72.382143229633684,42.42410428005833],[-72.382179275661912,42.424142829849032],[-72.382213331328558,42.42417520522843],[-72.382248336643926,42.424207010624443],[-72.382279466411589,42.42424053289794],[-72.382304933885052,42.42427635204259],[-72.382326545744988,42.424314446112533],[-72.382344078071014,42.424353138642395],[-72.382352407272393,42.424378395209402],[-72.382359032371326,42.424404232033943],[-72.382365752188093,42.42443006363046],[-72.382379776172627,42.424475535391778],[-72.382394366348862,42.424520999210074],[-72.382409042312531,42.424565904174571],[-72.382419027193365,42.424614781262392],[-72.382428909469823,42.42466309734003],[-72.382438613699691,42.424711976576397],[-72.382454490569529,42.424801885277475],[-72.382468750282086,42.424891810872353],[-72.38248215820326,42.424981738491603],[-72.382497649711937,42.425084593034555],[-72.382512004534874,42.425188019882562],[-72.38252293593591,42.425290909373835],[-72.382526605766117,42.425363468968129],[-72.382528562981335,42.425435478994075],[-72.382532605290749,42.42550747303487],[-72.382540717502565,42.425571558137733],[-72.382550241097476,42.425635069724009],[-72.382556355734025,42.425699170137335],[-72.382557342605892,42.425755994817514],[-72.382555487931768,42.425813403075367],[-72.382551155109539,42.425870267634231],[-72.382543021473992,42.425927162228909],[-72.38253223647088,42.425984076246579],[-72.382522206036484,42.426040985378371],[-72.382514758853276,42.426099003698404],[-72.382508066157882,42.426157010831574],[-72.382498722112672,42.426215039187539],[-72.382476111907465,42.426302431193143],[-72.382447323470629,42.426389306952338],[-72.38241805316855,42.426475620998922],[-72.38239275438815,42.426554030462043],[-72.382366875372114,42.426631881669394],[-72.382348470893476,42.426687167769693]]},"properties":{"OBJECTID":16499,"route_id":"L020844 NB","from_measure":0.41366429999999998,"to_measure":0.91796089999999997,"Route_System":"L","Route_Number":"020844","Route_Direction":"NB","Rd_Seg_ID":null,"Facility":1,"Mile_Count":0,"Urban_Area":"0","Urban_Type":5,"F_F_Class":7,"Jurisdictn":"0","NHS":0,"Fd_Aid_Rd":0,"Control":0,"Num_Lanes":0,"Opp_Lanes":0,"Surface_Tp":0,"Surface_Wd":0,"Shldr_Lt_W":0,"Shldr_Lt_T":0,"Shldr_Rt_W":0,"Shldr_Rt_T":0,"Shldr_UL_W":0,"Shldr_UL_T":0,"Med_Width":0,"Med_Type":0,"Curb":null,"Lt_Sidewlk":0,"Rt_Sidewlk":0,"Pd_Sf_Type":null,"Pd_Fc_Type":null,"Cr_Slope":null,"Path_Width":null,"Operation":2,"Speed_Lim":null,"Op_Dir_SL":null,"Speed_Reg":null,"T_Exc_Type":null,"T_Exc_Time":null,"Trk_Permit":null,"Trk_Netwrk":null,"Truck_Rte":null,"ROW_Width":null,"Toll_Road":null,"MHS":null,"City":272,"Mun_Type":2,"County":11,"Hwy_Dist":2,"RPA":"FRCOG","RTA":"FRTA","MPO":5,"St_Name":"","City_Maint":272,"Length":0.50429659999999998,"created_user":"RH","created_date":1785555425000,"last_edited_user":"RH","last_edited_date":1785555425000,"Record_ID":"127452.908457.NW.81.020844","GlobalID":"{207F899C-CC3F-4895-955C-729682765FDB}","Local_Priority":1,"Oneway":null,"SHAPE.STLength()":811.5882485502832}},{"type":"Feature","id":16500,"geometry":{"type":"LineString","coordinates":[[-72.382348470893476,42.426687167769693],[-72.382341002380343,42.426709733723044],[-72.382317683354188,42.426780245754657],[-72.382294350407321,42.426850199692808],[-72.382271031340096,42.426920716213601],[-72.382259273290529,42.427017027217303],[-72.382247420425983,42.427113338943833],[-72.38223528804761,42.427209652808521],[-72.382221650759675,42.427321170973379],[-72.382207455030837,42.427433256107676],[-72.382189835688692,42.427544805675616],[-72.382173133493694,42.42762708535782],[-72.382154531456138,42.427708817797885],[-72.382136217983287,42.427791115218646],[-72.382111379605149,42.427929727643253],[-72.382087106144027,42.428068334828446],[-72.382051705097467,42.428205340970649],[-72.382023291353548,42.428291651906953],[-72.381990318317307,42.42837799776153],[-72.381944551928981,42.42845937554992],[-72.381906761978286,42.428506932314676],[-72.381863830780489,42.428553403056007],[-72.381818503946988,42.428598200442671],[-72.381771754186687,42.428643014110357],[-72.381722516970484,42.428686716016031],[-72.38166905980988,42.428727077646847],[-72.381622461866073,42.428756133727475],[-72.381573081985806,42.428782394013965],[-72.381521672996882,42.428806421735828],[-72.381468334507304,42.42882821342689],[-72.381413246995592,42.428847203207241],[-72.381356788417605,42.428863390882],[-72.381294992420422,42.428877932200393],[-72.38123183260717,42.428889667748301],[-72.38116856406657,42.428900841398551],[-72.381096515756298,42.428915461976089],[-72.381024079212253,42.428929521883866],[-72.38095102320807,42.428940208515293],[-72.380892038029288,42.428945163194669],[-72.380832453954028,42.428947868944988],[-72.380773063622385,42.428951134976877],[-72.380678036717597,42.428958615143245],[-72.380583303729992,42.428967217472525],[-72.380488378173055,42.428975258501438]]},"properties":{"OBJECTID":16500,"route_id":"L020844 NB","from_measure":0.91796089999999997,"to_measure":1.1295533,"Route_System":"L","Route_Number":"020844","Route_Direction":"NB","Rd_Seg_ID":null,"Facility":1,"Mile_Count":0,"Urban_Area":"0","Urban_Type":5,"F_F_Class":7,"Jurisdictn":"0","NHS":0,"Fd_Aid_Rd":0,"Control":0,"Num_Lanes":0,"Opp_Lanes":0,"Surface_Tp":0,"Surface_Wd":0,"Shldr_Lt_W":0,"Shldr_Lt_T":0,"Shldr_Rt_W":0,"Shldr_Rt_T":0,"Shldr_UL_W":0,"Shldr_UL_T":0,"Med_Width":0,"Med_Type":0,"Curb":null,"Lt_Sidewlk":0,"Rt_Sidewlk":0,"Pd_Sf_Type":null,"Pd_Fc_Type":null,"Cr_Slope":null,"Path_Width":null,"Operation":2,"Speed_Lim":null,"Op_Dir_SL":null,"Speed_Reg":null,"T_Exc_Type":null,"T_Exc_Time":null,"Trk_Permit":null,"Trk_Netwrk":null,"Truck_Rte":null,"ROW_Width":null,"Toll_Road":null,"MHS":null,"City":272,"Mun_Type":2,"County":11,"Hwy_Dist":2,"RPA":"FRCOG","RTA":"FRTA","MPO":5,"St_Name":"","City_Maint":272,"Length":0.21159240000000001,"created_user":"RH","created_date":1785555425000,"last_edited_user":"RH","last_edited_date":1785555425000,"Record_ID":"127411.908972.NE.34.020844","GlobalID":"{B44BDAE4-482A-4FB6-B54B-AC0BA49B3FA7}","Local_Priority":1,"Oneway":null,"SHAPE.STLength()":340.52569687053852}},{"type":"Feature","id":16501,"geometry":{"type":"LineString","coordinates":[[-72.397110074986742,42.424241836355613],[-72.397083391504779,42.424241477988424],[-72.397029866013014,42.424236270800584],[-72.396976677760776,42.42422768297952],[-72.396923391090269,42.42421909500046],[-72.396863026525622,42.424213374720267],[-72.396802570321711,42.424208217819036],[-72.396742384913367,42.424201933383415],[-72.396674562376433,42.424192334021519],[-72.396607181240526,42.424181040391069],[-72.396539893047262,42.424169186902134],[-72.396488292153521,42.424158899304736],[-72.396436778005679,42.42414804381059],[-72.396384821978017,42.424139446122069],[-72.396323073430139,42.424136552519997],[-72.396260412156025,42.424136477673336],[-72.396198757112472,42.424133578775148],[-72.396143767816156,42.424125567287881],[-72.396089317697601,42.424115300791023],[-72.396037089959734,42.42410107629388],[-72.395985253213055,42.42408065816668],[-72.395935909202478,42.424055721744523],[-72.395887795397215,42.424030213031301],[-72.395856008082518,42.42401133051083],[-72.39582458388125,42.423991316161512],[-72.395791310890559,42.423974695070349],[-72.395759898064895,42.423961995671426],[-72.395726990409173,42.42395099958599],[-72.395693288696762,42.42394450854146],[-72.395650704752384,42.423940902775072],[-72.395606969664726,42.423942930213876],[-72.395567606735042,42.423952239580679],[-72.395546957535331,42.423961965156465],[-72.395527859763931,42.423974494844181],[-72.395511635134739,42.42398868486724],[-72.395502678615642,42.423999449374598],[-72.395495041568338,42.424010198215711],[-72.395489035807344,42.424021497063848],[-72.395485185036293,42.424051350838418],[-72.39549189637799,42.424082810544832],[-72.395498133840888,42.42411427303648],[-72.395499933818286,42.424140703975169],[-72.395501353560178,42.42416714327323],[-72.395501728275036,42.424193585298148],[-72.395500930798832,42.424231293974117],[-72.395498228560896,42.424268449367666],[-72.395491445002435,42.42430564190942],[-72.395485809738602,42.424329881696444],[-72.395478641593186,42.424353570709833],[-72.395465950171342,42.424375616395373],[-72.395448448880472,42.424393195217881],[-72.395426541471139,42.424408558422257],[-72.395402206959091,42.424419438026945],[-72.395374076406696,42.424424160188963],[-72.395343126283493,42.42442440089949],[-72.39531270855953,42.424421821277484],[-72.395279223798511,42.424417020114547],[-72.395246270229819,42.424409398627418],[-72.395214516810398,42.424399513410997],[-72.395179169783646,42.424384032764848],[-72.395145687620811,42.424366287721739],[-72.395112297154895,42.424347980159794],[-72.395065463323618,42.424325835532095],[-72.395018620341119,42.424303128260085],[-72.394973287585614,42.424279284735839],[-72.394910710377772,42.424238132552055],[-72.394851973601362,42.424193571602629],[-72.394793244274581,42.42414901596738],[-72.394761568695913,42.424138005529102],[-72.394729799632515,42.424127000310328],[-72.394697118993804,42.424118813849439],[-72.394666870753042,42.424114545551426],[-72.394635980598963,42.424111973024552],[-72.394605122308235,42.424111651027992],[-72.394572653511887,42.424111903333944],[-72.394540309446285,42.424113841850854],[-72.394510871141492,42.424120261153803],[-72.394477424434697,42.424137963723624],[-72.394449295071794,42.42416294092579],[-72.394427368806006,42.424190118912591],[-72.394411809748362,42.424224566983511],[-72.394405025491494,42.424261754960582],[-72.394401005002237,42.424299487762717],[-72.394402126785678,42.424338306006874],[-72.394405806279721,42.424377104379559],[-72.394397185791334,42.424412056734766],[-72.39438245782533,42.424431305537347],[-72.394363351789366,42.424449459355714],[-72.394341730852133,42.424464820125763],[-72.394313813136506,42.424477976320084],[-72.394282718929375,42.424487787305914],[-72.394252492334374,42.42449871243528],[-72.394228798341075,42.424507898725054],[-72.394205486543044,42.424517644737712],[-72.394190856809274,42.424530702190232],[-72.394188576946576,42.42454365921607],[-72.39419144009679,42.424558267985709],[-72.394196580284984,42.424572859068896],[-72.394208310017959,42.424589647953901],[-72.394224199491916,42.424605842730863],[-72.394236115143912,42.424622630168898],[-72.394241233471107,42.424642287488531],[-72.394242185924227,42.424662534461461],[-72.394238468813654,42.42468169771476],[-72.394215968105442,42.424708318321677],[-72.394180411088271,42.42473166595628],[-72.394149244868359,42.424756665765713],[-72.394130668297706,42.4247787561061],[-72.394114562625873,42.424801389949437],[-72.39410765674927,42.424823386043208],[-72.394127230653581,42.42485812390057],[-72.394172959836766,42.424889279729697],[-72.394225037604031,42.424913071175197],[-72.394252669830522,42.424920171593065],[-72.394281889326194,42.424925568884305],[-72.394309142461225,42.424932672233439],[-72.39436784247863,42.424961478240121],[-72.394417278094465,42.424999921132454],[-72.394432781901926,42.425042001110846],[-72.394426167663539,42.425057808898089],[-72.394415192497348,42.425073649665073],[-72.394402195860422,42.425087818946785],[-72.394376006636705,42.425108839473083],[-72.394343978580153,42.425126530974431],[-72.394309710093793,42.425140303696914],[-72.394269586790273,42.425149617616263],[-72.394226935637548,42.425154452286463],[-72.394183781801473,42.425157599154716],[-72.394133982707643,42.425160798518633],[-72.394083866286138,42.425161754041447],[-72.394033649505914,42.425162144024213],[-72.393984188998843,42.425161961814709],[-72.393934800122793,42.425160658136583],[-72.393885517616297,42.425159915407441],[-72.393804976444258,42.425157729058505],[-72.393724611294431,42.42515441229277],[-72.393644422285547,42.425149973212655],[-72.393565357068525,42.425144396360317],[-72.39348636222536,42.425137693514898],[-72.393407297037626,42.425132116553968],[-72.393322338070632,42.425126022576002],[-72.393237389014558,42.425121058352758],[-72.393153805298766,42.425125081213572],[-72.393109303811471,42.425133304201516],[-72.3930652162895,42.425144335641725],[-72.393021019364838,42.425154247922855],[-72.392933892229522,42.425169550234862],[-72.392845975119997,42.425182613223868],[-72.392758654110665,42.42519735871138],[-72.392683770062717,42.425212570392603],[-72.392609188632832,42.425228905070966],[-72.392535196550909,42.425246358723506],[-72.392470882548906,42.425263737302288],[-72.392407066230632,42.425282800075642],[-72.392341947514566,42.425296810442781],[-72.392285677171586,42.425305687026885],[-72.392228507336867,42.425311191676208],[-72.392171559512391,42.425312194807489],[-72.392123005814923,42.425309197591318],[-72.392074488817599,42.425302257595526],[-72.392026522187024,42.425294188822853],[-72.391970926497692,42.42528336835916],[-72.391915856069588,42.425269725816712],[-72.391861359196227,42.425256079705115],[-72.39179360308475,42.425238037410011],[-72.391726690130852,42.425218858650368],[-72.39166041998881,42.425198554882918],[-72.391584120273762,42.425173825381655],[-72.391508842937426,42.42514739622316],[-72.391437210043421,42.425117001723414],[-72.391363818333744,42.425076494066346],[-72.391295007786709,42.425030883928876],[-72.391227706477579,42.424984142976768],[-72.391156902966827,42.424931795831242],[-72.391087982878602,42.424878309572243],[-72.39101595736031,42.424827100792797],[-72.390956397664013,42.424790984691462],[-72.39089496272662,42.424756574761105],[-72.390833250233342,42.42472272874177],[-72.39075825419755,42.424682228614088],[-72.390682686650976,42.424642299156943],[-72.390609286204793,42.424600666597705],[-72.390535153712094,42.424547782129281],[-72.39046364700593,42.424492628319207],[-72.390385142751839,42.424445972629762],[-72.390290676276209,42.424412376040316],[-72.390188645988346,42.424387281905418],[-72.390084984183218,42.424367824555816],[-72.389995184269097,42.424355016806778],[-72.389904202894797,42.424346155193327],[-72.389812956698734,42.424338420047114],[-72.389750417116758,42.424333275549174],[-72.389687887299786,42.424329255433904],[-72.389625263363712,42.424324677817481],[-72.389544642961567,42.42431686034692],[-72.389464114244333,42.424308475814271],[-72.389383447873357,42.424304037464204],[-72.389344427924229,42.424303776209172],[-72.389305308352874,42.424303516610777],[-72.389266605602401,42.42430550276341],[-72.389189550824369,42.424314537486268],[-72.389113614105085,42.424329193184825],[-72.389039343271861,42.424347209444072],[-72.388961273094921,42.424372007346321],[-72.388885254596119,42.424400727326258],[-72.388810197227073,42.424430568828335],[-72.388743276974381,42.424458093077675],[-72.388677218225325,42.42448673963068],[-72.388611544542059,42.424515379571659],[-72.388527367361206,42.424551480936351],[-72.388443778151725,42.424588699491792],[-72.388364511611513,42.424629828903491],[-72.38831168580856,42.424660618511275],[-72.388261175363382,42.424694206410756],[-72.388214592067769,42.424730018373772],[-72.388179817301818,42.424761798542718],[-72.388147815908511,42.424795243592335],[-72.388120877100619,42.424830336765339],[-72.388101527678756,42.424865375886753],[-72.388086654525992,42.424901501364339],[-72.388075499556265,42.424938727150689],[-72.388069152542727,42.424973661461955],[-72.388066235148926,42.425009136514234],[-72.388063419143947,42.42504516807805],[-72.38806053202282,42.425076139527675],[-72.388057746354349,42.425107671989934],[-72.388052396878265,42.425139225129016],[-72.388048205133359,42.425158387325112],[-72.388043153771051,42.425176997957429],[-72.388034858689224,42.425195067313254],[-72.388023766459568,42.425209783869214],[-72.388010010087839,42.425223953776253],[-72.387994912319186,42.425237014038153],[-72.387982145585795,42.425247239237343],[-72.387968511955222,42.425256913827454],[-72.38795332105137,42.425263779744917],[-72.387937037210904,42.425266721520572],[-72.387919482324179,42.425267419612361],[-72.387902005186973,42.425266991709996],[-72.387882055971346,42.425266021074833],[-72.387862169860725,42.425262795564549],[-72.387842290505489,42.42526013719629],[-72.387823357637302,42.425257467023897],[-72.387804421789369,42.425254238677027],[-72.387785488987788,42.425251572999493],[-72.387767785173068,42.425248330644216],[-72.387750274621268,42.42524509129759],[-72.387732480292726,42.425242412330817],[-72.387680920728172,42.425234936654803],[-72.387629174590174,42.425228019688284],[-72.387577074281651,42.425222793516895],[-72.387498666256477,42.42521664473913],[-72.3874197267033,42.425213316185726],[-72.387340949325832,42.42520829553964],[-72.387286656442228,42.42520252344071],[-72.387232263322574,42.425196189392821],[-72.387178000282901,42.425192108701744],[-72.387044429520074,42.425192575252581],[-72.386910940708148,42.425205980321209],[-72.386779845592116,42.425227249940455],[-72.386720409181947,42.425240647052348],[-72.386661475210488,42.425255731052175],[-72.386602060675131,42.425270257827286],[-72.386552923276199,42.425280201162444],[-72.38650359692133,42.425289583235667],[-72.386455139978196,42.425300650282011],[-72.386375464313829,42.42532602236637],[-72.386298793396463,42.425355870128328],[-72.386224827165947,42.425389074993461],[-72.386163450410663,42.425419933922555],[-72.386104203594513,42.425453026307252],[-72.386048498078779,42.425488907585468],[-72.385995509938979,42.425528704092677],[-72.38594637104697,42.425571845326857],[-72.385899902832747,42.425616091379581],[-72.385858361208207,42.425659741309957],[-72.3858193073157,42.425705054768279],[-72.385781590030831,42.425750362430108],[-72.385736629851962,42.425807539711862],[-72.385693588200567,42.425865827606387],[-72.385650919566899,42.42592411711535],[-72.385605626107832,42.425984671278954],[-72.385560912820722,42.426045788157722],[-72.38551706026756,42.426107456591133],[-72.385474013244234,42.426172501286715],[-72.385432011068673,42.426237534327406],[-72.385386779687465,42.42630202948979],[-72.385341825426764,42.426359769253999],[-72.385294199113204,42.426416405055654],[-72.385240934110584,42.426470271615834],[-72.38520761147889,42.426497536323637],[-72.385172469824937,42.426523688715697],[-72.385139339185471,42.426550956428365],[-72.385110354866313,42.426583252912693],[-72.38508347566227,42.426616095000711],[-72.385052274369471,42.426645592334474],[-72.385009273858344,42.42667349767806],[-72.384961002862411,42.426697501948482],[-72.384909914115809,42.426717024491616],[-72.384864227426988,42.426729194951882],[-72.384816604490425,42.426738563196075],[-72.384768578803943,42.426746247329369],[-72.384714946533691,42.426753970925894],[-72.384660827096241,42.42676057735131],[-72.384606581375337,42.426764934839902],[-72.384570804229071,42.426765772429896],[-72.384535013130474,42.426766047420458],[-72.384499204492968,42.426764635348462],[-72.384453693190594,42.426762168812779],[-72.384408066566195,42.426758582255694],[-72.384362723648835,42.426754427204457],[-72.384294475375881,42.426748760886916],[-72.384226134829717,42.426743099739198],[-72.384157793017707,42.426737434059213],[-72.384096221683876,42.426733965327969],[-72.384034463305241,42.426730503402041],[-72.383972805077107,42.426727597967584],[-72.382348470893476,42.426687167769693]]},"properties":{"OBJECTID":16501,"route_id":"L020845 EB","from_measure":0,"to_measure":0.98564490000000005,"Route_System":"L","Route_Number":"020845","Route_Direction":"EB","Rd_Seg_ID":null,"Facility":1,"Mile_Count":0,"Urban_Area":"0","Urban_Type":5,"F_F_Class":7,"Jurisdictn":"0","NHS":0,"Fd_Aid_Rd":0,"Control":0,"Num_Lanes":0,"Opp_Lanes":0,"Surface_Tp":0,"Surface_Wd":0,"Shldr_Lt_W":0,"Shldr_Lt_T":0,"Shldr_Rt_W":0,"Shldr_Rt_T":0,"Shldr_UL_W":0,"Shldr_UL_T":0,"Med_Width":0,"Med_Type":0,"Curb":null,"Lt_Sidewlk":0,"Rt_Sidewlk":0,"Pd_Sf_Type":null,"Pd_Fc_Type":null,"Cr_Slope":null,"Path_Width":null,"Operation":2,"Speed_Lim":null,"Op_Dir_SL":null,"Speed_Reg":null,"T_Exc_Type":null,"T_Exc_Time":null,"Trk_Permit":null,"Trk_Netwrk":null,"Truck_Rte":null,"ROW_Width":null,"Toll_Road":null,"MHS":null,"City":272,"Mun_Type":2,"County":11,"Hwy_Dist":2,"RPA":"FRCOG","RTA":"FRTA","MPO":5,"St_Name":"","City_Maint":272,"Length":0.98564490000000005,"created_user":"RH","created_date":1785555425000,"last_edited_user":"RH","last_edited_date":1785555425000,"Record_ID":"126708.908613.NE.15.020845","GlobalID":"{3B240625-A36E-4B5E-86EA-1CFD01952FB6}","Local_Priority":1,"Oneway":null,"SHAPE.STLength()":1586.2449123214799}},{"type":"Feature","id":16502,"geometry":{"type":"LineString","coordinates":[[-72.399354806220813,42.420922413839918],[-72.399261575855959,42.420882066163131],[-72.399168345610221,42.420841718410415],[-72.399072607124396,42.420804763655298],[-72.399049326836419,42.420796505014323],[-72.399025853383279,42.420788248777598],[-72.399002117684915,42.420781118178056],[-72.398938956905013,42.420765855888789],[-72.398873777704893,42.420755112704697],[-72.398808159805043,42.420747184594966],[-72.398728457816162,42.420743303485239],[-72.39864815283768,42.420743930406537],[-72.398567841085352,42.420743995527708],[-72.398481706677615,42.420741855249453],[-72.398395469456517,42.420739149410622],[-72.398309672201961,42.420733628388355],[-72.398234737642596,42.420724648160103],[-72.398160158205783,42.420713977921125],[-72.398085154111072,42.420706685329833],[-72.398016759120992,42.420703840009907],[-72.397947852031237,42.420704377528388],[-72.39788083785443,42.420711653508569],[-72.397826998803168,42.420724454566667],[-72.397774461726598,42.420741745222671],[-72.397721839046483,42.420759598318895],[-72.397637603849333,42.420783888467241],[-72.397553562472638,42.420808739739307],[-72.397471079699699,42.420836390483601],[-72.397399125384908,42.420863401798194],[-72.397328428107443,42.420892085057972],[-72.397260915340141,42.420924685033711],[-72.39722302878036,42.42094411473245],[-72.397186109439247,42.420964656872663],[-72.397153877430753,42.42098797955768],[-72.397117185899006,42.421031591383098],[-72.397091398696645,42.421080750594044],[-72.397068570096081,42.421131007635722],[-72.397044760475538,42.42118577569407],[-72.397024566067557,42.421241072871105],[-72.397006456647873,42.421296359199168],[-72.396984037505362,42.421382065647371],[-72.39696664477492,42.421467732024453],[-72.396949739911705,42.421553957292538],[-72.396934787424726,42.421624407325304],[-72.396920135771737,42.421695422209389],[-72.396906421380649,42.42176586709077],[-72.396902729191694,42.421786717447766],[-72.396883872975991,42.421889834310164],[-72.396864179838914,42.422013783777643],[-72.396850745117661,42.422137679078787],[-72.396846179847941,42.422217055817924],[-72.39684408417628,42.422296975112417],[-72.396844737405885,42.422376310292989],[-72.396855461206457,42.422536595373913],[-72.396876808597938,42.422696234985622],[-72.396904041722607,42.422855828732487],[-72.396923434041483,42.42295133611433],[-72.396945094211802,42.423046264025089],[-72.396966290985034,42.423141757337135],[-72.397006694771079,42.423319253824182],[-72.397046140112465,42.42349675775953],[-72.397077539845213,42.423675453365114],[-72.397089689358623,42.423768763654408],[-72.39709965066065,42.423862095493931],[-72.39710668317818,42.423956011950082],[-72.397109737799113,42.424051084795607],[-72.397109855619163,42.424146179624017],[-72.397110074986742,42.424241836355613]]},"properties":{"OBJECTID":16502,"route_id":"L020845 NB","from_measure":0,"to_measure":0.3479331,"Route_System":"L","Route_Number":"020845","Route_Direction":"NB","Rd_Seg_ID":null,"Facility":1,"Mile_Count":0,"Urban_Area":"0","Urban_Type":5,"F_F_Class":7,"Jurisdictn":"0","NHS":0,"Fd_Aid_Rd":0,"Control":0,"Num_Lanes":0,"Opp_Lanes":0,"Surface_Tp":0,"Surface_Wd":0,"Shldr_Lt_W":0,"Shldr_Lt_T":0,"Shldr_Rt_W":0,"Shldr_Rt_T":0,"Shldr_UL_W":0,"Shldr_UL_T":0,"Med_Width":0,"Med_Type":0,"Curb":null,"Lt_Sidewlk":0,"Rt_Sidewlk":0,"Pd_Sf_Type":null,"Pd_Fc_Type":null,"Cr_Slope":null,"Path_Width":null,"Operation":2,"Speed_Lim":null,"Op_Dir_SL":null,"Speed_Reg":null,"T_Exc_Type":null,"T_Exc_Time":null,"Trk_Permit":null,"Trk_Netwrk":null,"Truck_Rte":null,"ROW_Width":null,"Toll_Road":null,"MHS":null,"City":272,"Mun_Type":2,"County":11,"Hwy_Dist":2,"RPA":"FRCOG","RTA":"FRTA","MPO":5,"St_Name":"","City_Maint":272,"Length":0.3479331,"created_user":"RH","created_date":1785555425000,"last_edited_user":"RH","last_edited_date":1785555425000,"Record_ID":"126192.908392.NE.55.020845","GlobalID":"{A690944A-D8C5-4451-85AE-A29D31400A69}","Local_Priority":1,"Oneway":null,"SHAPE.STLength()":559.94519096267209}},{"type":"Feature","id":16503,"geometry":{"type":"LineString","coordinates":[[-72.428973855258064,42.433726614864085],[-72.428977300611194,42.433767101296979],[-72.42898065457841,42.433808150264042],[-72.428981451763093,42.433849225261248],[-72.428979689834932,42.433877934355166],[-72.428976695716258,42.433906657891988],[-72.428972361350674,42.433934825042563],[-72.428968544904592,42.433959614529378],[-72.428963965517127,42.433983847473733],[-72.428955290989265,42.434007550759681],[-72.428944543215522,42.43402564739673],[-72.428931129357821,42.434043198342849],[-72.42891570231491,42.434059641034018],[-72.428897610466578,42.434075542523644],[-72.428877308796316,42.434089774645102],[-72.428855952701483,42.434102886272584],[-72.428829564095494,42.434116605691955],[-72.428801638832965,42.434128644906387],[-72.42877438177527,42.434141245923101],[-72.428747055944328,42.434155535580693],[-72.42872058190963,42.434169812959283],[-72.428696611593466,42.434186324528902],[-72.428676756400421,42.434205056393971],[-72.428659404793905,42.434226013451401],[-72.428644244097669,42.434247520034958],[-72.428629167248076,42.434274649314361],[-72.428617428253787,42.434302880668028],[-72.428607403729188,42.434331660890756],[-72.428600244621705,42.43435478562597],[-72.428594319041508,42.434377904013637],[-72.428588958562017,42.434401018743763],[-72.428583048296318,42.434425262402087],[-72.42857770433352,42.434449501492892],[-72.428575022985356,42.434473719110336],[-72.428574267732273,42.434486669044745],[-72.428574358228929,42.434499607656811],[-72.428577483517287,42.434511963598489],[-72.428582842614446,42.434520922639102],[-72.428589899435906,42.434529868888092],[-72.428598456595324,42.434537114944213],[-72.42861718276535,42.434544841684819],[-72.428639941387672,42.43454916151569],[-72.428662969005345,42.434552350176148],[-72.428692751803254,42.434556613343815],[-72.42872298248848,42.434559182097665],[-72.428753312813825,42.434561749139576],[-72.428825393543946,42.434569045468173],[-72.428897290552513,42.434576905931429],[-72.428968838137649,42.434586459962652],[-72.429007667843265,42.434592338150729],[-72.429046397825729,42.434598211728428],[-72.429084773529439,42.434605779845761],[-72.42913258359313,42.434615525311848],[-72.429179752468528,42.434626959523527],[-72.429225074022057,42.434641786610207],[-72.429246743662873,42.434649490394897],[-72.429267847956893,42.434657759635115],[-72.429286709182833,42.434668297764979],[-72.42930055341327,42.434680004479574],[-72.429312422327811,42.434692848028767],[-72.429323067318549,42.434706268654239],[-72.429339327118228,42.434733712299305],[-72.429351048617093,42.43476231256529],[-72.429361741609071,42.434792050127847],[-72.429370530637613,42.434815050686709],[-72.429378653696901,42.434838055719929],[-72.429385825160637,42.434861064832141],[-72.429393791651577,42.434892511590689],[-72.42940014185308,42.434923971394767],[-72.429404214673355,42.434955450481048],[-72.42940526017864,42.434981328828393],[-72.429404604033422,42.43500778000714],[-72.429404893349357,42.43503422265379],[-72.429406031406913,42.4350595348551],[-72.429407729688961,42.435084841633987],[-72.42941274715713,42.43510956342493],[-72.429420651187897,42.435130316730984],[-72.429430916794558,42.435150493678364],[-72.429442120743644,42.435170094951005],[-72.429465747469649,42.435200853494258],[-72.429492108799366,42.435231027260144],[-72.429510331034251,42.435262391218828],[-72.429515259625987,42.435281481345505],[-72.429517817474547,42.435300028813081],[-72.429517052603217,42.435319169402618],[-72.429509593840976,42.435341738413605],[-72.429496819646999,42.435363783133916],[-72.429481180146411,42.435385293686878],[-72.429452990844609,42.435411966217544],[-72.429418981317653,42.43543643673172],[-72.429383617211016,42.435459793674418],[-72.429351370943522,42.435481437348919],[-72.429317963275992,42.435501962291831],[-72.429282137215537,42.435519698657529],[-72.429249868540296,42.435533460218124],[-72.429216034629988,42.435544428116486],[-72.429181339576516,42.435548081585388],[-72.42916745920337,42.435547069101091],[-72.429153276706046,42.435544934558592],[-72.429140123945402,42.4355416618086],[-72.429123191624797,42.435532795282199],[-72.429108117204294,42.435521664772779],[-72.429092950362275,42.435510530505518],[-72.429069467874754,42.435495527152717],[-72.429045516122841,42.435481093880142],[-72.429019984729209,42.435468918735495],[-72.428981272094788,42.435457978928568],[-72.428939481940674,42.435451000117993],[-72.42889747843293,42.435448522792143],[-72.428866149951247,42.435448775523817],[-72.428834661379881,42.43545128392924],[-72.428803670267527,42.435455470103285],[-72.428761638989613,42.435464249600763],[-72.428720416907254,42.435476401441306],[-72.42868017108475,42.435490227182967],[-72.428637487727457,42.435506326959967],[-72.428595674008477,42.435523545102306],[-72.428553183835504,42.43553964328958],[-72.428478455903047,42.435559380304142],[-72.428401391624845,42.435574632728169],[-72.428325297580301,42.435591564469696],[-72.428228774492808,42.435620474793367],[-72.428133905366423,42.435652188791153],[-72.428039627230191,42.43568558423776],[-72.427944696160552,42.435719548465734],[-72.427850253339017,42.43575407497854],[-72.42775637884003,42.43578915412894],[-72.427709080853191,42.435807540627323],[-72.427661960515408,42.435825362977496],[-72.427622887718044,42.435840139531052]]},"properties":{"OBJECTID":16503,"route_id":"L020846 NB","from_measure":0,"to_measure":0.2595963,"Route_System":"L","Route_Number":"020846","Route_Direction":"NB","Rd_Seg_ID":null,"Facility":1,"Mile_Count":0,"Urban_Area":"0","Urban_Type":5,"F_F_Class":7,"Jurisdictn":"0","NHS":0,"Fd_Aid_Rd":0,"Control":0,"Num_Lanes":0,"Opp_Lanes":0,"Surface_Tp":0,"Surface_Wd":0,"Shldr_Lt_W":0,"Shldr_Lt_T":0,"Shldr_Rt_W":0,"Shldr_Rt_T":0,"Shldr_UL_W":0,"Shldr_UL_T":0,"Med_Width":0,"Med_Type":0,"Curb":null,"Lt_Sidewlk":0,"Rt_Sidewlk":0,"Pd_Sf_Type":null,"Pd_Fc_Type":null,"Cr_Slope":null,"Path_Width":null,"Operation":2,"Speed_Lim":null,"Op_Dir_SL":null,"Speed_Reg":null,"T_Exc_Type":null,"T_Exc_Time":null,"Trk_Permit":null,"Trk_Netwrk":null,"Truck_Rte":null,"ROW_Width":null,"Toll_Road":null,"MHS":null,"City":272,"Mun_Type":2,"County":11,"Hwy_Dist":2,"RPA":"FRCOG","RTA":"FRTA","MPO":5,"St_Name":"","City_Maint":272,"Length":0.2595963,"created_user":"RH","created_date":1785555425000,"last_edited_user":"RH","last_edited_date":1785555425000,"Record_ID":"123591.909751.NE.41.020846","GlobalID":"{D6EA54FB-B538-4703-BA1D-7CF25E53EDDE}","Local_Priority":1,"Oneway":null,"SHAPE.STLength()":417.78066002205884}},{"type":"Feature","id":16504,"geometry":{"type":"LineString","coordinates":[[-72.427622887718044,42.435840139531052],[-72.427614834074731,42.435843185357307]]},"properties":{"OBJECTID":16504,"route_id":"L020846 NB","from_measure":0.2595963,"to_measure":0.26005869999999998,"Route_System":"L","Route_Number":"020846","Route_Direction":"NB","Rd_Seg_ID":null,"Facility":1,"Mile_Count":0,"Urban_Area":"0","Urban_Type":5,"F_F_Class":7,"Jurisdictn":"0","NHS":0,"Fd_Aid_Rd":0,"Control":0,"Num_Lanes":2,"Opp_Lanes":0,"Surface_Tp":null,"Surface_Wd":null,"Shldr_Lt_W":null,"Shldr_Lt_T":null,"Shldr_Rt_W":null,"Shldr_Rt_T":null,"Shldr_UL_W":null,"Shldr_UL_T":null,"Med_Width":0,"Med_Type":0,"Curb":null,"Lt_Sidewlk":null,"Rt_Sidewlk":null,"Pd_Sf_Type":null,"Pd_Fc_Type":null,"Cr_Slope":null,"Path_Width":null,"Operation":2,"Speed_Lim":null,"Op_Dir_SL":null,"Speed_Reg":null,"T_Exc_Type":null,"T_Exc_Time":null,"Trk_Permit":null,"Trk_Netwrk":null,"Truck_Rte":null,"ROW_Width":null,"Toll_Road":null,"MHS":null,"City":272,"Mun_Type":2,"County":11,"Hwy_Dist":2,"RPA":"FRCOG","RTA":"FRTA","MPO":5,"St_Name":"","City_Maint":272,"Length":0.00046240000000000002,"created_user":"RH","created_date":1785555425000,"last_edited_user":"RH","last_edited_date":1785555425000,"Record_ID":"123676.909894.NE.74.020846","GlobalID":"{106A29A2-542E-4672-814B-C7D7D7B95D72}","Local_Priority":1,"Oneway":null,"SHAPE.STLength()":0.744031518149601}},{"type":"Feature","id":16505,"geometry":{"type":"LineString","coordinates":[[-72.427614834074731,42.435843185357307],[-72.427605777857252,42.435840446629058],[-72.427590962903778,42.435833812710221],[-72.427575869407903,42.435827743730663],[-72.42755380241897,42.435825109809301],[-72.427530537120418,42.435825297222216],[-72.427507776609559,42.435827166855404],[-72.42746751536761,42.435833682629941],[-72.427428366491625,42.435844687407496],[-72.427392403829941,42.435859045393734],[-72.427363172586865,42.435873349154562],[-72.427336071923321,42.435889885637422],[-72.427318508461809,42.435909719688887],[-72.427316176834836,42.43591929531636],[-72.427314388535507,42.4359266373868],[-72.427315428830966,42.435945758913824],[-72.427319588050707,42.435963730828348],[-72.427325317472608,42.43597887841149],[-72.427333517552711,42.435994005196243],[-72.427343777097747,42.436007429103022],[-72.427365300537929,42.436024698470639],[-72.427392003578888,42.436039114431665],[-72.427419270705499,42.436052958644446]]},"properties":{"OBJECTID":16505,"route_id":"L020846 NB","from_measure":0.26005869999999998,"to_measure":0.28942820000000002,"Route_System":"L","Route_Number":"020846","Route_Direction":"NB","Rd_Seg_ID":null,"Facility":1,"Mile_Count":0,"Urban_Area":"0","Urban_Type":5,"F_F_Class":7,"Jurisdictn":"0","NHS":0,"Fd_Aid_Rd":0,"Control":0,"Num_Lanes":2,"Opp_Lanes":0,"Surface_Tp":null,"Surface_Wd":null,"Shldr_Lt_W":null,"Shldr_Lt_T":null,"Shldr_Rt_W":null,"Shldr_Rt_T":null,"Shldr_UL_W":null,"Shldr_UL_T":null,"Med_Width":0,"Med_Type":0,"Curb":null,"Lt_Sidewlk":null,"Rt_Sidewlk":null,"Pd_Sf_Type":null,"Pd_Fc_Type":null,"Cr_Slope":null,"Path_Width":null,"Operation":2,"Speed_Lim":null,"Op_Dir_SL":null,"Speed_Reg":null,"T_Exc_Type":null,"T_Exc_Time":null,"Trk_Permit":null,"Trk_Netwrk":null,"Truck_Rte":null,"ROW_Width":null,"Toll_Road":null,"MHS":null,"City":272,"Mun_Type":2,"County":11,"Hwy_Dist":2,"RPA":"FRCOG","RTA":"FRTA","MPO":5,"St_Name":"","City_Maint":272,"Length":0.0293695,"created_user":"RH","created_date":1785555425000,"last_edited_user":"RH","last_edited_date":1785555425000,"Record_ID":"123694.909895.NE.47.020846","GlobalID":"{7D08AD37-2A03-42BC-B461-BD14B5111A84}","Local_Priority":1,"Oneway":null,"SHAPE.STLength()":47.265824943473518}},{"type":"Feature","id":16506,"geometry":{"type":"LineString","coordinates":[[-72.427419270705499,42.436052958644446],[-72.427438434202287,42.43606462363541],[-72.427457969751316,42.436075717527331],[-72.427479151372012,42.436082862877775],[-72.42749465156173,42.436084425215768],[-72.427510783486866,42.436083732574389],[-72.427525658360622,42.436081363765645],[-72.427534020093731,42.43607744485918],[-72.427550084452605,42.436069914859885],[-72.427570236575093,42.436052304406964],[-72.427586946881931,42.436032478090695],[-72.427600495686562,42.436010984647481],[-72.427610024125698,42.435987274602461],[-72.427619359327934,42.435963566113188],[-72.427627022055759,42.435948877853939],[-72.427634588952927,42.435933623167344],[-72.427639493179711,42.43591839083178],[-72.427640922876094,42.435905998173489],[-72.427640741163273,42.435893622098519],[-72.427638467900906,42.435881259272335],[-72.427629229913705,42.435866140870012],[-72.427617513963014,42.435851041529467],[-72.427614834074731,42.435843185357307]]},"properties":{"OBJECTID":16506,"route_id":"L020846 NB","from_measure":0.28942820000000002,"to_measure":0.31405250000000001,"Route_System":"L","Route_Number":"020846","Route_Direction":"NB","Rd_Seg_ID":null,"Facility":1,"Mile_Count":0,"Urban_Area":"0","Urban_Type":5,"F_F_Class":7,"Jurisdictn":"0","NHS":0,"Fd_Aid_Rd":0,"Control":0,"Num_Lanes":2,"Opp_Lanes":0,"Surface_Tp":null,"Surface_Wd":null,"Shldr_Lt_W":null,"Shldr_Lt_T":null,"Shldr_Rt_W":null,"Shldr_Rt_T":null,"Shldr_UL_W":null,"Shldr_UL_T":null,"Med_Width":0,"Med_Type":0,"Curb":null,"Lt_Sidewlk":null,"Rt_Sidewlk":null,"Pd_Sf_Type":null,"Pd_Fc_Type":null,"Cr_Slope":null,"Path_Width":null,"Operation":2,"Speed_Lim":null,"Op_Dir_SL":null,"Speed_Reg":null,"T_Exc_Type":null,"T_Exc_Time":null,"Trk_Permit":null,"Trk_Netwrk":null,"Truck_Rte":null,"ROW_Width":null,"Toll_Road":null,"MHS":null,"City":272,"Mun_Type":2,"County":11,"Hwy_Dist":2,"RPA":"FRCOG","RTA":"FRTA","MPO":5,"St_Name":"","City_Maint":272,"Length":0.024624299999999998,"created_user":"RH","created_date":1785555425000,"last_edited_user":"RH","last_edited_date":1785555425000,"Record_ID":"123677.909910.SW.39.020846","GlobalID":"{4BF30BFE-8C44-4F04-9BA2-50D12AFE2AE1}","Local_Priority":1,"Oneway":null,"SHAPE.STLength()":39.628947773415831}},{"type":"Feature","id":16507,"geometry":{"type":"LineString","coordinates":[[-72.418307695746165,42.422133951316887],[-72.41811490928778,42.422122545151367],[-72.41791250745257,42.422102779357743],[-72.417766632715924,42.422072993995997],[-72.417631097745286,42.422029056769013],[-72.417486472906361,42.421973939661065],[-72.417343696280795,42.421935125899701],[-72.417216530349833,42.421886059912502],[-72.417107629306614,42.421845851452595],[-72.417021552211509,42.421821778433923],[-72.416976317867196,42.421805258704048],[-72.416906405820441,42.421796246092384],[-72.416835585617164,42.421796247447247],[-72.416707100013198,42.421806272944387],[-72.416648355382151,42.421820809982897],[-72.41657526096337,42.421854027591394],[-72.416502099197842,42.42190187764745],[-72.416438040624172,42.421968788732549],[-72.416377084632273,42.422040170367147],[-72.416346102532216,42.422090500743124],[-72.416330214842233,42.422199225286391]]},"properties":{"OBJECTID":16507,"route_id":"L020847 EB","from_measure":0,"to_measure":0.121824,"Route_System":"L","Route_Number":"020847","Route_Direction":"EB","Rd_Seg_ID":null,"Facility":1,"Mile_Count":0,"Urban_Area":"0","Urban_Type":5,"F_F_Class":7,"Jurisdictn":"0","NHS":0,"Fd_Aid_Rd":0,"Control":0,"Num_Lanes":0,"Opp_Lanes":0,"Surface_Tp":0,"Surface_Wd":0,"Shldr_Lt_W":0,"Shldr_Lt_T":0,"Shldr_Rt_W":0,"Shldr_Rt_T":0,"Shldr_UL_W":0,"Shldr_UL_T":0,"Med_Width":0,"Med_Type":0,"Curb":null,"Lt_Sidewlk":0,"Rt_Sidewlk":0,"Pd_Sf_Type":null,"Pd_Fc_Type":null,"Cr_Slope":null,"Path_Width":null,"Operation":2,"Speed_Lim":null,"Op_Dir_SL":null,"Speed_Reg":null,"T_Exc_Type":null,"T_Exc_Time":null,"Trk_Permit":null,"Trk_Netwrk":null,"Truck_Rte":null,"ROW_Width":null,"Toll_Road":null,"MHS":null,"City":272,"Mun_Type":2,"County":11,"Hwy_Dist":2,"RPA":"FRCOG","RTA":"FRTA","MPO":5,"St_Name":"","City_Maint":272,"Length":0.121824,"created_user":"RH","created_date":1785555425000,"last_edited_user":"RH","last_edited_date":1785555425000,"Record_ID":"124505.908340.NE.19.020847","GlobalID":"{6955F8C8-D6B2-48BD-B661-3235CB09C755}","Local_Priority":1,"Oneway":null,"SHAPE.STLength()":196.05703264134902}},{"type":"Feature","id":16508,"geometry":{"type":"LineString","coordinates":[[-72.422551946956389,42.421459665316803],[-72.422579205645718,42.421583805113798],[-72.422694970006475,42.42211350139624],[-72.422729463810398,42.422239270347951],[-72.422733234954777,42.422315201754522],[-72.422730035129391,42.422349551127141],[-72.422710395495358,42.422382911373475],[-72.422673314003276,42.422411903520008]]},"properties":{"OBJECTID":16508,"route_id":"L020848 EB","from_measure":0,"to_measure":0.067464899999999994,"Route_System":"L","Route_Number":"020848","Route_Direction":"EB","Rd_Seg_ID":null,"Facility":1,"Mile_Count":0,"Urban_Area":"0","Urban_Type":5,"F_F_Class":7,"Jurisdictn":"0","NHS":0,"Fd_Aid_Rd":0,"Control":0,"Num_Lanes":0,"Opp_Lanes":0,"Surface_Tp":0,"Surface_Wd":0,"Shldr_Lt_W":0,"Shldr_Lt_T":0,"Shldr_Rt_W":0,"Shldr_Rt_T":0,"Shldr_UL_W":0,"Shldr_UL_T":0,"Med_Width":0,"Med_Type":0,"Curb":null,"Lt_Sidewlk":0,"Rt_Sidewlk":0,"Pd_Sf_Type":null,"Pd_Fc_Type":null,"Cr_Slope":null,"Path_Width":null,"Operation":2,"Speed_Lim":null,"Op_Dir_SL":null,"Speed_Reg":null,"T_Exc_Type":null,"T_Exc_Time":null,"Trk_Permit":null,"Trk_Netwrk":null,"Truck_Rte":null,"ROW_Width":null,"Toll_Road":null,"MHS":null,"City":272,"Mun_Type":2,"County":11,"Hwy_Dist":2,"RPA":"FRCOG","RTA":"FRTA","MPO":5,"St_Name":"","City_Maint":272,"Length":0.067464899999999994,"created_user":"RH","created_date":1785555425000,"last_edited_user":"RH","last_edited_date":1785555425000,"Record_ID":"124068.908345.NW.10.020848","GlobalID":"{0879F13C-9369-4122-ACB9-A71CAC354BA5}","Local_Priority":1,"Oneway":null,"SHAPE.STLength()":108.57443798552244}},{"type":"Feature","id":70498,"geometry":{"type":"LineString","coordinates":[[-72.42023613313637,42.47979876209039],[-72.42017351166875,42.479811565755661],[-72.41999804109301,42.479839974238836],[-72.419796566035103,42.479864091215525],[-72.419546694173746,42.479885781521297],[-72.419181825866559,42.479919641597768],[-72.41881563879619,42.479947320537214],[-72.41848712267516,42.479978071476211],[-72.418193201518179,42.479996169321943],[-72.41799930641929,42.480012345080013],[-72.417880492589205,42.480042553293622],[-72.41779106788033,42.480074213569971],[-72.417674737260697,42.480118465444924]]},"properties":{"OBJECTID":70498,"route_id":"L112596 EB","from_measure":0,"to_measure":0.13349169999999999,"Route_System":"L","Route_Number":"112596","Route_Direction":"EB","Rd_Seg_ID":null,"Facility":1,"Mile_Count":1,"Urban_Area":"0","Urban_Type":5,"F_F_Class":7,"Jurisdictn":"0","NHS":0,"Fd_Aid_Rd":0,"Control":0,"Num_Lanes":1,"Opp_Lanes":0,"Surface_Tp":2,"Surface_Wd":12,"Shldr_Lt_W":0,"Shldr_Lt_T":0,"Shldr_Rt_W":0,"Shldr_Rt_T":0,"Shldr_UL_W":0,"Shldr_UL_T":0,"Med_Width":0,"Med_Type":0,"Curb":0,"Lt_Sidewlk":0,"Rt_Sidewlk":0,"Pd_Sf_Type":null,"Pd_Fc_Type":null,"Cr_Slope":null,"Path_Width":null,"Operation":2,"Speed_Lim":null,"Op_Dir_SL":null,"Speed_Reg":null,"T_Exc_Type":null,"T_Exc_Time":null,"Trk_Permit":null,"Trk_Netwrk":null,"Truck_Rte":null,"ROW_Width":30,"Toll_Road":null,"MHS":null,"City":272,"Mun_Type":2,"County":11,"Hwy_Dist":2,"RPA":"FRCOG","RTA":"FRTA","MPO":5,"St_Name":"LADYSLIPPER LANE","City_Maint":272,"Length":0.13349169999999999,"created_user":"RH","created_date":1785555425000,"last_edited_user":"RH","last_edited_date":1785555425000,"Record_ID":"124442.914784.NE.21.112596","GlobalID":"{7878678C-EE3E-4F4B-B6CB-1BFDBCE0BFDC}","Local_Priority":1,"Oneway":null,"SHAPE.STLength()":214.83441580128707}},{"type":"Feature","id":89845,"geometry":{"type":"LineString","coordinates":[[-72.397622335785769,42.434016939271274],[-72.39749792683611,42.434158206588926],[-72.397220151536374,42.435367454515635],[-72.39703558245948,42.435641938356383],[-72.396663666011946,42.436696187182257],[-72.396509504305328,42.437449286589612],[-72.396477706400077,42.43817742173006],[-72.396475826579461,42.440392646103092],[-72.396353137956297,42.440786015245159],[-72.396382332324407,42.442434334505499],[-72.396660110410821,42.443503413633266],[-72.396782544124122,42.44377619063691],[-72.396876074572972,42.444165470381378],[-72.397121727939208,42.444765551199637],[-72.397182846457866,42.444829563379692],[-72.397245405083297,42.445011218638456],[-72.397306188755465,42.445084493950766],[-72.397306624506953,42.445147604996087],[-72.397922828914488,42.445863819918728],[-72.399034629389973,42.446726750456214],[-72.399373285320493,42.44713949844423],[-72.399374102876877,42.447229706711553],[-72.399466632875658,42.447303761109374],[-72.399692618994777,42.447742722773555]]},"properties":{"OBJECTID":89845,"route_id":"L120861 NB","from_measure":0,"to_measure":1.0041675999999999,"Route_System":"L","Route_Number":"120861","Route_Direction":"NB","Rd_Seg_ID":null,"Facility":1,"Mile_Count":1,"Urban_Area":"0","Urban_Type":5,"F_F_Class":7,"Jurisdictn":"3","NHS":0,"Fd_Aid_Rd":0,"Control":0,"Num_Lanes":1,"Opp_Lanes":0,"Surface_Tp":1,"Surface_Wd":10,"Shldr_Lt_W":0,"Shldr_Lt_T":0,"Shldr_Rt_W":0,"Shldr_Rt_T":0,"Shldr_UL_W":0,"Shldr_UL_T":0,"Med_Width":0,"Med_Type":0,"Curb":0,"Lt_Sidewlk":0,"Rt_Sidewlk":0,"Pd_Sf_Type":null,"Pd_Fc_Type":null,"Cr_Slope":null,"Path_Width":null,"Operation":2,"Speed_Lim":null,"Op_Dir_SL":null,"Speed_Reg":null,"T_Exc_Type":null,"T_Exc_Time":null,"Trk_Permit":null,"Trk_Netwrk":null,"Truck_Rte":null,"ROW_Width":20,"Toll_Road":null,"MHS":null,"City":272,"Mun_Type":2,"County":11,"Hwy_Dist":2,"RPA":"FRCOG","RTA":"FRTA","MPO":5,"St_Name":"TOWN FARM ROAD","City_Maint":272,"Length":1.0041675999999999,"created_user":"RH","created_date":1785555425000,"last_edited_user":"RH","last_edited_date":1785555425000,"Record_ID":"126250.910397.NW.16.120861","GlobalID":"{380CBF8B-DE14-48A8-A7D1-97FB1492E63E}","Local_Priority":1,"Oneway":null,"SHAPE.STLength()":1616.0543517226233}},{"type":"Feature","id":89846,"geometry":{"type":"LineString","coordinates":[[-72.399692618994777,42.447742722773555],[-72.399677540136565,42.447779597517766],[-72.399663174350835,42.447817973807751],[-72.399650998904903,42.447856332985147],[-72.39963950885452,42.447903127210651],[-72.399630872311107,42.447950460937435],[-72.399624813371261,42.44799833722162],[-72.399620374123785,42.448079961566862],[-72.399622776533775,42.448162095160761],[-72.399627943754126,42.448244768949081],[-72.399646298770989,42.448399931685522],[-72.399674824857172,42.448555573151445],[-72.399703243460777,42.448710657253073],[-72.399717782355154,42.449031278949015],[-72.399702326009916,42.449206397351887],[-72.399691367145621,42.449330273711034],[-72.399717331177442,42.449566403902331],[-72.39972921383648,42.449760439380647],[-72.399773175748734,42.449939593307199],[-72.399857867059907,42.450124619516743],[-72.39988952920649,42.45024028874785],[-72.399906161324282,42.450387582629389],[-72.399894842894255,42.450726415998503],[-72.399906269513863,42.451035242579628],[-72.399904037673707,42.451291847196622],[-72.399880524629495,42.451468153860368],[-72.399895389431165,42.451611525358075],[-72.399919129351929,42.451731193493963],[-72.399953966102004,42.451842897210859],[-72.399962094352716,42.452007141869359],[-72.399946325319974,42.452160317589389],[-72.399932867290218,42.452335420270295]]},"properties":{"OBJECTID":89846,"route_id":"L120861 NB","from_measure":1.0041675999999999,"to_measure":1.3234861,"Route_System":"L","Route_Number":"120861","Route_Direction":"NB","Rd_Seg_ID":null,"Facility":1,"Mile_Count":1,"Urban_Area":"0","Urban_Type":5,"F_F_Class":7,"Jurisdictn":"2","NHS":0,"Fd_Aid_Rd":0,"Control":0,"Num_Lanes":1,"Opp_Lanes":0,"Surface_Tp":2,"Surface_Wd":12,"Shldr_Lt_W":0,"Shldr_Lt_T":0,"Shldr_Rt_W":0,"Shldr_Rt_T":0,"Shldr_UL_W":0,"Shldr_UL_T":0,"Med_Width":0,"Med_Type":0,"Curb":0,"Lt_Sidewlk":0,"Rt_Sidewlk":0,"Pd_Sf_Type":null,"Pd_Fc_Type":null,"Cr_Slope":null,"Path_Width":null,"Operation":2,"Speed_Lim":null,"Op_Dir_SL":null,"Speed_Reg":null,"T_Exc_Type":null,"T_Exc_Time":null,"Trk_Permit":null,"Trk_Netwrk":null,"Truck_Rte":null,"ROW_Width":50,"Toll_Road":null,"MHS":null,"City":272,"Mun_Type":2,"County":11,"Hwy_Dist":2,"RPA":"FRCOG","RTA":"FRTA","MPO":5,"St_Name":"TOWN FARM ROAD","City_Maint":272,"Length":0.31931850000000001,"created_user":"RH","created_date":1785555425000,"last_edited_user":"RH","last_edited_date":1785555425000,"Record_ID":"125981.911446.NW.51.120861","GlobalID":"{F023E98C-3733-4101-931D-13AF0B4D71D3}","Local_Priority":1,"Oneway":null,"SHAPE.STLength()":513.89427907796062}},{"type":"Feature","id":135317,"geometry":{"type":"LineString","coordinates":[[-72.436387770925037,42.500983261368859],[-72.435899381273217,42.500719952677876],[-72.435485606531714,42.500481914649754],[-72.434899378008382,42.5001389313164],[-72.434756549656754,42.500054679891946],[-72.434269393953343,42.499742847885059]]},"properties":{"OBJECTID":135317,"route_id":"L140822 EB","from_measure":0,"to_measure":0.13802900000000001,"Route_System":"L","Route_Number":"140822","Route_Direction":"EB","Rd_Seg_ID":null,"Facility":1,"Mile_Count":1,"Urban_Area":"0","Urban_Type":5,"F_F_Class":7,"Jurisdictn":"0","NHS":0,"Fd_Aid_Rd":0,"Control":0,"Num_Lanes":1,"Opp_Lanes":0,"Surface_Tp":2,"Surface_Wd":13,"Shldr_Lt_W":0,"Shldr_Lt_T":0,"Shldr_Rt_W":0,"Shldr_Rt_T":0,"Shldr_UL_W":0,"Shldr_UL_T":0,"Med_Width":0,"Med_Type":0,"Curb":0,"Lt_Sidewlk":0,"Rt_Sidewlk":0,"Pd_Sf_Type":null,"Pd_Fc_Type":null,"Cr_Slope":null,"Path_Width":null,"Operation":2,"Speed_Lim":null,"Op_Dir_SL":null,"Speed_Reg":null,"T_Exc_Type":null,"T_Exc_Time":null,"Trk_Permit":null,"Trk_Netwrk":null,"Truck_Rte":null,"ROW_Width":20,"Toll_Road":null,"MHS":null,"City":272,"Mun_Type":2,"County":11,"Hwy_Dist":2,"RPA":"FRCOG","RTA":"FRTA","MPO":5,"St_Name":"LAKE DRIVE","City_Maint":272,"Length":0.13802900000000001,"created_user":"RH","created_date":1785555425000,"last_edited_user":"RH","last_edited_date":1785555425000,"Record_ID":"123122.917069.SE.22.140822","GlobalID":"{8B1D8128-A7F9-4A0E-AA51-752EF5D55926}","Local_Priority":1,"Oneway":null,"SHAPE.STLength()":222.13653954878842}},{"type":"Feature","id":8110,"geometry":{"type":"LineString","coordinates":[[-72.425388039497463,42.505611293644428],[-72.425737986677603,42.505474286121391],[-72.42593110489473,42.505339825680267],[-72.426093334405735,42.505172829563726],[-72.426160220135586,42.505049578679554],[-72.426186641748629,42.504656328051787],[-72.426156411191741,42.504461870364423],[-72.426049121967196,42.504026842378209],[-72.425977435450861,42.503501491979613]]},"properties":{"OBJECTID":8110,"route_id":"L000472 NB","from_measure":0,"to_measure":0.16,"Route_System":"L","Route_Number":"000472","Route_Direction":"NB","Rd_Seg_ID":null,"Facility":1,"Mile_Count":0,"Urban_Area":"0","Urban_Type":5,"F_F_Class":7,"Jurisdictn":null,"NHS":0,"Fd_Aid_Rd":0,"Control":0,"Num_Lanes":2,"Opp_Lanes":0,"Surface_Tp":null,"Surface_Wd":null,"Shldr_Lt_W":null,"Shldr_Lt_T":null,"Shldr_Rt_W":null,"Shldr_Rt_T":null,"Shldr_UL_W":null,"Shldr_UL_T":null,"Med_Width":0,"Med_Type":0,"Curb":null,"Lt_Sidewlk":null,"Rt_Sidewlk":null,"Pd_Sf_Type":null,"Pd_Fc_Type":null,"Cr_Slope":null,"Path_Width":null,"Operation":2,"Speed_Lim":null,"Op_Dir_SL":null,"Speed_Reg":null,"T_Exc_Type":null,"T_Exc_Time":null,"Trk_Permit":null,"Trk_Netwrk":null,"Truck_Rte":null,"ROW_Width":null,"Toll_Road":null,"MHS":null,"City":272,"Mun_Type":2,"County":11,"Hwy_Dist":2,"RPA":"FRCOG","RTA":"FRTA","MPO":5,"St_Name":"WATSONS STRAIGHTS","City_Maint":null,"Length":0.16,"created_user":"RH","created_date":1785555425000,"last_edited_user":"RH","last_edited_date":1785555425000,"Record_ID":"123879.917521.SW.26.000472","GlobalID":"{87E81754-66F6-4E5B-BAE0-18C6B6BE0FEE}","Local_Priority":1,"Oneway":null,"SHAPE.STLength()":265.18710071513976}},{"type":"Feature","id":80796,"geometry":{"type":"LineString","coordinates":[[-72.381335160549753,42.464626847913649],[-72.381141807444365,42.464714742688592],[-72.381037388324856,42.464761111114711],[-72.380932393051992,42.464806372875394],[-72.380836133948918,42.464845935439456],[-72.380728513618052,42.46488783374128],[-72.380620707006926,42.464929725262266],[-72.380513569078175,42.464972753154953],[-72.380408373079987,42.465017449673248],[-72.380387694619102,42.465027163530543],[-72.380287930010894,42.465079696085752],[-72.380190579995002,42.465136141729936],[-72.380091375545447,42.465188668930686],[-72.379985931257437,42.465229992614525],[-72.37997523817063,42.465232890446302],[-72.37986041481166,42.465261904681917],[-72.379739763463206,42.465281951269517],[-72.37961708613706,42.465294135543274],[-72.379495903242727,42.465296194266308],[-72.379415309564223,42.465293430695418],[-72.379293269703794,42.46528311027123],[-72.379171734150631,42.465266038094164],[-72.379053115535044,42.465241608758099],[-72.378940099034281,42.465209840498105],[-72.378928639555625,42.465205990902994],[-72.378820374996323,42.465166865902482],[-72.378714020706653,42.465122660221752],[-72.378610275138385,42.465073931228851],[-72.378509233104708,42.46502181168983],[-72.3784114792211,42.464967418031854],[-72.37831713052806,42.464911296755382],[-72.378257267546559,42.46486955232924],[-72.378178788502737,42.464800380691969],[-72.378106895246091,42.464726655482529],[-72.377988551382501,42.46459646610478],[-72.377984585607791,42.464591969603731]]},"properties":{"OBJECTID":80796,"route_id":"L116968 EB","from_measure":0,"to_measure":0.201437,"Route_System":"L","Route_Number":"116968","Route_Direction":"EB","Rd_Seg_ID":null,"Facility":1,"Mile_Count":1,"Urban_Area":"0","Urban_Type":5,"F_F_Class":7,"Jurisdictn":"2","NHS":0,"Fd_Aid_Rd":0,"Control":0,"Num_Lanes":1,"Opp_Lanes":0,"Surface_Tp":2,"Surface_Wd":13,"Shldr_Lt_W":0,"Shldr_Lt_T":0,"Shldr_Rt_W":0,"Shldr_Rt_T":0,"Shldr_UL_W":0,"Shldr_UL_T":0,"Med_Width":0,"Med_Type":0,"Curb":0,"Lt_Sidewlk":0,"Rt_Sidewlk":0,"Pd_Sf_Type":null,"Pd_Fc_Type":null,"Cr_Slope":null,"Path_Width":null,"Operation":2,"Speed_Lim":null,"Op_Dir_SL":null,"Speed_Reg":null,"T_Exc_Type":null,"T_Exc_Time":null,"Trk_Permit":null,"Trk_Netwrk":null,"Truck_Rte":null,"ROW_Width":30,"Toll_Road":null,"MHS":null,"City":272,"Mun_Type":2,"County":11,"Hwy_Dist":2,"RPA":"FRCOG","RTA":"FRTA","MPO":5,"St_Name":"COOLEYVILLE ROAD","City_Maint":272,"Length":0.201437,"created_user":"RH","created_date":1785555425000,"last_edited_user":"RH","last_edited_date":1785555425000,"Record_ID":"127647.913122.SE.32.116968","GlobalID":"{44C3BB5B-810C-4769-BB52-CC13DFF0CEBA}","Local_Priority":1,"Oneway":null,"SHAPE.STLength()":324.18203746671674}},{"type":"Feature","id":131801,"geometry":{"type":"LineString","coordinates":[[-72.387169366042528,42.463730342535825],[-72.387179872963529,42.464141466799759],[-72.387284084422078,42.464516716929325],[-72.387465871357477,42.464779038339913],[-72.387681794466474,42.465124124304971],[-72.387770217082789,42.465313910438034],[-72.387965536452199,42.465600548411629],[-72.388153358539796,42.466334094600214],[-72.388263774277959,42.466638492348508],[-72.38848403081181,42.466889872967698]]},"properties":{"OBJECTID":131801,"route_id":"L139198 NB","from_measure":0,"to_measure":0.23140849999999999,"Route_System":"L","Route_Number":"139198","Route_Direction":"NB","Rd_Seg_ID":null,"Facility":1,"Mile_Count":1,"Urban_Area":"0","Urban_Type":5,"F_F_Class":7,"Jurisdictn":"3","NHS":0,"Fd_Aid_Rd":0,"Control":0,"Num_Lanes":1,"Opp_Lanes":0,"Surface_Tp":2,"Surface_Wd":10,"Shldr_Lt_W":0,"Shldr_Lt_T":0,"Shldr_Rt_W":0,"Shldr_Rt_T":0,"Shldr_UL_W":0,"Shldr_UL_T":0,"Med_Width":0,"Med_Type":0,"Curb":0,"Lt_Sidewlk":0,"Rt_Sidewlk":0,"Pd_Sf_Type":null,"Pd_Fc_Type":null,"Cr_Slope":null,"Path_Width":null,"Operation":2,"Speed_Lim":null,"Op_Dir_SL":null,"Speed_Reg":null,"T_Exc_Type":null,"T_Exc_Time":null,"Trk_Permit":null,"Trk_Netwrk":null,"Truck_Rte":null,"ROW_Width":40,"Toll_Road":null,"MHS":null,"City":272,"Mun_Type":2,"County":11,"Hwy_Dist":2,"RPA":"FRCOG","RTA":"FRTA","MPO":5,"St_Name":"NEW BOSTON ROAD","City_Maint":272,"Length":0.23140849999999999,"created_user":"RH","created_date":1785555425000,"last_edited_user":"RH","last_edited_date":1785555425000,"Record_ID":"126988.913134.NW.37.139198","GlobalID":"{CCD4D98C-6B92-4C9E-B1D0-86DA4D9440D1}","Local_Priority":1,"Oneway":null,"SHAPE.STLength()":372.41655219014012}},{"type":"Feature","id":131802,"geometry":{"type":"LineString","coordinates":[[-72.38848403081181,42.466889872967698],[-72.388659645969554,42.467063612282857],[-72.388672954280011,42.467104585100728],[-72.38868786818513,42.4671449837412],[-72.388701262249072,42.467185394103907],[-72.388713296073263,42.467237070560451],[-72.388723045208621,42.46728876103905],[-72.388734512477598,42.467340442763209],[-72.388748496948665,42.467382534833845],[-72.388763812853696,42.467424617531123],[-72.388775239186003,42.467466733834776],[-72.388778967258602,42.467495399565152],[-72.388780891022733,42.467524084617082],[-72.388783479807344,42.467552759136396],[-72.388797776042196,42.467630300967414],[-72.388817109791418,42.467707804830567],[-72.388837008968849,42.467785303426453],[-72.388851860506719,42.467848206521076],[-72.388867090270423,42.46791111029593],[-72.388884312942778,42.467973999591607],[-72.388898460755343,42.468020594599572],[-72.388913833596661,42.46806661746313],[-72.3889314911479,42.468112622695202],[-72.388951667353084,42.46815579233887],[-72.388974028572051,42.468198945118132],[-72.388997613066792,42.468240968475079],[-72.389020561430016,42.468278488013908],[-72.389044253997795,42.468314881826842],[-72.389065490489429,42.468352419968831],[-72.38907950235695,42.468382693490923],[-72.389091824207568,42.468414109034931],[-72.38910223282663,42.468444977553276],[-72.389112762936875,42.468491037761169],[-72.389119207590866,42.468537129498017],[-72.389124987148591,42.468583226367066],[-72.389130548128222,42.468620880972352],[-72.389135456844656,42.468659106902201],[-72.389137886900912,42.46869678927159],[-72.389135405538823,42.46874294989447],[-72.389129025873146,42.468789136101421],[-72.389123120483035,42.468835324048889],[-72.389117969937573,42.468894444435797],[-72.389113564179738,42.468953000885143],[-72.389109164442687,42.469011553685718],[-72.389105142667589,42.469063353990947],[-72.389101122051073,42.469115150685184],[-72.389096627216702,42.469166951038282],[-72.389092810317692,42.469199620106245],[-72.389088899737615,42.469232286295508],[-72.389086893284443,42.46926493688936],[-72.389086884776802,42.469284629298002],[-72.389087447819236,42.46930432179726],[-72.389089337377499,42.469323999557737],[-72.389112646844268,42.469400347282765],[-72.389155575911019,42.469473727431918],[-72.389208609357084,42.469542529858124],[-72.389253706850013,42.469587756943248],[-72.389304292547024,42.469631258978985],[-72.389353079280809,42.469675332167768],[-72.389398968669013,42.469722806542954],[-72.389442975884322,42.46977141991011],[-72.389485759410064,42.469820609899401],[-72.389530131725749,42.469874844610928],[-72.389572987317365,42.469929658207803],[-72.389616794435014,42.469983901751327],[-72.389655995860679,42.470028616018574],[-72.389695755980924,42.470072758766591],[-72.389734012728667,42.470117480302434],[-72.389774775387181,42.470171747297066],[-72.389813367687722,42.470227155519034],[-72.389851861564168,42.470282564488016],[-72.389877537257675,42.470317813822369],[-72.389903206266595,42.470352500512774],[-72.389927650957162,42.470388326535591],[-72.390027961131622,42.470589555452243],[-72.390096578525259,42.470800037572076],[-72.39016871407739,42.471010487058358],[-72.390207437314643,42.471102466256546],[-72.390246934081986,42.471194443964762],[-72.390286230279145,42.471286419606834],[-72.390313442656648,42.471349793246041],[-72.39034056331252,42.471413730276637],[-72.390367118596899,42.471477671669497],[-72.390395683138735,42.471549475181398],[-72.390423301718343,42.47162128599637],[-72.390450811500571,42.471692534955181],[-72.390524678879004,42.471877655174858],[-72.390597685072251,42.472062214807679],[-72.390660648984863,42.472249101879818],[-72.3906877973901,42.472348490743549],[-72.390712195249549,42.472447896362063],[-72.390735175456697,42.472548441913773],[-72.390754105139308,42.472637199595816],[-72.390771704015009,42.472726531152006],[-72.390790542028071,42.472815852222901],[-72.390816415304656,42.472925940202295],[-72.39084380681426,42.47303545374487],[-72.390859428372707,42.473098917757781],[-72.390870820820638,42.473145528385466],[-72.390890655630855,42.473224715116821],[-72.39091038890723,42.473303339039006],[-72.390926426868617,42.47338311781072],[-72.390936921528493,42.473480381013374],[-72.390942100463278,42.47357824800828],[-72.390950990736343,42.473676089902227],[-72.390962817226992,42.47374689820051],[-72.390976644026239,42.47381768652631],[-72.390989803313971,42.473888483612654],[-72.391004209786004,42.473980093255371],[-72.391017383191567,42.474071707928807],[-72.391030170003788,42.474163330090128],[-72.391038277939401,42.474233037250848],[-72.391046197472548,42.474302750368395],[-72.391057636216047,42.474372437167887],[-72.391070054535192,42.474424668522246],[-72.391084664221523,42.47447688742821],[-72.391100127533733,42.474529096128578],[-72.391111832885542,42.47456389502802],[-72.391123819089742,42.47459868725231],[-72.391133253565499,42.474634066402025],[-72.39113878343268,42.474689729860195],[-72.391137585640877,42.47474600804145],[-72.391135241126321,42.474802295091067],[-72.391133241899425,42.474849010152418],[-72.391130290563851,42.474895736178361],[-72.391129529319841,42.474942446164967],[-72.391131616680397,42.474989696808088],[-72.391135716004626,42.475037493678144],[-72.391143218386389,42.475084701537661],[-72.391157845383859,42.475138045671422],[-72.391176747946261,42.47519135223105],[-72.391196025132672,42.475244659490635],[-72.391210328275278,42.475281688137507],[-72.391228332702127,42.475332189089286],[-72.391228989338032,42.475378708944113]]},"properties":{"OBJECTID":131802,"route_id":"L139198 NB","from_measure":0.23140849999999999,"to_measure":0.84363540000000004,"Route_System":"L","Route_Number":"139198","Route_Direction":"NB","Rd_Seg_ID":null,"Facility":1,"Mile_Count":1,"Urban_Area":"0","Urban_Type":5,"F_F_Class":7,"Jurisdictn":"3","NHS":0,"Fd_Aid_Rd":0,"Control":0,"Num_Lanes":1,"Opp_Lanes":0,"Surface_Tp":2,"Surface_Wd":8,"Shldr_Lt_W":0,"Shldr_Lt_T":0,"Shldr_Rt_W":0,"Shldr_Rt_T":0,"Shldr_UL_W":0,"Shldr_UL_T":0,"Med_Width":0,"Med_Type":0,"Curb":0,"Lt_Sidewlk":0,"Rt_Sidewlk":0,"Pd_Sf_Type":null,"Pd_Fc_Type":null,"Cr_Slope":null,"Path_Width":null,"Operation":2,"Speed_Lim":null,"Op_Dir_SL":null,"Speed_Reg":null,"T_Exc_Type":null,"T_Exc_Time":null,"Trk_Permit":null,"Trk_Netwrk":null,"Truck_Rte":null,"ROW_Width":40,"Toll_Road":null,"MHS":null,"City":272,"Mun_Type":2,"County":11,"Hwy_Dist":2,"RPA":"FRCOG","RTA":"FRTA","MPO":5,"St_Name":"NEW BOSTON ROAD","City_Maint":272,"Length":0.61222690000000002,"created_user":"RH","created_date":1785555425000,"last_edited_user":"RH","last_edited_date":1785555425000,"Record_ID":"126797.913773.NW.98.139198","GlobalID":"{F79FA912-620F-4F6C-93AE-987D3B87618E}","Local_Priority":1,"Oneway":null,"SHAPE.STLength()":985.28580371992007}},{"type":"Feature","id":131803,"geometry":{"type":"LineString","coordinates":[[-72.391228989338032,42.475378708944113],[-72.391229547880016,42.475438527025297],[-72.391220577883843,42.47549655248276],[-72.391210850781746,42.475561340564866],[-72.391200269941422,42.475626131647282],[-72.391193867420284,42.475690889508726],[-72.391193909004812,42.475740967610264],[-72.391196613746843,42.475791025112173],[-72.391198545653353,42.475840525902129],[-72.39119822589609,42.475905242112617],[-72.39119685417252,42.475969961056869],[-72.391196146997672,42.476034113071229],[-72.391197209446048,42.476102750207708],[-72.391199317772603,42.476171383754902],[-72.391201246708064,42.47624057687581],[-72.39120265344566,42.476319905136435],[-72.39120386562908,42.476399235800585],[-72.39120717186988,42.476478549365659],[-72.391210049719689,42.476534233308477],[-72.391213975255098,42.476590471835607],[-72.391221403017497,42.47664555879502],[-72.391238615565555,42.476713512812282],[-72.391239120371964,42.476715758762815],[-72.39126281168565,42.476785349827992],[-72.391287536017813,42.476854366606467],[-72.391308852732749,42.47691047059616],[-72.391330912431698,42.476965443456052],[-72.391347670149017,42.477021582705078],[-72.391354225331369,42.477082304189977],[-72.391354997434718,42.477143628599165],[-72.391359181279256,42.477204368426676],[-72.391371019528918,42.477262232892798],[-72.391386284203605,42.477320637139293],[-72.391401067855625,42.477378478814494],[-72.391414221435156,42.477428455455076],[-72.391427089242598,42.477478433404315],[-72.391435304397802,42.477528452749539],[-72.391436803179644,42.477580768509306],[-72.391433264999463,42.477633128639461],[-72.391426973509198,42.477685504668223],[-72.391420438682758,42.47772719329275],[-72.391412083991099,42.477768337808435],[-72.391402688262616,42.477809486775676],[-72.391373615796809,42.477917183433384],[-72.391336730950698,42.478023815137547],[-72.391289552149416,42.47812771481086],[-72.391265873062508,42.478166724393283],[-72.391240767460957,42.478205745004196],[-72.391220135279809,42.478245292796778],[-72.391207160491149,42.47828871837838],[-72.391199060593465,42.4783337979202],[-72.39119094544597,42.478378314890151],[-72.391178418276553,42.478433551665269],[-72.391166097302573,42.478489353133106],[-72.391155482504502,42.478545141402911],[-72.391147678111665,42.478591343128997],[-72.391141308143759,42.478638096448726],[-72.391137504801748,42.478685392605932],[-72.391136511615116,42.47872928729614],[-72.391137889919847,42.478773169046704],[-72.391142881218656,42.478817017452151],[-72.391155189187231,42.478867567834399],[-72.391172427808769,42.478917512890121],[-72.391190231938197,42.47896745266862],[-72.39121644404581,42.479040399443008],[-72.391244269989443,42.479113332827509],[-72.391270963283645,42.479186842155528],[-72.391291290468402,42.479246889893204],[-72.391310864406279,42.479307510643444],[-72.391330246170796,42.479368128374659],[-72.391352816174646,42.479438853432811],[-72.39137519286524,42.479509579981112],[-72.391397483895105,42.479580868974992],[-72.391419946384033,42.479651032160561],[-72.391442321361538,42.479721196017849],[-72.391463738014409,42.47979136278262],[-72.391485867483908,42.479871093332314],[-72.3915068526276,42.479950832730161],[-72.391527550816264,42.480030574343182],[-72.39155197392536,42.480124917929139],[-72.391576111314762,42.480219263719007],[-72.391600634941554,42.480314169201819],[-72.39162610415211,42.48040850467234],[-72.391651946082291,42.4805022700615],[-72.391677695158918,42.480596603351508],[-72.391696344411997,42.480665671501754],[-72.39171480634279,42.480734735695791],[-72.391733641748317,42.480803802397517],[-72.391752553091294,42.480871181342941],[-72.391771572082661,42.48093911763808],[-72.391790577137826,42.481006494949924],[-72.391806990527158,42.481065448390403],[-72.391823303584246,42.48112384081638],[-72.391838583639583,42.48118280752405],[-72.391853257628583,42.481253026383065],[-72.391866325817475,42.481323824857782],[-72.391882425274872,42.481394037179463],[-72.391896998682199,42.481443440044394],[-72.39191299810723,42.481493394557447],[-72.391930802973448,42.481542776906103],[-72.391954424757884,42.481600549146371],[-72.391980214947864,42.481657181020083],[-72.392007253611595,42.481714365010838],[-72.392025139582714,42.481749678609958],[-72.392043311309806,42.481784985492446],[-72.392060630522366,42.481820298971684],[-72.392075903912328,42.481852253957754],[-72.392090524937828,42.48188478028154],[-72.392101627543568,42.481917330241473],[-72.392109180357508,42.48196791190373],[-72.392109437449577,42.482019675424716],[-72.39210854831606,42.482070889632404],[-72.392107955941896,42.482123221516375],[-72.392106129211243,42.482175567457453],[-72.392105341605202,42.482227339063584],[-72.392104704721575,42.482269549205689],[-72.392104626562755,42.482311187832131],[-72.392108455413933,42.482353357998214],[-72.392115884185429,42.482388185347808],[-72.392125980767545,42.482423559231975],[-72.392137388263279,42.482457793988289],[-72.392154850864515,42.482503237425668],[-72.392174670325133,42.482547534535051],[-72.392194588375318,42.482591834478562],[-72.392215231630544,42.482640627607026],[-72.392236252509946,42.482688856019671],[-72.392258219615115,42.482737077101362],[-72.392285273813229,42.48278919940438],[-72.392313667016751,42.482841306830373],[-72.392339309963717,42.482894002736188],[-72.392358239828923,42.482942810005348],[-72.392374798136032,42.482991634736393],[-72.392391456209268,42.483040459592338],[-72.392417812787357,42.483116782849905],[-72.392444348706235,42.483192537521894],[-72.39246709331799,42.483268889640044],[-72.392485460746684,42.483351460720712],[-72.392499845886789,42.483434629830207],[-72.392511191711733,42.483517817975219],[-72.392519047327283,42.483589781191654],[-72.392524538086263,42.483662324510696],[-72.392528220930814,42.483734320043595],[-72.392530097772706,42.483800139095692],[-72.392530453713107,42.48386540813901],[-72.392529485896574,42.483931252823069],[-72.392524989122364,42.484010064860179],[-72.392518405251408,42.484088888559036],[-72.392515046172292,42.484167129092704],[-72.392515028128372,42.484246469123427],[-72.392518151002889,42.484326346612946],[-72.392527340289746,42.48440505173906],[-72.392543496266569,42.484478637812352],[-72.392565048014234,42.484551620301367],[-72.392589924296502,42.484624013446052],[-72.392600498870863,42.48465263041625],[-72.392611452929515,42.484681245346209],[-72.392623067332067,42.484709849758055],[-72.392648795774036,42.484761982227099],[-72.392676896395713,42.484813529124565],[-72.39270167263048,42.484865669857676],[-72.392715493457601,42.484908887949594],[-72.392727227253161,42.484952122207687],[-72.392742178615904,42.484994773351204],[-72.392778795328482,42.485057511603507],[-72.392823463966437,42.485118494894678],[-72.392865109300018,42.485180631470229],[-72.392892116614632,42.485228813357836],[-72.392917426196988,42.485278132869048],[-72.392939899710171,42.485328603327133],[-72.392964487831819,42.485400436827398],[-72.392983676658844,42.485473999324263],[-72.393002484847074,42.485547564766549],[-72.393024343504337,42.485634612870747],[-72.393046194911705,42.485721660125144],[-72.393074101325624,42.485806974186104],[-72.393110365699158,42.485884903122155],[-72.393152312446205,42.485961668031145],[-72.393193314268544,42.486038440248066],[-72.39322004378657,42.486093939145377],[-72.393246201712714,42.486149442466626],[-72.393273692699168,42.486204935448221],[-72.393375714697385,42.486370134724346],[-72.393488254065502,42.486533006113667],[-72.393584415600017,42.4866999423013],[-72.393598002309062,42.486733596400967]]},"properties":{"OBJECTID":131803,"route_id":"L139198 NB","from_measure":0.84363540000000004,"to_measure":1.6492749,"Route_System":"L","Route_Number":"139198","Route_Direction":"NB","Rd_Seg_ID":null,"Facility":1,"Mile_Count":1,"Urban_Area":"0","Urban_Type":5,"F_F_Class":7,"Jurisdictn":"3","NHS":0,"Fd_Aid_Rd":0,"Control":0,"Num_Lanes":1,"Opp_Lanes":0,"Surface_Tp":2,"Surface_Wd":8,"Shldr_Lt_W":0,"Shldr_Lt_T":0,"Shldr_Rt_W":0,"Shldr_Rt_T":0,"Shldr_UL_W":0,"Shldr_UL_T":0,"Med_Width":0,"Med_Type":0,"Curb":0,"Lt_Sidewlk":0,"Rt_Sidewlk":0,"Pd_Sf_Type":null,"Pd_Fc_Type":null,"Cr_Slope":null,"Path_Width":null,"Operation":2,"Speed_Lim":null,"Op_Dir_SL":null,"Speed_Reg":null,"T_Exc_Type":null,"T_Exc_Time":null,"Trk_Permit":null,"Trk_Netwrk":null,"Truck_Rte":null,"ROW_Width":40,"Toll_Road":null,"MHS":null,"City":272,"Mun_Type":2,"County":11,"Hwy_Dist":2,"RPA":"FRCOG","RTA":"FRTA","MPO":5,"St_Name":"NEW BOSTON ROAD","City_Maint":272,"Length":0.80563949999999995,"created_user":"RH","created_date":1785555425000,"last_edited_user":"RH","last_edited_date":1785555425000,"Record_ID":"126674.914893.NW.12.139198","GlobalID":"{62FB48B0-7F69-4B6B-98C3-457ACDC8237E}","Local_Priority":1,"Oneway":null,"SHAPE.STLength()":1296.553607398512}},{"type":"Feature","id":131804,"geometry":{"type":"LineString","coordinates":[[-72.393598002309062,42.486733596400967],[-72.393624590000925,42.486799223775122],[-72.393659469749565,42.486900238856727],[-72.393695210664745,42.487001242745968],[-72.393723491010689,42.487072484743351],[-72.393752243895037,42.487143161280883],[-72.393779005243616,42.487214415043681],[-72.393811186822418,42.487312634860004],[-72.393839665657481,42.487411449673992],[-72.393865879246505,42.487510839335187],[-72.393892938596522,42.487629920090725],[-72.393916307954143,42.487750153934677],[-72.393940810309587,42.487869816294541],[-72.393975990882751,42.488025409606585],[-72.394012886003878,42.488181548688033],[-72.394053764611954,42.488336535975456],[-72.39407584641674,42.488412887442934],[-72.394098967602204,42.488488672655322],[-72.394122190416212,42.488565016159583],[-72.394146459356037,42.488641355142597],[-72.394170928436097,42.488718250752363],[-72.394191786421118,42.488795177976257],[-72.394209364794648,42.488889012162332],[-72.394221911344559,42.488982884487712],[-72.39423227404923,42.489077331941083],[-72.394244222973811,42.489209472531272],[-72.394252080216518,42.489341641264929],[-72.394256434007161,42.489474403467788],[-72.394256287622468,42.489598197590681],[-72.394253198360573,42.489722573631148],[-72.39425201390074,42.4898469384881],[-72.394253479419703,42.489909944477013],[-72.39425551977105,42.48997351229275],[-72.394256893579055,42.490037085279518],[-72.394257031279608,42.49011361146146],[-72.39425610883309,42.49018957957982],[-72.394255292928733,42.490266113158242],[-72.394252600290486,42.490418059566558],[-72.394249534895948,42.490570571548069],[-72.394249982278794,42.490723056266077],[-72.394254627971065,42.490849625699006],[-72.394261654730215,42.490976738438427],[-72.394269911802155,42.491103279839997],[-72.394277158818056,42.49119888039138],[-72.394284777335912,42.491293911769162],[-72.394291062804072,42.491388957089555],[-72.394296625166277,42.491499764152664],[-72.394300000536646,42.491610588183057],[-72.394298152868956,42.49172145273981],[-72.394291749675162,42.491819970830598],[-72.394281268006353,42.491918521465948],[-72.394264408277763,42.492016562502137],[-72.394248170178145,42.492084209119163],[-72.394228970794742,42.492151320524037],[-72.3942071055817,42.492217886320184],[-72.394181506041036,42.492289546165559],[-72.394152774296273,42.492361231204683],[-72.39411888663308,42.492431263673282],[-72.394085086780166,42.492487231881007],[-72.394047464902172,42.492542105253669],[-72.394010609276151,42.492596972668814],[-72.393978890265842,42.492645609772623],[-72.393947452190091,42.492694244687613],[-72.393919447346292,42.49274341475013],[-72.39389540277574,42.492790305142421],[-72.393874314085636,42.492838297076332],[-72.393861030342762,42.492886791158767],[-72.393857765397073,42.492924517389149],[-72.393859066205493,42.492962770894778],[-72.393863212635779,42.493000436042038],[-72.393868581406778,42.493030780383087],[-72.393875676890872,42.493061673117808],[-72.393884372490049,42.493091991655064],[-72.393901366065066,42.493137434770055],[-72.39392176372948,42.493182293293884],[-72.393942843257776,42.493227708311323],[-72.393993208559039,42.493328035850098],[-72.394046897828076,42.493427780295519],[-72.394098125396795,42.493528668284881],[-72.394143000483666,42.493630162818626],[-72.394185321468456,42.493732807024088],[-72.394228966579107,42.493834878251967],[-72.394266673741271,42.493913924486264],[-72.394305231820383,42.49399240231832],[-72.394340186446954,42.494071469885107],[-72.39437603091713,42.494166282156741],[-72.39440675027268,42.494261700476322],[-72.394429602095002,42.494358304315483],[-72.394437904671776,42.4944145130344],[-72.394443546904398,42.494470737896535],[-72.394448242776946,42.494526970102079],[-72.394452756445943,42.494590518644891],[-72.394456030544632,42.494654073205325],[-72.39445713162398,42.494718210016295],[-72.394457577279809,42.494763223274433],[-72.394456888016833,42.494808245339911],[-72.394452774465947,42.494853289478193],[-72.394443318331753,42.494897255106608],[-72.394430265822024,42.494941805927922],[-72.394417297845976,42.494985798806489],[-72.394396743823194,42.495057982171609],[-72.394375917934852,42.495130729427089],[-72.394356038391535,42.495203470233868],[-72.394341386641784,42.495262664196218],[-72.394327300567952,42.495321858267651],[-72.394312555098566,42.495381052951238]]},"properties":{"OBJECTID":131804,"route_id":"L139198 NB","from_measure":1.6492749,"to_measure":2.2588569000000001,"Route_System":"L","Route_Number":"139198","Route_Direction":"NB","Rd_Seg_ID":null,"Facility":1,"Mile_Count":1,"Urban_Area":"0","Urban_Type":5,"F_F_Class":7,"Jurisdictn":"3","NHS":0,"Fd_Aid_Rd":0,"Control":0,"Num_Lanes":1,"Opp_Lanes":0,"Surface_Tp":2,"Surface_Wd":8,"Shldr_Lt_W":0,"Shldr_Lt_T":0,"Shldr_Rt_W":0,"Shldr_Rt_T":0,"Shldr_UL_W":0,"Shldr_UL_T":0,"Med_Width":0,"Med_Type":0,"Curb":0,"Lt_Sidewlk":0,"Rt_Sidewlk":0,"Pd_Sf_Type":null,"Pd_Fc_Type":null,"Cr_Slope":null,"Path_Width":null,"Operation":2,"Speed_Lim":null,"Op_Dir_SL":null,"Speed_Reg":null,"T_Exc_Type":null,"T_Exc_Time":null,"Trk_Permit":null,"Trk_Netwrk":null,"Truck_Rte":null,"ROW_Width":40,"Toll_Road":null,"MHS":null,"City":272,"Mun_Type":2,"County":11,"Hwy_Dist":2,"RPA":"FRCOG","RTA":"FRTA","MPO":5,"St_Name":"NEW BOSTON ROAD","City_Maint":272,"Length":0.60958199999999996,"created_user":"RH","created_date":1785555425000,"last_edited_user":"RH","last_edited_date":1785555425000,"Record_ID":"126485.915997.NW.98.139198","GlobalID":"{ABB054D2-DFA3-4C13-AE4E-E30189AE8737}","Local_Priority":1,"Oneway":null,"SHAPE.STLength()":981.02913532005061}},{"type":"Feature","id":131805,"geometry":{"type":"LineString","coordinates":[[-72.394312555098566,42.495381052951238],[-72.394291227848157,42.495458870951808],[-72.394282102371733,42.495492701137273],[-72.39424937603313,42.495604367852067],[-72.394215689137795,42.495715479319621],[-72.394181701032352,42.495832216371468],[-72.394146581029347,42.495949529377626],[-72.394103445444969,42.496064650203628],[-72.39406015731231,42.496148828951881],[-72.394012186101335,42.496231351446312],[-72.393971658524478,42.496316071429156],[-72.393944293708046,42.496403500034035],[-72.39392426481345,42.496492559791733],[-72.393906810535015,42.496582161361253],[-72.39389180097514,42.496663303673429],[-72.393878700666605,42.49674499386056],[-72.393867311881252,42.496826670770737],[-72.393856607558462,42.496910034029014],[-72.393847428586469,42.496993380953349],[-72.393841584648811,42.49707726919894],[-72.393840764240153,42.497140296399643],[-72.393841849980561,42.497203305215699],[-72.393841029570524,42.49726633241432],[-72.393839868519891,42.49731192078734],[-72.393837761054854,42.497357516499314],[-72.393830600843401,42.497402583306922],[-72.393803134708037,42.497469759538909],[-72.393763481044417,42.497535337710673],[-72.393722580961807,42.497600362845809],[-72.393699786699941,42.497635425220643],[-72.393676712674619,42.497670493360864],[-72.393659353666621,42.497706637154998],[-72.393650840356528,42.49774946549396],[-72.393649461854451,42.497793368386581],[-72.39364952431481,42.49783782189197],[-72.393650883508442,42.497940779277087],[-72.393659386606785,42.498044247556997],[-72.39367138890276,42.498147126917061],[-72.393690360984536,42.498271897881629],[-72.393714464227031,42.498396624551852],[-72.393740172728982,42.498520780582034],[-72.393756685255084,42.498599429458771],[-72.393773671038545,42.498678074662017],[-72.393791702974085,42.498756706347301],[-72.393814188776943,42.49884769068052],[-72.393837806459942,42.498938098142467],[-72.393862371928634,42.499028502749347],[-72.393890458720492,42.499125629568717],[-72.393919406311539,42.49922331058864],[-72.39394578717625,42.499321012406611],[-72.393963795692244,42.499397962481197],[-72.393980284767991,42.499474919835059],[-72.393994881714121,42.499552458147782],[-72.394009027234574,42.499645193372714],[-72.394020716714437,42.499739068513662],[-72.394033149459588,42.499831817016442],[-72.394047031897287,42.49992624142795],[-72.394061574275952,42.500020098031136],[-72.394077735824638,42.500113937569445],[-72.394095824455945,42.500196515645413],[-72.394115137427335,42.500278516132433],[-72.394127999880226,42.500361129338479],[-72.394126958629911,42.500475366189853],[-72.394113653463521,42.500589693668616],[-72.394102919987219,42.500704000293219],[-72.39410034410642,42.500797427872683],[-72.394099481037884,42.500890837662084],[-72.394097857681203,42.500984256947795],[-72.394095219976577,42.501079934841172],[-72.394091923543613,42.501176178726425],[-72.394086153220911,42.501271880913535],[-72.394073879069182,42.50137157324388],[-72.394059124844986,42.501470719420261],[-72.394050549418267,42.501569816766569],[-72.394050467363243,42.501658158110018],[-72.394055525929076,42.501747023164484],[-72.394065988321074,42.501834720931484],[-72.394080784122423,42.501906067208068],[-72.394099286821302,42.501977385628514],[-72.394115884417658,42.502048717922357],[-72.394132482639236,42.502147058203192],[-72.394145577934054,42.502245991938587],[-72.394156298471771,42.502344939590166],[-72.394165253449401,42.502440526623232],[-72.394172019188431,42.502535568851037],[-72.394176414511435,42.502631191249243],[-72.394178249816875,42.502707142221425],[-72.394178387385935,42.502783663645403],[-72.394176897786807,42.502859639506539],[-72.394171960161856,42.502960958446089],[-72.394164090072806,42.503062866416627],[-72.394155166957262,42.503164220767175],[-72.394146714882694,42.503279072302682],[-72.394136740170737,42.503393373859964],[-72.394118772990026,42.503507174723104],[-72.394095284302935,42.503594011322974],[-72.394066947983518,42.503680322830036],[-72.394040031349803,42.503766623316473],[-72.394016675001495,42.503842202464213],[-72.393994274358448,42.503918341379745],[-72.393981766401922,42.503994960850207],[-72.393980678041089,42.504065867604552],[-72.393987432760511,42.504133340121605],[-72.393987767671319,42.504136711833695],[-72.394004534048022,42.50420635654244],[-72.394026785034868,42.504260765315031],[-72.394055197964335,42.504313996418993],[-72.394086556961383,42.504366647381801],[-72.394123539942967,42.504420941867188],[-72.394163838061104,42.504474081653832],[-72.394202625944516,42.504527799427763],[-72.394233053255121,42.504575391611532],[-72.394262248859732,42.504623556027383],[-72.394290497973898,42.504671726878172],[-72.394325482549689,42.504732228135893],[-72.394358675164355,42.504793862353488],[-72.394387696815031,42.504856096109542],[-72.394412645001225,42.50492623905312],[-72.394432389353469,42.504998109522873],[-72.394449855026579,42.505069997669388],[-72.394462112050178,42.505123358527548],[-72.394473134174788,42.505176725364905],[-72.394482258454175,42.505230111428716],[-72.394488614260638,42.505282956288916],[-72.394493171291387,42.505336372389174],[-72.394492513074596,42.505338779485939]]},"properties":{"OBJECTID":131805,"route_id":"L139198 NB","from_measure":2.2588569000000001,"to_measure":2.959022,"Route_System":"L","Route_Number":"139198","Route_Direction":"NB","Rd_Seg_ID":null,"Facility":1,"Mile_Count":1,"Urban_Area":"0","Urban_Type":5,"F_F_Class":7,"Jurisdictn":"3","NHS":0,"Fd_Aid_Rd":0,"Control":0,"Num_Lanes":1,"Opp_Lanes":0,"Surface_Tp":2,"Surface_Wd":8,"Shldr_Lt_W":0,"Shldr_Lt_T":0,"Shldr_Rt_W":0,"Shldr_Rt_T":0,"Shldr_UL_W":0,"Shldr_UL_T":0,"Med_Width":0,"Med_Type":0,"Curb":0,"Lt_Sidewlk":0,"Rt_Sidewlk":0,"Pd_Sf_Type":null,"Pd_Fc_Type":null,"Cr_Slope":null,"Path_Width":null,"Operation":2,"Speed_Lim":null,"Op_Dir_SL":null,"Speed_Reg":null,"T_Exc_Type":null,"T_Exc_Time":null,"Trk_Permit":null,"Trk_Netwrk":null,"Truck_Rte":null,"ROW_Width":40,"Toll_Road":null,"MHS":null,"City":272,"Mun_Type":2,"County":11,"Hwy_Dist":2,"RPA":"FRCOG","RTA":"FRTA","MPO":5,"St_Name":"NEW BOSTON ROAD","City_Maint":272,"Length":0.70016509999999998,"created_user":"RH","created_date":1785555425000,"last_edited_user":"RH","last_edited_date":1785555425000,"Record_ID":"126507.917030.N.11.139198","GlobalID":"{DD4A644A-9CC6-441A-BD87-34CCF260E167}","Local_Priority":1,"Oneway":null,"SHAPE.STLength()":1126.8087614890092}},{"type":"Feature","id":16509,"geometry":{"type":"LineString","coordinates":[[-72.477955369293014,42.417882701076692],[-72.477909716842163,42.417895470196981],[-72.47787140387149,42.417922241834567],[-72.477832116095172,42.417947896332777],[-72.477785092883039,42.417970242104658],[-72.47773699863032,42.417990905242696],[-72.477688431822642,42.418011577775829],[-72.47764062209518,42.418026052320265],[-72.477592525622526,42.418040529279807],[-72.477555846109581,42.418062783509505],[-72.47754664498062,42.418075242922761],[-72.477539157027834,42.418088245988386],[-72.477531770164958,42.418101814499657],[-72.477519952805068,42.418123299381655],[-72.477507942193512,42.418144781401651],[-72.477496798073346,42.418166822366814],[-72.477475372609391,42.41821145967053],[-72.47745670392618,42.418256631762262],[-72.477443743243114,42.418302322587188],[-72.477439346211312,42.418343436366669],[-72.477439417904137,42.418385074903995],[-72.477439302566452,42.418426719530643],[-72.477440899975562,42.418474535748736],[-72.477442390275172,42.418521790172456],[-72.477433215010564,42.418566881644828],[-72.477417652532807,42.418604154005486],[-72.477395439185798,42.418640915630064],[-72.477360926385856,42.418662030488797],[-72.477345002731099,42.418663852897133],[-72.477327635150232,42.41866400035304],[-72.477310267569379,42.418664147806318],[-72.476767657710965,42.418689575143006]]},"properties":{"OBJECTID":16509,"route_id":"L020849 EB","from_measure":0,"to_measure":0.098175100000000001,"Route_System":"L","Route_Number":"020849","Route_Direction":"EB","Rd_Seg_ID":null,"Facility":1,"Mile_Count":0,"Urban_Area":"0","Urban_Type":5,"F_F_Class":7,"Jurisdictn":"0","NHS":0,"Fd_Aid_Rd":0,"Control":0,"Num_Lanes":0,"Opp_Lanes":0,"Surface_Tp":0,"Surface_Wd":0,"Shldr_Lt_W":0,"Shldr_Lt_T":0,"Shldr_Rt_W":0,"Shldr_Rt_T":0,"Shldr_UL_W":0,"Shldr_UL_T":0,"Med_Width":0,"Med_Type":0,"Curb":null,"Lt_Sidewlk":0,"Rt_Sidewlk":0,"Pd_Sf_Type":null,"Pd_Fc_Type":null,"Cr_Slope":null,"Path_Width":null,"Operation":2,"Speed_Lim":null,"Op_Dir_SL":null,"Speed_Reg":null,"T_Exc_Type":null,"T_Exc_Time":null,"Trk_Permit":null,"Trk_Netwrk":null,"Truck_Rte":null,"ROW_Width":null,"Toll_Road":null,"MHS":null,"City":272,"Mun_Type":2,"County":11,"Hwy_Dist":2,"RPA":"FRCOG","RTA":"FRTA","MPO":5,"St_Name":"","City_Maint":272,"Length":0.098175100000000001,"created_user":"RH","created_date":1785555425000,"last_edited_user":"RH","last_edited_date":1785555425000,"Record_ID":"119555.907991.NE.15.020849","GlobalID":"{ADF0A0FC-A6DD-4F7A-8D26-11D73EE456E1}","Local_Priority":1,"Oneway":null,"SHAPE.STLength()":157.99778559722526}},{"type":"Feature","id":16510,"geometry":{"type":"LineString","coordinates":[[-72.481672297593335,42.410915736413486],[-72.481841756265339,42.411449419476789],[-72.481949318350473,42.411712976633957],[-72.482105323208856,42.412119601901004],[-72.482119749783905,42.412138051654281],[-72.482133989201856,42.412156497600712],[-72.482150856559585,42.412172672103765],[-72.482182185116812,42.412191539427333],[-72.482218676098867,42.412206417454549],[-72.482257281484024,42.412216782092251],[-72.482283624973519,42.412219931702147],[-72.48231080386185,42.412221954169389],[-72.482338074993919,42.412223970440976],[-72.482368120036,42.412227088440147],[-72.482398175338503,42.412231335354377],[-72.482428135591604,42.412235016766154],[-72.482454759789775,42.412238168442741],[-72.482481305185814,42.412241878088381],[-72.482508021715617,42.412245028964541]]},"properties":{"OBJECTID":16510,"route_id":"L020850 NB","from_measure":0,"to_measure":0.1096454,"Route_System":"L","Route_Number":"020850","Route_Direction":"NB","Rd_Seg_ID":null,"Facility":1,"Mile_Count":0,"Urban_Area":"0","Urban_Type":5,"F_F_Class":7,"Jurisdictn":"0","NHS":0,"Fd_Aid_Rd":0,"Control":0,"Num_Lanes":0,"Opp_Lanes":0,"Surface_Tp":0,"Surface_Wd":0,"Shldr_Lt_W":0,"Shldr_Lt_T":0,"Shldr_Rt_W":0,"Shldr_Rt_T":0,"Shldr_UL_W":0,"Shldr_UL_T":0,"Med_Width":0,"Med_Type":0,"Curb":null,"Lt_Sidewlk":0,"Rt_Sidewlk":0,"Pd_Sf_Type":null,"Pd_Fc_Type":null,"Cr_Slope":null,"Path_Width":null,"Operation":2,"Speed_Lim":null,"Op_Dir_SL":null,"Speed_Reg":null,"T_Exc_Type":null,"T_Exc_Time":null,"Trk_Permit":null,"Trk_Netwrk":null,"Truck_Rte":null,"ROW_Width":null,"Toll_Road":null,"MHS":null,"City":272,"Mun_Type":2,"County":11,"Hwy_Dist":2,"RPA":"FRCOG","RTA":"FRTA","MPO":5,"St_Name":"","City_Maint":272,"Length":0.1096454,"created_user":"RH","created_date":1785555425000,"last_edited_user":"RH","last_edited_date":1785555425000,"Record_ID":"119178.907254.NW.17.020850","GlobalID":"{A88DEC0F-F0A8-40EC-B4F6-5912330BC9D4}","Local_Priority":1,"Oneway":null,"SHAPE.STLength()":176.45759546014989}},{"type":"Feature","id":173685,"geometry":{"type":"LineString","coordinates":[[-72.442017301799723,42.422371723807558],[-72.441942867424871,42.422371765675322],[-72.441868529169128,42.422371244908746],[-72.441794312043626,42.422372981106307],[-72.441710262424948,42.422377043087714],[-72.441626432267938,42.422383356714057],[-72.441542407759869,42.422389105567326],[-72.441439269139963,42.422392765276207],[-72.441336202388612,42.422395295303431],[-72.441232962971384,42.422398389350128],[-72.441129445232505,42.422402051880916],[-72.441026122905797,42.422406270919623],[-72.440922732194551,42.422412182125889],[-72.440867356772571,42.422416570920156],[-72.440811890168249,42.42242152853489],[-72.44075642833478,42.422426480681899],[-72.440695818796158,42.422430354868382],[-72.44063530881472,42.422434223707818],[-72.440574900810105,42.42243865798352],[-72.440514701450638,42.422444211421293],[-72.440454705993602,42.422450892163113],[-72.440394718896556,42.422458135505273],[-72.440335034046342,42.422466500846866],[-72.440275652654876,42.422475988178533],[-72.440216566361414,42.422486035769261],[-72.440157481129674,42.422496646020818],[-72.440098705491749,42.422508382714895],[-72.440040008876949,42.422519551531884],[-72.439981218698193,42.422530721983023],[-72.439922343364103,42.422542459400503],[-72.43986355920498,42.422553628841634],[-72.439805062914445,42.422565363104113],[-72.439746382928732,42.42257765703458],[-72.439687793037493,42.422589392001122],[-72.439629002718135,42.422600561371993],[-72.43957011882128,42.422611731476401],[-72.439511234983826,42.422622906951936],[-72.439452450677209,42.422634076182987],[-72.439393567932967,42.422645246187074],[-72.439334684019656,42.422656420672013],[-72.439275884011252,42.42266702814085],[-72.439216907648103,42.42267819881782],[-72.439157602736785,42.422686560445811],[-72.439097411444678,42.422692680274949],[-72.439036801482146,42.422696549086695],[-72.438976197654128,42.422700422318051],[-72.438915687308864,42.422704290253371],[-72.43885506775004,42.422707596347678],[-72.438794447196841,42.422710345120116],[-72.438733735283947,42.42271365190355],[-72.438673106295454,42.422715833479323],[-72.438612554145976,42.422716888996959],[-72.43855196859613,42.422715695756196],[-72.438491443209188,42.42271225299438],[-72.438431364125918,42.422707113961479],[-72.438371537355195,42.422699162042385],[-72.438312236094177,42.422688955009626],[-72.438254516330005,42.422675919757083],[-72.438198993533106,42.422657804073076],[-72.438145232072998,42.422636858709097],[-72.438092581791722,42.42261365346598],[-72.438041434712346,42.422589875051152],[-72.437991500725218,42.422564398630001],[-72.437942510937859,42.422538347293049],[-72.437893877595002,42.422511173934012],[-72.437846093668483,42.422483425532832],[-72.437799895945503,42.422453982393023],[-72.437772456484481,42.422434508724919],[-72.437756430030731,42.422422824380639],[-72.437714558602991,42.422390529764833],[-72.437672213347483,42.422358238093047],[-72.437629118312358,42.422326515212475],[-72.437585552951319,42.42229535884627],[-72.43754124265692,42.422264770330045],[-72.437495609094739,42.42223475527301],[-72.43744904089823,42.422205872308389],[-72.437402566380669,42.422176993964193],[-72.437356191456544,42.422148109388537],[-72.437309901799196,42.422118662300512],[-72.437264555195497,42.422088644816171],[-72.437221082572549,42.422057491159272],[-72.437178551842166,42.422025197215916],[-72.437136394217177,42.421992903820886],[-72.437094523391124,42.421960608976228],[-72.437053029409881,42.421927747448812],[-72.437011614623415,42.421894323462389],[-72.436970686936291,42.421861458196432],[-72.43692975095,42.421828030283635],[-72.436886842545263,42.421796305608147],[-72.436841606611253,42.421767412457413],[-72.436794500192065,42.421740787110487],[-72.43674814254625,42.421713027550808],[-72.436702603314615,42.421683011414146],[-72.436657815164921,42.421652426448567],[-72.436612941908919,42.421622409359593],[-72.436567873193098,42.421591827542279],[-72.436522807985568,42.421561807478511],[-72.436477268969924,42.421531791251617],[-72.436431080837551,42.421502904786514],[-72.436384421393512,42.421474026638371],[-72.436381832743194,42.421472360495493],[-72.436337860340416,42.4214451431695],[-72.436291006528265,42.421416262963454],[-72.436244162362769,42.421387948961154],[-72.436198352476723,42.421358496627235],[-72.436154314638827,42.421327343565729],[-72.436111221068629,42.421295620109035],[-72.436068027911816,42.421263897446089],[-72.436025407061933,42.421232170113576],[-72.435982877551282,42.42119987932287],[-72.43593838394915,42.421169854384452],[-72.435890603190458,42.421142110554051],[-72.43584084993833,42.421116065436976],[-72.43579090967134,42.421090025420135],[-72.435741535645988,42.421063981679367],[-72.435691882199535,42.421037939288425],[-72.43565265916763,42.421017205915867]]},"properties":{"OBJECTID":173685,"route_id":"L157419 EB","from_measure":0,"to_measure":0.3712201,"Route_System":"L","Route_Number":"157419","Route_Direction":"EB","Rd_Seg_ID":null,"Facility":1,"Mile_Count":1,"Urban_Area":"0","Urban_Type":5,"F_F_Class":7,"Jurisdictn":"2","NHS":0,"Fd_Aid_Rd":0,"Control":0,"Num_Lanes":2,"Opp_Lanes":0,"Surface_Tp":2,"Surface_Wd":16,"Shldr_Lt_W":0,"Shldr_Lt_T":0,"Shldr_Rt_W":0,"Shldr_Rt_T":0,"Shldr_UL_W":0,"Shldr_UL_T":0,"Med_Width":0,"Med_Type":0,"Curb":0,"Lt_Sidewlk":0,"Rt_Sidewlk":0,"Pd_Sf_Type":null,"Pd_Fc_Type":null,"Cr_Slope":null,"Path_Width":null,"Operation":2,"Speed_Lim":null,"Op_Dir_SL":null,"Speed_Reg":null,"T_Exc_Type":null,"T_Exc_Time":null,"Trk_Permit":null,"Trk_Netwrk":null,"Truck_Rte":null,"ROW_Width":36,"Toll_Road":null,"MHS":null,"City":272,"Mun_Type":2,"County":11,"Hwy_Dist":2,"RPA":"FRCOG","RTA":"FRTA","MPO":5,"St_Name":"BAKER ROAD","City_Maint":272,"Length":0.3712201,"created_user":"RH","created_date":1785555425000,"last_edited_user":"RH","last_edited_date":1785555425000,"Record_ID":"122729.908445.SE.59.157419","GlobalID":"{6A840FD0-C26C-475D-AD99-6F3ACE8E4105}","Local_Priority":1,"Oneway":null,"SHAPE.STLength()":597.42211797893685}},{"type":"Feature","id":173686,"geometry":{"type":"LineString","coordinates":[[-72.43565265916763,42.421017205915867],[-72.435593225585421,42.420985283756984],[-72.435543951339326,42.420959238220888],[-72.435494854645356,42.420932624919779],[-72.435446046012231,42.420906013758781],[-72.435397419778965,42.420878833893596],[-72.435347760558145,42.420852792302668],[-72.435296336475858,42.420829014028449],[-72.435243790627482,42.420806369344461],[-72.435190774437402,42.420784291157574],[-72.435137673122583,42.420762780839418],[-72.435084097932162,42.420741269844633],[-72.435068156816726,42.420735207833012],[-72.435029968370259,42.420720887827358],[-72.434975002624114,42.420701641577381],[-72.43491939503609,42.420683525913766],[-72.434864245631587,42.420664838400754],[-72.434809650750836,42.420645027261003],[-72.434755334252031,42.420624646633549],[-72.43470018502731,42.42060596444297],[-72.434644030228213,42.420589535788096],[-72.434587210730896,42.420573678803571],[-72.434529857383268,42.420559517825914],[-72.434471848734646,42.420546482137148],[-72.434413468139212,42.420534012138312],[-72.434355180171735,42.420520984060261],[-72.434297069735933,42.420507387310536],[-72.434239338386632,42.420493786554758],[-72.434181236317954,42.420480752378822],[-72.434122777959885,42.420468850065831],[-72.434064128603026,42.420457506570962],[-72.434005293441388,42.420446169055545],[-72.433946380162396,42.420435957543631],[-72.433887266554251,42.420425180425454],[-72.433828438553391,42.420414405461813],[-72.433770159050439,42.420401934318228],[-72.433711963609383,42.420388900664058],[-72.433653675906967,42.420375871330144],[-72.433594847925434,42.420365091745914],[-72.433535912103977,42.420353755708419],[-72.43347736258761,42.420342411106382],[-72.433422303178261,42.420329355477513],[-72.433367506577497,42.420315169591014],[-72.433313461040754,42.420300413989089],[-72.433276096881116,42.420290027421714],[-72.433239090263399,42.420278508042536],[-72.433203210417346,42.420265859519475],[-72.433180660253655,42.420255910126166],[-72.43315866804879,42.420245398907653],[-72.433136497052317,42.420235451834017],[-72.433110894064896,42.420224401773964],[-72.43308509921286,42.420213359565714],[-72.433060609782686,42.420200614169687],[-72.433037226796969,42.420185609901637],[-72.433015235591981,42.420168908049654],[-72.432994011035689,42.420152199079595],[-72.432971141018541,42.420133254443066],[-72.43294893068051,42.42011429995398],[-72.432927377923022,42.420094781933216],[-72.432907155523466,42.420075249525809],[-72.432887500582808,42.420055716117446],[-72.432867937992384,42.420036181957371],[-72.432852310852113,42.42001942399969],[-72.432836684988175,42.420002669630819],[-72.432820972682933,42.419986479560407],[-72.43280863319255,42.419973640156584],[-72.432796292425849,42.41996079626017],[-72.432782924664835,42.419949089685169],[-72.432768417211491,42.419937388742191],[-72.432752968012537,42.41992626172928],[-72.432736874402735,42.41991625993343],[-72.432727097353293,42.419910153056399],[-72.432707000834682,42.419899059190911]]},"properties":{"OBJECTID":173686,"route_id":"L157419 EB","from_measure":0.3712201,"to_measure":0.54421649999999999,"Route_System":"L","Route_Number":"157419","Route_Direction":"EB","Rd_Seg_ID":null,"Facility":1,"Mile_Count":1,"Urban_Area":"0","Urban_Type":5,"F_F_Class":7,"Jurisdictn":"2","NHS":0,"Fd_Aid_Rd":0,"Control":0,"Num_Lanes":2,"Opp_Lanes":0,"Surface_Tp":5,"Surface_Wd":18,"Shldr_Lt_W":0,"Shldr_Lt_T":0,"Shldr_Rt_W":0,"Shldr_Rt_T":0,"Shldr_UL_W":0,"Shldr_UL_T":0,"Med_Width":0,"Med_Type":0,"Curb":0,"Lt_Sidewlk":0,"Rt_Sidewlk":0,"Pd_Sf_Type":null,"Pd_Fc_Type":null,"Cr_Slope":null,"Path_Width":null,"Operation":2,"Speed_Lim":null,"Op_Dir_SL":null,"Speed_Reg":null,"T_Exc_Type":null,"T_Exc_Time":null,"Trk_Permit":null,"Trk_Netwrk":null,"Truck_Rte":null,"ROW_Width":36,"Toll_Road":null,"MHS":null,"City":272,"Mun_Type":2,"County":11,"Hwy_Dist":2,"RPA":"FRCOG","RTA":"FRTA","MPO":5,"St_Name":"BAKER ROAD","City_Maint":272,"Length":0.17299639999999999,"created_user":"RH","created_date":1785555425000,"last_edited_user":"RH","last_edited_date":1785555425000,"Record_ID":"123119.908193.SE.27.157419","GlobalID":"{069ACC97-FB25-4B5B-91CE-5EF79A58346B}","Local_Priority":1,"Oneway":null,"SHAPE.STLength()":278.41134793397811}},{"type":"Feature","id":173687,"geometry":{"type":"LineString","coordinates":[[-72.432707000834682,42.419899059190911],[-72.432670752730118,42.419880784688324],[-72.432647189963845,42.41987309779612],[-72.432623078848025,42.419866540741339],[-72.432602974079757,42.419861637522942],[-72.432582217954504,42.419857306779342],[-72.432561403690741,42.419855788201396],[-72.43255694353229,42.419855824333688],[-72.432552383746085,42.419855861272907],[-72.432547923587521,42.419855897404851],[-72.432485569844161,42.419856964316729],[-72.432423391487944,42.419856906175184],[-72.432360921525486,42.419856849461546],[-72.432323421648249,42.41985659048219],[-72.432285836518716,42.419856894880823],[-72.432248151761158,42.419857200074034],[-72.432187527513619,42.419859940917576],[-72.432127011173904,42.419863242654777],[-72.432066494894244,42.419866548861272],[-72.432005985624613,42.419870413177314],[-72.431945384009722,42.419874278209093],[-72.431884876006535,42.41987814695274],[-72.431824469778476,42.419882573038734],[-72.43176407067557,42.419887565336388],[-72.43170367271172,42.419892553091422],[-72.431643266523537,42.419896983583456],[-72.431582867326171,42.419901971284908],[-72.431522375847706,42.419906964202951],[-72.431462169878216,42.419911954778954],[-72.431401882004579,42.419918066883852],[-72.431341794429869,42.419924743637601],[-72.43128221040196,42.419933103484972],[-72.431222629775718,42.41994202507319],[-72.431163239896861,42.419950945987779],[-72.431103961335026,42.419960990470315],[-72.431044682820627,42.419971039423316],[-72.430985288029504,42.419979960285367],[-72.430925401754379,42.419987193390895],[-72.430865314063496,42.419993869895812],[-72.430805126732082,42.420000547174951],[-72.430745132568831,42.420007222860654],[-72.430685044839962,42.420013899271424],[-72.430624863479011,42.420020571906079],[-72.430564767453063,42.420026686521645],[-72.430504672617232,42.420032800195756],[-72.430444593122388,42.420040039113644],[-72.430384807349824,42.420047833824206],[-72.430325133001958,42.420056760204844],[-72.430265443012289,42.420065120379967],[-72.43020565840888,42.420072914987593],[-72.430145772022712,42.420080152188447],[-72.430085878319773,42.420087388516826],[-72.430025900558206,42.420095189092976],[-72.429966115949739,42.420102987176996],[-72.429934093647375,42.420107182963235],[-72.429906331339851,42.420110786130195],[-72.429846539412054,42.420118584210996],[-72.429786763037328,42.420126944834536],[-72.429727172538179,42.420135303925704],[-72.42966748847013,42.42014366374152],[-72.429643053887247,42.420147235468463],[-72.429607712047968,42.420152024272042],[-72.429548027961474,42.420160384926113],[-72.429488243232441,42.420168182761834],[-72.42942846068847,42.420176543248296],[-72.429368674727641,42.420184341931957],[-72.429308796334297,42.420192135928687],[-72.429248810104269,42.420199373466993],[-72.429188823847284,42.420206610073834],[-72.429128735777667,42.420213286572213],[-72.42906864768203,42.420219962138958],[-72.429008653060919,42.42022663241832],[-72.428948666763773,42.420233869800157],[-72.428888881891282,42.420241667324483],[-72.428829392988092,42.420250587828562],[-72.428770212187615,42.420260630314566],[-72.428711328618235,42.42027179937223],[-72.428652041111235,42.420281280858845],[-72.428592046453986,42.420287955421998],[-72.428531554303774,42.420292942266954],[-72.42847125636824,42.420298494714686],[-72.428411261675663,42.420305169183592],[-72.428351383115952,42.420312967183158],[-72.428291591967138,42.420320760845307],[-72.428232007162421,42.420329119113141],[-72.428172432847063,42.420338606265524],[-72.428112935488357,42.420346963766328],[-72.428052971561144,42.420355324997708],[-72.427993172073485,42.420362555871954],[-72.427933293407719,42.420370353653986],[-72.427873407450591,42.420378152363767],[-72.427813614061748,42.420385387596845],[-72.427753635723718,42.420393186088354],[-72.427693640865471,42.420399860183153],[-72.427633560699633,42.420407097633365],[-72.427573673636203,42.420414328994553],[-72.427513881133507,42.420422125863212],[-72.427453902736843,42.420429925098688],[-72.427394310676675,42.420437720290089],[-72.427334634270579,42.420446641528677],[-72.427275051401267,42.420455561982713],[-72.427215460260086,42.420463919773013],[-72.427155473519193,42.420471155319909],[-72.4270955946604,42.420478953566196],[-72.427035701458507,42.420486189197412],[-72.42697572292883,42.420493987283422],[-72.426915937579949,42.420501784682891],[-72.426856454215155,42.420510703217737],[-72.426797266782685,42.420520744737757],[-72.426738281979866,42.420531347295174],[-72.426679886929023,42.420543636773935],[-72.42662227587833,42.420557601707714],[-72.426612024551119,42.420560302352101],[-72.426564966888435,42.420572694081258],[-72.426548803128881,42.420577327576403],[-72.426508146026222,42.420588344296306],[-72.426451232553475,42.420604558827954],[-72.426394513436151,42.420620770866719],[-72.426337591644568,42.420636421808958],[-72.426280475698221,42.420651512486096],[-72.426223261310525,42.420666603926634],[-72.426166051689506,42.420681690798553],[-72.426109223340646,42.420697340874923],[-72.426052596391457,42.420713552002042],[-72.425995978872479,42.420730325724371],[-72.425939545047967,42.420746535241797],[-72.425883019808666,42.420763308165718],[-72.425826097775229,42.420778959754671],[-72.425767903730673,42.420791808949105],[-72.425709120865861,42.420803533849167],[-72.425650531228669,42.420815261666938],[-72.425591846734577,42.420826985715728],[-72.425533358782346,42.420839270853428],[-72.425474963199505,42.420851558819805],[-72.425416373408424,42.420863282017194],[-72.425357977793837,42.420875570824386],[-72.425300272659996,42.420889540348533],[-72.425244134438302,42.420906872544094],[-72.425188879870504,42.420925883906854],[-72.425132832978775,42.420942652614357],[-72.425074927542099,42.420956061835348],[-72.425016042605947,42.420967224499954],[-72.42495726551337,42.420978948966841],[-72.424899073267639,42.420992360403176],[-72.424841079041187,42.421005770218983],[-72.424783365387967,42.421019173249775],[-72.424725660009202,42.421033143385671],[-72.424668164227725,42.421048235406289],[-72.424610654072268,42.421062762113344],[-72.424553148803099,42.421077292353402],[-72.424495644722498,42.421091822554999],[-72.424438126323139,42.421105791043793],[-72.424380428939855,42.42112031823801],[-72.424322629811712,42.4211342880225],[-72.424283069295967,42.421142483449557]]},"properties":{"OBJECTID":173687,"route_id":"L157419 EB","from_measure":0.54421649999999999,"to_measure":0.98672669999999996,"Route_System":"L","Route_Number":"157419","Route_Direction":"EB","Rd_Seg_ID":null,"Facility":1,"Mile_Count":1,"Urban_Area":"0","Urban_Type":5,"F_F_Class":7,"Jurisdictn":"2","NHS":0,"Fd_Aid_Rd":0,"Control":0,"Num_Lanes":1,"Opp_Lanes":0,"Surface_Tp":2,"Surface_Wd":15,"Shldr_Lt_W":0,"Shldr_Lt_T":0,"Shldr_Rt_W":0,"Shldr_Rt_T":0,"Shldr_UL_W":0,"Shldr_UL_T":0,"Med_Width":0,"Med_Type":0,"Curb":0,"Lt_Sidewlk":0,"Rt_Sidewlk":0,"Pd_Sf_Type":null,"Pd_Fc_Type":null,"Cr_Slope":null,"Path_Width":null,"Operation":2,"Speed_Lim":null,"Op_Dir_SL":null,"Speed_Reg":null,"T_Exc_Type":null,"T_Exc_Time":null,"Trk_Permit":null,"Trk_Netwrk":null,"Truck_Rte":null,"ROW_Width":36,"Toll_Road":null,"MHS":null,"City":272,"Mun_Type":2,"County":11,"Hwy_Dist":2,"RPA":"FRCOG","RTA":"FRTA","MPO":5,"St_Name":"BAKER ROAD","City_Maint":272,"Length":0.44251020000000002,"created_user":"RH","created_date":1785555425000,"last_edited_user":"RH","last_edited_date":1785555425000,"Record_ID":"123589.908169.NE.71.157419","GlobalID":"{DBBE3283-280E-4E6A-AA65-8B7A6345CEC7}","Local_Priority":1,"Oneway":null,"SHAPE.STLength()":712.15281083729701}},{"type":"Feature","id":173688,"geometry":{"type":"LineString","coordinates":[[-72.424283069295967,42.421142483449557],[-72.424205231465393,42.421156052266177],[-72.424145460375982,42.421164972601069],[-72.424085674043283,42.421172768529416],[-72.42402588768266,42.421180563526512],[-72.423966000462471,42.421188359301908],[-72.423906012609294,42.421195589553463],[-72.423846016582914,42.421202261641746],[-72.423785935213786,42.421209497082558],[-72.423726038791472,42.421216168308852],[-72.423666059173783,42.421223965569318],[-72.423606173083115,42.42123176114773],[-72.423546782132249,42.42124067812049],[-72.423487990215875,42.421251839252157],[-72.423429599876513,42.421264122530232],[-72.423371109937023,42.421276410178649],[-72.423312326176813,42.421288133853537],[-72.423253542460557,42.421299861999444],[-72.423195044181853,42.421311583324396],[-72.423136655011135,42.421323870945045],[-72.423078266667105,42.421336715826243],[-72.423020257445458,42.42134956213939],[-72.422962365414335,42.421363528379707],[-72.422904752860532,42.421377495951333],[-72.422846953184106,42.421391465894338],[-72.422788959305294,42.421404870164253],[-72.422730958177539,42.421418278964403],[-72.422672958240199,42.421431687725587],[-72.422614963072633,42.421445091917441],[-72.422551946956389,42.421459665316803]]},"properties":{"OBJECTID":173688,"route_id":"L157419 EB","from_measure":0.98672669999999996,"to_measure":1.0780782,"Route_System":"L","Route_Number":"157419","Route_Direction":"EB","Rd_Seg_ID":null,"Facility":1,"Mile_Count":1,"Urban_Area":"0","Urban_Type":5,"F_F_Class":7,"Jurisdictn":"2","NHS":0,"Fd_Aid_Rd":0,"Control":0,"Num_Lanes":1,"Opp_Lanes":0,"Surface_Tp":2,"Surface_Wd":15,"Shldr_Lt_W":0,"Shldr_Lt_T":0,"Shldr_Rt_W":0,"Shldr_Rt_T":0,"Shldr_UL_W":0,"Shldr_UL_T":0,"Med_Width":0,"Med_Type":0,"Curb":0,"Lt_Sidewlk":0,"Rt_Sidewlk":0,"Pd_Sf_Type":null,"Pd_Fc_Type":null,"Cr_Slope":null,"Path_Width":null,"Operation":2,"Speed_Lim":null,"Op_Dir_SL":null,"Speed_Reg":null,"T_Exc_Type":null,"T_Exc_Time":null,"Trk_Permit":null,"Trk_Netwrk":null,"Truck_Rte":null,"ROW_Width":36,"Toll_Road":null,"MHS":null,"City":272,"Mun_Type":2,"County":11,"Hwy_Dist":2,"RPA":"FRCOG","RTA":"FRTA","MPO":5,"St_Name":"BAKER ROAD","City_Maint":272,"Length":0.091351500000000002,"created_user":"RH","created_date":1785555425000,"last_edited_user":"RH","last_edited_date":1785555425000,"Record_ID":"124006.908272.NE.14.157419","GlobalID":"{FC1FE51D-1BD1-43B2-A2C8-0446E39BBA6A}","Local_Priority":1,"Oneway":null,"SHAPE.STLength()":147.01633028216159}},{"type":"Feature","id":173689,"geometry":{"type":"LineString","coordinates":[[-72.422551946956389,42.421459665316803],[-72.422498967856058,42.421471903853259],[-72.422441061375537,42.421485311747702],[-72.422383167942726,42.42149928220713],[-72.422324872838885,42.421512125956049],[-72.422266281916791,42.421523852049397],[-72.422207200647179,42.421534453041907],[-72.422148206838159,42.421545053303305],[-72.422089220351936,42.421555657076944],[-72.422030045467508,42.421566258727836],[-72.421971252980399,42.421577419084031],[-72.421912755487668,42.421589144247967],[-72.421854366649782,42.421601988507618],[-72.421796069290494,42.421614274708006],[-72.421737873591866,42.421627117361524],[-72.421679578317651,42.4216399661846],[-72.421621289016102,42.421652809528162],[-72.421562798378417,42.421665097156904],[-72.421504300649957,42.421676816711759],[-72.421445809967409,42.421689104280993],[-72.421387622331949,42.421702509390343],[-72.421329613645895,42.421715354840728],[-72.421271719690964,42.421729320239351],[-72.421214012874387,42.421743287712331],[-72.421156212489691,42.421757256805186],[-72.421098305397308,42.421770659522238],[-72.421040109478383,42.421783506323656],[-72.420981423229861,42.421795228019469],[-72.420922933551068,42.421807515312956],[-72.420864434370216,42.421819235452212],[-72.420805757521606,42.421831523282684],[-72.420747360050271,42.421843805247136],[-72.420688962621796,42.421856091683068],[-72.420630572382024,42.421868372629717],[-72.420572183091167,42.421881220739266],[-72.420514080467015,42.421894062925404],[-72.4204558843157,42.421906909431115],[-72.420397788610714,42.421920313301094],[-72.420339685967505,42.421933158999991],[-72.420302897072446,42.421941663108562]]},"properties":{"OBJECTID":173689,"route_id":"L157419 EB","from_measure":1.0780782,"to_measure":1.1978333999999999,"Route_System":"L","Route_Number":"157419","Route_Direction":"EB","Rd_Seg_ID":null,"Facility":1,"Mile_Count":1,"Urban_Area":"0","Urban_Type":5,"F_F_Class":7,"Jurisdictn":"2","NHS":0,"Fd_Aid_Rd":0,"Control":0,"Num_Lanes":1,"Opp_Lanes":0,"Surface_Tp":2,"Surface_Wd":15,"Shldr_Lt_W":0,"Shldr_Lt_T":0,"Shldr_Rt_W":0,"Shldr_Rt_T":0,"Shldr_UL_W":0,"Shldr_UL_T":0,"Med_Width":0,"Med_Type":0,"Curb":0,"Lt_Sidewlk":0,"Rt_Sidewlk":0,"Pd_Sf_Type":null,"Pd_Fc_Type":null,"Cr_Slope":null,"Path_Width":null,"Operation":2,"Speed_Lim":null,"Op_Dir_SL":null,"Speed_Reg":null,"T_Exc_Type":null,"T_Exc_Time":null,"Trk_Permit":null,"Trk_Netwrk":null,"Truck_Rte":null,"ROW_Width":36,"Toll_Road":null,"MHS":null,"City":272,"Mun_Type":2,"County":11,"Hwy_Dist":2,"RPA":"FRCOG","RTA":"FRTA","MPO":5,"St_Name":"BAKER ROAD","City_Maint":272,"Length":0.11975520000000001,"created_user":"RH","created_date":1785555425000,"last_edited_user":"RH","last_edited_date":1785555425000,"Record_ID":"124169.908317.NE.19.157419","GlobalID":"{D0460A04-F246-4B07-A53F-F61EE11927E9}","Local_Priority":1,"Oneway":null,"SHAPE.STLength()":192.72767847785894}},{"type":"Feature","id":173690,"geometry":{"type":"LineString","coordinates":[[-72.420302897072446,42.421941663108562],[-72.420223884208113,42.421960530677715],[-72.420166378328432,42.421975058713656],[-72.420109160067568,42.42199014712039],[-72.420052242776251,42.422005794891334],[-72.419996000376585,42.422022562637537],[-72.419939953236863,42.422039890593865],[-72.419883720182085,42.422057220908535],[-72.419826601410577,42.422072308378425],[-72.419768893961447,42.422086275125849],[-72.419711387810423,42.422100799333187],[-72.419653874395252,42.422115327170907],[-72.419596368243702,42.422129854921593],[-72.419539149706566,42.422144943044437],[-72.419482519775158,42.422161150934066],[-72.419426091188384,42.422177919886018],[-72.419369756128091,42.42219468806308],[-72.419313414949613,42.422211455360838],[-72.419256884545305,42.422227663243788],[-72.419200254467299,42.422243870994237],[-72.419143129223428,42.4222589536718],[-72.419085816891638,42.422274041415626],[-72.419028302295757,42.422288007148993],[-72.418970407373195,42.42230197588944],[-72.418912405748443,42.422315377351858],[-72.418853999346624,42.42232710022239],[-72.41879521167904,42.422338259806224],[-72.418736122977705,42.422348858163566],[-72.418676538316603,42.422357774153426],[-72.418651909133672,42.422361349588321],[-72.418627178147176,42.422364358630148],[-72.418602449327196,42.422367934849476],[-72.418570620401539,42.422372687712361],[-72.418538612601267,42.422378009193729],[-72.418506574134781,42.422381639214123],[-72.41846120732545,42.422382563872503],[-72.418415628870477,42.422381802106131],[-72.418370042266133,42.42238047948895]]},"properties":{"OBJECTID":173690,"route_id":"L157419 EB","from_measure":1.1978333999999999,"to_measure":1.3017529000000001,"Route_System":"L","Route_Number":"157419","Route_Direction":"EB","Rd_Seg_ID":null,"Facility":1,"Mile_Count":1,"Urban_Area":"0","Urban_Type":5,"F_F_Class":7,"Jurisdictn":"2","NHS":0,"Fd_Aid_Rd":0,"Control":0,"Num_Lanes":1,"Opp_Lanes":0,"Surface_Tp":5,"Surface_Wd":14,"Shldr_Lt_W":0,"Shldr_Lt_T":0,"Shldr_Rt_W":0,"Shldr_Rt_T":0,"Shldr_UL_W":0,"Shldr_UL_T":0,"Med_Width":0,"Med_Type":0,"Curb":0,"Lt_Sidewlk":0,"Rt_Sidewlk":0,"Pd_Sf_Type":null,"Pd_Fc_Type":null,"Cr_Slope":null,"Path_Width":null,"Operation":2,"Speed_Lim":null,"Op_Dir_SL":null,"Speed_Reg":null,"T_Exc_Type":null,"T_Exc_Time":null,"Trk_Permit":null,"Trk_Netwrk":null,"Truck_Rte":null,"ROW_Width":36,"Toll_Road":null,"MHS":null,"City":272,"Mun_Type":2,"County":11,"Hwy_Dist":2,"RPA":"FRCOG","RTA":"FRTA","MPO":5,"St_Name":"BAKER ROAD","City_Maint":272,"Length":0.1039195,"created_user":"RH","created_date":1785555425000,"last_edited_user":"RH","last_edited_date":1785555425000,"Record_ID":"124340.908371.NE.16.157419","GlobalID":"{86B31C38-E10E-42B6-A5DA-2461C015DDA0}","Local_Priority":1,"Oneway":null,"SHAPE.STLength()":167.24254354101984}},{"type":"Feature","id":175152,"geometry":{"type":"LineString","coordinates":[[-72.473798629380468,42.417240555092107],[-72.474476151298063,42.417315960537209],[-72.475745892614327,42.418004089971468],[-72.476070437147044,42.418110896366173]]},"properties":{"OBJECTID":175152,"route_id":"L158016 EB","from_measure":0,"to_measure":0.13365160000000001,"Route_System":"L","Route_Number":"158016","Route_Direction":"EB","Rd_Seg_ID":null,"Facility":1,"Mile_Count":1,"Urban_Area":"0","Urban_Type":5,"F_F_Class":7,"Jurisdictn":"2","NHS":0,"Fd_Aid_Rd":0,"Control":0,"Num_Lanes":2,"Opp_Lanes":0,"Surface_Tp":2,"Surface_Wd":16,"Shldr_Lt_W":0,"Shldr_Lt_T":0,"Shldr_Rt_W":0,"Shldr_Rt_T":0,"Shldr_UL_W":0,"Shldr_UL_T":0,"Med_Width":0,"Med_Type":0,"Curb":0,"Lt_Sidewlk":0,"Rt_Sidewlk":0,"Pd_Sf_Type":null,"Pd_Fc_Type":null,"Cr_Slope":null,"Path_Width":null,"Operation":2,"Speed_Lim":null,"Op_Dir_SL":null,"Speed_Reg":null,"T_Exc_Type":null,"T_Exc_Time":null,"Trk_Permit":null,"Trk_Netwrk":null,"Truck_Rte":null,"ROW_Width":50,"Toll_Road":null,"MHS":null,"City":272,"Mun_Type":2,"County":11,"Hwy_Dist":2,"RPA":"FRCOG","RTA":"FRTA","MPO":5,"St_Name":"CUSHMAN ROAD","City_Maint":272,"Length":0.13365160000000001,"created_user":"RH","created_date":1785555425000,"last_edited_user":"RH","last_edited_date":1785555425000,"Record_ID":"119754.907912.NW.21.158016","GlobalID":"{AB2CE82C-7019-44C7-9E69-2445AE6FE8C3}","Local_Priority":1,"Oneway":null,"SHAPE.STLength()":215.09170898122042}},{"type":"Feature","id":175153,"geometry":{"type":"LineString","coordinates":[[-72.476070437147044,42.418110896366173],[-72.47608685540429,42.418138271987402],[-72.47612869948766,42.418198690914856],[-72.476174284315334,42.418255137381088],[-72.476224681019659,42.41830985491152],[-72.476279504245937,42.418362281364026],[-72.476340075801204,42.418411851821304],[-72.476405077519345,42.41845913025508],[-72.476471288979809,42.418505269382671],[-72.476543081148861,42.418555869057322],[-72.476616550639221,42.418604762746035],[-72.476693121238341,42.418651380163695],[-72.476767657710965,42.418689575143006]]},"properties":{"OBJECTID":175153,"route_id":"L158016 EB","from_measure":0.13365160000000001,"to_measure":0.1878387,"Route_System":"L","Route_Number":"158016","Route_Direction":"EB","Rd_Seg_ID":null,"Facility":1,"Mile_Count":1,"Urban_Area":"0","Urban_Type":5,"F_F_Class":7,"Jurisdictn":"2","NHS":0,"Fd_Aid_Rd":0,"Control":0,"Num_Lanes":2,"Opp_Lanes":0,"Surface_Tp":2,"Surface_Wd":16,"Shldr_Lt_W":0,"Shldr_Lt_T":0,"Shldr_Rt_W":0,"Shldr_Rt_T":0,"Shldr_UL_W":0,"Shldr_UL_T":0,"Med_Width":0,"Med_Type":0,"Curb":0,"Lt_Sidewlk":0,"Rt_Sidewlk":0,"Pd_Sf_Type":null,"Pd_Fc_Type":null,"Cr_Slope":null,"Path_Width":null,"Operation":2,"Speed_Lim":null,"Op_Dir_SL":null,"Speed_Reg":null,"T_Exc_Type":null,"T_Exc_Time":null,"Trk_Permit":null,"Trk_Netwrk":null,"Truck_Rte":null,"ROW_Width":50,"Toll_Road":null,"MHS":null,"City":272,"Mun_Type":2,"County":11,"Hwy_Dist":2,"RPA":"FRCOG","RTA":"FRTA","MPO":5,"St_Name":"CUSHMAN ROAD","City_Maint":272,"Length":0.054187100000000002,"created_user":"RH","created_date":1785555425000,"last_edited_user":"RH","last_edited_date":1785555425000,"Record_ID":"119643.908005.NW.87.158016","GlobalID":"{F0843BDF-F73C-4B45-8339-5632DDA34D32}","Local_Priority":1,"Oneway":null,"SHAPE.STLength()":87.206074488525459}},{"type":"Feature","id":175154,"geometry":{"type":"LineString","coordinates":[[-72.476767657710965,42.418689575143006],[-72.476844924832079,42.418726055191073],[-72.476922089864047,42.418761977852547],[-72.478033070659976,42.419284296752139],[-72.478674045201842,42.419523626806495],[-72.478728894832145,42.419540603373811],[-72.478783743276836,42.419557579925275],[-72.47883886492086,42.419573992324764],[-72.478921706972713,42.419596358704631],[-72.479005273596414,42.419616469850546],[-72.479089304106012,42.419636009785712],[-72.479165518078446,42.419653371637217],[-72.479242008820407,42.419670163879168],[-72.479319037002014,42.419684702485888],[-72.479399928162906,42.419697520965272],[-72.479481442914462,42.419708078767201],[-72.479563241805792,42.419718073191042],[-72.479632841443674,42.419725358758335],[-72.479702725181056,42.419732079162415],[-72.479772771315751,42.419737673635709],[-72.479866398293296,42.419745317258666],[-72.479960275925251,42.419750708758862],[-72.480054083742289,42.419751597349631],[-72.480118097543965,42.419747677914351],[-72.480182176016626,42.419741504378379],[-72.480246076085891,42.419735894128777],[-72.480287519960882,42.419733291295827],[-72.480328872933498,42.419731251925484],[-72.480370130857281,42.419728647044991],[-72.481495680695502,42.419535618959252],[-72.481530454731669,42.419531380834329],[-72.481565120411844,42.41952658181966],[-72.481599894508307,42.419522348174837],[-72.481654478936676,42.419516254773214],[-72.481709266543618,42.419510725917654],[-72.481764064248409,42.419506316954894],[-72.481836707071409,42.419501198459791],[-72.481909564579539,42.419498323499603],[-72.481982277279641,42.419497703243593],[-72.482045819507917,42.419499977394821],[-72.482109018779894,42.419504499849111],[-72.48217215078391,42.419510713654304],[-72.48221635528958,42.419514840813733],[-72.482260569663154,42.419519524273269],[-72.482304057076149,42.41952590653149],[-72.48237072560697,42.419539968799647],[-72.482436032636357,42.419557978872973],[-72.482499307374368,42.419579386077729],[-72.482542668222536,42.419596458893331],[-72.482585101408318,42.419614668619431],[-72.482626229198615,42.419634573082128],[-72.482672670040728,42.419660059210855],[-72.482717328162479,42.41968725315224],[-72.482761146959859,42.419715012443859],[-72.482811893839539,42.419748906809879],[-72.482861326606468,42.419783933279241],[-72.482910665876048,42.419818960525902],[-72.4831052195794,42.419931534275449]]},"properties":{"OBJECTID":175154,"route_id":"L158016 EB","from_measure":0.1878387,"to_measure":0.541099,"Route_System":"L","Route_Number":"158016","Route_Direction":"EB","Rd_Seg_ID":null,"Facility":1,"Mile_Count":1,"Urban_Area":"0","Urban_Type":5,"F_F_Class":7,"Jurisdictn":"2","NHS":0,"Fd_Aid_Rd":0,"Control":0,"Num_Lanes":2,"Opp_Lanes":0,"Surface_Tp":2,"Surface_Wd":16,"Shldr_Lt_W":0,"Shldr_Lt_T":0,"Shldr_Rt_W":0,"Shldr_Rt_T":0,"Shldr_UL_W":0,"Shldr_UL_T":0,"Med_Width":0,"Med_Type":0,"Curb":0,"Lt_Sidewlk":0,"Rt_Sidewlk":0,"Pd_Sf_Type":null,"Pd_Fc_Type":null,"Cr_Slope":null,"Path_Width":null,"Operation":2,"Speed_Lim":null,"Op_Dir_SL":null,"Speed_Reg":null,"T_Exc_Type":null,"T_Exc_Time":null,"Trk_Permit":null,"Trk_Netwrk":null,"Truck_Rte":null,"ROW_Width":50,"Toll_Road":null,"MHS":null,"City":272,"Mun_Type":2,"County":11,"Hwy_Dist":2,"RPA":"FRCOG","RTA":"FRTA","MPO":5,"St_Name":"CUSHMAN ROAD","City_Maint":272,"Length":0.35326030000000003,"created_user":"RH","created_date":1785555425000,"last_edited_user":"RH","last_edited_date":1785555425000,"Record_ID":"119355.908154.NW.56.158016","GlobalID":"{7E63B3C8-6E1E-4195-B28E-6741017E0608}","Local_Priority":1,"Oneway":null,"SHAPE.STLength()":568.51835984511547}},{"type":"Feature","id":175155,"geometry":{"type":"LineString","coordinates":[[-72.4831052195794,42.419931534275449],[-72.484272991459861,42.420608613679164],[-72.484876372570639,42.420985530532114],[-72.484940571969148,42.421036180076769],[-72.484979206123711,42.421066803611552],[-72.485004685445105,42.421086845626576],[-72.48506672202312,42.421139206219912],[-72.485135528673325,42.421204451925419],[-72.485201516610445,42.421271977029079],[-72.485270232687,42.421337786133094],[-72.485346967774191,42.421400715741065],[-72.485426534626825,42.421462495650793],[-72.485503192362032,42.421525977717131],[-72.485570248037874,42.421588990040902],[-72.48563459073776,42.421654283570923],[-72.48569806705224,42.421719570078309],[-72.48575374833176,42.421777618058059],[-72.485790924737117,42.421817251658879],[-72.485808784806224,42.421836233335881],[-72.485864564705409,42.421894280417568],[-72.485933576914633,42.421961769299884],[-72.486003655855512,42.422028691702749],[-72.486070801571472,42.422097329999694],[-72.486134773314944,42.422169933470663],[-72.486195841059015,42.422244257097084],[-72.486256918802212,42.422319134305496],[-72.487326079293112,42.423528221619499],[-72.487517505871494,42.423747226054438]]},"properties":{"OBJECTID":175155,"route_id":"L158016 EB","from_measure":0.541099,"to_measure":0.89130580000000004,"Route_System":"L","Route_Number":"158016","Route_Direction":"EB","Rd_Seg_ID":null,"Facility":1,"Mile_Count":1,"Urban_Area":"0","Urban_Type":5,"F_F_Class":7,"Jurisdictn":"2","NHS":0,"Fd_Aid_Rd":0,"Control":0,"Num_Lanes":2,"Opp_Lanes":0,"Surface_Tp":2,"Surface_Wd":16,"Shldr_Lt_W":0,"Shldr_Lt_T":0,"Shldr_Rt_W":0,"Shldr_Rt_T":0,"Shldr_UL_W":0,"Shldr_UL_T":0,"Med_Width":0,"Med_Type":0,"Curb":0,"Lt_Sidewlk":0,"Rt_Sidewlk":0,"Pd_Sf_Type":null,"Pd_Fc_Type":null,"Cr_Slope":null,"Path_Width":null,"Operation":2,"Speed_Lim":null,"Op_Dir_SL":null,"Speed_Reg":null,"T_Exc_Type":null,"T_Exc_Time":null,"Trk_Permit":null,"Trk_Netwrk":null,"Truck_Rte":null,"ROW_Width":50,"Toll_Road":null,"MHS":null,"City":272,"Mun_Type":2,"County":11,"Hwy_Dist":2,"RPA":"FRCOG","RTA":"FRTA","MPO":5,"St_Name":"CUSHMAN ROAD","City_Maint":272,"Length":0.35020679999999998,"created_user":"RH","created_date":1785555425000,"last_edited_user":"RH","last_edited_date":1785555425000,"Record_ID":"118884.908373.NW.56.158016","GlobalID":"{80D1BC1C-3341-428E-8855-E3775D7DC8E8}","Local_Priority":1,"Oneway":null,"SHAPE.STLength()":563.60433339154531}},{"type":"Feature","id":169649,"geometry":{"type":"LineString","coordinates":[[-72.435189243853685,42.47230196528303],[-72.434787744240154,42.472444206875167],[-72.434475948595036,42.47254858449687],[-72.434073198964313,42.472670579474034],[-72.433807907025155,42.472758823742112],[-72.43361702394688,42.472822825065535],[-72.432954197077649,42.473032454350168],[-72.43253868274077,42.473159046099788],[-72.432144677837101,42.473275334751271],[-72.431820008138061,42.473370807076741],[-72.43141586438324,42.473534442251719],[-72.431361580302053,42.473557606644228]]},"properties":{"OBJECTID":169649,"route_id":"L155712 EB","from_measure":0,"to_measure":0.2140832,"Route_System":"L","Route_Number":"155712","Route_Direction":"EB","Rd_Seg_ID":null,"Facility":1,"Mile_Count":1,"Urban_Area":"0","Urban_Type":5,"F_F_Class":7,"Jurisdictn":"0","NHS":0,"Fd_Aid_Rd":0,"Control":0,"Num_Lanes":2,"Opp_Lanes":0,"Surface_Tp":2,"Surface_Wd":18,"Shldr_Lt_W":0,"Shldr_Lt_T":0,"Shldr_Rt_W":0,"Shldr_Rt_T":0,"Shldr_UL_W":0,"Shldr_UL_T":0,"Med_Width":0,"Med_Type":0,"Curb":0,"Lt_Sidewlk":0,"Rt_Sidewlk":0,"Pd_Sf_Type":null,"Pd_Fc_Type":null,"Cr_Slope":null,"Path_Width":null,"Operation":2,"Speed_Lim":null,"Op_Dir_SL":null,"Speed_Reg":null,"T_Exc_Type":null,"T_Exc_Time":null,"Trk_Permit":null,"Trk_Netwrk":null,"Truck_Rte":null,"ROW_Width":30,"Toll_Road":null,"MHS":null,"City":272,"Mun_Type":2,"County":11,"Hwy_Dist":2,"RPA":"FRCOG","RTA":"FRTA","MPO":5,"St_Name":"CARVER ROAD WEST","City_Maint":272,"Length":0.2140832,"created_user":"RH","created_date":1785555425000,"last_edited_user":"RH","last_edited_date":1785555425000,"Record_ID":"123256.914019.NE.34.155712","GlobalID":"{BBB1A2E0-E3D8-46B9-91E4-EA9196366312}","Local_Priority":1,"Oneway":null,"SHAPE.STLength()":344.53423889590192}},{"type":"Feature","id":178441,"geometry":{"type":"LineString","coordinates":[[-72.435189243853685,42.47230196528303],[-72.435286549594494,42.472379953268124],[-72.435410390049952,42.472479104456973],[-72.435535081123788,42.4725776913155],[-72.435660987640617,42.472675138282156],[-72.435748643966406,42.472743077576624],[-72.435786997731441,42.472773146963291],[-72.435912998738061,42.472870598290335],[-72.436039001269549,42.472968044066057],[-72.436164917697326,42.473066053997194],[-72.436290456394744,42.473164070462381],[-72.436414483748152,42.473262656365833],[-72.436538426282056,42.473361810920309],[-72.43666246275717,42.473460959176499],[-72.436786399989685,42.473560113508611],[-72.436910344827368,42.473659262244283],[-72.43703380981141,42.473758420151754],[-72.437156344519678,42.473858704577374],[-72.437278772848757,42.473958432447915],[-72.437401215997454,42.474058722760915],[-72.437523932013804,42.474158443529923],[-72.437650417509246,42.474255884522499],[-72.437776992217891,42.474353328252079],[-72.437903563770448,42.474450205575216],[-72.438030145272535,42.474547644471293],[-72.438156533897683,42.474645090201371],[-72.438281890274951,42.474743101490482],[-72.438407242177362,42.474841112680338],[-72.438532694250256,42.474939127420086],[-72.438658054079141,42.475037700966347],[-72.438791955251034,42.47512889338114],[-72.4389266217093,42.475220080305114],[-72.439061282395883,42.475311261718005],[-72.439153236537337,42.475425299687785],[-72.439226995594581,42.475548493487551],[-72.439308230477252,42.475669371921583],[-72.43939210949695,42.475789666046595],[-72.43947598655835,42.475909398333336],[-72.439580617018919,42.476019396450241],[-72.439691481970868,42.476126526562233],[-72.439802439799593,42.47623366121195],[-72.439902068969744,42.47632681905872],[-72.439915753713393,42.476339646648562],[-72.440029355064496,42.476445634130386],[-72.440142948365789,42.476551055272523],[-72.440177457333817,42.476577781122486],[-72.440268482140127,42.476647938476056],[-72.440411500312166,42.47673173961595],[-72.440554412998992,42.476815536939185],[-72.440684454397896,42.476908445850206],[-72.440792875718273,42.477017286534398],[-72.440897518693305,42.477127846047772],[-72.440972235248296,42.477251025499186],[-72.441046947310952,42.477374210339178],[-72.441121564743895,42.477497391400561],[-72.441196283456392,42.477620575185959],[-72.441271094829133,42.477743754563178],[-72.441312977279821,42.4778126253604],[-72.441525260078436,42.478042720125288],[-72.441599132357226,42.478122018764381],[-72.441628967077818,42.47815384840947],[-72.441717764848732,42.478271847159945],[-72.441764647772303,42.478402011274341],[-72.441779952803216,42.478536370518313],[-72.441778741840039,42.47867142294119],[-72.441746985456405,42.478803916957908],[-72.441688834425335,42.478931561548457],[-72.44165394495846,42.479064076632],[-72.441652146522287,42.479198575643167],[-72.441670969724967,42.479332906121854],[-72.441706679163744,42.479465411411709],[-72.441765695396242,42.47959322286026],[-72.441845602609845,42.479714110312131],[-72.441930435681584,42.479833832956466],[-72.442015175433482,42.479953556300188],[-72.442100016431851,42.480073277852362],[-72.442189754400331,42.480190711232247],[-72.442281010471589,42.48030756403309],[-72.442374435559714,42.480423279039684],[-72.442471362423788,42.480537836342826],[-72.442570352518928,42.480651256704434],[-72.44267274236843,42.480762957490292],[-72.442778532035518,42.480872942292244],[-72.44288893896136,42.480980635746221],[-72.443004061842004,42.48108547884118],[-72.443122470385177,42.481188045961837],[-72.443243134379671,42.48128890642279],[-72.443363998102654,42.48139032781463],[-72.443484769786153,42.481491749833779],[-72.443608074259217,42.48159089661717],[-72.443738720732426,42.48168548520389],[-72.443879781991143,42.481770985263026],[-72.444023739761718,42.481853644360243],[-72.444156539205366,42.481945964970834],[-72.444289161365774,42.482038848673739],[-72.444412189571381,42.482138559557463],[-72.444504197044154,42.482254847146748],[-72.444570885044456,42.482380344383394],[-72.444613793766223,42.482511098040113],[-72.444630917961021,42.482645441906811],[-72.444621148840085,42.482780006231003],[-72.444599304241621,42.482914103244489],[-72.444557272650627,42.48304555766655],[-72.444504186068727,42.483174848312473],[-72.44445986649491,42.483305755147555],[-72.444426500735347,42.483438262960433],[-72.444398941907025,42.483571844048654],[-72.44438260720905,42.483705899431591],[-72.444390710580066,42.48384087991127],[-72.444422632396936,42.483973977103908],[-72.444464889912254,42.484105298796742],[-72.444497099057841,42.484238394507308],[-72.444527127659995,42.484371507178032],[-72.444556197958832,42.484504624091173],[-72.444585180880054,42.484637746211156],[-72.444624022712105,42.484769657618898],[-72.444634904706447,42.484868043026509],[-72.444668910769451,42.484987617542686],[-72.44468913726169,42.485062850584924],[-72.44469797262559,42.485145491995993],[-72.444720239602049,42.48522352446065],[-72.444750307231729,42.485295865152644],[-72.444782899768001,42.485346805562067],[-72.444823187267176,42.485390925172226],[-72.444901976933664,42.485435858952862],[-72.444905031908021,42.485436958385442],[-72.44507746659167,42.485505005669765]]},"properties":{"OBJECTID":178441,"route_id":"L159442 EB","from_measure":0,"to_measure":1.0975511,"Route_System":"L","Route_Number":"159442","Route_Direction":"EB","Rd_Seg_ID":null,"Facility":1,"Mile_Count":1,"Urban_Area":"0","Urban_Type":5,"F_F_Class":7,"Jurisdictn":"2","NHS":0,"Fd_Aid_Rd":0,"Control":0,"Num_Lanes":1,"Opp_Lanes":0,"Surface_Tp":2,"Surface_Wd":14,"Shldr_Lt_W":0,"Shldr_Lt_T":0,"Shldr_Rt_W":0,"Shldr_Rt_T":0,"Shldr_UL_W":0,"Shldr_UL_T":0,"Med_Width":0,"Med_Type":0,"Curb":0,"Lt_Sidewlk":0,"Rt_Sidewlk":0,"Pd_Sf_Type":null,"Pd_Fc_Type":null,"Cr_Slope":null,"Path_Width":null,"Operation":2,"Speed_Lim":null,"Op_Dir_SL":null,"Speed_Reg":null,"T_Exc_Type":null,"T_Exc_Time":null,"Trk_Permit":null,"Trk_Netwrk":null,"Truck_Rte":null,"ROW_Width":30,"Toll_Road":null,"MHS":null,"City":272,"Mun_Type":2,"County":11,"Hwy_Dist":2,"RPA":"FRCOG","RTA":"FRTA","MPO":5,"St_Name":"MONTAGUE ROAD","City_Maint":272,"Length":1.0975511,"created_user":"RH","created_date":1785555425000,"last_edited_user":"RH","last_edited_date":1785555425000,"Record_ID":"122575.914707.NW.17.159442","GlobalID":"{74B43BCF-43D6-4A3E-8919-369DEAA82CFF}","Local_Priority":1,"Oneway":null,"SHAPE.STLength()":1766.3408416788347}},{"type":"Feature","id":178442,"geometry":{"type":"LineString","coordinates":[[-72.425646212167919,42.450378840878592],[-72.425642681478195,42.450416567124591],[-72.425638967023431,42.450454861143307],[-72.42563714181054,42.450492577282603],[-72.4256372497303,42.450519022182959],[-72.425638203734309,42.450545463884431],[-72.425641053012811,42.450571324056995],[-72.425646425197812,42.450601104618507],[-72.425654174978234,42.450630862469261],[-72.425664294217881,42.450660042181646],[-72.425674206614829,42.450681909420247],[-72.425685730779236,42.450703758301579],[-72.425697733950571,42.450725607833235],[-72.425711677059624,42.450750254345969],[-72.425726379895508,42.450774893850138],[-72.425740895558789,42.45079953575712],[-72.425790789922061,42.450892543876158],[-72.425838693314176,42.450985567077197],[-72.42588990490411,42.451077435571186],[-72.425985450450398,42.451220154651537],[-72.426089508016418,42.451359993533252],[-72.426189592994234,42.451500988755704],[-72.426270843388664,42.451633128645845],[-72.426348789440979,42.45176698674004],[-72.426432210605924,42.451898547258757],[-72.426507360364198,42.451997542450712],[-72.426585638521473,42.452095382533514],[-72.426652125928527,42.45219275563268]]},"properties":{"OBJECTID":178442,"route_id":"L159442 NB","from_measure":0,"to_measure":0.13693259999999999,"Route_System":"L","Route_Number":"159442","Route_Direction":"NB","Rd_Seg_ID":null,"Facility":1,"Mile_Count":1,"Urban_Area":"0","Urban_Type":5,"F_F_Class":7,"Jurisdictn":"2","NHS":0,"Fd_Aid_Rd":0,"Control":0,"Num_Lanes":1,"Opp_Lanes":0,"Surface_Tp":2,"Surface_Wd":14,"Shldr_Lt_W":0,"Shldr_Lt_T":0,"Shldr_Rt_W":0,"Shldr_Rt_T":0,"Shldr_UL_W":0,"Shldr_UL_T":0,"Med_Width":0,"Med_Type":0,"Curb":0,"Lt_Sidewlk":0,"Rt_Sidewlk":0,"Pd_Sf_Type":null,"Pd_Fc_Type":null,"Cr_Slope":null,"Path_Width":null,"Operation":2,"Speed_Lim":null,"Op_Dir_SL":null,"Speed_Reg":null,"T_Exc_Type":null,"T_Exc_Time":null,"Trk_Permit":null,"Trk_Netwrk":null,"Truck_Rte":null,"ROW_Width":30,"Toll_Road":null,"MHS":null,"City":272,"Mun_Type":2,"County":11,"Hwy_Dist":2,"RPA":"FRCOG","RTA":"FRTA","MPO":5,"St_Name":"MONTAGUE ROAD","City_Maint":272,"Length":0.13693259999999999,"created_user":"RH","created_date":1785555425000,"last_edited_user":"RH","last_edited_date":1785555425000,"Record_ID":"123823.911612.NW.22.159442","GlobalID":"{E590E6E8-5EEE-49A7-954C-75CB077E6F6F}","Local_Priority":1,"Oneway":null,"SHAPE.STLength()":220.37210723592924}},{"type":"Feature","id":178443,"geometry":{"type":"LineString","coordinates":[[-72.426652125928527,42.45219275563268],[-72.4266835626985,42.452251025670257],[-72.426710029931954,42.452307082203937],[-72.426736869439424,42.452362573040787],[-72.426764619491578,42.452415240368921],[-72.426792649243893,42.452467909940893],[-72.426818029996667,42.452521163517197],[-72.426842640567713,42.452586799871305],[-72.426863292414964,42.452654155261172],[-72.426883271180628,42.452720957869943],[-72.426904304549183,42.452788871975116],[-72.426924771569645,42.452856796035441],[-72.426943534272397,42.452924728405875],[-72.426961503675969,42.452997171416463],[-72.426977667925627,42.453069628051473],[-72.426990423397243,42.453142675713657],[-72.426999418350704,42.453211815676774],[-72.427005562720481,42.453280979481583],[-72.427007438757528,42.453350735832132],[-72.427004927320255,42.453399714090637],[-72.427000423428268,42.45344870478344],[-72.426996495467577,42.453498252634503],[-72.426994577929591,42.453561852572633],[-72.426993711900238,42.453625444046722],[-72.426990934910407,42.453689050899889],[-72.426964889412261,42.453842875273082],[-72.426928492709948,42.453996782938177],[-72.426911555925813,42.454149972185611],[-72.426940219423116,42.454336558826839],[-72.426998135202723,42.454522343729558],[-72.427052923210979,42.454708715566113],[-72.427079105573,42.454823297219342],[-72.427104342204004,42.454937882875143],[-72.427125890370746,42.455053059106582],[-72.427136859924943,42.45512781278088],[-72.427146318370745,42.455202573214763],[-72.427155682017926,42.455277334409743],[-72.427157305008379,42.455290827813847],[-72.427164011290841,42.455346480585462],[-72.427172348828037,42.455416188487163],[-72.427182204686702,42.455485880563764],[-72.427211197698696,42.455623510916659],[-72.427247023043847,42.455760519060242],[-72.427282282044487,42.455897531748541],[-72.427347549410385,42.456189609177521],[-72.427409216232221,42.456482273735979],[-72.427470889770163,42.456774942691837],[-72.427515062716324,42.456982221191787],[-72.427559227702687,42.457188937936372],[-72.427601502314445,42.457396231673066],[-72.42761370043371,42.457457464408158],[-72.42762581936293,42.457519264074428],[-72.427636784878402,42.457580511233736],[-72.427651774308146,42.457688987794981],[-72.427663635609264,42.457798056740458],[-72.427676823204749,42.45790710959843],[-72.427692590665302,42.458010519234428],[-72.427709775925038,42.458113353852518],[-72.427727621384349,42.458216184048759],[-72.427743117498466,42.458301027851277],[-72.427758984625655,42.458385301466208],[-72.427774007910529,42.45847014906996],[-72.427788944115264,42.458562308793354],[-72.427802836114651,42.458654480525105],[-72.427814458160981,42.458747233231605],[-72.427821687549709,42.458832139099492],[-72.427826933921793,42.458917627233689],[-72.427834450324013,42.459002535287084],[-72.427845004052443,42.459080661142515],[-72.427857442508753,42.459158214521693],[-72.427870467935378,42.459236324963726],[-72.427885104903865,42.459321171147806],[-72.427900593234369,42.459405452277963],[-72.427916088656985,42.459490296041359],[-72.427929859661319,42.459567834169938],[-72.427943930795976,42.459645936172969],[-72.427958653844726,42.459723470227289],[-72.427981037511643,42.459831325333617],[-72.428005130898342,42.459938608466878],[-72.428030357361777,42.460045877062214],[-72.428060284586991,42.460168869507172],[-72.428091724241867,42.460291844353833],[-72.428125919154965,42.460414234295122],[-72.428139582156064,42.460458578820123],[-72.428237288708161,42.460914698880259],[-72.428243060514802,42.460938848201501],[-72.428250567241633,42.46097142304793],[-72.428282055909321,42.461103966823742],[-72.428313557776249,42.46123706867337],[-72.4283449613648,42.461370175804547],[-72.428376271457935,42.461503282776889],[-72.428408340273933,42.461636380021012],[-72.428442206450157,42.46176890457415],[-72.428476073918162,42.461901424601983],[-72.428509855035429,42.462034512507785],[-72.428543815253619,42.46216703626299],[-72.428577588316855,42.462299557011974],[-72.428607660470249,42.462432673876663],[-72.428637082077046,42.462566359568278],[-72.428666494239607,42.46269947722957],[-72.428696093838596,42.462832598770561],[-72.428725506328988,42.462965721808963],[-72.428754927138272,42.463099402060891],[-72.428784433494073,42.463232524320411],[-72.428811284399117,42.46336622977276],[-72.428837945933921,42.463499370447373],[-72.428864416516106,42.463633078946614],[-72.428891086604182,42.463766785827389],[-72.428917657121303,42.463900494401592],[-72.428944322505544,42.464034196799133],[-72.428970791352995,42.464167343480248],[-72.428997742747882,42.46430104805323],[-72.429029907913232,42.464434144274421],[-72.429062172965288,42.464567243278843],[-72.4290944238099,42.464699780592497],[-72.429126689080675,42.464832875969002],[-72.429158854854833,42.46496597663711],[-72.429191113400975,42.465098513851288],[-72.429223471470195,42.465231607541654],[-72.42926055866117,42.465363543987571],[-72.429300409553704,42.465495452722053],[-72.429340440638271,42.465627365387846],[-72.429375193426296,42.465742435323094]]},"properties":{"OBJECTID":178443,"route_id":"L159442 NB","from_measure":0.13693259999999999,"to_measure":1.0852774000000001,"Route_System":"L","Route_Number":"159442","Route_Direction":"NB","Rd_Seg_ID":null,"Facility":1,"Mile_Count":1,"Urban_Area":"0","Urban_Type":5,"F_F_Class":7,"Jurisdictn":"2","NHS":0,"Fd_Aid_Rd":0,"Control":0,"Num_Lanes":1,"Opp_Lanes":0,"Surface_Tp":2,"Surface_Wd":14,"Shldr_Lt_W":0,"Shldr_Lt_T":0,"Shldr_Rt_W":0,"Shldr_Rt_T":0,"Shldr_UL_W":0,"Shldr_UL_T":0,"Med_Width":0,"Med_Type":0,"Curb":0,"Lt_Sidewlk":0,"Rt_Sidewlk":0,"Pd_Sf_Type":null,"Pd_Fc_Type":null,"Cr_Slope":null,"Path_Width":null,"Operation":2,"Speed_Lim":null,"Op_Dir_SL":null,"Speed_Reg":null,"T_Exc_Type":null,"T_Exc_Time":null,"Trk_Permit":null,"Trk_Netwrk":null,"Truck_Rte":null,"ROW_Width":30,"Toll_Road":null,"MHS":null,"City":272,"Mun_Type":2,"County":11,"Hwy_Dist":2,"RPA":"FRCOG","RTA":"FRTA","MPO":5,"St_Name":"MONTAGUE ROAD","City_Maint":272,"Length":0.94834479999999999,"created_user":"RH","created_date":1785555425000,"last_edited_user":"RH","last_edited_date":1785555425000,"Record_ID":"123687.912464.NW.15.159442","GlobalID":"{BBFEC915-624C-4613-8E8A-89AE10D593EB}","Local_Priority":1,"Oneway":null,"SHAPE.STLength()":1526.2160364027479}},{"type":"Feature","id":178444,"geometry":{"type":"LineString","coordinates":[[-72.429375193426296,42.465742435323094],[-72.429420315002119,42.465890624088594],[-72.429460165345048,42.466022532759844],[-72.429500197097425,42.466154445352338],[-72.429534927538015,42.466286957994534],[-72.429568985815934,42.466419480548232],[-72.429602950614765,42.466552003842843],[-72.429637023460927,42.46668508354341],[-72.429670988545496,42.466817606808931],[-72.429720395299427,42.466947189276489],[-72.429776161535244,42.467076157701243],[-72.429831919727704,42.467204564368792],[-72.429903559663771,42.467327780376287],[-72.429989584171452,42.467446940466317],[-72.43007560291116,42.467566099637331],[-72.430161628054876,42.467685258691404],[-72.430247747147121,42.467804416921624],[-72.43033404552321,42.46792301094569],[-72.43042658727029,42.468039863701108],[-72.430519028726948,42.468156159000152],[-72.430611570228109,42.468272453416184],[-72.430704011070404,42.468388743168475],[-72.4307965471735,42.468505037478089],[-72.430888994856062,42.468621332427098],[-72.430981539869308,42.468738184705984],[-72.43107398337014,42.46885447953894],[-72.431166519541577,42.468970768146093],[-72.431258969803238,42.469087062774506],[-72.431363202361482,42.469197634248466],[-72.431469046594387,42.469307629904421],[-72.431574891182763,42.469417624559789],[-72.431680734937274,42.469527620024856],[-72.431786580209945,42.469637610878742],[-72.431893936312406,42.46974703122315],[-72.432001663853853,42.469855885769888],[-72.432109299368989,42.469964741860693],[-72.432217129519969,42.470074153566856],[-72.432325136844526,42.470182443754659],[-72.432456014157623,42.470276479622783],[-72.432586813837915,42.470371078664222],[-72.432717699240655,42.470465115071626],[-72.43284848532555,42.470559152135394],[-72.432979370278417,42.470653187350642],[-72.433111760093183,42.470746081243142],[-72.433247711692047,42.470836139871324],[-72.433383670894628,42.470926192876711],[-72.433519437148107,42.471016247286116],[-72.43365539597653,42.471106304477537],[-72.433787313578392,42.471199205926986],[-72.433914532954375,42.47129608235938],[-72.434041760016427,42.471392958589647],[-72.434169079868823,42.471489833027547],[-72.43429554171982,42.471586719685263],[-72.434419477570316,42.471685872060938],[-72.434543407783437,42.471785027950865],[-72.434667158368597,42.471884181564178],[-72.434790995729941,42.471983337942291],[-72.434914927043607,42.472082488924009],[-72.435038864906275,42.472181645121758],[-72.435162610953569,42.472280797341874],[-72.435189243853685,42.47230196528303]]},"properties":{"OBJECTID":178444,"route_id":"L159442 NB","from_measure":1.0852774000000001,"to_measure":1.6382931999999999,"Route_System":"L","Route_Number":"159442","Route_Direction":"NB","Rd_Seg_ID":null,"Facility":1,"Mile_Count":1,"Urban_Area":"0","Urban_Type":5,"F_F_Class":7,"Jurisdictn":"2","NHS":0,"Fd_Aid_Rd":0,"Control":0,"Num_Lanes":1,"Opp_Lanes":0,"Surface_Tp":2,"Surface_Wd":14,"Shldr_Lt_W":0,"Shldr_Lt_T":0,"Shldr_Rt_W":0,"Shldr_Rt_T":0,"Shldr_UL_W":0,"Shldr_UL_T":0,"Med_Width":0,"Med_Type":0,"Curb":0,"Lt_Sidewlk":0,"Rt_Sidewlk":0,"Pd_Sf_Type":null,"Pd_Fc_Type":null,"Cr_Slope":null,"Path_Width":null,"Operation":2,"Speed_Lim":null,"Op_Dir_SL":null,"Speed_Reg":null,"T_Exc_Type":null,"T_Exc_Time":null,"Trk_Permit":null,"Trk_Netwrk":null,"Truck_Rte":null,"ROW_Width":30,"Toll_Road":null,"MHS":null,"City":272,"Mun_Type":2,"County":11,"Hwy_Dist":2,"RPA":"FRCOG","RTA":"FRTA","MPO":5,"St_Name":"MONTAGUE ROAD","City_Maint":272,"Length":0.55301579999999995,"created_user":"RH","created_date":1785555425000,"last_edited_user":"RH","last_edited_date":1785555425000,"Record_ID":"123393.913625.NW.88.159442","GlobalID":"{F1E3EE5D-E6D0-4886-9534-0F1542441272}","Local_Priority":1,"Oneway":null,"SHAPE.STLength()":889.99442345250338}},{"type":"Feature","id":182814,"geometry":{"type":"LineString","coordinates":[[-72.434319367312852,42.435274672869838],[-72.433477403259573,42.434978769521337],[-72.433056864653381,42.434864015182001]]},"properties":{"OBJECTID":182814,"route_id":"L161391 EB","from_measure":0,"to_measure":0.070560200000000003,"Route_System":"L","Route_Number":"161391","Route_Direction":"EB","Rd_Seg_ID":null,"Facility":1,"Mile_Count":1,"Urban_Area":"0","Urban_Type":5,"F_F_Class":7,"Jurisdictn":"2","NHS":0,"Fd_Aid_Rd":0,"Control":0,"Num_Lanes":1,"Opp_Lanes":0,"Surface_Tp":2,"Surface_Wd":13,"Shldr_Lt_W":0,"Shldr_Lt_T":0,"Shldr_Rt_W":0,"Shldr_Rt_T":0,"Shldr_UL_W":0,"Shldr_UL_T":0,"Med_Width":0,"Med_Type":0,"Curb":0,"Lt_Sidewlk":0,"Rt_Sidewlk":0,"Pd_Sf_Type":null,"Pd_Fc_Type":null,"Cr_Slope":null,"Path_Width":null,"Operation":2,"Speed_Lim":null,"Op_Dir_SL":null,"Speed_Reg":null,"T_Exc_Type":null,"T_Exc_Time":null,"Trk_Permit":null,"Trk_Netwrk":null,"Truck_Rte":null,"ROW_Width":34,"Toll_Road":null,"MHS":null,"City":272,"Mun_Type":2,"County":11,"Hwy_Dist":2,"RPA":"FRCOG","RTA":"FRTA","MPO":5,"St_Name":"LEONARD ROAD","City_Maint":272,"Length":0.070560200000000003,"created_user":"RH","created_date":1785555425000,"last_edited_user":"RH","last_edited_date":1785555425000,"Record_ID":"123175.909812.SE.11.161391","GlobalID":"{7BBC6B33-B66F-47FF-977A-36AA1B87694E}","Local_Priority":1,"Oneway":null,"SHAPE.STLength()":113.55581240957451}},{"type":"Feature","id":182815,"geometry":{"type":"LineString","coordinates":[[-72.433056864653381,42.434864015182001],[-72.432874584111701,42.434814283947937],[-72.432595692684259,42.434729886808604],[-72.43252033808497,42.434693924464781],[-72.432426217565961,42.434634476232688],[-72.432368260139384,42.434593306825136],[-72.432326040744783,42.434550885460659],[-72.432303639598572,42.434531932419333],[-72.432273406049376,42.434510234703808],[-72.432234401761946,42.434485788201009],[-72.432194359527159,42.43446191638742],[-72.432154218887263,42.434438045356664],[-72.432114361637375,42.434413609320096],[-72.432068344002445,42.434383599761553],[-72.432022975508673,42.434353018631185],[-72.431976308523588,42.434324134286037],[-72.431925751569906,42.434295281406591],[-72.431873780978393,42.434267569843236],[-72.431820973844637,42.434240985020253],[-72.431775931610019,42.434219407918761],[-72.431730332533704,42.43419839260163],[-72.431683976179059,42.434177946092021],[-72.431623418773555,42.43415367738352],[-72.431561747616044,42.434131105747682],[-72.431498600162811,42.434111361311878],[-72.431440259748697,42.434096077736577],[-72.431380914706324,42.43408305214912],[-72.431321474952355,42.434070030898624],[-72.431258387875346,42.434054785625086],[-72.431195392186368,42.434038976880302],[-72.431132217673223,42.434023732245137],[-72.431053528988059,42.434006358634996],[-72.430974756344312,42.433989552849503],[-72.43089726472202,42.433969362267689],[-72.430837921062547,42.433950144914753],[-72.430779405699766,42.433929234543029],[-72.430720147465635,42.433909458243086],[-72.430667127752358,42.433894131269277],[-72.430613263252781,42.433879373796842],[-72.430558860735019,42.433866869637939],[-72.430496883256581,42.433855555666668],[-72.430433977908379,42.433845937253366],[-72.430371352226771,42.433835748446405],[-72.430278490188002,42.43381680704254],[-72.430185896161532,42.433796170804158],[-72.430092587544635,42.433778919151393],[-72.430039397244059,42.433771471036259],[-72.429985944000862,42.433765149515516],[-72.42993285458931,42.433757700536439],[-72.429896386758529,42.433751241790326],[-72.429860025889312,42.433744783069201],[-72.42982412345205,42.43373776153809],[-72.429798194429949,42.433730655856337],[-72.429772451331758,42.43372354776713],[-72.429746253285813,42.43371756874123],[-72.429712374472913,42.43371277622385],[-72.429677883313914,42.433710805730541],[-72.429643287633326,42.433708835170577],[-72.429608906594808,42.433707988262618],[-72.429574434172366,42.433707703879591],[-72.429539853770237,42.433706854059004],[-72.429299136894613,42.433712176024599],[-72.428973855258064,42.433726614864085]]},"properties":{"OBJECTID":182815,"route_id":"L161391 EB","from_measure":0.070560200000000003,"to_measure":0.30034270000000002,"Route_System":"L","Route_Number":"161391","Route_Direction":"EB","Rd_Seg_ID":null,"Facility":1,"Mile_Count":1,"Urban_Area":"0","Urban_Type":5,"F_F_Class":7,"Jurisdictn":"2","NHS":0,"Fd_Aid_Rd":0,"Control":0,"Num_Lanes":1,"Opp_Lanes":0,"Surface_Tp":2,"Surface_Wd":13,"Shldr_Lt_W":0,"Shldr_Lt_T":0,"Shldr_Rt_W":0,"Shldr_Rt_T":0,"Shldr_UL_W":0,"Shldr_UL_T":0,"Med_Width":0,"Med_Type":0,"Curb":0,"Lt_Sidewlk":0,"Rt_Sidewlk":0,"Pd_Sf_Type":null,"Pd_Fc_Type":null,"Cr_Slope":null,"Path_Width":null,"Operation":2,"Speed_Lim":null,"Op_Dir_SL":null,"Speed_Reg":null,"T_Exc_Type":null,"T_Exc_Time":null,"Trk_Permit":null,"Trk_Netwrk":null,"Truck_Rte":null,"ROW_Width":34,"Toll_Road":null,"MHS":null,"City":272,"Mun_Type":2,"County":11,"Hwy_Dist":2,"RPA":"FRCOG","RTA":"FRTA","MPO":5,"St_Name":"LEONARD ROAD","City_Maint":272,"Length":0.2297825,"created_user":"RH","created_date":1785555425000,"last_edited_user":"RH","last_edited_date":1785555425000,"Record_ID":"123386.909695.SE.36.161391","GlobalID":"{C497FBCD-774B-48E4-AD1A-D28E39A9259F}","Local_Priority":1,"Oneway":null,"SHAPE.STLength()":369.7998056334232}},{"type":"Feature","id":171619,"geometry":{"type":"LineString","coordinates":[[-72.485834449125804,42.41660261835365],[-72.485724170999788,42.416625191316605],[-72.48570997488433,42.416627571803168],[-72.485651171872021,42.416637073202544],[-72.485578267678605,42.416649512431569],[-72.484635023680056,42.416767880194861]]},"properties":{"OBJECTID":171619,"route_id":"L156543 EB","from_measure":0,"to_measure":0.062426200000000001,"Route_System":"L","Route_Number":"156543","Route_Direction":"EB","Rd_Seg_ID":null,"Facility":1,"Mile_Count":1,"Urban_Area":"0","Urban_Type":5,"F_F_Class":7,"Jurisdictn":"0","NHS":0,"Fd_Aid_Rd":0,"Control":0,"Num_Lanes":2,"Opp_Lanes":0,"Surface_Tp":6,"Surface_Wd":30,"Shldr_Lt_W":0,"Shldr_Lt_T":0,"Shldr_Rt_W":3,"Shldr_Rt_T":2,"Shldr_UL_W":0,"Shldr_UL_T":0,"Med_Width":0,"Med_Type":0,"Curb":0,"Lt_Sidewlk":0,"Rt_Sidewlk":0,"Pd_Sf_Type":null,"Pd_Fc_Type":null,"Cr_Slope":null,"Path_Width":null,"Operation":2,"Speed_Lim":null,"Op_Dir_SL":null,"Speed_Reg":null,"T_Exc_Type":null,"T_Exc_Time":null,"Trk_Permit":null,"Trk_Netwrk":null,"Truck_Rte":null,"ROW_Width":40,"Toll_Road":null,"MHS":null,"City":272,"Mun_Type":2,"County":11,"Hwy_Dist":2,"RPA":"FRCOG","RTA":"FRTA","MPO":5,"St_Name":"HIGH POINT DRIVE","City_Maint":272,"Length":0.062426200000000001,"created_user":"RH","created_date":1785555425000,"last_edited_user":"RH","last_edited_date":1785555425000,"Record_ID":"118911.907820.NE.10.156543","GlobalID":"{053B9EB3-BC9F-4C21-85CD-39805DC9382B}","Local_Priority":1,"Oneway":null,"SHAPE.STLength()":100.46531854881096}},{"type":"Feature","id":185046,"geometry":{"type":"LineString","coordinates":[[-72.414524600925787,42.476727979564842],[-72.414078296903682,42.476956597281735],[-72.413734641297651,42.477128691997947],[-72.413618338865319,42.477233711969852],[-72.41356101747246,42.477343330201869],[-72.413459122411183,42.477426289045248],[-72.413232164082757,42.477520933814098],[-72.41281408729661,42.477639033688675]]},"properties":{"OBJECTID":185046,"route_id":"L162413 EB","from_measure":0,"to_measure":0.1103273,"Route_System":"L","Route_Number":"162413","Route_Direction":"EB","Rd_Seg_ID":null,"Facility":1,"Mile_Count":1,"Urban_Area":"0","Urban_Type":5,"F_F_Class":7,"Jurisdictn":"2","NHS":0,"Fd_Aid_Rd":0,"Control":0,"Num_Lanes":1,"Opp_Lanes":0,"Surface_Tp":5,"Surface_Wd":10,"Shldr_Lt_W":0,"Shldr_Lt_T":0,"Shldr_Rt_W":0,"Shldr_Rt_T":0,"Shldr_UL_W":0,"Shldr_UL_T":0,"Med_Width":0,"Med_Type":0,"Curb":0,"Lt_Sidewlk":0,"Rt_Sidewlk":0,"Pd_Sf_Type":null,"Pd_Fc_Type":null,"Cr_Slope":null,"Path_Width":null,"Operation":2,"Speed_Lim":null,"Op_Dir_SL":null,"Speed_Reg":null,"T_Exc_Type":null,"T_Exc_Time":null,"Trk_Permit":null,"Trk_Netwrk":null,"Truck_Rte":null,"ROW_Width":32,"Toll_Road":null,"MHS":null,"City":272,"Mun_Type":2,"County":11,"Hwy_Dist":2,"RPA":"FRCOG","RTA":"FRTA","MPO":5,"St_Name":"STOWELL ROAD","City_Maint":272,"Length":0.1103273,"created_user":"RH","created_date":1785555425000,"last_edited_user":"RH","last_edited_date":1785555425000,"Record_ID":"124873.914474.NE.17.162413","GlobalID":"{9811FEC6-4198-4C10-B376-33598A9A2716}","Local_Priority":1,"Oneway":null,"SHAPE.STLength()":177.55495600419374}},{"type":"Feature","id":210331,"geometry":{"type":"LineString","coordinates":[[-72.487967608570955,42.425657642869936],[-72.487850963639488,42.425701379548741],[-72.487795700077854,42.425719296630398],[-72.487728746897261,42.425736189472296],[-72.487660419231716,42.42575028235175],[-72.487591997890362,42.425764370592013],[-72.486496179527222,42.426000538670102],[-72.486428608004687,42.426026438394878],[-72.48636112998804,42.426052337278186],[-72.486293946242242,42.426078796303223],[-72.486208649140409,42.426112725593484],[-72.486124034228425,42.426147778883561],[-72.486041834852145,42.426185617733559],[-72.485969221266274,42.426223379830859],[-72.485898461934596,42.426263937715923],[-72.485860660865271,42.426287333143172],[-72.48583019302653,42.426306161439108],[-72.485801409797986,42.426325475882265]]},"properties":{"OBJECTID":210331,"route_id":"L173268 NB","from_measure":0,"to_measure":0.12116970000000001,"Route_System":"L","Route_Number":"173268","Route_Direction":"NB","Rd_Seg_ID":null,"Facility":1,"Mile_Count":1,"Urban_Area":"0","Urban_Type":5,"F_F_Class":7,"Jurisdictn":"2","NHS":0,"Fd_Aid_Rd":0,"Control":0,"Num_Lanes":2,"Opp_Lanes":0,"Surface_Tp":2,"Surface_Wd":18,"Shldr_Lt_W":0,"Shldr_Lt_T":0,"Shldr_Rt_W":0,"Shldr_Rt_T":0,"Shldr_UL_W":0,"Shldr_UL_T":0,"Med_Width":0,"Med_Type":0,"Curb":0,"Lt_Sidewlk":0,"Rt_Sidewlk":0,"Pd_Sf_Type":null,"Pd_Fc_Type":null,"Cr_Slope":null,"Path_Width":null,"Operation":2,"Speed_Lim":null,"Op_Dir_SL":null,"Speed_Reg":null,"T_Exc_Type":null,"T_Exc_Time":null,"Trk_Permit":null,"Trk_Netwrk":null,"Truck_Rte":null,"ROW_Width":48,"Toll_Road":null,"MHS":null,"City":272,"Mun_Type":2,"County":11,"Hwy_Dist":2,"RPA":"FRCOG","RTA":"FRTA","MPO":5,"St_Name":"JANUARY HILLS ROAD","City_Maint":272,"Length":0.12116970000000001,"created_user":"RH","created_date":1785555425000,"last_edited_user":"RH","last_edited_date":1785555425000,"Record_ID":"118790.908847.NE.19.173268","GlobalID":"{90C81D96-A09B-4B7D-8858-D2638479237F}","Local_Priority":1,"Oneway":null,"SHAPE.STLength()":195.00406864373855}},{"type":"Feature","id":210332,"geometry":{"type":"LineString","coordinates":[[-72.485801409797986,42.426325475882265],[-72.485758918628463,42.426353988365754],[-72.485703865775122,42.426393900256819],[-72.485644967124543,42.426440547062164],[-72.485590257072275,42.426487720680697],[-72.48553851741508,42.426536556052241],[-72.485491567672426,42.426588162110846],[-72.485455947956694,42.426635734048439],[-72.485424158007746,42.42668552310419],[-72.485392358033877,42.426734750433489],[-72.484866751950989,42.427471326002042],[-72.484597788418583,42.427794929727391]]},"properties":{"OBJECTID":210332,"route_id":"L173268 NB","from_measure":0.12116970000000001,"to_measure":0.24038090000000001,"Route_System":"L","Route_Number":"173268","Route_Direction":"NB","Rd_Seg_ID":null,"Facility":1,"Mile_Count":1,"Urban_Area":"0","Urban_Type":5,"F_F_Class":7,"Jurisdictn":"2","NHS":0,"Fd_Aid_Rd":0,"Control":0,"Num_Lanes":2,"Opp_Lanes":0,"Surface_Tp":2,"Surface_Wd":16,"Shldr_Lt_W":0,"Shldr_Lt_T":0,"Shldr_Rt_W":0,"Shldr_Rt_T":0,"Shldr_UL_W":0,"Shldr_UL_T":0,"Med_Width":0,"Med_Type":0,"Curb":0,"Lt_Sidewlk":0,"Rt_Sidewlk":0,"Pd_Sf_Type":null,"Pd_Fc_Type":null,"Cr_Slope":null,"Path_Width":null,"Operation":2,"Speed_Lim":null,"Op_Dir_SL":null,"Speed_Reg":null,"T_Exc_Type":null,"T_Exc_Time":null,"Trk_Permit":null,"Trk_Netwrk":null,"Truck_Rte":null,"ROW_Width":48,"Toll_Road":null,"MHS":null,"City":272,"Mun_Type":2,"County":11,"Hwy_Dist":2,"RPA":"FRCOG","RTA":"FRTA","MPO":5,"St_Name":"JANUARY HILLS ROAD","City_Maint":272,"Length":0.1192112,"created_user":"RH","created_date":1785555425000,"last_edited_user":"RH","last_edited_date":1785555425000,"Record_ID":"118930.908970.NE.19.173268","GlobalID":"{347DD9BB-4265-46E9-A127-0462CBB67252}","Local_Priority":1,"Oneway":null,"SHAPE.STLength()":191.85228565930953}},{"type":"Feature","id":210333,"geometry":{"type":"LineString","coordinates":[[-72.484597788418583,42.427794929727391],[-72.48412611906835,42.428362225949371],[-72.484112780270365,42.428377532934661]]},"properties":{"OBJECTID":210333,"route_id":"L173268 NB","from_measure":0.24038090000000001,"to_measure":0.28762549999999998,"Route_System":"L","Route_Number":"173268","Route_Direction":"NB","Rd_Seg_ID":null,"Facility":1,"Mile_Count":1,"Urban_Area":"0","Urban_Type":5,"F_F_Class":7,"Jurisdictn":"2","NHS":0,"Fd_Aid_Rd":0,"Control":0,"Num_Lanes":2,"Opp_Lanes":0,"Surface_Tp":2,"Surface_Wd":16,"Shldr_Lt_W":0,"Shldr_Lt_T":0,"Shldr_Rt_W":0,"Shldr_Rt_T":0,"Shldr_UL_W":0,"Shldr_UL_T":0,"Med_Width":0,"Med_Type":0,"Curb":0,"Lt_Sidewlk":0,"Rt_Sidewlk":0,"Pd_Sf_Type":null,"Pd_Fc_Type":null,"Cr_Slope":null,"Path_Width":null,"Operation":2,"Speed_Lim":null,"Op_Dir_SL":null,"Speed_Reg":null,"T_Exc_Type":null,"T_Exc_Time":null,"Trk_Permit":null,"Trk_Netwrk":null,"Truck_Rte":null,"ROW_Width":48,"Toll_Road":null,"MHS":null,"City":272,"Mun_Type":2,"County":11,"Hwy_Dist":2,"RPA":"FRCOG","RTA":"FRTA","MPO":5,"St_Name":"JANUARY HILLS ROAD","City_Maint":272,"Length":0.047244599999999998,"created_user":"RH","created_date":1785555425000,"last_edited_user":"RH","last_edited_date":1785555425000,"Record_ID":"118998.909085.NE.76.173268","GlobalID":"{91C1AFFD-9A7E-4B1D-B9B0-E740793909C9}","Local_Priority":1,"Oneway":null,"SHAPE.STLength()":76.032928605755842}},{"type":"Feature","id":20212,"geometry":{"type":"LineString","coordinates":[[-72.397454696123987,42.424295420015504],[-72.397369741219109,42.424276385171964],[-72.397284792517411,42.424257355619595],[-72.397198315126559,42.424245085777471],[-72.397171141856816,42.424243610355859],[-72.397143969803324,42.424242134918394],[-72.39711671893879,42.424241784581703],[-72.397110074986742,42.424241836355613]]},"properties":{"OBJECTID":20212,"route_id":"L026126 NB","from_measure":0,"to_measure":0.018099199999999999,"Route_System":"L","Route_Number":"026126","Route_Direction":"NB","Rd_Seg_ID":null,"Facility":1,"Mile_Count":0,"Urban_Area":"0","Urban_Type":5,"F_F_Class":7,"Jurisdictn":"0","NHS":0,"Fd_Aid_Rd":0,"Control":0,"Num_Lanes":0,"Opp_Lanes":0,"Surface_Tp":0,"Surface_Wd":0,"Shldr_Lt_W":0,"Shldr_Lt_T":0,"Shldr_Rt_W":0,"Shldr_Rt_T":0,"Shldr_UL_W":0,"Shldr_UL_T":0,"Med_Width":0,"Med_Type":0,"Curb":null,"Lt_Sidewlk":0,"Rt_Sidewlk":0,"Pd_Sf_Type":null,"Pd_Fc_Type":null,"Cr_Slope":null,"Path_Width":null,"Operation":2,"Speed_Lim":null,"Op_Dir_SL":null,"Speed_Reg":null,"T_Exc_Type":null,"T_Exc_Time":null,"Trk_Permit":null,"Trk_Netwrk":null,"Truck_Rte":null,"ROW_Width":null,"Toll_Road":null,"MHS":null,"City":272,"Mun_Type":2,"County":11,"Hwy_Dist":2,"RPA":"FRCOG","RTA":"FRTA","MPO":5,"St_Name":"","City_Maint":272,"Length":0.018099199999999999,"created_user":"RH","created_date":1785555425000,"last_edited_user":"RH","last_edited_date":1785555425000,"Record_ID":"126158.908581.SE.29.026126","GlobalID":"{E7EA179C-E091-426C-A804-D7E03F7B5A76}","Local_Priority":1,"Oneway":null,"SHAPE.STLength()":29.127869098049501}},{"type":"Feature","id":215207,"geometry":{"type":"LineString","coordinates":[[-72.452036234451541,42.444173634248884],[-72.451732882308775,42.444266342606788],[-72.451564527863013,42.44431837574507],[-72.4514659627703,42.444344510645919],[-72.45139332328722,42.444364240704175],[-72.451220665035436,42.444407872924678],[-72.45104682648595,42.444448697541247],[-72.450871099254314,42.444484472307927],[-72.450696069338235,42.444521927340382],[-72.45052222405856,42.444562751214093],[-72.450348477018778,42.444603574912726],[-72.450175219460803,42.444645517903027],[-72.450001869312487,42.444687462294439],[-72.44983018749204,42.444732771549205],[-72.449662893575834,42.444786479423406],[-72.449495412328844,42.44483963130039],[-72.449328031548205,42.444893339398241],[-72.449165899267271,42.444955448956215],[-72.449100746292402,42.444980181927718],[-72.449003951485665,42.445016994964789],[-72.448841918154841,42.445079097842203],[-72.448681436473947,42.445143442997384],[-72.448521045685538,42.445207224479141],[-72.448360563352338,42.445271569185138],[-72.448196868775341,42.445330874034681],[-72.448033086364475,42.44539017847088],[-72.447866767495142,42.445445568267267],[-72.447697917026318,42.445496474373563],[-72.447527893653287,42.44554513999072],[-72.447356891808511,42.445592127111944],[-72.447185984434682,42.445639107797753],[-72.447013016087141,42.445681611699783],[-72.44683955889117,42.445722984060801],[-72.446663344551652,42.445758198156057],[-72.446483789355923,42.445779366604292],[-72.446302523593843,42.445794362759251],[-72.446121365827508,42.445809919537723],[-72.445999963460736,42.445820481809264]]},"properties":{"OBJECTID":215207,"route_id":"L175457 EB","from_measure":0,"to_measure":0.33055830000000003,"Route_System":"L","Route_Number":"175457","Route_Direction":"EB","Rd_Seg_ID":null,"Facility":1,"Mile_Count":1,"Urban_Area":"0","Urban_Type":5,"F_F_Class":7,"Jurisdictn":"2","NHS":0,"Fd_Aid_Rd":0,"Control":0,"Num_Lanes":1,"Opp_Lanes":0,"Surface_Tp":2,"Surface_Wd":15,"Shldr_Lt_W":0,"Shldr_Lt_T":0,"Shldr_Rt_W":0,"Shldr_Rt_T":0,"Shldr_UL_W":0,"Shldr_UL_T":0,"Med_Width":0,"Med_Type":0,"Curb":0,"Lt_Sidewlk":0,"Rt_Sidewlk":0,"Pd_Sf_Type":null,"Pd_Fc_Type":null,"Cr_Slope":null,"Path_Width":null,"Operation":2,"Speed_Lim":null,"Op_Dir_SL":null,"Speed_Reg":null,"T_Exc_Type":null,"T_Exc_Time":null,"Trk_Permit":null,"Trk_Netwrk":null,"Truck_Rte":null,"ROW_Width":60,"Toll_Road":null,"MHS":null,"City":272,"Mun_Type":2,"County":11,"Hwy_Dist":2,"RPA":"FRCOG","RTA":"FRTA","MPO":5,"St_Name":"PRATT CORNER ROAD","City_Maint":272,"Length":0.33055830000000003,"created_user":"RH","created_date":1785555425000,"last_edited_user":"RH","last_edited_date":1785555425000,"Record_ID":"121926.910932.NE.53.175457","GlobalID":"{FC0250B7-E9F7-4A6D-A3C2-B121E61FE012}","Local_Priority":1,"Oneway":null,"SHAPE.STLength()":531.98302573315721}},{"type":"Feature","id":215208,"geometry":{"type":"LineString","coordinates":[[-72.445999963460736,42.445820481809264],[-72.445940301495469,42.445825470761456],[-72.445762296816568,42.445855070304297],[-72.445584479072267,42.445884662633645],[-72.445406559230662,42.445913698229766],[-72.445228951306134,42.445944417280053],[-72.44505124348629,42.445975133273308],[-72.444873635229712,42.44600585267542],[-72.444696110694935,42.446036003916504],[-72.444518502094539,42.446066722770453],[-72.444339983461887,42.446094069027623],[-72.444161472048364,42.446121420349321],[-72.443982961527809,42.446149329581026],[-72.443805142121775,42.446178919160914],[-72.443627634682642,42.44621019850095],[-72.443450310696448,42.446240912465619],[-72.443277044081924,42.446282845961072],[-72.443105455014049,42.446328701633135],[-72.442932281521692,42.446370633842569],[-72.442757343729383,42.446408643154705],[-72.4425813016191,42.446442720558892],[-72.442400757826746,42.446461640814931],[-72.442220213926262,42.446480560787869],[-72.442044482176001,42.446516325619022],[-72.441869147383699,42.446553207825602],[-72.441692818752699,42.446587286206537],[-72.441514110254815,42.44661463051068],[-72.441335689739063,42.446641976683672],[-72.441167506355299,42.446693992171518],[-72.441004271860834,42.446752720234471],[-72.44085653832056,42.446832143004059],[-72.440708895713755,42.446911003040391],[-72.440562030233039,42.446991542825309],[-72.440416216927886,42.447072069324818],[-72.440270885669179,42.447153726095742],[-72.440128453440906,42.447238166193578],[-72.439986013538956,42.447322606173032],[-72.439843472587398,42.447406489501432],[-72.439703636162875,42.447493156860837],[-72.439564182165157,42.447580388123505],[-72.439424624618979,42.447667058260798],[-72.439282096508066,42.447751498064541],[-72.439137817057272,42.447833702083209],[-72.438993551738889,42.447916472999083],[-72.43884821663174,42.447998123456465],[-72.438697390911258,42.448074189714355],[-72.438571546958528,42.448137675562066],[-72.438376843695281,42.44822029042993],[-72.438311304939347,42.448245582154598],[-72.438229273714057,42.44828563920489],[-72.438168532319438,42.448320457601],[-72.438154074374538,42.448331832002793],[-72.438107173259596,42.448364850433272],[-72.437878987208123,42.44852707644435]]},"properties":{"OBJECTID":215208,"route_id":"L175457 EB","from_measure":0.33055830000000003,"to_measure":0.796184,"Route_System":"L","Route_Number":"175457","Route_Direction":"EB","Rd_Seg_ID":null,"Facility":1,"Mile_Count":1,"Urban_Area":"0","Urban_Type":5,"F_F_Class":7,"Jurisdictn":"2","NHS":0,"Fd_Aid_Rd":0,"Control":0,"Num_Lanes":1,"Opp_Lanes":0,"Surface_Tp":2,"Surface_Wd":15,"Shldr_Lt_W":0,"Shldr_Lt_T":0,"Shldr_Rt_W":0,"Shldr_Rt_T":0,"Shldr_UL_W":0,"Shldr_UL_T":0,"Med_Width":0,"Med_Type":0,"Curb":0,"Lt_Sidewlk":0,"Rt_Sidewlk":0,"Pd_Sf_Type":null,"Pd_Fc_Type":null,"Cr_Slope":null,"Path_Width":null,"Operation":2,"Speed_Lim":null,"Op_Dir_SL":null,"Speed_Reg":null,"T_Exc_Type":null,"T_Exc_Time":null,"Trk_Permit":null,"Trk_Netwrk":null,"Truck_Rte":null,"ROW_Width":60,"Toll_Road":null,"MHS":null,"City":272,"Mun_Type":2,"County":11,"Hwy_Dist":2,"RPA":"FRCOG","RTA":"FRTA","MPO":5,"St_Name":"PRATT CORNER ROAD","City_Maint":272,"Length":0.46562569999999998,"created_user":"RH","created_date":1785555425000,"last_edited_user":"RH","last_edited_date":1785555425000,"Record_ID":"122529.911099.NE.74.175457","GlobalID":"{D2B5CC95-1BFF-441A-8FAE-E8D82CCA3967}","Local_Priority":1,"Oneway":null,"SHAPE.STLength()":749.35358095775234}},{"type":"Feature","id":218030,"geometry":{"type":"LineString","coordinates":[[-72.417107854186767,42.415676054782075],[-72.417122944398969,42.415725253116392],[-72.417161981505757,42.415857740906254],[-72.417199586683921,42.41598967288904],[-72.417238428867151,42.416121600401389],[-72.417282103146107,42.416252921290443],[-72.417325668681229,42.416383685729556],[-72.417376820911599,42.416513260686799],[-72.417435156932513,42.41664109116612],[-72.417471060715883,42.416773599303028],[-72.417644908474003,42.41726892470686],[-72.417712008401551,42.417459066437544],[-72.417779910302798,42.417704822504923],[-72.417926215219964,42.418180356530101],[-72.418108952200896,42.418949564485622],[-72.418129711453275,42.419640617288046],[-72.418168457801258,42.420093171828583],[-72.418167774715769,42.420784396363295],[-72.418170429389889,42.420967109998536],[-72.41818323173031,42.421110016165926],[-72.418195803309558,42.421237036260614],[-72.418207838477613,42.421618755104262],[-72.418210462684996,42.421629424544996],[-72.418231202137491,42.421763182272151],[-72.418252141759893,42.421897496592187],[-72.418282366138413,42.42203061684728],[-72.418307695746165,42.422133951316887]]},"properties":{"OBJECTID":218030,"route_id":"L176717 NB","from_measure":0,"to_measure":0.45213219999999998,"Route_System":"L","Route_Number":"176717","Route_Direction":"NB","Rd_Seg_ID":null,"Facility":1,"Mile_Count":1,"Urban_Area":"0","Urban_Type":5,"F_F_Class":7,"Jurisdictn":"2","NHS":0,"Fd_Aid_Rd":0,"Control":0,"Num_Lanes":1,"Opp_Lanes":0,"Surface_Tp":2,"Surface_Wd":15,"Shldr_Lt_W":0,"Shldr_Lt_T":0,"Shldr_Rt_W":0,"Shldr_Rt_T":0,"Shldr_UL_W":0,"Shldr_UL_T":0,"Med_Width":0,"Med_Type":0,"Curb":0,"Lt_Sidewlk":0,"Rt_Sidewlk":0,"Pd_Sf_Type":null,"Pd_Fc_Type":null,"Cr_Slope":null,"Path_Width":null,"Operation":2,"Speed_Lim":null,"Op_Dir_SL":null,"Speed_Reg":null,"T_Exc_Type":null,"T_Exc_Time":null,"Trk_Permit":null,"Trk_Netwrk":null,"Truck_Rte":null,"ROW_Width":45,"Toll_Road":null,"MHS":null,"City":272,"Mun_Type":2,"County":11,"Hwy_Dist":2,"RPA":"FRCOG","RTA":"FRTA","MPO":5,"St_Name":"PELHAM HILL ROAD","City_Maint":272,"Length":0.45213219999999998,"created_user":"RH","created_date":1785555425000,"last_edited_user":"RH","last_edited_date":1785555425000,"Record_ID":"124440.907999.NW.72.176717","GlobalID":"{F05BAAEB-1E29-4712-A33F-75F0FEB572BD}","Local_Priority":1,"Oneway":null,"SHAPE.STLength()":727.63778802642241}},{"type":"Feature","id":218031,"geometry":{"type":"LineString","coordinates":[[-72.418307695746165,42.422133951316887],[-72.418314866359054,42.422163718036316],[-72.418348597808418,42.422296243091267],[-72.418370042266133,42.42238047948895]]},"properties":{"OBJECTID":218031,"route_id":"L176717 NB","from_measure":0.45213219999999998,"to_measure":0.46944399999999997,"Route_System":"L","Route_Number":"176717","Route_Direction":"NB","Rd_Seg_ID":null,"Facility":1,"Mile_Count":1,"Urban_Area":"0","Urban_Type":5,"F_F_Class":7,"Jurisdictn":"2","NHS":0,"Fd_Aid_Rd":0,"Control":0,"Num_Lanes":2,"Opp_Lanes":0,"Surface_Tp":5,"Surface_Wd":24,"Shldr_Lt_W":0,"Shldr_Lt_T":0,"Shldr_Rt_W":4,"Shldr_Rt_T":1,"Shldr_UL_W":0,"Shldr_UL_T":0,"Med_Width":0,"Med_Type":0,"Curb":0,"Lt_Sidewlk":0,"Rt_Sidewlk":0,"Pd_Sf_Type":null,"Pd_Fc_Type":null,"Cr_Slope":null,"Path_Width":null,"Operation":2,"Speed_Lim":null,"Op_Dir_SL":null,"Speed_Reg":null,"T_Exc_Type":null,"T_Exc_Time":null,"Trk_Permit":null,"Trk_Netwrk":null,"Truck_Rte":null,"ROW_Width":45,"Toll_Road":null,"MHS":null,"City":272,"Mun_Type":2,"County":11,"Hwy_Dist":2,"RPA":"FRCOG","RTA":"FRTA","MPO":5,"St_Name":"PELHAM HILL ROAD","City_Maint":272,"Length":0.017311799999999999,"created_user":"RH","created_date":1785555425000,"last_edited_user":"RH","last_edited_date":1785555425000,"Record_ID":"124424.908377.NW.27.176717","GlobalID":"{3D4B50DF-5C71-4992-97DE-A859D353FD0E}","Local_Priority":1,"Oneway":null,"SHAPE.STLength()":27.860647916865226}},{"type":"Feature","id":218032,"geometry":{"type":"LineString","coordinates":[[-72.418370042266133,42.42238047948895],[-72.418382515363092,42.42242877115013],[-72.418416718591075,42.422561296916804],[-72.418452155150135,42.422693808328845],[-72.418489780192772,42.422826306767668],[-72.418526253816935,42.422958248078508],[-72.418559614058395,42.423091342314443],[-72.418592200813862,42.423223881811751],[-72.418620630308396,42.42335757356436],[-72.41864915144302,42.423490706378615],[-72.418677773233767,42.423624401977818],[-72.418708178206941,42.423756953438044],[-72.418739828474898,42.423890062148764],[-72.418743774908933,42.423906910701831],[-72.418771857959598,42.424023166920726],[-72.418803795182697,42.424156268815622],[-72.418834779999941,42.42428938280154],[-72.41886415376392,42.42442250873421],[-72.418894093818921,42.424555626534769],[-72.418924707212014,42.424688743451235],[-72.41895531221553,42.424821859522929],[-72.418986484733864,42.42495496745169],[-72.419017757084987,42.425088079073433],[-72.4190487500872,42.425221192013147],[-72.419079642316063,42.425354302144441],[-72.419110249196507,42.425487419043918],[-72.419139338553023,42.425620547147247],[-72.419168520326224,42.425753670900733],[-72.419202263731989,42.425886762723742],[-72.419236470485217,42.426019283634375],[-72.419270485462548,42.426151810564647],[-72.419303749319454,42.426284905277221],[-72.419333124946576,42.426418027424702],[-72.419362693964146,42.426551152518634],[-72.419366036914852,42.426565756870147],[-72.419393682348201,42.426684266266783],[-72.419425335447627,42.426817369292898],[-72.419446410719601,42.426902170167089],[-72.419458305041445,42.426949904497029],[-72.41949176292988,42.42708299848654],[-72.419523408261327,42.427215539740473],[-72.41955364603615,42.427349221221903],[-72.419583881839642,42.427482340910267],[-72.419609272682109,42.427616056583098],[-72.419634669786205,42.427749777598727],[-72.419661011455858,42.427882927461965],[-72.419686974961792,42.428016639433039],[-72.419710296615321,42.428150938798076],[-72.419733697668249,42.428284674822777],[-72.419758337045522,42.428418400946427],[-72.419781272584373,42.428552703370912],[-72.419795953690439,42.428687067231458],[-72.419810727275518,42.428821434848956],[-72.419825315905285,42.428956366636008],[-72.419838665459281,42.429090745619142],[-72.419847468853703,42.4292257227156],[-72.419846298300769,42.429360780394404],[-72.419845228535337,42.429495832761909],[-72.419847666987408,42.429630860697507],[-72.419850011895392,42.429765890276371],[-72.419855020444373,42.429900897669469],[-72.41986020887289,42.43003590452124],[-72.419867494709166,42.430170894611194],[-72.419876577805667,42.430305869436744],[-72.419885574676599,42.430440845846647],[-72.419897878337636,42.430575228632335],[-72.419911043365474,42.430710171729494],[-72.419925251392442,42.430844543790222],[-72.419942968939338,42.430978887803953],[-72.419963530104837,42.431113209089908],[-72.41998466978913,42.431247525745889],[-72.420005888799423,42.43138127456146],[-72.420026642230724,42.431515594288754],[-72.420055835952624,42.431648722068317],[-72.42008994917083,42.431781242425082],[-72.420123602950412,42.431914334539357],[-72.420156677530585,42.432046868572144],[-72.420189660730841,42.432179961518202],[-72.420224538963794,42.43231248111023],[-72.420259704068272,42.432444993894045],[-72.420292679563914,42.432577528666975],[-72.420321773473631,42.432710657150615],[-72.420351636352322,42.432844336772128],[-72.420384044738938,42.432976876042204],[-72.420416089598064,42.433109980903083],[-72.420439019976129,42.433243715909462],[-72.420459582933134,42.43337803703217],[-72.420473328196707,42.433512975347909],[-72.420481933371676,42.433647392053167],[-72.420484360358799,42.433775104880091],[-72.420491456779672,42.433884208670811],[-72.420507278169808,42.434018567672581],[-72.420523015452602,42.434153489137373],[-72.420537813873239,42.434276604166662]]},"properties":{"OBJECTID":218032,"route_id":"L176717 NB","from_measure":0.46944399999999997,"to_measure":1.2992760000000001,"Route_System":"L","Route_Number":"176717","Route_Direction":"NB","Rd_Seg_ID":null,"Facility":1,"Mile_Count":1,"Urban_Area":"0","Urban_Type":5,"F_F_Class":7,"Jurisdictn":"2","NHS":0,"Fd_Aid_Rd":0,"Control":0,"Num_Lanes":2,"Opp_Lanes":0,"Surface_Tp":5,"Surface_Wd":24,"Shldr_Lt_W":0,"Shldr_Lt_T":0,"Shldr_Rt_W":4,"Shldr_Rt_T":1,"Shldr_UL_W":0,"Shldr_UL_T":0,"Med_Width":0,"Med_Type":0,"Curb":0,"Lt_Sidewlk":0,"Rt_Sidewlk":0,"Pd_Sf_Type":null,"Pd_Fc_Type":null,"Cr_Slope":null,"Path_Width":null,"Operation":2,"Speed_Lim":null,"Op_Dir_SL":null,"Speed_Reg":40,"T_Exc_Type":null,"T_Exc_Time":null,"Trk_Permit":null,"Trk_Netwrk":null,"Truck_Rte":null,"ROW_Width":45,"Toll_Road":null,"MHS":null,"City":272,"Mun_Type":2,"County":11,"Hwy_Dist":2,"RPA":"FRCOG","RTA":"FRTA","MPO":5,"St_Name":"PELHAM HILL ROAD","City_Maint":272,"Length":0.82983200000000001,"created_user":"RH","created_date":1785555425000,"last_edited_user":"RH","last_edited_date":1785555425000,"Record_ID":"124316.909049.NW.13.176717","GlobalID":"{420A5528-477A-444D-9797-44A7130030EC}","Local_Priority":1,"Oneway":null,"SHAPE.STLength()":1335.4877692593038}},{"type":"Feature","id":218033,"geometry":{"type":"LineString","coordinates":[[-72.420537813873239,42.434276604166662],[-72.420539210059104,42.434287845143167],[-72.420557309035956,42.434422185917406],[-72.420575315730332,42.434556527422778],[-72.420593414795249,42.434690863681404],[-72.420612087605775,42.434825199847602],[-72.420630753204165,42.434959536064603],[-72.420649518533708,42.435093871477406],[-72.420676725505714,42.435227576688064],[-72.420706487347942,42.435360695161613],[-72.420736437748516,42.435493816617935],[-72.420766293470564,42.435626937919849],[-72.420790557461885,42.435760663022499],[-72.420808465380546,42.435895005244028],[-72.420826471813385,42.436029346671098],[-72.420823026982461,42.436164421437127],[-72.420812454786756,42.436298991399468],[-72.42080198425792,42.436434118738148],[-72.420769925597568,42.436566610622243],[-72.420737394960142,42.436699668962675],[-72.420704865335367,42.436832722778789],[-72.420699536756032,42.43685189977203],[-72.420668516574906,42.436964687125375],[-72.420629989771584,42.437096664367459],[-72.420591369228674,42.4372286423405],[-72.42055646072896,42.437361719613101],[-72.420524780260408,42.437494208367212],[-72.420493008135153,42.437627256034851],[-72.420464753974855,42.437760842764675],[-72.420438596108482,42.437894411825127],[-72.420412338422665,42.438027978070991],[-72.420387893632423,42.438162096112713],[-72.420364292499599,42.438295645604683],[-72.420345748769932,42.438430274655651],[-72.420329948032631,42.438564886276822],[-72.42031414632406,42.43869893520224],[-72.420303101973076,42.438834071491449],[-72.42030173807305,42.438968567710873],[-72.420300288716206,42.439103622803465],[-72.420296555771174,42.439238699743413],[-72.420290832082756,42.439373793488997],[-72.420285114433639,42.439508886281011],[-72.420277585896486,42.439643994440786],[-72.420250459756488,42.439777009329333],[-72.420223448583499,42.439910581481996],[-72.420195099236167,42.440044167917769],[-72.420147714162383,42.440174528473918],[-72.42010051727479,42.440304887501178],[-72.420046742356021,42.44043361187255],[-72.419981825965749,42.440560175340927],[-72.419916808767439,42.440686177776364],[-72.419850452215471,42.440811623670243],[-72.419773039546797,42.440934349751238],[-72.419695624411148,42.441056509496526],[-72.419624300725744,42.441180307724977],[-72.419565107449159,42.441308513305003],[-72.419507045764036,42.441436146216695],[-72.419454128850532,42.441565426102613],[-72.419401312585066,42.441694704254445],[-72.419351159996012,42.44182452830799],[-72.419313387100772,42.441956498886192],[-72.419275520461852,42.442088470194754],[-72.419237654611692,42.442221007775991],[-72.419208634004264,42.442354037430277],[-72.419183037908212,42.442487597931589],[-72.419157357571407,42.442621725391277],[-72.419135084264425,42.442755263851161],[-72.419116529313726,42.442889892613437],[-72.41909796737913,42.443023963229223],[-72.419079505923392,42.443158595730672],[-72.41906085025677,42.443292667978646],[-72.419042773854898,42.443427291988975],[-72.41902468442089,42.443561359701967],[-72.419006415905471,42.443695990631426],[-72.418990425035886,42.443830603376853],[-72.418975192530695,42.443965210063226],[-72.41896005469944,42.444099811485543],[-72.418945488126781,42.444234412843855],[-72.418940418975822,42.444368938409539],[-72.418935263169615,42.444504026456897],[-72.418930295749291,42.444639113896393],[-72.418944119524497,42.444773488690004],[-72.418959569235113,42.444908407796852],[-72.418977574305259,42.445042749212668],[-72.418999747600793,42.445176495564077],[-72.41902202275314,42.445310802889679],[-72.419044295891965,42.445444547527977],[-72.419066571168031,42.445578850334932],[-72.419092353558653,42.445712566950519],[-72.419119647226395,42.445845709700322],[-72.419147042787316,42.445979414322125],[-72.419174350871231,42.446113114230151],[-72.419202024101693,42.446246253020092],[-72.419232448100274,42.446379370743735],[-72.419262686192369,42.446512485438319],[-72.419293116524528,42.446645603088591]]},"properties":{"OBJECTID":218033,"route_id":"L176717 NB","from_measure":1.2992760000000001,"to_measure":2.1667529999999999,"Route_System":"L","Route_Number":"176717","Route_Direction":"NB","Rd_Seg_ID":null,"Facility":1,"Mile_Count":1,"Urban_Area":"0","Urban_Type":5,"F_F_Class":7,"Jurisdictn":"2","NHS":0,"Fd_Aid_Rd":0,"Control":0,"Num_Lanes":2,"Opp_Lanes":0,"Surface_Tp":5,"Surface_Wd":22,"Shldr_Lt_W":0,"Shldr_Lt_T":0,"Shldr_Rt_W":4,"Shldr_Rt_T":1,"Shldr_UL_W":0,"Shldr_UL_T":0,"Med_Width":0,"Med_Type":0,"Curb":0,"Lt_Sidewlk":0,"Rt_Sidewlk":0,"Pd_Sf_Type":null,"Pd_Fc_Type":null,"Cr_Slope":null,"Path_Width":null,"Operation":2,"Speed_Lim":null,"Op_Dir_SL":null,"Speed_Reg":40,"T_Exc_Type":null,"T_Exc_Time":null,"Trk_Permit":null,"Trk_Netwrk":null,"Truck_Rte":null,"ROW_Width":45,"Toll_Road":null,"MHS":null,"City":272,"Mun_Type":2,"County":11,"Hwy_Dist":2,"RPA":"FRCOG","RTA":"FRTA","MPO":5,"St_Name":"PELHAM HILL ROAD","City_Maint":272,"Length":0.86747700000000005,"created_user":"RH","created_date":1785555425000,"last_edited_user":"RH","last_edited_date":1785555425000,"Record_ID":"124308.910404.NE.13.176717","GlobalID":"{239C14FA-B470-44DC-BAFA-4FA1E58CA2F6}","Local_Priority":1,"Oneway":null,"SHAPE.STLength()":1396.0717214246667}},{"type":"Feature","id":218034,"geometry":{"type":"LineString","coordinates":[[-72.419293116524528,42.446645603088591],[-72.419323456705285,42.446779283241852],[-72.419353507981413,42.446912398493318],[-72.419383272605756,42.44704552142381],[-72.419412938900237,42.44717864512814],[-72.419432437735523,42.447265836842519]]},"properties":{"OBJECTID":218034,"route_id":"L176717 NB","from_measure":2.1667529999999999,"to_measure":2.2101506,"Route_System":"L","Route_Number":"176717","Route_Direction":"NB","Rd_Seg_ID":null,"Facility":1,"Mile_Count":1,"Urban_Area":"0","Urban_Type":5,"F_F_Class":7,"Jurisdictn":"2","NHS":0,"Fd_Aid_Rd":0,"Control":0,"Num_Lanes":2,"Opp_Lanes":0,"Surface_Tp":5,"Surface_Wd":22,"Shldr_Lt_W":0,"Shldr_Lt_T":0,"Shldr_Rt_W":4,"Shldr_Rt_T":1,"Shldr_UL_W":0,"Shldr_UL_T":0,"Med_Width":0,"Med_Type":0,"Curb":0,"Lt_Sidewlk":0,"Rt_Sidewlk":0,"Pd_Sf_Type":null,"Pd_Fc_Type":null,"Cr_Slope":null,"Path_Width":null,"Operation":2,"Speed_Lim":null,"Op_Dir_SL":null,"Speed_Reg":30,"T_Exc_Type":null,"T_Exc_Time":null,"Trk_Permit":null,"Trk_Netwrk":null,"Truck_Rte":null,"ROW_Width":45,"Toll_Road":null,"MHS":null,"City":272,"Mun_Type":2,"County":11,"Hwy_Dist":2,"RPA":"FRCOG","RTA":"FRTA","MPO":5,"St_Name":"PELHAM HILL ROAD","City_Maint":272,"Length":0.043397600000000001,"created_user":"RH","created_date":1785555425000,"last_edited_user":"RH","last_edited_date":1785555425000,"Record_ID":"124369.911121.NW.69.176717","GlobalID":"{68DF35C1-09E1-4015-96C0-485127089AC6}","Local_Priority":1,"Oneway":null,"SHAPE.STLength()":69.841873952211841}},{"type":"Feature","id":218035,"geometry":{"type":"LineString","coordinates":[[-72.419432437735523,42.447265836842519],[-72.419442703709777,42.447311763533342],[-72.419472469912705,42.447444885517569],[-72.419508493998691,42.447577395732011],[-72.419546601883596,42.447709322997646],[-72.419584904143917,42.447841814991776],[-72.419623105929432,42.447973740575812],[-72.41966130064678,42.448105670702148],[-72.41969960122151,42.448237596366049],[-72.419729081552148,42.448370721444149],[-72.419757432455754,42.448504417325701],[-72.419785766712593,42.448637546133227],[-72.419814216326827,42.448771242105728],[-72.419842459736799,42.448904377019808],[-72.419869004770476,42.449038082781549],[-72.419870847389319,42.449047074783287],[-72.419895270408588,42.4491717952668],[-72.419921436496807,42.449305509437956],[-72.419947503008203,42.449439223494643],[-72.419973759503875,42.44957236882788],[-72.419999075929397,42.449706651552106],[-72.420022964518793,42.449840383878801],[-72.420046759598733,42.449974116043492],[-72.420070548636076,42.450107843746331],[-72.420094445711015,42.450242137773714],[-72.420115011364004,42.450375896613174],[-72.420133967373133,42.450510230099326],[-72.42015302185807,42.450644558290165],[-72.420162449068727,42.450711446336392],[-72.420180593797355,42.450809771129578]]},"properties":{"OBJECTID":218035,"route_id":"L176717 NB","from_measure":2.2101506,"to_measure":2.4578657000000002,"Route_System":"L","Route_Number":"176717","Route_Direction":"NB","Rd_Seg_ID":null,"Facility":1,"Mile_Count":1,"Urban_Area":"0","Urban_Type":5,"F_F_Class":7,"Jurisdictn":"2","NHS":0,"Fd_Aid_Rd":0,"Control":0,"Num_Lanes":2,"Opp_Lanes":0,"Surface_Tp":5,"Surface_Wd":18,"Shldr_Lt_W":0,"Shldr_Lt_T":0,"Shldr_Rt_W":0,"Shldr_Rt_T":0,"Shldr_UL_W":0,"Shldr_UL_T":0,"Med_Width":0,"Med_Type":0,"Curb":0,"Lt_Sidewlk":0,"Rt_Sidewlk":0,"Pd_Sf_Type":null,"Pd_Fc_Type":null,"Cr_Slope":null,"Path_Width":null,"Operation":2,"Speed_Lim":null,"Op_Dir_SL":null,"Speed_Reg":30,"T_Exc_Type":null,"T_Exc_Time":null,"Trk_Permit":null,"Trk_Netwrk":null,"Truck_Rte":null,"ROW_Width":45,"Toll_Road":null,"MHS":null,"City":272,"Mun_Type":2,"County":11,"Hwy_Dist":2,"RPA":"FRCOG","RTA":"FRTA","MPO":5,"St_Name":"PELHAM HILL ROAD","City_Maint":272,"Length":0.24771509999999999,"created_user":"RH","created_date":1785555425000,"last_edited_user":"RH","last_edited_date":1785555425000,"Record_ID":"124330.911352.NW.39.176717","GlobalID":"{98DE1D31-045D-4574-A6C3-4B437AD5BE99}","Local_Priority":1,"Oneway":null,"SHAPE.STLength()":398.65945791568339}},{"type":"Feature","id":180438,"geometry":{"type":"LineString","coordinates":[[-72.433062978310019,42.504463884184524],[-72.432743745750514,42.504663525491416],[-72.432610375289471,42.504753509254662],[-72.432476997338426,42.504842929331041],[-72.432346316696652,42.504934582683489],[-72.432190862386307,42.505054563402027],[-72.432039542821073,42.505177892898246],[-72.431884661428882,42.505298435743157],[-72.431760194828215,42.50538609215527],[-72.43163342409261,42.505472646176578],[-72.431509446727176,42.505561427330377],[-72.431416977208357,42.505633636730487],[-72.431328773161553,42.505705248003771]]},"properties":{"OBJECTID":180438,"route_id":"L160376 NB","from_measure":0,"to_measure":0.12335169999999999,"Route_System":"L","Route_Number":"160376","Route_Direction":"NB","Rd_Seg_ID":null,"Facility":1,"Mile_Count":1,"Urban_Area":"0","Urban_Type":5,"F_F_Class":7,"Jurisdictn":"0","NHS":0,"Fd_Aid_Rd":0,"Control":0,"Num_Lanes":1,"Opp_Lanes":0,"Surface_Tp":2,"Surface_Wd":8,"Shldr_Lt_W":0,"Shldr_Lt_T":0,"Shldr_Rt_W":0,"Shldr_Rt_T":0,"Shldr_UL_W":0,"Shldr_UL_T":0,"Med_Width":0,"Med_Type":0,"Curb":0,"Lt_Sidewlk":0,"Rt_Sidewlk":0,"Pd_Sf_Type":null,"Pd_Fc_Type":null,"Cr_Slope":null,"Path_Width":null,"Operation":2,"Speed_Lim":null,"Op_Dir_SL":null,"Speed_Reg":null,"T_Exc_Type":null,"T_Exc_Time":null,"Trk_Permit":null,"Trk_Netwrk":null,"Truck_Rte":null,"ROW_Width":30,"Toll_Road":null,"MHS":null,"City":272,"Mun_Type":2,"County":11,"Hwy_Dist":2,"RPA":"FRCOG","RTA":"FRTA","MPO":5,"St_Name":"MERRILL DRIVE","City_Maint":272,"Length":0.12335169999999999,"created_user":"RH","created_date":1785555425000,"last_edited_user":"RH","last_edited_date":1785555425000,"Record_ID":"123386.917587.NE.19.160376","GlobalID":"{78760262-45A0-4F5E-B063-2DAD7672CB5C}","Local_Priority":1,"Oneway":null,"SHAPE.STLength()":198.51578133751883}},{"type":"Feature","id":180439,"geometry":{"type":"LineString","coordinates":[[-72.431328773161553,42.505705248003771],[-72.431326047056828,42.505707519877987],[-72.431232530803044,42.505779736680395],[-72.431160135716496,42.505827588136441],[-72.431086398796012,42.505874887696358],[-72.431018899080399,42.50592607294324],[-72.430986076371738,42.505956161362803],[-72.430955170389325,42.505987922355125],[-72.430926466245666,42.506020227344202],[-72.430906774033403,42.506045143713955],[-72.430888236170944,42.506070613445544],[-72.430871032720702,42.50609663508552],[-72.430834680213309,42.506165016500951],[-72.43080597547528,42.506236146885719],[-72.430776891095647,42.506307281227109],[-72.430724511366265,42.506416862779631],[-72.430670690241897,42.506525335067728],[-72.430619830949624,42.506634904288198],[-72.430593477164962,42.506691385760675],[-72.43056788130248,42.50674786110757],[-72.430549630889516,42.506805968815421],[-72.430544685025396,42.506831328763319],[-72.430541167279358,42.506857239869781],[-72.430453042843354,42.507060784167706],[-72.430503694411044,42.507124743130866],[-72.430571768611301,42.507195249752904]]},"properties":{"OBJECTID":180439,"route_id":"L160376 NB","from_measure":0.12335169999999999,"to_measure":0.24045800000000001,"Route_System":"L","Route_Number":"160376","Route_Direction":"NB","Rd_Seg_ID":null,"Facility":1,"Mile_Count":1,"Urban_Area":"0","Urban_Type":5,"F_F_Class":7,"Jurisdictn":"0","NHS":0,"Fd_Aid_Rd":0,"Control":0,"Num_Lanes":1,"Opp_Lanes":0,"Surface_Tp":2,"Surface_Wd":8,"Shldr_Lt_W":0,"Shldr_Lt_T":0,"Shldr_Rt_W":0,"Shldr_Rt_T":0,"Shldr_UL_W":0,"Shldr_UL_T":0,"Med_Width":0,"Med_Type":0,"Curb":0,"Lt_Sidewlk":0,"Rt_Sidewlk":0,"Pd_Sf_Type":null,"Pd_Fc_Type":null,"Cr_Slope":null,"Path_Width":null,"Operation":2,"Speed_Lim":null,"Op_Dir_SL":null,"Speed_Reg":null,"T_Exc_Type":null,"T_Exc_Time":null,"Trk_Permit":null,"Trk_Netwrk":null,"Truck_Rte":null,"ROW_Width":30,"Toll_Road":null,"MHS":null,"City":272,"Mun_Type":2,"County":11,"Hwy_Dist":2,"RPA":"FRCOG","RTA":"FRTA","MPO":5,"St_Name":"MERRILL DRIVE","City_Maint":272,"Length":0.1171063,"created_user":"RH","created_date":1785555425000,"last_edited_user":"RH","last_edited_date":1785555425000,"Record_ID":"123506.917735.NE.18.160376","GlobalID":"{F4BBB7A3-23E2-4120-92FE-41C9DE7C2EE4}","Local_Priority":1,"Oneway":null,"SHAPE.STLength()":188.46461167778827}},{"type":"Feature","id":237953,"geometry":{"type":"LineString","coordinates":[[-72.426787010440862,42.502368438519902],[-72.426799499188292,42.502407827970977],[-72.426802074936688,42.502434257178429],[-72.42680113813951,42.502461271913802],[-72.426798106687926,42.502487741703497],[-72.426792811958251,42.502515357766512],[-72.426785324923486,42.502542987854518],[-72.426777929444555,42.502570059019611],[-72.426765286003103,42.502615172977954],[-72.426753208312775,42.502660286887171],[-72.426748544296899,42.502705336687782],[-72.426749921024651,42.502727834020604],[-72.426753096094544,42.502749754207237],[-72.426757884335885,42.502771661423772],[-72.426765760163889,42.502796356353009],[-72.426775705890094,42.502819909264318],[-72.426785945779486,42.502844022497008],[-72.426801981620841,42.502881028239194],[-72.426818591768537,42.502918033862791],[-72.426834815052743,42.502955041694079],[-72.426856215023861,42.503007759546975],[-72.426876862037801,42.503060487951444],[-72.426896742644345,42.503113222514564],[-72.426916672836896,42.503169330999299],[-72.426935744161767,42.503225446386622],[-72.42695511574955,42.503282121142767],[-72.426992759903996,42.503385915595793],[-72.427030967724747,42.503489143714319],[-72.427067673876635,42.503593507469937],[-72.427092637332109,42.503668705010547],[-72.427116742003065,42.503743913953478],[-72.427140008185205,42.503819687820325],[-72.427154260593824,42.503871342225629],[-72.42716491735267,42.50391064102562],[-72.427188494490238,42.504001609439705],[-72.427216440666797,42.504091975514804],[-72.427238769813982,42.504149751799012],[-72.427262710090574,42.504206956932258],[-72.427286083410294,42.50426416211932],[-72.427316923527698,42.504344941001882],[-72.427346335671601,42.50442516777531],[-72.42737083329105,42.504507122139906],[-72.427378717291916,42.504539131888677],[-72.427385747245722,42.504571148507694],[-72.427391926539215,42.504603733756859],[-72.427396398957015,42.504636333638075],[-72.427400111001603,42.504668939636289],[-72.427404018728012,42.504702110348269],[-72.427412267089608,42.504752122254573],[-72.427421268530793,42.504802127200499],[-72.42742885021795,42.504852144468181],[-72.427432941328632,42.504891499660978],[-72.427436180830966,42.504930862605249],[-72.42743894584612,42.504970228466298],[-72.427442272386372,42.505021971629198],[-72.427444847954746,42.505074278118812],[-72.427446773956532,42.505120966562892]]},"properties":{"OBJECTID":237953,"route_id":"L185500 NB","from_measure":0,"to_measure":0.19464219999999999,"Route_System":"L","Route_Number":"185500","Route_Direction":"NB","Rd_Seg_ID":null,"Facility":1,"Mile_Count":1,"Urban_Area":"0","Urban_Type":5,"F_F_Class":7,"Jurisdictn":"0","NHS":0,"Fd_Aid_Rd":0,"Control":0,"Num_Lanes":1,"Opp_Lanes":0,"Surface_Tp":2,"Surface_Wd":13,"Shldr_Lt_W":0,"Shldr_Lt_T":0,"Shldr_Rt_W":0,"Shldr_Rt_T":0,"Shldr_UL_W":0,"Shldr_UL_T":0,"Med_Width":0,"Med_Type":0,"Curb":0,"Lt_Sidewlk":0,"Rt_Sidewlk":0,"Pd_Sf_Type":null,"Pd_Fc_Type":null,"Cr_Slope":null,"Path_Width":null,"Operation":2,"Speed_Lim":null,"Op_Dir_SL":null,"Speed_Reg":null,"T_Exc_Type":null,"T_Exc_Time":null,"Trk_Permit":null,"Trk_Netwrk":null,"Truck_Rte":null,"ROW_Width":42,"Toll_Road":null,"MHS":null,"City":272,"Mun_Type":2,"County":11,"Hwy_Dist":2,"RPA":"FRCOG","RTA":"FRTA","MPO":5,"St_Name":"SHORE DRIVE","City_Maint":272,"Length":0.19464219999999999,"created_user":"RH","created_date":1785555425000,"last_edited_user":"RH","last_edited_date":1785555425000,"Record_ID":"123800.917435.NW.31.185500","GlobalID":"{FFD55C77-7478-467B-A477-74E8DE6C6D24}","Local_Priority":1,"Oneway":null,"SHAPE.STLength()":313.2468933332986}},{"type":"Feature","id":245519,"geometry":{"type":"LineString","coordinates":[[-72.483978280586555,42.40872119886604],[-72.483880565458321,42.408884640697757],[-72.48384416987578,42.408942918546771],[-72.483807874392966,42.408989367016325],[-72.483768699281072,42.409034161875567],[-72.483731164330308,42.409080054606996],[-72.483697350925567,42.409127606333847],[-72.483665067003713,42.409175154881588],[-72.483631351963908,42.409222710248059],[-72.48359178606367,42.40927199921834],[-72.483550395490184,42.409320754566664],[-72.483508917095747,42.409369491742588],[-72.483467356745663,42.409419368517653],[-72.483425625228989,42.409469804942447],[-72.483383878888304,42.409519683274191],[-72.483335059352854,42.409579178101659],[-72.48328616250987,42.409639254278737],[-72.483234787649792,42.409697646381517],[-72.483189461981397,42.409744176284249],[-72.48314252885811,42.409790157193932],[-72.483094538195047,42.40983501360364],[-72.483032647674264,42.409889572701495],[-72.482969205977327,42.409942438890965],[-72.482908468155131,42.409997540875551],[-72.482858224980603,42.410050307790954],[-72.482810175887096,42.410104167852545],[-72.482760040765655,42.410157487501166],[-72.482711148375955,42.410205176670281],[-72.482660402671883,42.410251195326708],[-72.482607675065779,42.410296650168242],[-72.482552055286675,42.410339335057145],[-72.482494421943912,42.410380904494161],[-72.482437273209257,42.410422468864496],[-72.482384571718129,42.410463995246992],[-72.482332158232381,42.410506077349424],[-72.482278207337544,42.410546489835454],[-72.482206716626393,42.410593809835227],[-72.48213301526927,42.410639452435611],[-72.482059203260121,42.410685095931605],[-72.481978670063469,42.410736996377594],[-72.481898307712967,42.410788328101681],[-72.48181795990584,42.410840213345239],[-72.481672297593335,42.410915736413486]]},"properties":{"OBJECTID":245519,"route_id":"L188689 NB","from_measure":0,"to_measure":0.1941591,"Route_System":"L","Route_Number":"188689","Route_Direction":"NB","Rd_Seg_ID":null,"Facility":1,"Mile_Count":1,"Urban_Area":"0","Urban_Type":5,"F_F_Class":7,"Jurisdictn":"2","NHS":0,"Fd_Aid_Rd":0,"Control":0,"Num_Lanes":2,"Opp_Lanes":0,"Surface_Tp":2,"Surface_Wd":16,"Shldr_Lt_W":0,"Shldr_Lt_T":0,"Shldr_Rt_W":0,"Shldr_Rt_T":0,"Shldr_UL_W":0,"Shldr_UL_T":0,"Med_Width":0,"Med_Type":0,"Curb":0,"Lt_Sidewlk":0,"Rt_Sidewlk":0,"Pd_Sf_Type":null,"Pd_Fc_Type":null,"Cr_Slope":null,"Path_Width":null,"Operation":2,"Speed_Lim":null,"Op_Dir_SL":null,"Speed_Reg":null,"T_Exc_Type":null,"T_Exc_Time":null,"Trk_Permit":null,"Trk_Netwrk":null,"Truck_Rte":null,"ROW_Width":45,"Toll_Road":null,"MHS":null,"City":272,"Mun_Type":2,"County":11,"Hwy_Dist":2,"RPA":"FRCOG","RTA":"FRTA","MPO":5,"St_Name":"PRATT CORNER ROAD","City_Maint":272,"Length":0.1941591,"created_user":"RH","created_date":1785555425000,"last_edited_user":"RH","last_edited_date":1785555425000,"Record_ID":"119088.907067.NE.31.188689","GlobalID":"{E04CE0D5-DA4A-481D-B060-6E65E595BDDF}","Local_Priority":1,"Oneway":null,"SHAPE.STLength()":312.46940980995072}},{"type":"Feature","id":245520,"geometry":{"type":"LineString","coordinates":[[-72.481672297593335,42.410915736413486],[-72.480965040336258,42.411281334682464],[-72.48090382433044,42.411312238844189],[-72.480842415181471,42.411343149120171],[-72.480781391064198,42.411374056081733],[-72.480720277218424,42.411405526479271],[-72.480659246907194,42.411436433427319],[-72.480598326023994,42.411467897612894],[-72.480528028792165,42.411507323107195],[-72.480457644020632,42.411546750203449],[-72.480382884607337,42.411580023868197],[-72.48032477119348,42.411596837277543],[-72.480264515955298,42.411610294472446],[-72.480204265536784,42.411623750694126],[-72.480165908823935,42.411635329628503],[-72.480127452482947,42.411646909398357],[-72.480089188136944,42.411658492021957],[-72.480039048560471,42.411675237386618],[-72.479989305410513,42.411693103862341],[-72.479938770748348,42.411709289842172],[-72.479881103503303,42.41172441201347],[-72.479822651968263,42.4117378491176],[-72.479764686619319,42.411751849259218],[-72.479713755404049,42.4117669140063],[-72.479663312720575,42.411782536376485],[-72.479613256538059,42.411798718139188],[-72.47955348455848,42.411818919696422],[-72.479494293491001,42.4118396825844],[-72.479435685853844,42.411861561383859],[-72.479383423985425,42.411882265249929],[-72.479331753123304,42.411904652176304],[-72.479280655531767,42.411927028799688],[-72.47922870781899,42.411949979838404],[-72.479177247406909,42.411973488511698],[-72.479128570941569,42.41199922429643],[-72.479100569053486,42.412017471737911],[-72.479073519718966,42.412036270172678],[-72.479046579899276,42.412055629473272],[-72.478686245587326,42.412409821387413],[-72.478665631555231,42.412433631141994],[-72.478645131880995,42.412458000823861],[-72.478623076623137,42.412480697415901],[-72.478592093017156,42.412508531549932],[-72.478558707140678,42.412534703388076],[-72.478524557042903,42.412560877211554],[-72.478483181816785,42.412592178584461],[-72.478440745525575,42.412622359051802],[-72.478396005351229,42.412650876376119],[-72.478356379516384,42.412672597760825],[-72.478314915961107,42.412692080333514],[-72.478273745358209,42.412712123105244],[-72.478227824454109,42.412737838677607],[-72.478181893520286,42.412762987110675],[-72.478136640831124,42.412789255169415],[-72.478086422134453,42.412819507039067],[-72.47803688650113,42.412850876689674],[-72.477988491690226,42.41288279572786],[-72.477928585195713,42.412924948427943],[-72.477870405215526,42.412968206434002],[-72.477813475688961,42.413012583696492],[-72.477768007775282,42.413049543011056],[-72.477723304008506,42.413086500317576],[-72.477678510421455,42.413124016571274],[-72.477624014284174,42.413166117748958],[-72.47756941977002,42.413208226037604],[-72.477520386554431,42.413253655190601],[-72.477486662540429,42.413295018984954],[-72.477456859400419,42.41333804028541],[-72.477427063636569,42.41338161971705],[-72.476809440945516,42.414286629020268],[-72.476781413583694,42.414327943345121],[-72.47675348842462,42.414369819498944],[-72.476724407529304,42.414410580945038],[-72.476670107737803,42.414478001648199],[-72.476612461614295,42.414543768006475],[-72.476556626851831,42.414610077168298],[-72.476521436235842,42.414654826619234],[-72.476487196892762,42.414699573390415],[-72.476454670622644,42.414744866521289],[-72.476421977845519,42.414797473502183],[-72.476391662753954,42.414850626608732],[-72.476361634250793,42.41490377277362],[-72.47633270065576,42.4149541015259],[-72.476303952834229,42.415004425092896],[-72.476275886683027,42.415055304673416],[-72.476245986349483,42.415110704132843],[-72.476217045886443,42.41516665724594],[-72.476189438276307,42.415223161750582],[-72.476159323830117,42.415289252568449],[-72.47613120536478,42.415355326450467],[-72.476104994626908,42.415422513154986],[-72.476081438091612,42.415489110139575],[-72.476059599534125,42.415556255253705],[-72.47603861507605,42.415623398521923],[-72.476029028881356,42.415654428504631],[-72.476019827809452,42.41568545612099],[-72.476010442236685,42.415717047103982],[-72.475999104672297,42.415757095190628],[-72.475987759804298,42.415797143337578],[-72.475975942344888,42.415837196390278],[-72.47596100313153,42.415890213589883],[-72.475945305885944,42.415943242615725],[-72.475924076613111,42.415994626829324],[-72.475890743106618,42.41604893077858],[-72.475850639545811,42.416101599499676],[-72.475809296627958,42.416153721410538],[-72.475766359968603,42.416206975920147],[-72.47572199079093,42.416259686154184],[-72.475678673806925,42.416312949254333],[-72.475648076515526,42.416354285052464],[-72.475618243354631,42.41639561436515],[-72.475586032431622,42.416436402018753],[-72.475544602200856,42.416482895731612],[-72.475500118449176,42.416528286297812]]},"properties":{"OBJECTID":245520,"route_id":"L188689 NB","from_measure":0.1941591,"to_measure":0.71529609999999999,"Route_System":"L","Route_Number":"188689","Route_Direction":"NB","Rd_Seg_ID":null,"Facility":1,"Mile_Count":1,"Urban_Area":"0","Urban_Type":5,"F_F_Class":7,"Jurisdictn":"2","NHS":0,"Fd_Aid_Rd":0,"Control":0,"Num_Lanes":2,"Opp_Lanes":0,"Surface_Tp":2,"Surface_Wd":16,"Shldr_Lt_W":0,"Shldr_Lt_T":0,"Shldr_Rt_W":0,"Shldr_Rt_T":0,"Shldr_UL_W":0,"Shldr_UL_T":0,"Med_Width":0,"Med_Type":0,"Curb":0,"Lt_Sidewlk":0,"Rt_Sidewlk":0,"Pd_Sf_Type":null,"Pd_Fc_Type":null,"Cr_Slope":null,"Path_Width":null,"Operation":2,"Speed_Lim":null,"Op_Dir_SL":null,"Speed_Reg":null,"T_Exc_Type":null,"T_Exc_Time":null,"Trk_Permit":null,"Trk_Netwrk":null,"Truck_Rte":null,"ROW_Width":45,"Toll_Road":null,"MHS":null,"City":272,"Mun_Type":2,"County":11,"Hwy_Dist":2,"RPA":"FRCOG","RTA":"FRTA","MPO":5,"St_Name":"PRATT CORNER ROAD","City_Maint":272,"Length":0.52113699999999996,"created_user":"RH","created_date":1785555425000,"last_edited_user":"RH","last_edited_date":1785555425000,"Record_ID":"119529.907417.NE.83.188689","GlobalID":"{957C7A1F-A6E4-48AB-94FE-E07D6E9E55DF}","Local_Priority":1,"Oneway":null,"SHAPE.STLength()":838.69035634458601}},{"type":"Feature","id":245521,"geometry":{"type":"LineString","coordinates":[[-72.475500118449176,42.416528286297812],[-72.475451403367401,42.416570342784794],[-72.475409340805626,42.416600519804007],[-72.475364790831705,42.416629034275729],[-72.47532013991129,42.416657545083325],[-72.475280579994816,42.416683768227315],[-72.475240835488449,42.416710551122954],[-72.475199834205142,42.416735656541661],[-72.475140977853457,42.416765980236946],[-72.475079423580382,42.416794071440307],[-72.475017761047525,42.416821607126082],[-72.474972609267255,42.41684224419069],[-72.474927565828693,42.416863447524548],[-72.474882413989093,42.416884084553551],[-72.474421404925565,42.417023037707416],[-72.474387780640825,42.417034011900306],[-72.474354166302902,42.41704555320397],[-72.474320448446448,42.417056528168914],[-72.474282956427658,42.417069227679875],[-72.47424526854094,42.417081360730975],[-72.474207380094072,42.417092938165702],[-72.474166161337237,42.417103977467598],[-72.474124562284743,42.417115019072497],[-72.474083848231572,42.41712774488424],[-72.474044671513482,42.417142144881964],[-72.474006471984268,42.417158219305385],[-72.473968077966404,42.417173738060249],[-72.473915997010948,42.417194437834404],[-72.473863906081036,42.417214571364454],[-72.473812008358635,42.417234707737713]]},"properties":{"OBJECTID":245521,"route_id":"L188689 NB","from_measure":0.71529609999999999,"to_measure":0.81544419999999995,"Route_System":"L","Route_Number":"188689","Route_Direction":"NB","Rd_Seg_ID":null,"Facility":1,"Mile_Count":1,"Urban_Area":"0","Urban_Type":5,"F_F_Class":7,"Jurisdictn":"2","NHS":0,"Fd_Aid_Rd":0,"Control":0,"Num_Lanes":2,"Opp_Lanes":0,"Surface_Tp":2,"Surface_Wd":16,"Shldr_Lt_W":0,"Shldr_Lt_T":0,"Shldr_Rt_W":0,"Shldr_Rt_T":0,"Shldr_UL_W":0,"Shldr_UL_T":0,"Med_Width":0,"Med_Type":0,"Curb":0,"Lt_Sidewlk":0,"Rt_Sidewlk":0,"Pd_Sf_Type":null,"Pd_Fc_Type":null,"Cr_Slope":null,"Path_Width":null,"Operation":2,"Speed_Lim":null,"Op_Dir_SL":null,"Speed_Reg":null,"T_Exc_Type":null,"T_Exc_Time":null,"Trk_Permit":null,"Trk_Netwrk":null,"Truck_Rte":null,"ROW_Width":45,"Toll_Road":null,"MHS":null,"City":272,"Mun_Type":2,"County":11,"Hwy_Dist":2,"RPA":"FRCOG","RTA":"FRTA","MPO":5,"St_Name":"PRATT CORNER ROAD","City_Maint":272,"Length":0.1001481,"created_user":"RH","created_date":1785555425000,"last_edited_user":"RH","last_edited_date":1785555425000,"Record_ID":"119780.907838.NE.16.188689","GlobalID":"{5F3ABB58-3116-43B4-B94A-BA1448B50479}","Local_Priority":1,"Oneway":null,"SHAPE.STLength()":161.17309735677779}},{"type":"Feature","id":245522,"geometry":{"type":"LineString","coordinates":[[-72.473812008358635,42.417234707737713],[-72.473798629380468,42.417240555092107],[-72.473760803735061,42.417257087236095],[-72.47370979339226,42.417279460566249],[-72.473656924372975,42.417297917875345],[-72.473583190175091,42.417312043708925],[-72.473506232243224,42.417320009724875],[-72.473429359188245,42.417327413168593],[-72.473386932468415,42.417333962578894],[-72.473344505739789,42.417340511973521],[-72.473301874519919,42.41734593407395],[-72.473246793953962,42.417350903216175],[-72.473191508898736,42.417354745053203],[-72.473136096863243,42.417356338024874],[-72.473096312904104,42.417355549844899],[-72.473056612616816,42.417354198240801],[-72.473016998446226,42.417352284092253],[-72.472960083326669,42.417348823555841],[-72.472902976325926,42.417345369114756],[-72.472846061232687,42.417341909422163],[-72.472786388199225,42.417337914807227],[-72.472726615480937,42.417333916502201],[-72.472666945033495,42.417330483606406],[-72.472589998277172,42.417326630348342],[-72.472512960620378,42.417323344111281],[-72.472436025108138,42.417320615161294],[-72.472376556531145,42.417317744013268],[-72.472317103960052,42.417315991803243],[-72.472257871801062,42.41731592941138],[-72.472199930979443,42.417319797705161],[-72.472142220493069,42.417326475739124],[-72.472084407736432,42.417332588303289],[-72.471495336342755,42.417508625830123],[-72.471444214163128,42.417529874584702],[-72.471393286549102,42.417551688878937],[-72.471341194507275,42.417571820365481],[-72.471290846102505,42.417588000895613],[-72.471239526550846,42.41760250328921],[-72.47118879039374,42.417618124342859],[-72.471126195849251,42.417640598753316],[-72.47106446764073,42.417663628523805],[-72.471003805281228,42.417688336478314],[-72.470947970646648,42.417711874671767],[-72.470893089880306,42.417735971096533],[-72.470841396692634,42.417763419529138],[-72.470773202150468,42.417810137199659],[-72.470711637479695,42.417862423247833],[-72.470655235660757,42.417917481942077],[-72.470598218729151,42.417981548139196],[-72.47054733921857,42.418049499678538],[-72.470500560454596,42.418119108330004],[-72.470482303252936,42.418147957398368],[-72.47046461712219,42.418176806150633],[-72.470447033164731,42.418206216741297],[-72.470128806301773,42.418940410889498],[-72.470108682405566,42.418983911293296],[-72.470088558398857,42.419027406291853],[-72.470070819456694,42.41907144479007],[-72.470058396922852,42.419109251455112],[-72.470047687601081,42.419147607284295],[-72.47003830983995,42.419185950990872],[-72.470031066027531,42.419221459599413],[-72.470024873224546,42.419256964752577],[-72.470018671723437,42.41929190367437],[-72.470011932000077,42.41934766802882],[-72.47000518241407,42.419402869762472],[-72.469991679848491,42.419457004793649],[-72.469968976244672,42.41950558762516],[-72.469940278909206,42.419553092848048],[-72.469912052990381,42.419600597692138],[-72.469883013871581,42.419657112621337],[-72.469854748747977,42.419714182823199],[-72.469823523690835,42.419770154349557],[-72.469795872242557,42.41981203089702],[-72.46976642132536,42.419853918094894],[-72.469736962950563,42.419895242644728],[-72.469359074786496,42.420281063986046]]},"properties":{"OBJECTID":245522,"route_id":"L188689 NB","from_measure":0.81544419999999995,"to_measure":1.1683277999999999,"Route_System":"L","Route_Number":"188689","Route_Direction":"NB","Rd_Seg_ID":null,"Facility":1,"Mile_Count":1,"Urban_Area":"0","Urban_Type":5,"F_F_Class":7,"Jurisdictn":"2","NHS":0,"Fd_Aid_Rd":0,"Control":0,"Num_Lanes":2,"Opp_Lanes":0,"Surface_Tp":2,"Surface_Wd":16,"Shldr_Lt_W":0,"Shldr_Lt_T":0,"Shldr_Rt_W":0,"Shldr_Rt_T":0,"Shldr_UL_W":0,"Shldr_UL_T":0,"Med_Width":0,"Med_Type":0,"Curb":0,"Lt_Sidewlk":0,"Rt_Sidewlk":0,"Pd_Sf_Type":null,"Pd_Fc_Type":null,"Cr_Slope":null,"Path_Width":null,"Operation":2,"Speed_Lim":null,"Op_Dir_SL":null,"Speed_Reg":null,"T_Exc_Type":null,"T_Exc_Time":null,"Trk_Permit":null,"Trk_Netwrk":null,"Truck_Rte":null,"ROW_Width":45,"Toll_Road":null,"MHS":null,"City":272,"Mun_Type":2,"County":11,"Hwy_Dist":2,"RPA":"FRCOG","RTA":"FRTA","MPO":5,"St_Name":"PRATT CORNER ROAD","City_Maint":272,"Length":0.35288360000000002,"created_user":"RH","created_date":1785555425000,"last_edited_user":"RH","last_edited_date":1785555425000,"Record_ID":"120140.908003.NE.56.188689","GlobalID":"{5D9448E5-38A0-4481-BDCA-61C8715E8E27}","Local_Priority":1,"Oneway":null,"SHAPE.STLength()":567.91224074245304}},{"type":"Feature","id":245523,"geometry":{"type":"LineString","coordinates":[[-72.469359074786496,42.420281063986046],[-72.468487068955113,42.421206734750683],[-72.468363668547411,42.42133775618062],[-72.468323880126988,42.421380292640578],[-72.468283998084416,42.421422828973093],[-72.46824248161488,42.421464255434124],[-72.468200181072504,42.421504000367143],[-72.468156344504038,42.421542633697946],[-72.468109151626436,42.421579046228906],[-72.468054127400535,42.421612707483582],[-72.467995457577686,42.421643587655851],[-72.467938230114669,42.421675580173883],[-72.467894129865229,42.421703521576028],[-72.467851097842171,42.421732582985292],[-72.467807865123675,42.421761078861444],[-72.467733261720014,42.42179321825509],[-72.467658668057098,42.421825919319438],[-72.467588399146351,42.421861958396299],[-72.46752620028461,42.421904124728911],[-72.467468235069489,42.421950187158849],[-72.467410650149617,42.421996251764448],[-72.467354437403642,42.422038924995789],[-72.467298698517723,42.422081599618856],[-72.46724477977061,42.422125378922971],[-72.467208265176239,42.422158321536763],[-72.467172791927581,42.422191818991905],[-72.46713731609178,42.42222475285493],[-72.466502481448998,42.423304286025548],[-72.46646858669871,42.423378846326372],[-72.466434614191911,42.423453969069435],[-72.466399959883617,42.423528535722447],[-72.466379358194899,42.423565847882656],[-72.466358662937679,42.423603161724479],[-72.466345858145147,42.423640967528762],[-72.466344676126383,42.423662923720322],[-72.466345872037266,42.42368542265293],[-72.466347158978323,42.423707358119529],[-72.466350030676409,42.423752347454275],[-72.466352996005767,42.423797340504208],[-72.466354157001433,42.423842348699466],[-72.466354819479989,42.423885669372382],[-72.466353762573618,42.423928441775978],[-72.466346050751042,42.423970150039736],[-72.46632934305218,42.424007425897656],[-72.466306911038743,42.424043067098061],[-72.466284478917515,42.424078702892523],[-72.465952194202927,42.424780365996867],[-72.465939177907075,42.42484181058348],[-72.465926170200092,42.424903818697366],[-72.465907831723612,42.424964741629992],[-72.465887281915599,42.425011619173944],[-72.465863495047628,42.425057961170118],[-72.46583923426877,42.425104307136451],[-72.465817772365227,42.425147250705947],[-72.465796022475217,42.425190197587064],[-72.465773415986789,42.425233155250645],[-72.465744561520069,42.425283476839923],[-72.465714567177812,42.425333245281244],[-72.465684467077068,42.425383014600897],[-72.464966575385745,42.426249969058411],[-72.463293627641349,42.428199670863535],[-72.463250968405688,42.428259672282543],[-72.4632083868553,42.428319114834991],[-72.463170771589773,42.428380198523442],[-72.463145454770455,42.42843218150157],[-72.463123664280204,42.428485254973467],[-72.463103398814027,42.428538320184551],[-72.463084398519285,42.428593623810578],[-72.463067000898889,42.428648352225565],[-72.463050278933437,42.428703637686027],[-72.463036544932706,42.428749327733996],[-72.463023092906411,42.428795020822946],[-72.46300974784802,42.42884127481544],[-72.463009942053503,42.428878975946091],[-72.463009565060929,42.428916676452225],[-72.463008907438962,42.428954383806939],[-72.463008947398833,42.429012903455067],[-72.46300850743205,42.429071430718032],[-72.463004457146397,42.429129421876191],[-72.462996470735334,42.429185196053538],[-72.462985152254475,42.429239873598377],[-72.462970038779233,42.429294578381217],[-72.462955646567352,42.429334650510526],[-72.462939054794305,42.429373616532949],[-72.462922663554949,42.429413142675692],[-72.46274787611722,42.430049329858775],[-72.462732130733428,42.430106297885274],[-72.462716369403111,42.430162699740052],[-72.462697570064691,42.430218564293583],[-72.462664687672358,42.430291427613831],[-72.462626278353696,42.430362644529723],[-72.462588345442441,42.430434425550338],[-72.462556707754601,42.430501654122907],[-72.462525263143291,42.430568876569296],[-72.46248999905977,42.430635006434521],[-72.462454867434076,42.430691007470919],[-72.462416962601637,42.430745907176039],[-72.462377057459236,42.430800260886905],[-72.462329750035394,42.430860863457653],[-72.462279957485677,42.43092092857875],[-72.46222806232521,42.430979318645953],[-72.462162215181934,42.431045142189433],[-72.462093416087413,42.431109864059017],[-72.462028815561538,42.431176243406533],[-72.46200010197397,42.431210807148027],[-72.46197252089388,42.431245360519171],[-72.461944668870359,42.431280479747635],[-72.461291824534513,42.431806434625599],[-72.460635938523183,42.43233240561927],[-72.460102406124918,42.432819088913554],[-72.46008738202552,42.432830466393909],[-72.459958755990343,42.432926073381097],[-72.459830324028019,42.433022240400874],[-72.459702557629953,42.43311840262465],[-72.459574884415147,42.433214563924516],[-72.459444040085188,42.433308497100874],[-72.459401191946768,42.433338115438268],[-72.459179380181183,42.433494142345893],[-72.458911920962265,42.433695566770396],[-72.458817198557625,42.433785823972187],[-72.458738676796187,42.433886077492694],[-72.458664542870707,42.434006550713725],[-72.458560265220314,42.434186917406926],[-72.458488366403401,42.434398527446106],[-72.458472795801583,42.434429605545603],[-72.458418595094642,42.434537535058638],[-72.458326754303854,42.434723989478009],[-72.458227794910897,42.434904312456908],[-72.458100013815454,42.435137770727955],[-72.457927005868598,42.435375545804028],[-72.45773864395332,42.435671968153272],[-72.457549927953323,42.435938568232288],[-72.45741772737891,42.436143925630915],[-72.457313217194041,42.436340615757281],[-72.457252721978804,42.436509365799587],[-72.457244426936683,42.436525753039973],[-72.457232700310897,42.436553987293692],[-72.457191116162491,42.436654491662033],[-72.457137901182151,42.436783791256182],[-72.457089930014831,42.436914172632093],[-72.457046714193325,42.437045081658709],[-72.457003507848768,42.437176547881954],[-72.456959719179352,42.437307456223579],[-72.456910314455357,42.43743729121779],[-72.456860823187526,42.437567685101691],[-72.456811417988774,42.437697515544095],[-72.456761911716001,42.437827346799246],[-72.456705933661155,42.437955544601223],[-72.456596403482678,42.438146551429121]]},"properties":{"OBJECTID":245523,"route_id":"L188689 NB","from_measure":1.1683277999999999,"to_measure":2.5929494000000002,"Route_System":"L","Route_Number":"188689","Route_Direction":"NB","Rd_Seg_ID":null,"Facility":1,"Mile_Count":1,"Urban_Area":"0","Urban_Type":5,"F_F_Class":7,"Jurisdictn":"2","NHS":0,"Fd_Aid_Rd":0,"Control":0,"Num_Lanes":1,"Opp_Lanes":0,"Surface_Tp":2,"Surface_Wd":14,"Shldr_Lt_W":0,"Shldr_Lt_T":0,"Shldr_Rt_W":0,"Shldr_Rt_T":0,"Shldr_UL_W":0,"Shldr_UL_T":0,"Med_Width":0,"Med_Type":0,"Curb":0,"Lt_Sidewlk":0,"Rt_Sidewlk":0,"Pd_Sf_Type":null,"Pd_Fc_Type":null,"Cr_Slope":null,"Path_Width":null,"Operation":2,"Speed_Lim":null,"Op_Dir_SL":null,"Speed_Reg":null,"T_Exc_Type":null,"T_Exc_Time":null,"Trk_Permit":null,"Trk_Netwrk":null,"Truck_Rte":null,"ROW_Width":45,"Toll_Road":null,"MHS":null,"City":272,"Mun_Type":2,"County":11,"Hwy_Dist":2,"RPA":"FRCOG","RTA":"FRTA","MPO":5,"St_Name":"PRATT CORNER ROAD","City_Maint":272,"Length":1.4246216,"created_user":"RH","created_date":1785555425000,"last_edited_user":"RH","last_edited_date":1785555425000,"Record_ID":"120758.909190.NE.22.188689","GlobalID":"{44A47DEA-8446-4AF2-8BDD-787A8EA72731}","Local_Priority":1,"Oneway":null,"SHAPE.STLength()":2292.7107169953674}},{"type":"Feature","id":135318,"geometry":{"type":"LineString","coordinates":[[-72.434269393953343,42.499742847885059],[-72.433008241858701,42.499014812433153],[-72.432673216897271,42.498823392732412],[-72.432464533882026,42.498710857198205],[-72.432039976003125,42.498455456178242],[-72.431685654056793,42.498250687843587],[-72.431226892618568,42.497989369848376],[-72.430839559645506,42.4977629198805]]},"properties":{"OBJECTID":135318,"route_id":"L140822 EB","from_measure":0.13802900000000001,"to_measure":0.36022379999999998,"Route_System":"L","Route_Number":"140822","Route_Direction":"EB","Rd_Seg_ID":null,"Facility":1,"Mile_Count":1,"Urban_Area":"0","Urban_Type":5,"F_F_Class":7,"Jurisdictn":"0","NHS":0,"Fd_Aid_Rd":0,"Control":0,"Num_Lanes":1,"Opp_Lanes":0,"Surface_Tp":2,"Surface_Wd":13,"Shldr_Lt_W":0,"Shldr_Lt_T":0,"Shldr_Rt_W":0,"Shldr_Rt_T":0,"Shldr_UL_W":0,"Shldr_UL_T":0,"Med_Width":0,"Med_Type":0,"Curb":0,"Lt_Sidewlk":0,"Rt_Sidewlk":0,"Pd_Sf_Type":null,"Pd_Fc_Type":null,"Cr_Slope":null,"Path_Width":null,"Operation":2,"Speed_Lim":null,"Op_Dir_SL":null,"Speed_Reg":null,"T_Exc_Type":null,"T_Exc_Time":null,"Trk_Permit":null,"Trk_Netwrk":null,"Truck_Rte":null,"ROW_Width":20,"Toll_Road":null,"MHS":null,"City":272,"Mun_Type":2,"County":11,"Hwy_Dist":2,"RPA":"FRCOG","RTA":"FRTA","MPO":5,"St_Name":"LAKE DRIVE","City_Maint":272,"Length":0.2221948,"created_user":"RH","created_date":1785555425000,"last_edited_user":"RH","last_edited_date":1785555425000,"Record_ID":"123347.916887.SE.35.140822","GlobalID":"{97A985A1-AC3B-4FBC-AC77-0A0398D4B31D}","Local_Priority":1,"Oneway":null,"SHAPE.STLength()":357.58862205236301}},{"type":"Feature","id":135319,"geometry":{"type":"LineString","coordinates":[[-72.430839559645506,42.4977629198805],[-72.430409453108851,42.497504178874081],[-72.430160247543213,42.497375648333737],[-72.429991396071046,42.49730160790768],[-72.429803924171026,42.497286239763348],[-72.429604848199077,42.497295723203209],[-72.42935335762823,42.49728987366224],[-72.42919801806805,42.497287751764361],[-72.429163744138705,42.49729182194244],[-72.428979413417892,42.497313709525933],[-72.42876203517244,42.497332903826695],[-72.428597998623189,42.497366298773272]]},"properties":{"OBJECTID":135319,"route_id":"L140822 EB","from_measure":0.36022379999999998,"to_measure":0.48586629999999997,"Route_System":"L","Route_Number":"140822","Route_Direction":"EB","Rd_Seg_ID":null,"Facility":1,"Mile_Count":1,"Urban_Area":"0","Urban_Type":5,"F_F_Class":7,"Jurisdictn":"0","NHS":0,"Fd_Aid_Rd":0,"Control":0,"Num_Lanes":1,"Opp_Lanes":0,"Surface_Tp":2,"Surface_Wd":13,"Shldr_Lt_W":0,"Shldr_Lt_T":0,"Shldr_Rt_W":0,"Shldr_Rt_T":0,"Shldr_UL_W":0,"Shldr_UL_T":0,"Med_Width":0,"Med_Type":0,"Curb":0,"Lt_Sidewlk":0,"Rt_Sidewlk":0,"Pd_Sf_Type":null,"Pd_Fc_Type":null,"Cr_Slope":null,"Path_Width":null,"Operation":2,"Speed_Lim":null,"Op_Dir_SL":null,"Speed_Reg":null,"T_Exc_Type":null,"T_Exc_Time":null,"Trk_Permit":null,"Trk_Netwrk":null,"Truck_Rte":null,"ROW_Width":20,"Toll_Road":null,"MHS":null,"City":272,"Mun_Type":2,"County":11,"Hwy_Dist":2,"RPA":"FRCOG","RTA":"FRTA","MPO":5,"St_Name":"LAKE DRIVE","City_Maint":272,"Length":0.12564249999999999,"created_user":"RH","created_date":1785555425000,"last_edited_user":"RH","last_edited_date":1785555425000,"Record_ID":"123580.916721.SE.20.140822","GlobalID":"{456FCFEB-FFF4-4F7E-8552-CBF286C10C2C}","Local_Priority":1,"Oneway":null,"SHAPE.STLength()":202.20245555087217}},{"type":"Feature","id":256189,"geometry":{"type":"LineString","coordinates":[[-72.435069456559887,42.413471587244111],[-72.435066869307192,42.413475821766319],[-72.435039270964893,42.413515997725369],[-72.435011690810228,42.413556173529365],[-72.434984845604959,42.413596343356105],[-72.434958487273462,42.413637067420346],[-72.434932794846532,42.413677799573883],[-72.434907880779249,42.413719078196159],[-72.434882841664489,42.413759790625676],[-72.434857728309439,42.413801071754762],[-72.434832521626333,42.413841795436454],[-72.434807402118338,42.413883075702849],[-72.43478190244322,42.413923791848156],[-72.434756407741105,42.41396451785026],[-72.434731961179295,42.414005793533534],[-72.43470854720249,42.41404705992543],[-72.434686197162364,42.414088875871563],[-72.434665269710649,42.41413125646659],[-72.434646458256125,42.414174177174054],[-72.434629232038063,42.414217076002728],[-72.434611172533735,42.414259990597458],[-72.434592161713184,42.414302909311672],[-72.434572378383734,42.414345270693261],[-72.434550410712816,42.414387650706175],[-72.434524715339663,42.414427811076685],[-72.434496731190734,42.414467994524237],[-72.434469616785066,42.414508166401745],[-72.434444308602792,42.41454888180801],[-72.434419575021764,42.414590167848608],[-72.434395494888832,42.414631440475837],[-72.434371992989753,42.414672707503122],[-72.434348884425702,42.414714529531246],[-72.434325478320389,42.414756362972376],[-72.434301121178407,42.414797069723143],[-72.434276388501843,42.414838347618748],[-72.434251940060335,42.414879622301029],[-72.434227772223366,42.414920894700053],[-72.434203803607858,42.414962166376732],[-72.434181161472637,42.415003993584101],[-72.434160325563752,42.41504636342632],[-72.43414074109873,42.415088733011586],[-72.434121063875367,42.415131651641055],[-72.434101663886452,42.415174010718047],[-72.434082354785644,42.415216930853859],[-72.434060970841642,42.415259306022435],[-72.434036508988513,42.415300022562242],[-72.434010155409894,42.415340746343389],[-72.433983506902834,42.415380918813597],[-72.43395666257554,42.415421655566341],[-72.433929447663814,42.41546181911356],[-72.433903660219059,42.41550254727747],[-72.433880157674977,42.415543814195729],[-72.433857901318916,42.415585629197174],[-72.433836878054848,42.41562801039516],[-72.433817112027768,42.415670371485668],[-72.433798467207382,42.415713291578776],[-72.433780220832887,42.415756207535651],[-72.433762147963861,42.415799108576643],[-72.433744467680455,42.415842019934367],[-72.43372688200941,42.415885497723259],[-72.433709289030702,42.415928400263205],[-72.433691788479777,42.41597131015299],[-72.433674202537105,42.416014774429321],[-72.433656709227932,42.416057684253708],[-72.433639115058341,42.416100594892953],[-72.433621728286951,42.416144057543818],[-72.433603748946254,42.416186971300412],[-72.43358577566886,42.41622988590467],[-72.433569054658022,42.416273347647618],[-72.433554219073542,42.41631678869436],[-72.433540821867325,42.416360790677039],[-72.433527990788022,42.416404788066266],[-72.433515259233289,42.416448779244391],[-72.433503279767621,42.416492769723163],[-72.433492640186884,42.416537315635729],[-72.433483798455555,42.416581833462068],[-72.433476293324077,42.416626354853136],[-72.433470699022152,42.416670846342207],[-72.433467649888613,42.41671588889416],[-72.433466430340829,42.416760912107101],[-72.433464234201281,42.416805956743865],[-72.433460156086454,42.416850435935004],[-72.43345540362742,42.416895492297385],[-72.433450556318476,42.416940544026296],[-72.433445434785611,42.416985046081734],[-72.433440401447442,42.417030090314505],[-72.433437158162477,42.417074577137505],[-72.433437456018865,42.417119588041196],[-72.433439638281754,42.417164588165122],[-72.433440682088033,42.417209592118539],[-72.433439630369975,42.417254627469447],[-72.433437446010913,42.417299649496528],[-72.433436104838208,42.417317107680347],[-72.433434022888136,42.417344136874448],[-72.43342975384644,42.417389184808322],[-72.433424341621276,42.41743424651311],[-72.433418367072747,42.417478750076739],[-72.433411716822093,42.417523821818826],[-72.433404491963401,42.417568326515998],[-72.43339708749798,42.41761284707362],[-72.433389584271751,42.417657921227701],[-72.433381980390621,42.417702433496665],[-72.433374475041049,42.417746953968852],[-72.433366877146767,42.417791461685539],[-72.433359479576936,42.417836534978669],[-72.433351957186517,42.417881055585852],[-72.433344365334932,42.417925563250378],[-72.433336760321041,42.417970085425722],[-72.433329363990168,42.41801516320615],[-72.433322051541879,42.418059668602091],[-72.433314914233691,42.418104186081791],[-72.433308275926407,42.41814925321156],[-72.433302289145601,42.41819376136106],[-72.433296589835493,42.418238811872634],[-72.433290982099351,42.418283316947281],[-72.433285195430301,42.418328377168635],[-72.433279310409105,42.418373442688178],[-72.433272558105841,42.418417952538348],[-72.433264300424213,42.418462470990974],[-72.433255079332753,42.418507000854454],[-72.433245968721948,42.418551525319302],[-72.433237511872491,42.418596053485892],[-72.43322905602669,42.418640568138329],[-72.433219361134334,42.418685107239703],[-72.433207947125254,42.418729087672808],[-72.433195410289926,42.418773639906782],[-72.433182963553278,42.418817629608633],[-72.433170797519566,42.418861621534631],[-72.433158531829591,42.418905613366277],[-72.433145985415109,42.418949603870374],[-72.433132487727065,42.418993605684967],[-72.433118710593831,42.419037610662954],[-72.43310483752424,42.419081044713138],[-72.433090773609663,42.419125051110811],[-72.433076710903649,42.41916905839669],[-72.43306253889655,42.419212494863018],[-72.433047990167665,42.419256506083606],[-72.433033264298857,42.419299960539227],[-72.433018527262377,42.419343400677668],[-72.43300398454754,42.419387411842109],[-72.432989439514387,42.419430855821332],[-72.432973369615567,42.4194743076552],[-72.432955982872528,42.419517783663551],[-72.432937146916828,42.419560137010691],[-72.432916595416998,42.419602505157691],[-72.432893665250205,42.419644334378923],[-72.43286901979809,42.419685043992786],[-72.432843436211954,42.419726327504129],[-72.432824238383219,42.419758004169161],[-72.43280458820702,42.41979023639206],[-72.432782263286768,42.419820804886328],[-72.432758640891024,42.419847441389088],[-72.432732720164452,42.419872972009898],[-72.432706994759911,42.419899059240137]]},"properties":{"OBJECTID":256189,"route_id":"L193428 NB","from_measure":0,"to_measure":0.46455590000000002,"Route_System":"L","Route_Number":"193428","Route_Direction":"NB","Rd_Seg_ID":null,"Facility":1,"Mile_Count":1,"Urban_Area":"0","Urban_Type":5,"F_F_Class":7,"Jurisdictn":"2","NHS":0,"Fd_Aid_Rd":0,"Control":0,"Num_Lanes":1,"Opp_Lanes":0,"Surface_Tp":2,"Surface_Wd":13,"Shldr_Lt_W":0,"Shldr_Lt_T":0,"Shldr_Rt_W":0,"Shldr_Rt_T":0,"Shldr_UL_W":0,"Shldr_UL_T":0,"Med_Width":0,"Med_Type":0,"Curb":0,"Lt_Sidewlk":0,"Rt_Sidewlk":0,"Pd_Sf_Type":null,"Pd_Fc_Type":null,"Cr_Slope":null,"Path_Width":null,"Operation":2,"Speed_Lim":null,"Op_Dir_SL":null,"Speed_Reg":null,"T_Exc_Type":null,"T_Exc_Time":null,"Trk_Permit":null,"Trk_Netwrk":null,"Truck_Rte":null,"ROW_Width":50,"Toll_Road":null,"MHS":null,"City":272,"Mun_Type":2,"County":11,"Hwy_Dist":2,"RPA":"FRCOG","RTA":"FRTA","MPO":5,"St_Name":"SCHOOLHOUSE ROAD","City_Maint":272,"Length":0.46455590000000002,"created_user":"RH","created_date":1785555425000,"last_edited_user":"RH","last_edited_date":1785555425000,"Record_ID":"123171.907768.NE.74.193428","GlobalID":"{D5A28F8F-13E0-482C-84FA-EA5A97B92A8E}","Local_Priority":1,"Oneway":null,"SHAPE.STLength()":747.63179408136341}},{"type":"Feature","id":272655,"geometry":{"type":"LineString","coordinates":[[-72.417968940590654,42.480276488727789],[-72.417977447571445,42.480364763321653],[-72.418011497365328,42.480497851434428],[-72.418045352986226,42.480630373888935],[-72.418079400965709,42.480762899299059],[-72.418121788810467,42.480894228363113],[-72.41816446270559,42.481025560531016],[-72.418207137928874,42.481156888167909],[-72.418233693125089,42.481290597705552],[-72.418258823096551,42.481424318590967],[-72.41828395190592,42.481558035875068],[-72.418307942545411,42.48169176582163],[-72.418318462376362,42.481826728495292],[-72.418328774616697,42.481961130127956],[-72.418341859428338,42.482096071448723],[-72.418379125875944,42.482228004789654],[-72.418416114914947,42.482360506617518],[-72.418442011891173,42.482494221318902],[-72.418451091230423,42.482628628245436],[-72.418445072640239,42.482763722696312],[-72.418425930813868,42.482897796358458],[-72.41840698316787,42.483032431154335],[-72.418390212752641,42.483166485899503],[-72.418375635886051,42.483301081343235],[-72.418361060239093,42.483435681271736],[-72.418346389666354,42.483570281949667],[-72.418327062193896,42.483704919732773],[-72.418301255307924,42.483838480161523],[-72.418281825825446,42.483972556049395],[-72.418293663465221,42.484106945456425],[-72.418328087217972,42.484239467697421],[-72.418365083343957,42.484371964922566],[-72.418392958948402,42.484505102012399],[-72.418420655544523,42.484638802307799],[-72.418448537399613,42.484771934825417],[-72.418485247126853,42.484904438782259],[-72.418534645075781,42.485034025439028],[-72.418543068235806,42.485051400774928]]},"properties":{"OBJECTID":272655,"route_id":"L200595 NB","from_measure":0,"to_measure":0.33351589999999998,"Route_System":"L","Route_Number":"200595","Route_Direction":"NB","Rd_Seg_ID":null,"Facility":1,"Mile_Count":1,"Urban_Area":"0","Urban_Type":5,"F_F_Class":7,"Jurisdictn":"2","NHS":0,"Fd_Aid_Rd":0,"Control":0,"Num_Lanes":1,"Opp_Lanes":0,"Surface_Tp":2,"Surface_Wd":13,"Shldr_Lt_W":0,"Shldr_Lt_T":0,"Shldr_Rt_W":0,"Shldr_Rt_T":0,"Shldr_UL_W":0,"Shldr_UL_T":0,"Med_Width":0,"Med_Type":0,"Curb":0,"Lt_Sidewlk":0,"Rt_Sidewlk":0,"Pd_Sf_Type":null,"Pd_Fc_Type":null,"Cr_Slope":null,"Path_Width":null,"Operation":2,"Speed_Lim":null,"Op_Dir_SL":null,"Speed_Reg":null,"T_Exc_Type":null,"T_Exc_Time":null,"Trk_Permit":null,"Trk_Netwrk":null,"Truck_Rte":null,"ROW_Width":38,"Toll_Road":null,"MHS":null,"City":272,"Mun_Type":2,"County":11,"Hwy_Dist":2,"RPA":"FRCOG","RTA":"FRTA","MPO":5,"St_Name":"WENDELL ROAD","City_Maint":272,"Length":0.33351589999999998,"created_user":"RH","created_date":1785555425000,"last_edited_user":"RH","last_edited_date":1785555425000,"Record_ID":"124487.915087.NW.53.200595","GlobalID":"{80FBE9E2-1AFB-4F5B-8D25-98BACD25A2FD}","Local_Priority":1,"Oneway":null,"SHAPE.STLength()":536.74292778971505}},{"type":"Feature","id":272656,"geometry":{"type":"LineString","coordinates":[[-72.418543068235806,42.485051400774928],[-72.418596463472483,42.485161263205725],[-72.418671900097152,42.485284451744718],[-72.418748560048698,42.485406509601916],[-72.418805924717887,42.485534907237131],[-72.418848881964138,42.485665670478859],[-72.418874302013307,42.485799388788543],[-72.41890712335686,42.485932486281627],[-72.41895917836753,42.486061488857956],[-72.419030168291727,42.486185837086119],[-72.419111278521598,42.486306734717601],[-72.419188802501068,42.486429343562541],[-72.419261689821951,42.486553118320728],[-72.419324829864308,42.486679778836226],[-72.419390140675816,42.48680530111907],[-72.419476072132838,42.486924468352335],[-72.419585976824706,42.487032192235034],[-72.419714243219815,42.487127951194559],[-72.419839776973305,42.487225980780671],[-72.419953455741194,42.48733142433192],[-72.420067135738819,42.487437426849404],[-72.420170626104095,42.487548013032374],[-72.420239348969602,42.487672940390574],[-72.420271313363571,42.48780548251456],[-72.420310579538111,42.487937402725066],[-72.420362935532395,42.488066964921195],[-72.420421716214832,42.488194225921035],[-72.420515384380636,42.488309389048588],[-72.420650602947077,42.488399468142809],[-72.420712458995837,42.488522762896288],[-72.420682255936796,42.488654113481751],[-72.42057913420166,42.488764096285117],[-72.420481579405816,42.488877975150011],[-72.420395602817095,42.488997390148384],[-72.42035537164432,42.489053980361987],[-72.420344487709627,42.489063632097455],[-72.420333511398113,42.489073289071065],[-72.420323203673902,42.489083498891915],[-72.420296526868356,42.489118034162395],[-72.420276457624567,42.489155896397435],[-72.42026172244347,42.48919484051185],[-72.420254146542661,42.489222470072193],[-72.42024905377842,42.48925120968304],[-72.420246138462375,42.48927936561568],[-72.420246151340791,42.489313125956741],[-72.420249216898526,42.489347428211431],[-72.420253134136914,42.489381157374574],[-72.420256350745987,42.489419395445083],[-72.420260429412281,42.489458189320388],[-72.420268395979136,42.489495822269227],[-72.420283141998652,42.489536218126375],[-72.420302528901217,42.489575451542777],[-72.420324194311306,42.489614104971125],[-72.420365894273502,42.489677918502395],[-72.420414601256368,42.489739988889141],[-72.420468677773016,42.489798637533255],[-72.420521785736213,42.489849420743646],[-72.420579234493189,42.489898477586948],[-72.42064259984808,42.489942421135012],[-72.420701996616927,42.489975149776313],[-72.420765614906713,42.490003897733096],[-72.420831655685149,42.490029257367219],[-72.42088617151461,42.49004626422002],[-72.420942173755435,42.490061010213587],[-72.420998816659761,42.490074058491615],[-72.421055311914714,42.490083738990329],[-72.421112261736965,42.490091724160003],[-72.421167462763989,42.490103659402173],[-72.421203261681811,42.490114629732865],[-72.421238316751754,42.490126725974818],[-72.421270283035312,42.490142226633331],[-72.42129541811984,42.490158342781783],[-72.421318401541939,42.490176726882197],[-72.421336092786618,42.490197406743789],[-72.421345806154505,42.490218150383264],[-72.421351072866301,42.490240612236853],[-72.421355487001819,42.490263085407662],[-72.421362835905398,42.490310855220208],[-72.421365719673929,42.490358660729711],[-72.421367759011176,42.490407035678651],[-72.421370590200453,42.490464406419598],[-72.421372085013104,42.490521229656288],[-72.421371596836337,42.490578626933328],[-72.42136793522927,42.490640549291342],[-72.421361714496157,42.490702495708987],[-72.421355586192391,42.49076444138624],[-72.421350760226758,42.490824685882714],[-72.421345848858223,42.49088549735081],[-72.421339325828427,42.49094632170209],[-72.421330431735399,42.491000970027592],[-72.42132029823911,42.491055632761217],[-72.421312359910559,42.491110839732855],[-72.421310604605594,42.491192442751228],[-72.421313803241688,42.491274573355199],[-72.421310723027375,42.491356749650485],[-72.42130126421516,42.491411968771665],[-72.421288962471138,42.491467773306375],[-72.421276657372474,42.491523016077089],[-72.421269346516823,42.491569211400169],[-72.421261849613984,42.491615412710871],[-72.421248344527314,42.491660537570468],[-72.421234904782054,42.491690469308296],[-72.421218702904469,42.491719855032322],[-72.421198283994485,42.491747030008348],[-72.421173805091385,42.491769167831045],[-72.421145590499791,42.491789651941922],[-72.421117956938744,42.491810689588995],[-72.421077319031795,42.491845903782746],[-72.421037820742228,42.491881104352416],[-72.420999478621368,42.491917425547427],[-72.420948149563714,42.491969038602114],[-72.420898927816779,42.492021763772655],[-72.420850569232627,42.492075040211205],[-72.420799506002197,42.492131717070365],[-72.420749390228323,42.49218838633589],[-72.420700993984781,42.492245603629478],[-72.420643146056193,42.492319215275515],[-72.420588160746249,42.492393932102175],[-72.420534903083549,42.492469755976572],[-72.420507682744059,42.492512740426754],[-72.420478137143888,42.492559113270687]]},"properties":{"OBJECTID":272656,"route_id":"L200595 NB","from_measure":0.33351589999999998,"to_measure":0.92793119999999996,"Route_System":"L","Route_Number":"200595","Route_Direction":"NB","Rd_Seg_ID":null,"Facility":1,"Mile_Count":1,"Urban_Area":"0","Urban_Type":5,"F_F_Class":7,"Jurisdictn":"2","NHS":0,"Fd_Aid_Rd":0,"Control":0,"Num_Lanes":1,"Opp_Lanes":0,"Surface_Tp":2,"Surface_Wd":13,"Shldr_Lt_W":0,"Shldr_Lt_T":0,"Shldr_Rt_W":0,"Shldr_Rt_T":0,"Shldr_UL_W":0,"Shldr_UL_T":0,"Med_Width":0,"Med_Type":0,"Curb":0,"Lt_Sidewlk":0,"Rt_Sidewlk":0,"Pd_Sf_Type":null,"Pd_Fc_Type":null,"Cr_Slope":null,"Path_Width":null,"Operation":2,"Speed_Lim":null,"Op_Dir_SL":null,"Speed_Reg":null,"T_Exc_Type":null,"T_Exc_Time":null,"Trk_Permit":null,"Trk_Netwrk":null,"Truck_Rte":null,"ROW_Width":38,"Toll_Road":null,"MHS":null,"City":272,"Mun_Type":2,"County":11,"Hwy_Dist":2,"RPA":"FRCOG","RTA":"FRTA","MPO":5,"St_Name":"WENDELL ROAD","City_Maint":272,"Length":0.59441529999999998,"created_user":"RH","created_date":1785555425000,"last_edited_user":"RH","last_edited_date":1785555425000,"Record_ID":"124333.915789.NW.95.200595","GlobalID":"{BD5613EB-F956-4B8C-A19B-384404D3E196}","Local_Priority":1,"Oneway":null,"SHAPE.STLength()":956.62057600482854}},{"type":"Feature","id":272657,"geometry":{"type":"LineString","coordinates":[[-72.420478137143888,42.492559113270687],[-72.420557216011318,42.492618129347676],[-72.420685774996358,42.492713884850538],[-72.420819043606144,42.492806227350812],[-72.420944302404891,42.492903696099859],[-72.421035057118573,42.493020573673348],[-72.421089301183756,42.49314899584617],[-72.421128959136752,42.493280907999811],[-72.421173347260833,42.493411662354355],[-72.421217175659621,42.493542979349698],[-72.421254648347016,42.493674914319321],[-72.421287765795029,42.493808003162691],[-72.421311859913388,42.493941732215077],[-72.421330077383587,42.494076070024768],[-72.421350095209064,42.494210393435154],[-72.421375143196812,42.49434410943509],[-72.421403981988846,42.494477236932987],[-72.421432914579384,42.494610364570278],[-72.42147086967114,42.494742852870807],[-72.421503792672198,42.494875385890815],[-72.421529221988649,42.495009098789609],[-72.421535557004731,42.495143531541949],[-72.421495655168613,42.495274960547476],[-72.421427902951436,42.495399853630914],[-72.42136522790166,42.49552696043493],[-72.421336020428654,42.495596968159028]]},"properties":{"OBJECTID":272657,"route_id":"L200595 NB","from_measure":0.92793119999999996,"to_measure":1.1529258,"Route_System":"L","Route_Number":"200595","Route_Direction":"NB","Rd_Seg_ID":null,"Facility":1,"Mile_Count":1,"Urban_Area":"0","Urban_Type":5,"F_F_Class":7,"Jurisdictn":"2","NHS":0,"Fd_Aid_Rd":0,"Control":0,"Num_Lanes":1,"Opp_Lanes":0,"Surface_Tp":2,"Surface_Wd":13,"Shldr_Lt_W":0,"Shldr_Lt_T":0,"Shldr_Rt_W":0,"Shldr_Rt_T":0,"Shldr_UL_W":0,"Shldr_UL_T":0,"Med_Width":0,"Med_Type":0,"Curb":0,"Lt_Sidewlk":0,"Rt_Sidewlk":0,"Pd_Sf_Type":null,"Pd_Fc_Type":null,"Cr_Slope":null,"Path_Width":null,"Operation":2,"Speed_Lim":null,"Op_Dir_SL":null,"Speed_Reg":null,"T_Exc_Type":null,"T_Exc_Time":null,"Trk_Permit":null,"Trk_Netwrk":null,"Truck_Rte":null,"ROW_Width":38,"Toll_Road":null,"MHS":null,"City":272,"Mun_Type":2,"County":11,"Hwy_Dist":2,"RPA":"FRCOG","RTA":"FRTA","MPO":5,"St_Name":"WENDELL ROAD","City_Maint":272,"Length":0.22499459999999999,"created_user":"RH","created_date":1785555425000,"last_edited_user":"RH","last_edited_date":1785555425000,"Record_ID":"124264.916354.NW.36.200595","GlobalID":"{12450972-7291-41F4-94FF-62D3DBE81764}","Local_Priority":1,"Oneway":null,"SHAPE.STLength()":362.09440759656314}},{"type":"Feature","id":272658,"geometry":{"type":"LineString","coordinates":[[-72.421336020428654,42.495596968159028],[-72.421311500965999,42.495655682835057],[-72.421296733183553,42.495789721572329],[-72.421275400228325,42.495923812780049],[-72.421252455347627,42.496057913261417],[-72.42126382838255,42.496192305718104],[-72.421277962479081,42.496327237887165],[-72.421346021368123,42.496451045221519],[-72.421422227781321,42.496573668304713],[-72.421479988787468,42.496702061187115],[-72.421537747909497,42.496829892265374],[-72.421586315707074,42.496960045756786],[-72.421629759744121,42.497090807385241],[-72.421673212111045,42.497222127114092],[-72.421721967838423,42.497352279936933],[-72.421775465001119,42.497481273942583],[-72.421828778331772,42.497610827577461],[-72.421844143364325,42.497647842993238],[-72.421882269783879,42.497739817072343],[-72.421926001992887,42.497870571764885],[-72.421967649097411,42.498001909405687],[-72.422000203518692,42.498135007827443],[-72.422023827507786,42.498268734961805],[-72.422059685545975,42.498400682456762],[-72.422114703613957,42.498529659613226],[-72.42220348541187,42.498647114646197],[-72.422310283562297,42.498755418839536],[-72.422436322913256,42.498852883281607],[-72.422562171319569,42.498950908201309],[-72.422642137370104,42.499030731573633],[-72.422676986658814,42.499067591802905]]},"properties":{"OBJECTID":272658,"route_id":"L200595 NB","from_measure":1.1529258,"to_measure":1.4091887999999999,"Route_System":"L","Route_Number":"200595","Route_Direction":"NB","Rd_Seg_ID":null,"Facility":1,"Mile_Count":1,"Urban_Area":"0","Urban_Type":5,"F_F_Class":7,"Jurisdictn":"2","NHS":0,"Fd_Aid_Rd":0,"Control":0,"Num_Lanes":1,"Opp_Lanes":0,"Surface_Tp":2,"Surface_Wd":13,"Shldr_Lt_W":0,"Shldr_Lt_T":0,"Shldr_Rt_W":0,"Shldr_Rt_T":0,"Shldr_UL_W":0,"Shldr_UL_T":0,"Med_Width":0,"Med_Type":0,"Curb":0,"Lt_Sidewlk":0,"Rt_Sidewlk":0,"Pd_Sf_Type":null,"Pd_Fc_Type":null,"Cr_Slope":null,"Path_Width":null,"Operation":2,"Speed_Lim":null,"Op_Dir_SL":null,"Speed_Reg":null,"T_Exc_Type":null,"T_Exc_Time":null,"Trk_Permit":null,"Trk_Netwrk":null,"Truck_Rte":null,"ROW_Width":38,"Toll_Road":null,"MHS":null,"City":272,"Mun_Type":2,"County":11,"Hwy_Dist":2,"RPA":"FRCOG","RTA":"FRTA","MPO":5,"St_Name":"WENDELL ROAD","City_Maint":272,"Length":0.25626300000000002,"created_user":"RH","created_date":1785555425000,"last_edited_user":"RH","last_edited_date":1785555425000,"Record_ID":"124234.916724.NW.41.200595","GlobalID":"{A6F73C9E-3EE7-4D5B-B94A-D03E6DDE72B6}","Local_Priority":1,"Oneway":null,"SHAPE.STLength()":412.41610818150798}},{"type":"Feature","id":272659,"geometry":{"type":"LineString","coordinates":[[-72.422676986658814,42.499067591802905],[-72.422682589095473,42.499073737420865],[-72.422711842004873,42.499104447471552],[-72.422746691375025,42.499141307678997],[-72.422781546868364,42.499178167826827],[-72.422816396240961,42.499215022611303],[-72.422851251815644,42.499251882737347],[-72.422886007677945,42.499288743651185],[-72.422920771729054,42.49932616177496],[-72.422955806540102,42.499362457746315],[-72.422991229168389,42.499399313289231],[-72.423008207495116,42.4994166197502]]},"properties":{"OBJECTID":272659,"route_id":"L200595 NB","from_measure":1.4091887999999999,"to_measure":1.4386266999999999,"Route_System":"L","Route_Number":"200595","Route_Direction":"NB","Rd_Seg_ID":null,"Facility":1,"Mile_Count":1,"Urban_Area":"0","Urban_Type":5,"F_F_Class":7,"Jurisdictn":"2","NHS":0,"Fd_Aid_Rd":0,"Control":0,"Num_Lanes":1,"Opp_Lanes":0,"Surface_Tp":2,"Surface_Wd":13,"Shldr_Lt_W":0,"Shldr_Lt_T":0,"Shldr_Rt_W":0,"Shldr_Rt_T":0,"Shldr_UL_W":0,"Shldr_UL_T":0,"Med_Width":0,"Med_Type":0,"Curb":0,"Lt_Sidewlk":0,"Rt_Sidewlk":0,"Pd_Sf_Type":null,"Pd_Fc_Type":null,"Cr_Slope":null,"Path_Width":null,"Operation":2,"Speed_Lim":null,"Op_Dir_SL":null,"Speed_Reg":null,"T_Exc_Type":null,"T_Exc_Time":null,"Trk_Permit":null,"Trk_Netwrk":null,"Truck_Rte":null,"ROW_Width":38,"Toll_Road":null,"MHS":null,"City":272,"Mun_Type":2,"County":11,"Hwy_Dist":2,"RPA":"FRCOG","RTA":"FRTA","MPO":5,"St_Name":"WENDELL ROAD","City_Maint":272,"Length":0.029437899999999999,"created_user":"RH","created_date":1785555425000,"last_edited_user":"RH","last_edited_date":1785555425000,"Record_ID":"124146.916932.NW.47.200595","GlobalID":"{79E4EE17-FC69-48E2-91B3-AEEBA4C3C451}","Local_Priority":1,"Oneway":null,"SHAPE.STLength()":47.375785610425424}},{"type":"Feature","id":272660,"geometry":{"type":"LineString","coordinates":[[-72.423008207495116,42.4994166197502],[-72.42302711676426,42.499435597908487],[-72.42306329157563,42.499471885618242],[-72.423099930125119,42.499507601513137],[-72.42313695686056,42.499543319689217],[-72.42317397625979,42.499579032510333],[-72.423210902108906,42.499614751470688],[-72.423247927674453,42.499650464218632],[-72.423284763287242,42.499686745665578],[-72.423321595524911,42.499722460838754],[-72.423358429073474,42.499758179590899],[-72.423395261394603,42.499793894739902],[-72.423431909832885,42.499830177639232],[-72.423468556097944,42.499865893355057],[-72.42350510272945,42.49990161525934],[-72.423541750011097,42.499937893631454],[-72.423578396479911,42.49997361471253],[-72.423615138733666,42.500009892300305],[-72.423651971399536,42.500045610965671],[-72.423688898942771,42.50008132525771],[-72.423725073275008,42.500117611863082],[-72.423759830124339,42.50015447250496],[-72.423793927582139,42.500191333019288],[-72.423828026094881,42.500228761604539],[-72.423862505405808,42.500266186227179],[-72.423897075007119,42.500303043826847],[-72.423930701631065,42.500340476163991],[-72.42396348130309,42.500378477067898],[-72.423995402149259,42.500416484847008],[-72.424026671915058,42.500455060524352],[-72.424056616566503,42.500494204102232],[-72.424085709475264,42.500533921689907],[-72.424114902175731,42.500573638470058],[-72.424144280102553,42.500612791069948],[-72.42417356654903,42.500652507083359],[-72.424202271821912,42.500691665961774],[-72.424230239334008,42.500731954323243],[-72.424257541453144,42.500772248913528],[-72.424284936063387,42.500812542755554],[-72.424311665331899,42.500852846427797],[-72.424338299665962,42.500893145453183],[-72.424367493908079,42.500932862155786],[-72.424400166101677,42.500970297507159],[-72.42443511723063,42.501007155485617],[-72.424471285445165,42.501042875615816],[-72.424509066879722,42.501078586396694],[-72.42454797781113,42.501113160029298],[-72.424585370326128,42.501148312117408],[-72.424620128166353,42.501185167088636],[-72.424653281239102,42.501222603012032],[-72.424685217253369,42.501261173164295],[-72.424716481763383,42.50129974779442],[-72.424746333648912,42.501338897336957],[-72.424773907920653,42.501378626932208],[-72.424798660237428,42.501420066324236],[-72.424821033028479,42.501461524802565],[-72.42484200261805,42.501504119009802],[-72.424862011515756,42.501546163635481],[-72.424880703503732,42.501589337897208],[-72.424896068342079,42.50163254425447],[-72.424907070326597,42.501676343803354],[-72.424914855284712,42.501721298140993],[-72.424921507580962,42.501766257064844],[-72.424927291606522,42.501810664769089],[-72.42493194269521,42.501855639749543],[-72.424936495315777,42.501900620020983],[-72.424941720696296,42.501945594893293],[-72.424947033596936,42.501990563660783],[-72.424951490413719,42.502034982911773],[-72.424954336168568,42.502079972375618],[-72.424956229417006,42.50212497308344],[-72.424957935331548,42.502169976194317],[-72.424959828532494,42.502214973300212],[-72.424961727884835,42.502259974857694],[-72.424963334049181,42.502304978767327],[-72.424965233340771,42.50234997582271],[-72.424966933185061,42.502394978979552],[-72.424968832481923,42.502439976033799],[-72.424970438642632,42.502484979040972],[-72.424972144577112,42.502529982147301],[-72.424975084044434,42.502574970852976],[-72.424980023615461,42.502619948009652],[-72.424986281004735,42.502664351903171],[-72.424992359231553,42.502709315419516],[-72.424998245315251,42.502754284978522],[-72.42500403766563,42.502799250787398],[-72.425009821843943,42.502843658475207],[-72.425015520600766,42.502888629535143],[-72.425021219299722,42.502933596093264],[-72.425027197884418,42.502978564906122],[-72.425033362816905,42.50302296503385],[-72.425039727072615,42.503067930750085],[-72.425046078224625,42.50311233388328],[-72.425052443649022,42.503157295087014],[-72.425058902824887,42.503202260039068],[-72.425065253937959,42.503246658668658],[-72.425071138907114,42.503291628227196],[-72.425077124860721,42.503336596974542],[-72.425084334905662,42.503380988708486],[-72.425093159429437,42.503425371986133],[-72.425103409733552,42.503469739318476],[-72.42511517964283,42.503514099855536],[-72.425129133525658,42.503557874773847],[-72.42514478126084,42.503601078809986],[-72.425160254711315,42.503644842428237],[-72.425175343794976,42.503688612730329],[-72.425190329705046,42.503731817569651],[-72.425205517387013,42.503775587976001],[-72.425220798688329,42.503819352226735],[-72.425236352873753,42.503862556999351],[-72.425244218777522,42.50388668941406],[-72.425250586746415,42.503906330553143],[-72.425263681909811,42.503950113245068],[-72.425275453224728,42.503994472850081],[-72.425285422782494,42.504038846916302],[-72.425292347154624,42.504083240923833],[-72.425297566886428,42.504128215802652],[-72.425302698964884,42.504173186882817],[-72.42530829004059,42.504217596092133],[-72.425314082812037,42.504262566368801],[-72.425319875525858,42.50430753214367],[-72.425325668313846,42.504352502418733],[-72.425331359116697,42.504396906322995],[-72.425337151921056,42.504441876596367],[-72.425343417991627,42.504486843069799],[-72.425349675755797,42.504531242420484],[-72.425354421090347,42.504576221100201],[-72.425356601764648,42.504621215865775],[-72.425357261752083,42.50466622733979],[-72.425357921740471,42.504711238813243],[-72.425358961231822,42.504756241837867],[-72.425359907125042,42.504801251015138],[-72.425360947915095,42.504846259430046],[-72.425361987424026,42.504891263353173],[-72.425363027000444,42.504936271776771],[-72.425364067728978,42.504981275689111],[-72.425365107308338,42.505026284111565],[-72.425365960747484,42.505071294027758],[-72.425367093929793,42.505116296295959],[-72.425368420634484,42.505161302411878],[-72.425369747341179,42.505206308527264],[-72.425371453567948,42.505251307093921],[-72.425373253542617,42.505296309408983],[-72.425375433038596,42.505341304175303],[-72.425377612603668,42.505386303441995],[-72.425379699708827,42.505431303450401],[-72.42538178552104,42.505476298066831],[-72.425383872632167,42.505521298074079],[-72.425385858766546,42.505566298891374],[-72.425388039497463,42.505611293644428],[-72.425390125400881,42.505656293659726],[-72.425392498364644,42.505701286868465],[-72.425394965078013,42.505746283825523],[-72.42539638427948,42.505791289191272],[-72.425396091609144,42.505836302897208],[-72.425394665120052,42.50588133110643],[-72.425393138865459,42.50592636011595],[-72.425391612542583,42.505971384623919],[-72.425389799158722,42.506016415937317],[-72.425388085470033,42.506061441948248],[-72.42538636576181,42.506106472508428],[-72.42538464510092,42.506150940388729],[-72.425382925321713,42.506195966446789],[-72.42538130537018,42.506240996204419],[-72.425379491892016,42.506286022113187],[-72.425377871935638,42.506331051869644],[-72.425376253193704,42.506376081615819],[-72.425374439721239,42.506421108423055],[-72.425372819757868,42.506466138177849],[-72.425371006346396,42.506511169484924],[-72.425369386312184,42.506556194737577],[-72.425368714105929,42.506601216882558],[-72.425369280362062,42.506646223683433],[-72.425370793246955,42.506691228286613],[-72.425372313434011,42.506736232830647],[-72.425373733792227,42.506781233673962],[-72.425375246683558,42.506826238275451],[-72.425377332617998,42.506871238276247],[-72.425379799300288,42.506916230718581],[-72.425382645646479,42.506961224614088],[-72.425385585599699,42.507006212355769],[-72.425388339488705,42.507051206992308],[-72.42539108608166,42.507096201686892],[-72.425393745013636,42.507141192583035],[-72.425396583129725,42.507185623854923],[-72.425399337034364,42.507230618489054],[-72.425402083577083,42.50727560868016],[-72.425404362993717,42.507320607122196],[-72.425406542581882,42.507365601863505],[-72.425410336743738,42.507410588144445],[-72.425416988841974,42.507455551481996],[-72.425425340822969,42.507499933984157],[-72.42543378534792,42.507544320243845],[-72.425440337644773,42.507589279878388],[-72.42544727083208,42.507634240955795],[-72.425458568464762,42.507678604307593],[-72.425477439651146,42.507720653408171],[-72.425500963374276,42.507762664252517],[-72.425524672340217,42.507804111818274],[-72.425548381403374,42.507845563879606],[-72.425572370265016,42.507887009187883],[-72.425593621391371,42.507929039159521],[-72.425610415347435,42.507972229388351],[-72.425624263836127,42.508015447766503],[-72.425636693362918,42.508059234821161],[-72.425647610399992,42.508103602107376],[-72.425656909199631,42.508147976984375],[-72.425666222414492,42.508192918932593],[-72.425670082285663,42.508209767637034],[-72.425674037072525,42.508226616479419],[-72.425677519515148,42.508244030900862],[-72.425683055880413,42.508297442573394],[-72.425684135321262,42.50835145362089],[-72.425683685651734,42.508404913359364]]},"properties":{"OBJECTID":272660,"route_id":"L200595 NB","from_measure":1.4386266999999999,"to_measure":2.0916554000000001,"Route_System":"L","Route_Number":"200595","Route_Direction":"NB","Rd_Seg_ID":null,"Facility":1,"Mile_Count":1,"Urban_Area":"0","Urban_Type":5,"F_F_Class":7,"Jurisdictn":"2","NHS":0,"Fd_Aid_Rd":0,"Control":0,"Num_Lanes":1,"Opp_Lanes":0,"Surface_Tp":2,"Surface_Wd":13,"Shldr_Lt_W":0,"Shldr_Lt_T":0,"Shldr_Rt_W":0,"Shldr_Rt_T":0,"Shldr_UL_W":0,"Shldr_UL_T":0,"Med_Width":0,"Med_Type":0,"Curb":0,"Lt_Sidewlk":0,"Rt_Sidewlk":0,"Pd_Sf_Type":null,"Pd_Fc_Type":null,"Cr_Slope":null,"Path_Width":null,"Operation":2,"Speed_Lim":null,"Op_Dir_SL":null,"Speed_Reg":null,"T_Exc_Type":null,"T_Exc_Time":null,"Trk_Permit":null,"Trk_Netwrk":null,"Truck_Rte":null,"ROW_Width":38,"Toll_Road":null,"MHS":null,"City":272,"Mun_Type":2,"County":11,"Hwy_Dist":2,"RPA":"FRCOG","RTA":"FRTA","MPO":5,"St_Name":"WENDELL ROAD","City_Maint":272,"Length":0.65302870000000002,"created_user":"RH","created_date":1785555425000,"last_edited_user":"RH","last_edited_date":1785555425000,"Record_ID":"123958.917435.NW.10.200595","GlobalID":"{CF3B4A82-A9D0-4ECE-A41A-3149814C6E67}","Local_Priority":1,"Oneway":null,"SHAPE.STLength()":1050.9499410756393}},{"type":"Feature","id":210334,"geometry":{"type":"LineString","coordinates":[[-72.484112780270365,42.428377532934661],[-72.483363080719457,42.429255002939648],[-72.4828438887847,42.429930740921684],[-72.482803887962589,42.429977787564589],[-72.482763897033053,42.430025395909958],[-72.482725911300719,42.430073549827057],[-72.482691890034459,42.430120540887373],[-72.482659774390299,42.430168081975623],[-72.482630433400388,42.430216724777367],[-72.482602197464985,42.430269298854924],[-72.482577100494993,42.430322408837938],[-72.482556572677282,42.430376038021656],[-72.482544734308604,42.430420594314413],[-72.482536140834839,42.430466243816419],[-72.482527346673137,42.430511336829348],[-72.482516351343037,42.430555323220986],[-72.482505355941711,42.430599306010272],[-72.482492275348548,42.430643310193091],[-72.4824720691648,42.430693562199892],[-72.482448729992612,42.430743278234203],[-72.482426808890864,42.430792982162671],[-72.482406315826111,42.430848864523462],[-72.482387249582501,42.430905297407151],[-72.482366184098183,42.430961184642797],[-72.482343959817001,42.431015395455255],[-72.482320010904331,42.431069057374422],[-72.482290527258868,42.431121075701192],[-72.48225538135911,42.431168642511054],[-72.482214884270419,42.431214568654923],[-72.482171718033385,42.431259387647493],[-72.482139236766159,42.431289489729302],[-72.482105422158867,42.43131903957255],[-72.482071415464787,42.43134858744255],[-72.482049059297822,42.431376353225751],[-72.482026595866671,42.431403552715615],[-72.482006619218211,42.43143185999579],[-72.481979680262043,42.431482169325399],[-72.481959901093632,42.43153522929294],[-72.481945917434345,42.431588807032306],[-72.481938398546731,42.431642328734149],[-72.481936862267986,42.431696362114117],[-72.481939412620719,42.43175035703927],[-72.481946406532913,42.431803193164683],[-72.481957472263815,42.43185542735862],[-72.481969290064811,42.431907097836913],[-72.481982136848174,42.431958192334029],[-72.481995731807544,42.432008159546115],[-72.482006501859871,42.432059271751903],[-72.482009654084905,42.432085128248836],[-72.482011961987453,42.432111554648671],[-72.482015407136274,42.43213741224811],[-72.482028608141434,42.432186816511674],[-72.482046282336526,42.432236183520232],[-72.482063757252178,42.432285551325208]]},"properties":{"OBJECTID":210334,"route_id":"L173268 NB","from_measure":0.28762549999999998,"to_measure":0.58651560000000003,"Route_System":"L","Route_Number":"173268","Route_Direction":"NB","Rd_Seg_ID":null,"Facility":1,"Mile_Count":1,"Urban_Area":"0","Urban_Type":5,"F_F_Class":7,"Jurisdictn":"2","NHS":0,"Fd_Aid_Rd":0,"Control":0,"Num_Lanes":2,"Opp_Lanes":0,"Surface_Tp":2,"Surface_Wd":16,"Shldr_Lt_W":0,"Shldr_Lt_T":0,"Shldr_Rt_W":0,"Shldr_Rt_T":0,"Shldr_UL_W":0,"Shldr_UL_T":0,"Med_Width":0,"Med_Type":0,"Curb":0,"Lt_Sidewlk":0,"Rt_Sidewlk":0,"Pd_Sf_Type":null,"Pd_Fc_Type":null,"Cr_Slope":null,"Path_Width":null,"Operation":2,"Speed_Lim":null,"Op_Dir_SL":null,"Speed_Reg":null,"T_Exc_Type":null,"T_Exc_Time":null,"Trk_Permit":null,"Trk_Netwrk":null,"Truck_Rte":null,"ROW_Width":48,"Toll_Road":null,"MHS":null,"City":272,"Mun_Type":2,"County":11,"Hwy_Dist":2,"RPA":"FRCOG","RTA":"FRTA","MPO":5,"St_Name":"JANUARY HILLS ROAD","City_Maint":272,"Length":0.29889009999999999,"created_user":"RH","created_date":1785555425000,"last_edited_user":"RH","last_edited_date":1785555425000,"Record_ID":"119142.909318.NE.48.173268","GlobalID":"{1BCD1DAD-D1C5-49DF-9BF4-EADBB0FA9FF9}","Local_Priority":1,"Oneway":null,"SHAPE.STLength()":481.01797508368304}},{"type":"Feature","id":210335,"geometry":{"type":"LineString","coordinates":[[-72.482063757252178,42.432285551325208],[-72.48206991925403,42.432327704100054],[-72.482075988852742,42.432369854061101],[-72.482080060649366,42.432412020161593],[-72.482080110953888,42.432476167732325],[-72.482075601801867,42.432540354192355],[-72.482071372138634,42.432604538267235],[-72.482070183580007,42.432650129045598],[-72.482068908964351,42.432696282358812],[-72.482066388447151,42.43274187909504],[-72.482060016137112,42.432808335849778],[-72.482050406176697,42.432874253014646],[-72.482035272568893,42.432939091886276],[-72.482012346741357,42.433003435413056],[-72.481983711553198,42.433067265826097],[-72.481951831198927,42.433129998503333],[-72.481913354512642,42.433195599131992],[-72.481871338563508,42.433260105424907],[-72.481831040852583,42.433324597048738],[-72.481802692964678,42.433376042822751],[-72.481775392845719,42.433428045957541],[-72.481747905481285,42.433480047079996],[-72.481730730532306,42.433511704811053],[-72.481713562871576,42.433543363377346],[-72.481696393964327,42.433575021050977],[-72.481663009850948,42.433620323609077],[-72.48162971652728,42.433665058179415],[-72.481600707379428,42.433710886120224],[-72.481574394639765,42.433765130688492],[-72.481553604321718,42.433820452674645],[-72.481540143503906,42.433876837577166],[-72.481536620000526,42.433925259943912],[-72.481538621402137,42.433974759714566],[-72.481540807288866,42.434023695210392],[-72.481541099917479,42.434067018929909],[-72.481541764259063,42.434109782180713],[-72.48154500141068,42.434153080798097],[-72.481552768447159,42.434200844211098],[-72.48156376560317,42.434248580086738],[-72.481577510201092,42.434295729837551],[-72.481585771997175,42.43432041826955],[-72.481594883019298,42.434344536759646],[-72.481603904340957,42.43436921781479],[-72.481618148890988,42.434405673770819],[-72.481632200163887,42.434442126871026],[-72.481647947782974,42.434478008207542],[-72.481672517963403,42.43451943773573],[-72.481699652344943,42.434560845396085],[-72.481721102073593,42.434602864220096],[-72.481734107543048,42.434651711957258],[-72.481740500273062,42.434702298777658],[-72.481744315247255,42.434752345775024],[-72.481745919158996,42.434883255158738]]},"properties":{"OBJECTID":210335,"route_id":"L173268 NB","from_measure":0.58651560000000003,"to_measure":0.77251360000000002,"Route_System":"L","Route_Number":"173268","Route_Direction":"NB","Rd_Seg_ID":null,"Facility":1,"Mile_Count":1,"Urban_Area":"0","Urban_Type":5,"F_F_Class":7,"Jurisdictn":"2","NHS":0,"Fd_Aid_Rd":0,"Control":0,"Num_Lanes":2,"Opp_Lanes":0,"Surface_Tp":2,"Surface_Wd":16,"Shldr_Lt_W":0,"Shldr_Lt_T":0,"Shldr_Rt_W":0,"Shldr_Rt_T":0,"Shldr_UL_W":0,"Shldr_UL_T":0,"Med_Width":0,"Med_Type":0,"Curb":0,"Lt_Sidewlk":0,"Rt_Sidewlk":0,"Pd_Sf_Type":null,"Pd_Fc_Type":null,"Cr_Slope":null,"Path_Width":null,"Operation":2,"Speed_Lim":null,"Op_Dir_SL":null,"Speed_Reg":null,"T_Exc_Type":null,"T_Exc_Time":null,"Trk_Permit":null,"Trk_Netwrk":null,"Truck_Rte":null,"ROW_Width":48,"Toll_Road":null,"MHS":null,"City":272,"Mun_Type":2,"County":11,"Hwy_Dist":2,"RPA":"FRCOG","RTA":"FRTA","MPO":5,"St_Name":"JANUARY HILLS ROAD","City_Maint":272,"Length":0.185998,"created_user":"RH","created_date":1785555425000,"last_edited_user":"RH","last_edited_date":1785555425000,"Record_ID":"119223.909690.NE.29.173268","GlobalID":"{71CD3BA8-5BBD-4727-82B2-843CE70477CD}","Local_Priority":1,"Oneway":null,"SHAPE.STLength()":299.33535212584405}},{"type":"Feature","id":276109,"geometry":{"type":"LineString","coordinates":[[-72.422682589095473,42.499073737420865],[-72.422769133569489,42.499102864342362],[-72.42285596619719,42.499132555181205],[-72.422940274420014,42.499165077807142],[-72.422991090098606,42.499188303785218],[-72.423041052760681,42.499212099259964],[-72.42309065357297,42.499237022086398],[-72.423146963894823,42.499265832670062],[-72.423202808048956,42.499295208747711],[-72.423258568030974,42.499325148160487]]},"properties":{"OBJECTID":276109,"route_id":"L202025 NB","from_measure":0,"to_measure":0.034260100000000002,"Route_System":"L","Route_Number":"202025","Route_Direction":"NB","Rd_Seg_ID":null,"Facility":1,"Mile_Count":1,"Urban_Area":"0","Urban_Type":5,"F_F_Class":7,"Jurisdictn":"0","NHS":0,"Fd_Aid_Rd":0,"Control":0,"Num_Lanes":1,"Opp_Lanes":0,"Surface_Tp":2,"Surface_Wd":12,"Shldr_Lt_W":0,"Shldr_Lt_T":0,"Shldr_Rt_W":0,"Shldr_Rt_T":0,"Shldr_UL_W":0,"Shldr_UL_T":0,"Med_Width":0,"Med_Type":0,"Curb":0,"Lt_Sidewlk":0,"Rt_Sidewlk":0,"Pd_Sf_Type":null,"Pd_Fc_Type":null,"Cr_Slope":null,"Path_Width":null,"Operation":2,"Speed_Lim":null,"Op_Dir_SL":null,"Speed_Reg":null,"T_Exc_Type":null,"T_Exc_Time":null,"Trk_Permit":null,"Trk_Netwrk":null,"Truck_Rte":null,"ROW_Width":30,"Toll_Road":null,"MHS":null,"City":272,"Mun_Type":2,"County":11,"Hwy_Dist":2,"RPA":"FRCOG","RTA":"FRTA","MPO":5,"St_Name":"NORTH LAUREL DRIVE","City_Maint":272,"Length":0.034260100000000002,"created_user":"RH","created_date":1785555425000,"last_edited_user":"RH","last_edited_date":1785555425000,"Record_ID":"124134.916926.NW.55.202025","GlobalID":"{68D69A49-8979-4701-BCEF-625AA2518C67}","Local_Priority":1,"Oneway":null,"SHAPE.STLength()":55.136354861761092}},{"type":"Feature","id":275230,"geometry":{"type":"LineString","coordinates":[[-72.475500118449176,42.416528286297812],[-72.475645509963954,42.416944017296842],[-72.475821475310966,42.417384813258352],[-72.47599179911542,42.417927503351997],[-72.476000789226333,42.417956122293276],[-72.47600977335405,42.417984746686422],[-72.476019887105508,42.418012793395505],[-72.476049920576457,42.418076686911917],[-72.476070437147044,42.418110896366173]]},"properties":{"OBJECTID":275230,"route_id":"L201698 EB","from_measure":0,"to_measure":0.113139,"Route_System":"L","Route_Number":"201698","Route_Direction":"EB","Rd_Seg_ID":null,"Facility":1,"Mile_Count":1,"Urban_Area":"0","Urban_Type":5,"F_F_Class":7,"Jurisdictn":"2","NHS":0,"Fd_Aid_Rd":0,"Control":0,"Num_Lanes":1,"Opp_Lanes":0,"Surface_Tp":2,"Surface_Wd":13,"Shldr_Lt_W":0,"Shldr_Lt_T":0,"Shldr_Rt_W":0,"Shldr_Rt_T":0,"Shldr_UL_W":0,"Shldr_UL_T":0,"Med_Width":0,"Med_Type":0,"Curb":0,"Lt_Sidewlk":0,"Rt_Sidewlk":0,"Pd_Sf_Type":null,"Pd_Fc_Type":null,"Cr_Slope":null,"Path_Width":null,"Operation":2,"Speed_Lim":null,"Op_Dir_SL":null,"Speed_Reg":null,"T_Exc_Type":null,"T_Exc_Time":null,"Trk_Permit":null,"Trk_Netwrk":null,"Truck_Rte":null,"ROW_Width":24,"Toll_Road":null,"MHS":null,"City":272,"Mun_Type":2,"County":11,"Hwy_Dist":2,"RPA":"FRCOG","RTA":"FRTA","MPO":5,"St_Name":"CROSS ROAD","City_Maint":272,"Length":0.113139,"created_user":"RH","created_date":1785555425000,"last_edited_user":"RH","last_edited_date":1785555425000,"Record_ID":"119689.907881.NW.18.201698","GlobalID":"{49546515-D7AA-406E-AA45-E604C152AE8F}","Local_Priority":1,"Oneway":null,"SHAPE.STLength()":182.079944736991}},{"type":"Feature","id":275614,"geometry":{"type":"LineString","coordinates":[[-72.38793480928426,42.44917449140187],[-72.387875432809551,42.449153003256015],[-72.387872380583318,42.44915190230158],[-72.387810044295463,42.449129311554969],[-72.387747237099816,42.449107291598821],[-72.387668879412985,42.449079759137426],[-72.387589957231867,42.449052797267342],[-72.387509285353701,42.449029785874508],[-72.38744325596123,42.44901453929419],[-72.387376212828215,42.44900154945686],[-72.387308365698743,42.448992507324007],[-72.387250946060973,42.448988446351841],[-72.387192993461767,42.448987205620583],[-72.387135032963045,42.448985402228459],[-72.387054715643814,42.448980954842007],[-72.386974582503157,42.448975944189023],[-72.386894620238152,42.44896924948862],[-72.386818259552612,42.448962521598304],[-72.386742063558955,42.448954101610894],[-72.386666792698747,42.448943429082362],[-72.386598147765454,42.448931580112003],[-72.386530237035274,42.448917472878406],[-72.386466415414375,42.448897704504397],[-72.38643049038356,42.448882225625873],[-72.386395765140023,42.448864487632193],[-72.386340018092284,42.44882384101949]]},"properties":{"OBJECTID":275614,"route_id":"L201848 EB","from_measure":0,"to_measure":0.086576200000000006,"Route_System":"L","Route_Number":"201848","Route_Direction":"EB","Rd_Seg_ID":null,"Facility":1,"Mile_Count":1,"Urban_Area":"0","Urban_Type":5,"F_F_Class":7,"Jurisdictn":"3","NHS":0,"Fd_Aid_Rd":0,"Control":0,"Num_Lanes":1,"Opp_Lanes":0,"Surface_Tp":2,"Surface_Wd":8,"Shldr_Lt_W":0,"Shldr_Lt_T":0,"Shldr_Rt_W":0,"Shldr_Rt_T":0,"Shldr_UL_W":0,"Shldr_UL_T":0,"Med_Width":0,"Med_Type":0,"Curb":0,"Lt_Sidewlk":0,"Rt_Sidewlk":0,"Pd_Sf_Type":null,"Pd_Fc_Type":null,"Cr_Slope":null,"Path_Width":null,"Operation":2,"Speed_Lim":null,"Op_Dir_SL":null,"Speed_Reg":null,"T_Exc_Type":null,"T_Exc_Time":null,"Trk_Permit":null,"Trk_Netwrk":null,"Truck_Rte":null,"ROW_Width":30,"Toll_Road":null,"MHS":null,"City":272,"Mun_Type":2,"County":11,"Hwy_Dist":2,"RPA":"FRCOG","RTA":"FRTA","MPO":5,"St_Name":"PRESCOTT ROAD","City_Maint":272,"Length":0.086576200000000006,"created_user":"RH","created_date":1785555425000,"last_edited_user":"RH","last_edited_date":1785555425000,"Record_ID":"127022.911318.SE.13.201848","GlobalID":"{57BFEABF-4458-493A-AC77-1FEBD5FD9C08}","Local_Priority":1,"Oneway":null,"SHAPE.STLength()":139.33111625161686}},{"type":"Feature","id":275615,"geometry":{"type":"LineString","coordinates":[[-72.382631117997875,42.442240750847851],[-72.38263853255576,42.442280580414071],[-72.382660290603226,42.442396888436789],[-72.382676435499377,42.442485107519047],[-72.382692480776527,42.44257332736106],[-72.382708905296127,42.442661543391942],[-72.382734491624092,42.442786829638919],[-72.382760643870739,42.442911548845807],[-72.382783667009775,42.443036850222519],[-72.382798280555519,42.44313802385706],[-72.382810611586365,42.443239215885725],[-72.382822576091499,42.443340968011888],[-72.382831973257609,42.443421923774096],[-72.382841269617145,42.443502883908124],[-72.382850946381339,42.44358383752239],[-72.382859808430609,42.44366085492792],[-72.382869149459665,42.443737874061185],[-72.382882186104283,42.443814303066958],[-72.38289250717699,42.443866551688281],[-72.382904733497114,42.443919352895591],[-72.38292282379895,42.443970417462232],[-72.382947418855323,42.444017495102642],[-72.382977507196699,42.444063968825802],[-72.383011637686522,42.444107595381155],[-72.383063446435983,42.444158967671463],[-72.383122047371273,42.444206909893381],[-72.383179710630614,42.444255421069428],[-72.383234059382161,42.444305083023572],[-72.38328746437648,42.444355313983465],[-72.383337475914416,42.444406700835593],[-72.383402336119815,42.444488355580816],[-72.383459652005058,42.444573446124103],[-72.383516022432886,42.444658544792134],[-72.383577292235373,42.444748104684002],[-72.383589713136345,42.444767139142797]]},"properties":{"OBJECTID":275615,"route_id":"L201848 NB","from_measure":0,"to_measure":0.1854895,"Route_System":"L","Route_Number":"201848","Route_Direction":"NB","Rd_Seg_ID":null,"Facility":1,"Mile_Count":1,"Urban_Area":"0","Urban_Type":5,"F_F_Class":7,"Jurisdictn":"3","NHS":0,"Fd_Aid_Rd":0,"Control":0,"Num_Lanes":1,"Opp_Lanes":0,"Surface_Tp":2,"Surface_Wd":8,"Shldr_Lt_W":0,"Shldr_Lt_T":0,"Shldr_Rt_W":0,"Shldr_Rt_T":0,"Shldr_UL_W":0,"Shldr_UL_T":0,"Med_Width":0,"Med_Type":0,"Curb":0,"Lt_Sidewlk":0,"Rt_Sidewlk":0,"Pd_Sf_Type":null,"Pd_Fc_Type":null,"Cr_Slope":null,"Path_Width":null,"Operation":2,"Speed_Lim":null,"Op_Dir_SL":null,"Speed_Reg":null,"T_Exc_Type":null,"T_Exc_Time":null,"Trk_Permit":null,"Trk_Netwrk":null,"Truck_Rte":null,"ROW_Width":30,"Toll_Road":null,"MHS":null,"City":272,"Mun_Type":2,"County":11,"Hwy_Dist":2,"RPA":"FRCOG","RTA":"FRTA","MPO":5,"St_Name":"PRESCOTT ROAD","City_Maint":272,"Length":0.1854895,"created_user":"RH","created_date":1785555425000,"last_edited_user":"RH","last_edited_date":1785555425000,"Record_ID":"127369.910708.NW.29.201848","GlobalID":"{2F91CDA4-C758-4A85-B56E-E9BB91EEAFD6}","Local_Priority":1,"Oneway":null,"SHAPE.STLength()":298.51700093522822}},{"type":"Feature","id":275616,"geometry":{"type":"LineString","coordinates":[[-72.383589713136345,42.444767139142797],[-72.383637529636289,42.444838234256835],[-72.383695110853054,42.444928951374287],[-72.383749314272322,42.445021939753083],[-72.383800770894766,42.445116078172617],[-72.383852512725639,42.445209651686241],[-72.383926136442213,42.44533343903786],[-72.384000233340856,42.445457228110463],[-72.384066090125287,42.445582766668551],[-72.384110428275818,42.445683708302241],[-72.384149663348182,42.445786379875109],[-72.384183684738034,42.445889655055012],[-72.38420847198816,42.445984559829384],[-72.384228897528203,42.446080060778883],[-72.384249988012584,42.446175557517719],[-72.384270008966823,42.446255867957767],[-72.384290601263714,42.446336174906357],[-72.384310349418868,42.44641705012441],[-72.384324260361979,42.44648109027883],[-72.384337598836609,42.446545134826685],[-72.384352447624821,42.446608605982043],[-72.384359945756188,42.446642308166233],[-72.38436782442075,42.446676012829379],[-72.384380063654746,42.446709117712025],[-72.384392424288734,42.446730401512824],[-72.384406775988467,42.446751675423748],[-72.384422536504459,42.446771813128265],[-72.384454258922048,42.446805892862926],[-72.384490045457184,42.44683825329755],[-72.384527243864795,42.446870041084843],[-72.384599560692507,42.446927442080138],[-72.384676108330211,42.446981998867308],[-72.384753878934973,42.447035420823106],[-72.384812668215787,42.447076044828464],[-72.384872200295618,42.447115538611627],[-72.384931919637367,42.447155030925309],[-72.385012695432607,42.447206176143787],[-72.385094029373349,42.447256196132578],[-72.385170382764386,42.447310191393221],[-72.385232569530785,42.447363166510563],[-72.385290812644627,42.447418988073956],[-72.385347065437131,42.447475386700944],[-72.385393316142455,42.44752286001399],[-72.385438064516777,42.447571470244235],[-72.385480349761181,42.447620665689179],[-72.385535755762689,42.447697887661818],[-72.385585686002599,42.447777406085613],[-72.385638079637985,42.447856343751248],[-72.385700830202254,42.447935763534659],[-72.385766408877657,42.448013474354667],[-72.385829632597151,42.448092890428121],[-72.385899384091331,42.448190824209149],[-72.38596554880634,42.44828991362585],[-72.386030863408322,42.448389568635228],[-72.386088738163977,42.448480282268349],[-72.386145683113369,42.448572123009185],[-72.386206865628537,42.448661682143964],[-72.386233987932783,42.448699174740121],[-72.386261854803195,42.448736099807839],[-72.386291797801377,42.448771879905358],[-72.386314284271009,42.448797027120982],[-72.386340018092284,42.44882384101949]]},"properties":{"OBJECTID":275616,"route_id":"L201848 NB","from_measure":0.1854895,"to_measure":0.50536119999999995,"Route_System":"L","Route_Number":"201848","Route_Direction":"NB","Rd_Seg_ID":null,"Facility":1,"Mile_Count":1,"Urban_Area":"0","Urban_Type":5,"F_F_Class":7,"Jurisdictn":"3","NHS":0,"Fd_Aid_Rd":0,"Control":0,"Num_Lanes":1,"Opp_Lanes":0,"Surface_Tp":2,"Surface_Wd":8,"Shldr_Lt_W":0,"Shldr_Lt_T":0,"Shldr_Rt_W":0,"Shldr_Rt_T":0,"Shldr_UL_W":0,"Shldr_UL_T":0,"Med_Width":0,"Med_Type":0,"Curb":0,"Lt_Sidewlk":0,"Rt_Sidewlk":0,"Pd_Sf_Type":null,"Pd_Fc_Type":null,"Cr_Slope":null,"Path_Width":null,"Operation":2,"Speed_Lim":null,"Op_Dir_SL":null,"Speed_Reg":null,"T_Exc_Type":null,"T_Exc_Time":null,"Trk_Permit":null,"Trk_Netwrk":null,"Truck_Rte":null,"ROW_Width":30,"Toll_Road":null,"MHS":null,"City":272,"Mun_Type":2,"County":11,"Hwy_Dist":2,"RPA":"FRCOG","RTA":"FRTA","MPO":5,"St_Name":"PRESCOTT ROAD","City_Maint":272,"Length":0.31987169999999998,"created_user":"RH","created_date":1785555425000,"last_edited_user":"RH","last_edited_date":1785555425000,"Record_ID":"127220.911096.NW.51.201848","GlobalID":"{E64EA8AE-8F3D-46DD-8561-E985441A0CB9}","Local_Priority":1,"Oneway":null,"SHAPE.STLength()":514.78468971226494}},{"type":"Feature","id":237954,"geometry":{"type":"LineString","coordinates":[[-72.427446773956532,42.505120966562892],[-72.427448305551067,42.505192978203873],[-72.427448807926339,42.505259370351929],[-72.427450552273584,42.505326318794744],[-72.427454190146534,42.505386494353644],[-72.427458880481595,42.505446666845522],[-72.427462331009835,42.505506843909679],[-72.427464132482712,42.505551846189014],[-72.427465258914467,42.505596286710308],[-72.427463927587198,42.505641314194293],[-72.427460355749005,42.50567679042166],[-72.427455364171976,42.505712282572802],[-72.42744827774257,42.505747224389054],[-72.427436698531693,42.505787268335901],[-72.427422732532676,42.505826768796524],[-72.42740925413527,42.505866828019137],[-72.42739674704805,42.505908566586314],[-72.427385100167285,42.505950302732614],[-72.42737630838694,42.505992574093689],[-72.427371988916505,42.506034808574007],[-72.427370523422638,42.50607758368119],[-72.427370105500358,42.50612035396145],[-72.427371827148576,42.506205303156051],[-72.427377262040082,42.506290226977612],[-72.427382783327388,42.506375150102023],[-72.427518803681281,42.506770802303421],[-72.427578859723823,42.50705940152411],[-72.427958345409493,42.507380825947507],[-72.428066147099003,42.507476421558124]]},"properties":{"OBJECTID":237954,"route_id":"L185500 NB","from_measure":0.19464219999999999,"to_measure":0.36808619999999997,"Route_System":"L","Route_Number":"185500","Route_Direction":"NB","Rd_Seg_ID":null,"Facility":1,"Mile_Count":1,"Urban_Area":"0","Urban_Type":5,"F_F_Class":7,"Jurisdictn":"0","NHS":0,"Fd_Aid_Rd":0,"Control":0,"Num_Lanes":1,"Opp_Lanes":0,"Surface_Tp":2,"Surface_Wd":13,"Shldr_Lt_W":0,"Shldr_Lt_T":0,"Shldr_Rt_W":0,"Shldr_Rt_T":0,"Shldr_UL_W":0,"Shldr_UL_T":0,"Med_Width":0,"Med_Type":0,"Curb":0,"Lt_Sidewlk":0,"Rt_Sidewlk":0,"Pd_Sf_Type":null,"Pd_Fc_Type":null,"Cr_Slope":null,"Path_Width":null,"Operation":2,"Speed_Lim":null,"Op_Dir_SL":null,"Speed_Reg":null,"T_Exc_Type":null,"T_Exc_Time":null,"Trk_Permit":null,"Trk_Netwrk":null,"Truck_Rte":null,"ROW_Width":42,"Toll_Road":null,"MHS":null,"City":272,"Mun_Type":2,"County":11,"Hwy_Dist":2,"RPA":"FRCOG","RTA":"FRTA","MPO":5,"St_Name":"SHORE DRIVE","City_Maint":272,"Length":0.17344399999999999,"created_user":"RH","created_date":1785555425000,"last_edited_user":"RH","last_edited_date":1785555425000,"Record_ID":"123781.917721.NW.27.185500","GlobalID":"{045F01D3-2BF4-424D-8264-29B756127D8D}","Local_Priority":1,"Oneway":null,"SHAPE.STLength()":279.13157046803525}},{"type":"Feature","id":237955,"geometry":{"type":"LineString","coordinates":[[-72.428066147099003,42.507476421558124],[-72.428117037980471,42.50752154986472],[-72.428531956896023,42.507889469359391],[-72.42872555431147,42.508041300969595],[-72.42893212163294,42.508095185949301]]},"properties":{"OBJECTID":237955,"route_id":"L185500 NB","from_measure":0.36808619999999997,"to_measure":0.43080960000000001,"Route_System":"L","Route_Number":"185500","Route_Direction":"NB","Rd_Seg_ID":null,"Facility":1,"Mile_Count":1,"Urban_Area":"0","Urban_Type":5,"F_F_Class":7,"Jurisdictn":"0","NHS":0,"Fd_Aid_Rd":0,"Control":0,"Num_Lanes":1,"Opp_Lanes":0,"Surface_Tp":5,"Surface_Wd":15,"Shldr_Lt_W":0,"Shldr_Lt_T":0,"Shldr_Rt_W":0,"Shldr_Rt_T":0,"Shldr_UL_W":0,"Shldr_UL_T":0,"Med_Width":0,"Med_Type":0,"Curb":0,"Lt_Sidewlk":0,"Rt_Sidewlk":0,"Pd_Sf_Type":null,"Pd_Fc_Type":null,"Cr_Slope":null,"Path_Width":null,"Operation":2,"Speed_Lim":null,"Op_Dir_SL":null,"Speed_Reg":null,"T_Exc_Type":null,"T_Exc_Time":null,"Trk_Permit":null,"Trk_Netwrk":null,"Truck_Rte":null,"ROW_Width":42,"Toll_Road":null,"MHS":null,"City":272,"Mun_Type":2,"County":11,"Hwy_Dist":2,"RPA":"FRCOG","RTA":"FRTA","MPO":5,"St_Name":"SHORE DRIVE","City_Maint":272,"Length":0.062723399999999999,"created_user":"RH","created_date":1785555425000,"last_edited_user":"RH","last_edited_date":1785555425000,"Record_ID":"123695.917889.NW.10.185500","GlobalID":"{DBC8671C-953B-432E-9876-99B6494823DC}","Local_Priority":1,"Oneway":null,"SHAPE.STLength()":100.94368010426196}},{"type":"Feature","id":242736,"geometry":{"type":"LineString","coordinates":[[-72.385220921116542,42.455037251395552],[-72.385322731156606,42.455232850951766],[-72.386287410764865,42.456842071774624],[-72.386209303366144,42.457203440751272],[-72.386941528375104,42.462489365613642]]},"properties":{"OBJECTID":242736,"route_id":"L187533 NB","from_measure":0,"to_measure":0.52800670000000005,"Route_System":"L","Route_Number":"187533","Route_Direction":"NB","Rd_Seg_ID":null,"Facility":1,"Mile_Count":1,"Urban_Area":"0","Urban_Type":5,"F_F_Class":7,"Jurisdictn":"3","NHS":0,"Fd_Aid_Rd":0,"Control":0,"Num_Lanes":1,"Opp_Lanes":0,"Surface_Tp":2,"Surface_Wd":10,"Shldr_Lt_W":0,"Shldr_Lt_T":0,"Shldr_Rt_W":0,"Shldr_Rt_T":0,"Shldr_UL_W":0,"Shldr_UL_T":0,"Med_Width":0,"Med_Type":0,"Curb":0,"Lt_Sidewlk":0,"Rt_Sidewlk":0,"Pd_Sf_Type":null,"Pd_Fc_Type":null,"Cr_Slope":null,"Path_Width":null,"Operation":2,"Speed_Lim":null,"Op_Dir_SL":null,"Speed_Reg":null,"T_Exc_Type":null,"T_Exc_Time":null,"Trk_Permit":null,"Trk_Netwrk":null,"Truck_Rte":null,"ROW_Width":48,"Toll_Road":null,"MHS":null,"City":272,"Mun_Type":2,"County":11,"Hwy_Dist":2,"RPA":"FRCOG","RTA":"FRTA","MPO":5,"St_Name":"CORNWELL ROAD","City_Maint":272,"Length":0.52800670000000005,"created_user":"RH","created_date":1785555425000,"last_edited_user":"RH","last_edited_date":1785555425000,"Record_ID":"127092.912401.NW.84.187533","GlobalID":"{8BF8DA87-C04C-4D16-844F-DAA6A8277A46}","Local_Priority":1,"Oneway":null,"SHAPE.STLength()":849.74613900550901}},{"type":"Feature","id":242737,"geometry":{"type":"LineString","coordinates":[[-72.386941528375104,42.462489365613642],[-72.386945552461142,42.462518409981016],[-72.387056046927825,42.46285639885933],[-72.387153752299156,42.463581919693816],[-72.387169366042528,42.463730342535825]]},"properties":{"OBJECTID":242737,"route_id":"L187533 NB","from_measure":0.52800670000000005,"to_measure":0.61462430000000001,"Route_System":"L","Route_Number":"187533","Route_Direction":"NB","Rd_Seg_ID":null,"Facility":1,"Mile_Count":1,"Urban_Area":"0","Urban_Type":5,"F_F_Class":7,"Jurisdictn":"3","NHS":0,"Fd_Aid_Rd":0,"Control":0,"Num_Lanes":1,"Opp_Lanes":0,"Surface_Tp":2,"Surface_Wd":8,"Shldr_Lt_W":0,"Shldr_Lt_T":0,"Shldr_Rt_W":0,"Shldr_Rt_T":0,"Shldr_UL_W":0,"Shldr_UL_T":0,"Med_Width":0,"Med_Type":0,"Curb":0,"Lt_Sidewlk":0,"Rt_Sidewlk":0,"Pd_Sf_Type":null,"Pd_Fc_Type":null,"Cr_Slope":null,"Path_Width":null,"Operation":2,"Speed_Lim":null,"Op_Dir_SL":null,"Speed_Reg":null,"T_Exc_Type":null,"T_Exc_Time":null,"Trk_Permit":null,"Trk_Netwrk":null,"Truck_Rte":null,"ROW_Width":48,"Toll_Road":null,"MHS":null,"City":272,"Mun_Type":2,"County":11,"Hwy_Dist":2,"RPA":"FRCOG","RTA":"FRTA","MPO":5,"St_Name":"CORNWELL ROAD","City_Maint":272,"Length":0.086617600000000003,"created_user":"RH","created_date":1785555425000,"last_edited_user":"RH","last_edited_date":1785555425000,"Record_ID":"127042.912887.NW.13.187533","GlobalID":"{0AB975B8-A5B9-478D-9EE9-2F9EF31A7252}","Local_Priority":1,"Oneway":null,"SHAPE.STLength()":139.39780368581421}},{"type":"Feature","id":279378,"geometry":{"type":"LineString","coordinates":[[-72.430968620972337,42.504579968826512],[-72.430957958736144,42.504643076843308],[-72.430947282096341,42.504705622286664],[-72.430937472592021,42.504768718910888],[-72.430928964496516,42.504823368311442],[-72.430921024555516,42.504878014022381],[-72.43091583778704,42.504932637497923],[-72.430914667923631,42.504975410294897],[-72.430915105254584,42.505018173713246],[-72.430915929402047,42.50506092950576],[-72.430917083206253,42.505107061461302],[-72.43091880168474,42.505152622567415],[-72.430921476260323,42.50519874224036],[-72.430922473729623,42.505221242583637],[-72.430923668074158,42.505244304024302],[-72.430927326269625,42.505266781979408],[-72.430932319049376,42.505283059594433],[-72.430944261838761,42.505310463706394]]},"properties":{"OBJECTID":279378,"route_id":"L203518 NB","from_measure":0,"to_measure":0.050716600000000001,"Route_System":"L","Route_Number":"203518","Route_Direction":"NB","Rd_Seg_ID":null,"Facility":1,"Mile_Count":0,"Urban_Area":"0","Urban_Type":5,"F_F_Class":7,"Jurisdictn":"0","NHS":0,"Fd_Aid_Rd":0,"Control":0,"Num_Lanes":0,"Opp_Lanes":0,"Surface_Tp":0,"Surface_Wd":0,"Shldr_Lt_W":0,"Shldr_Lt_T":0,"Shldr_Rt_W":0,"Shldr_Rt_T":0,"Shldr_UL_W":0,"Shldr_UL_T":0,"Med_Width":0,"Med_Type":0,"Curb":0,"Lt_Sidewlk":0,"Rt_Sidewlk":0,"Pd_Sf_Type":null,"Pd_Fc_Type":null,"Cr_Slope":null,"Path_Width":null,"Operation":2,"Speed_Lim":999,"Op_Dir_SL":null,"Speed_Reg":null,"T_Exc_Type":null,"T_Exc_Time":null,"Trk_Permit":null,"Trk_Netwrk":null,"Truck_Rte":null,"ROW_Width":null,"Toll_Road":null,"MHS":null,"City":272,"Mun_Type":2,"County":11,"Hwy_Dist":2,"RPA":"FRCOG","RTA":"FRTA","MPO":5,"St_Name":"GASS LITE LANE","City_Maint":272,"Length":0.050716600000000001,"created_user":"RH","created_date":1785555425000,"last_edited_user":"RH","last_edited_date":1785555425000,"Record_ID":"123489.917572.NE.81.203518","GlobalID":"{62BCCE65-C968-4524-804C-4D6A964EB6CD}","Local_Priority":1,"Oneway":null,"SHAPE.STLength()":81.620692739249932}},{"type":"Feature","id":182816,"geometry":{"type":"LineString","coordinates":[[-72.428973855258064,42.433726614864085],[-72.428099709075894,42.433764051781175],[-72.426969761461734,42.433827174127899],[-72.426380704647897,42.433880868751373],[-72.426067797082794,42.433877757991162],[-72.42574608288426,42.433889910017299],[-72.424789387786035,42.433944302763585],[-72.423637573745609,42.434012634055826],[-72.422448279970439,42.434069997434804],[-72.421766072245873,42.434117099572568],[-72.421405597306489,42.43415374572097],[-72.421020350308723,42.434204094521142],[-72.420537813873239,42.434276604166662]]},"properties":{"OBJECTID":182816,"route_id":"L161391 EB","from_measure":0.30034270000000002,"to_measure":0.7337437,"Route_System":"L","Route_Number":"161391","Route_Direction":"EB","Rd_Seg_ID":null,"Facility":1,"Mile_Count":1,"Urban_Area":"0","Urban_Type":5,"F_F_Class":7,"Jurisdictn":"2","NHS":0,"Fd_Aid_Rd":0,"Control":0,"Num_Lanes":1,"Opp_Lanes":0,"Surface_Tp":2,"Surface_Wd":13,"Shldr_Lt_W":0,"Shldr_Lt_T":0,"Shldr_Rt_W":0,"Shldr_Rt_T":0,"Shldr_UL_W":0,"Shldr_UL_T":0,"Med_Width":0,"Med_Type":0,"Curb":0,"Lt_Sidewlk":0,"Rt_Sidewlk":0,"Pd_Sf_Type":null,"Pd_Fc_Type":null,"Cr_Slope":null,"Path_Width":null,"Operation":2,"Speed_Lim":null,"Op_Dir_SL":null,"Speed_Reg":null,"T_Exc_Type":null,"T_Exc_Time":null,"Trk_Permit":null,"Trk_Netwrk":null,"Truck_Rte":null,"ROW_Width":34,"Toll_Road":null,"MHS":null,"City":272,"Mun_Type":2,"County":11,"Hwy_Dist":2,"RPA":"FRCOG","RTA":"FRTA","MPO":5,"St_Name":"LEONARD ROAD","City_Maint":272,"Length":0.43340099999999998,"created_user":"RH","created_date":1785555425000,"last_edited_user":"RH","last_edited_date":1785555425000,"Record_ID":"123910.909681.NE.69.161391","GlobalID":"{AD0899D4-D75B-4317-9E2F-B8319A001458}","Local_Priority":1,"Oneway":null,"SHAPE.STLength()":697.49275462833327}},{"type":"Feature","id":208244,"geometry":{"type":"LineString","coordinates":[[-72.431774563036583,42.49612244216609],[-72.431625008733604,42.496222120774021],[-72.431555680263529,42.496264319214596],[-72.431462739223917,42.496329784087159],[-72.431363594809483,42.496386853276306],[-72.431242354529815,42.496441285663863],[-72.431121209187253,42.496476024847766],[-72.43101882300644,42.496493736210567],[-72.430885048122434,42.496510005731871],[-72.430698958752131,42.496510945864827],[-72.430529510595818,42.496492621728763],[-72.430396177050284,42.496464146612354],[-72.430331473397402,42.496450328896842],[-72.430020976790345,42.496374061932123],[-72.429789892005502,42.496307839220428],[-72.429614851352682,42.496277739696893],[-72.429463801689323,42.496282899429183],[-72.429341173680299,42.496300768034509],[-72.429182799224478,42.496357189327064],[-72.428874682005812,42.496468269118608],[-72.428695658083285,42.496529359457668]]},"properties":{"OBJECTID":208244,"route_id":"L172301 EB","from_measure":0,"to_measure":0.1719976,"Route_System":"L","Route_Number":"172301","Route_Direction":"EB","Rd_Seg_ID":null,"Facility":1,"Mile_Count":1,"Urban_Area":"0","Urban_Type":5,"F_F_Class":7,"Jurisdictn":"0","NHS":0,"Fd_Aid_Rd":0,"Control":0,"Num_Lanes":1,"Opp_Lanes":0,"Surface_Tp":2,"Surface_Wd":15,"Shldr_Lt_W":0,"Shldr_Lt_T":0,"Shldr_Rt_W":0,"Shldr_Rt_T":0,"Shldr_UL_W":0,"Shldr_UL_T":0,"Med_Width":0,"Med_Type":0,"Curb":0,"Lt_Sidewlk":0,"Rt_Sidewlk":0,"Pd_Sf_Type":null,"Pd_Fc_Type":null,"Cr_Slope":null,"Path_Width":null,"Operation":2,"Speed_Lim":null,"Op_Dir_SL":null,"Speed_Reg":null,"T_Exc_Type":null,"T_Exc_Time":null,"Trk_Permit":null,"Trk_Netwrk":null,"Truck_Rte":null,"ROW_Width":100,"Toll_Road":null,"MHS":null,"City":272,"Mun_Type":2,"County":11,"Hwy_Dist":2,"RPA":"FRCOG","RTA":"FRTA","MPO":5,"St_Name":"RANDALL ROAD","City_Maint":272,"Length":0.1719976,"created_user":"RH","created_date":1785555425000,"last_edited_user":"RH","last_edited_date":1785555425000,"Record_ID":"123538.916625.NE.27.172301","GlobalID":"{10969D91-C445-48D1-803E-454EC3E39C07}","Local_Priority":1,"Oneway":null,"SHAPE.STLength()":276.80386496394777}},{"type":"Feature","id":248834,"geometry":{"type":"LineString","coordinates":[[-72.433987714566726,42.497253538002823],[-72.433821361824002,42.497277956155159],[-72.433737905835955,42.497284260973736],[-72.43350762828058,42.497311446380635],[-72.433386463058071,42.497332202802056],[-72.433280090788671,42.497350428304514],[-72.433053251930588,42.497397843552342],[-72.432763133554431,42.49747277863532],[-72.432593946905541,42.497521363139057],[-72.432549418080811,42.497534151195275],[-72.432536293801832,42.497540115646885],[-72.432393072028432,42.497605190373278],[-72.432225891398161,42.497657182850467],[-72.432154702743176,42.497673431064591],[-72.432082750135322,42.49768985196819],[-72.431970962272089,42.49769525923579],[-72.431877807908847,42.497694887956307],[-72.431735783601226,42.497667336323872],[-72.431316527730132,42.497609390800385],[-72.431213154736383,42.497603712346532],[-72.431182588109223,42.497602032654143],[-72.431169981854282,42.497602134500056],[-72.431069587989043,42.497602945532726],[-72.430995697176357,42.497626050848822],[-72.430937038168665,42.497663663895665],[-72.430839559645506,42.4977629198805]]},"properties":{"OBJECTID":248834,"route_id":"L190153 EB","from_measure":0,"to_measure":0.1714417,"Route_System":"L","Route_Number":"190153","Route_Direction":"EB","Rd_Seg_ID":null,"Facility":1,"Mile_Count":1,"Urban_Area":"0","Urban_Type":5,"F_F_Class":7,"Jurisdictn":"0","NHS":0,"Fd_Aid_Rd":0,"Control":0,"Num_Lanes":1,"Opp_Lanes":0,"Surface_Tp":2,"Surface_Wd":10,"Shldr_Lt_W":0,"Shldr_Lt_T":0,"Shldr_Rt_W":0,"Shldr_Rt_T":0,"Shldr_UL_W":0,"Shldr_UL_T":0,"Med_Width":0,"Med_Type":0,"Curb":0,"Lt_Sidewlk":0,"Rt_Sidewlk":0,"Pd_Sf_Type":null,"Pd_Fc_Type":null,"Cr_Slope":null,"Path_Width":null,"Operation":2,"Speed_Lim":null,"Op_Dir_SL":null,"Speed_Reg":null,"T_Exc_Type":null,"T_Exc_Time":null,"Trk_Permit":null,"Trk_Netwrk":null,"Truck_Rte":null,"ROW_Width":25,"Toll_Road":null,"MHS":null,"City":272,"Mun_Type":2,"County":11,"Hwy_Dist":2,"RPA":"FRCOG","RTA":"FRTA","MPO":5,"St_Name":"GREAT PINES DRIVE","City_Maint":272,"Length":0.1714417,"created_user":"RH","created_date":1785555425000,"last_edited_user":"RH","last_edited_date":1785555425000,"Record_ID":"123353.916755.NE.27.190153","GlobalID":"{EE208D0B-5EE2-459B-B539-32D5FCFB71A6}","Local_Priority":1,"Oneway":null,"SHAPE.STLength()":275.90922405342116}},{"type":"Feature","id":289765,"geometry":{"type":"LineString","coordinates":[[-72.401870880261242,42.453084396501957],[-72.401784691132534,42.453094636240117],[-72.401518252776583,42.453126545661711],[-72.401248500002893,42.453146099353816],[-72.401218999987108,42.453148584558406],[-72.401201377930306,42.453152096800885],[-72.401197968847796,42.453152685267874],[-72.401166462262168,42.45315461896481],[-72.401045039558525,42.453165138318511],[-72.400946904071006,42.453177158063653],[-72.400827273080665,42.45319328740019],[-72.400708241303761,42.453212223589937],[-72.40063872355833,42.453225710950676],[-72.400518289067762,42.453245782397218],[-72.400400077892527,42.453268652501684],[-72.400289721865235,42.453302713140886],[-72.400248368307203,42.453320478955462],[-72.40015044777374,42.453374139211427],[-72.40006005891783,42.453436176416687],[-72.399976849150207,42.453502665297457],[-72.399947855504323,42.453527649429333],[-72.399872788629864,42.453598573447707],[-72.399802222999199,42.453672274813286],[-72.399735586526972,42.453748193509782],[-72.399672180619078,42.453824655025308],[-72.399659963043462,42.453840505855219],[-72.399602385045185,42.453919166275774],[-72.399549214788465,42.454000609305105],[-72.399497657592804,42.45408204331104],[-72.399445246823618,42.454163479455332],[-72.399431760140217,42.454183277217574],[-72.399378010079829,42.454264161994011],[-72.399324264744337,42.454345046705754],[-72.399270608000151,42.454425929797708],[-72.399217149281156,42.454506812216238],[-72.399184611234602,42.454556586792258],[-72.399132865841565,42.454638017583946],[-72.399080361764433,42.454719455172217],[-72.399025269223131,42.45479978755268],[-72.399023318007764,42.454802614444951],[-72.398965745196008,42.454881841668765],[-72.398906553494214,42.454960518802956],[-72.398844966547301,42.45503808560975],[-72.398780233190365,42.455114556049693],[-72.398746945754723,42.45515195530114],[-72.398678686499778,42.455227324206071],[-72.398605250928611,42.455299921790207],[-72.398523539473359,42.455365268883199],[-72.398496075601585,42.455384050175624],[-72.398400668594988,42.455441063626175],[-72.398297084179106,42.455490825769822],[-72.398188026636646,42.45552994024262],[-72.39818386682542,42.455531097165498],[-72.398069007353428,42.455556188557104],[-72.397948983312887,42.455572317017925],[-72.397827316490776,42.455586209189512],[-72.397707309540777,42.45560346264898],[-72.397595886694049,42.45562289895723],[-72.397476879470759,42.455643522339429],[-72.397359733375865,42.455668069044222],[-72.397246084289492,42.455698210809651],[-72.397167047628287,42.455724151221688],[-72.397056780269892,42.455764962112944],[-72.396952018295977,42.455812476930859],[-72.396857630768906,42.455867793965751],[-72.396788491171009,42.455921789863318],[-72.396716192919769,42.455994377352155],[-72.396649279364482,42.456071421712281],[-72.396582629354029,42.456147343996705],[-72.396536901366289,42.456197778642135],[-72.396471010885563,42.456273694945587],[-72.396406839830533,42.456350155117569],[-72.39634373013827,42.456427736877558],[-72.396283773856908,42.456506414044824],[-72.396226196055679,42.456585639865139],[-72.3961682388165,42.45666486860619],[-72.396107514368737,42.456742993459592],[-72.396102281132571,42.456749224686547],[-72.396038588141707,42.456825681818039],[-72.395973169246261,42.456901589644808],[-72.395905082874251,42.456976397296941],[-72.395833261383203,42.457048980486704],[-72.395829227631523,42.457052948902373],[-72.395752322711573,42.457122197223029],[-72.395671402509279,42.457189785035332],[-72.395588654119067,42.457255699827321],[-72.395506386503612,42.457322178013122],[-72.395447903310611,42.45737102418741],[-72.395367564250151,42.457439169951179],[-72.395286055899589,42.457505636669019],[-72.395201391829787,42.457570441577438],[-72.395171014208927,42.457592061757452],[-72.395083187585797,42.457654641286531],[-72.394993431821774,42.457715544959143],[-72.394901267303467,42.457774217406609],[-72.394806123190151,42.457830100365847],[-72.39480273898873,42.457832381024268],[-72.394703441269328,42.457883792827836],[-72.394600493463344,42.457931859442652],[-72.394495514999065,42.457977690965819],[-72.394389760589746,42.45802240033219],[-72.394367473990883,42.458031575548482],[-72.394259393383237,42.45807292850489],[-72.3941497703252,42.458112606156924],[-72.394041100906307,42.458152838092737],[-72.393935531217025,42.458196982909804],[-72.393922417384346,42.458203275192226],[-72.393823512989172,42.458255250363145],[-72.393728656002594,42.458311693776608],[-72.393633419466198,42.458368134652517],[-72.39355341586203,42.458413209748457],[-72.39345653522345,42.458467418763789],[-72.39335946104255,42.458521623794837],[-72.393321014124012,42.458536552856309],[-72.393210412687182,42.458574550012067],[-72.393096122050309,42.458606946947384],[-72.39297985211239,42.458633168604507],[-72.392864987968622,42.458645311056053],[-72.392741475135409,42.458650209934333],[-72.392623823026213,42.458666314394158],[-72.39260140259978,42.458672678643296],[-72.392493476917537,42.458718527549692],[-72.392405640009059,42.458781105966686],[-72.392328831917595,42.458944879751662],[-72.39231676796058,42.458985486096701],[-72.392296088494746,42.45907455154979],[-72.392282818354801,42.459164125894645],[-72.392278799758699,42.459215922840045],[-72.392277700875965,42.459305960187834],[-72.392278019616626,42.459395991954111],[-72.392276073454312,42.459479846255078],[-72.392273355195968,42.459569896140742],[-72.392272249081216,42.459659938938138],[-72.39227551958011,42.459749943329953],[-72.39228022869635,42.459807863166283],[-72.392290239305325,42.459897814443629],[-72.392304999951023,42.459987734324471],[-72.392325719449644,42.460075916365803],[-72.392335731782239,42.460105657844977],[-72.392377872672512,42.460190299581328],[-72.392420099994325,42.460274940631749],[-72.392423457459785,42.460283917681608],[-72.392457927890462,42.460370305085881],[-72.392488897078096,42.460457841387608],[-72.392510562899815,42.460546019657507],[-72.392514212734724,42.460569058120427],[-72.392520899980497,42.46065904051553],[-72.392520366747902,42.460749073452355],[-72.392516804495571,42.46083969344798],[-72.392508263446246,42.460920786266151],[-72.392494334929012,42.461010928385072],[-72.392487905740566,42.461100445203691],[-72.39249020107188,42.461128559280098],[-72.392510456218929,42.461217307556495],[-72.392525682471515,42.461306661084983],[-72.392525900724323,42.461335353944115],[-72.392519294129031,42.461425996613798],[-72.392496515123128,42.461514520121455],[-72.392487488472568,42.461534845139937],[-72.39243572994306,42.461616272769319],[-72.392375198032255,42.461695519374871],[-72.392253596614381,42.461842759222989],[-72.392221859360873,42.461882394324221],[-72.392160163902204,42.461959962646617],[-72.392092354422985,42.462034761225695],[-72.392029027114305,42.462097711242329],[-72.391950051280844,42.462169222756245],[-72.391857728226483,42.462223956820914],[-72.391834394208459,42.462233140532675],[-72.391720789454382,42.462260464686764],[-72.391597877428083,42.462274922474698],[-72.391474730409541,42.462286002202447],[-72.391431185757924,42.462289713527944],[-72.39131006150896,42.462296279499299],[-72.391188220227832,42.462298909352661],[-72.391066565525023,42.46230097494292],[-72.39100702021895,42.462301997323216],[-72.390885435964577,42.462302937695583],[-72.390763849862452,42.462303316163251],[-72.390642296751579,42.462305947712117],[-72.390634222663465,42.462306010138143],[-72.390510940570323,42.462307525933099],[-72.390388070719197,42.462311287372685],[-72.390270595366545,42.462326826199885],[-72.390203820045429,42.462347596422021],[-72.390099908341966,42.462395665425866],[-72.390001416249845,42.462451008343344],[-72.389972108398126,42.462467552810082],[-72.389877341325686,42.462523991321142],[-72.389786132913457,42.46258378111019],[-72.389699822258407,42.462647465530814],[-72.389624065272002,42.462711634672999],[-72.389550028188367,42.462783106362338],[-72.389481927816774,42.462857906505043],[-72.389452171866324,42.46289696192585],[-72.389401368900124,42.46297951062958],[-72.389343676175812,42.463058166461991],[-72.389321483628166,42.463080846322811],[-72.389244277301358,42.46315009240729],[-72.389162188580343,42.463216559969062],[-72.3890805872512,42.463284148189217],[-72.389031669070803,42.463325039458255],[-72.388950735007711,42.463392626934251],[-72.388874295634309,42.463462425029817],[-72.388861188317279,42.463476031643282],[-72.388799109054645,42.463553601051686],[-72.388733680567952,42.463629504589946],[-72.388570914951885,42.46374836433737],[-72.388373040122787,42.463762266971443],[-72.388287544087717,42.46376236357802],[-72.388166001326979,42.463759364604961],[-72.388044349072487,42.463755236465225],[-72.387922884133928,42.463751111254865],[-72.387870807354361,42.463749820972858],[-72.387749272533995,42.463747383289501],[-72.387627737722966,42.463744945477913],[-72.387506101345465,42.463741942028932],[-72.387384744007633,42.463738373611612],[-72.387169366042528,42.463730342535825]]},"properties":{"OBJECTID":289765,"route_id":"L208137 EB","from_measure":0,"to_measure":1.1971071,"Route_System":"L","Route_Number":"208137","Route_Direction":"EB","Rd_Seg_ID":null,"Facility":1,"Mile_Count":1,"Urban_Area":"0","Urban_Type":5,"F_F_Class":7,"Jurisdictn":"2","NHS":0,"Fd_Aid_Rd":0,"Control":0,"Num_Lanes":1,"Opp_Lanes":0,"Surface_Tp":2,"Surface_Wd":14,"Shldr_Lt_W":0,"Shldr_Lt_T":0,"Shldr_Rt_W":0,"Shldr_Rt_T":0,"Shldr_UL_W":0,"Shldr_UL_T":0,"Med_Width":0,"Med_Type":0,"Curb":0,"Lt_Sidewlk":0,"Rt_Sidewlk":0,"Pd_Sf_Type":null,"Pd_Fc_Type":null,"Cr_Slope":null,"Path_Width":null,"Operation":2,"Speed_Lim":null,"Op_Dir_SL":null,"Speed_Reg":null,"T_Exc_Type":null,"T_Exc_Time":null,"Trk_Permit":null,"Trk_Netwrk":null,"Truck_Rte":null,"ROW_Width":40,"Toll_Road":null,"MHS":null,"City":272,"Mun_Type":2,"County":11,"Hwy_Dist":2,"RPA":"FRCOG","RTA":"FRTA","MPO":5,"St_Name":"COOLEYVILLE ROAD","City_Maint":272,"Length":1.1971071,"created_user":"RH","created_date":1785555425000,"last_edited_user":"RH","last_edited_date":1785555425000,"Record_ID":"126446.912333.NE.19.208137","GlobalID":"{100F8316-6B2C-4EEA-B6E4-6FF334337C1E}","Local_Priority":1,"Oneway":null,"SHAPE.STLength()":1926.5610054894087}},{"type":"Feature","id":204368,"geometry":{"type":"LineString","coordinates":[[-72.43828746097104,42.503665663677786],[-72.438261093436012,42.503663306143636],[-72.438209127048182,42.50365922581517],[-72.438149003376878,42.503655778142836],[-72.438088702934337,42.503653452752637],[-72.438028580337942,42.50365056769698],[-72.437936091606716,42.503644005355255],[-72.43784368925887,42.50363744133633],[-72.437751199349535,42.503630878856121],[-72.437672422192932,42.503626458208906],[-72.437593659421822,42.503622595577625],[-72.437514819752622,42.503619862495555],[-72.437430695649468,42.503619983975518],[-72.437346412737682,42.503622356537853],[-72.437262204526178,42.503623041266927],[-72.43719764218929,42.503621879042079],[-72.437132968199094,42.503619588711331],[-72.437068303850793,42.503617865455602],[-72.437001663423175,42.503617281802399],[-72.436934922033785,42.503616699831582],[-72.4368682899606,42.503616678721528],[-72.436783609552521,42.503617929626941],[-72.436698853368426,42.503620305561846],[-72.436614188588038,42.503622118003562],[-72.4365412598235,42.503621023391489],[-72.436468524498181,42.503619927161672],[-72.43639579032515,42.50361882637516],[-72.436345881411441,42.503618670011583],[-72.436295880024403,42.50361851347725],[-72.436226570603594,42.503617389267475]]},"properties":{"OBJECTID":204368,"route_id":"L170590 NB","from_measure":0,"to_measure":0.10540769999999999,"Route_System":"L","Route_Number":"170590","Route_Direction":"NB","Rd_Seg_ID":null,"Facility":1,"Mile_Count":1,"Urban_Area":"0","Urban_Type":5,"F_F_Class":7,"Jurisdictn":"2","NHS":0,"Fd_Aid_Rd":0,"Control":0,"Num_Lanes":1,"Opp_Lanes":0,"Surface_Tp":2,"Surface_Wd":8,"Shldr_Lt_W":0,"Shldr_Lt_T":0,"Shldr_Rt_W":0,"Shldr_Rt_T":0,"Shldr_UL_W":0,"Shldr_UL_T":0,"Med_Width":0,"Med_Type":0,"Curb":0,"Lt_Sidewlk":0,"Rt_Sidewlk":0,"Pd_Sf_Type":null,"Pd_Fc_Type":null,"Cr_Slope":null,"Path_Width":null,"Operation":2,"Speed_Lim":null,"Op_Dir_SL":null,"Speed_Reg":null,"T_Exc_Type":null,"T_Exc_Time":null,"Trk_Permit":null,"Trk_Netwrk":null,"Truck_Rte":null,"ROW_Width":36,"Toll_Road":null,"MHS":null,"City":272,"Mun_Type":2,"County":11,"Hwy_Dist":2,"RPA":"FRCOG","RTA":"FRTA","MPO":5,"St_Name":"FARRAR ROAD","City_Maint":272,"Length":0.10540769999999999,"created_user":"RH","created_date":1785555425000,"last_edited_user":"RH","last_edited_date":1785555425000,"Record_ID":"122966.917431.SE.16.170590","GlobalID":"{6E92B0D3-28E6-4C50-B681-C8862EFF8D9F}","Local_Priority":1,"Oneway":null,"SHAPE.STLength()":169.63769059208389}},{"type":"Feature","id":204369,"geometry":{"type":"LineString","coordinates":[[-72.436226570603594,42.503617389267475],[-72.436200039547771,42.503617042962738],[-72.436154216078279,42.503616289746603],[-72.436108639003123,42.503613281058065],[-72.436087686679315,42.503610639570411],[-72.436082058854439,42.503609624718386],[-72.436066717600852,42.503606868337378],[-72.436045850626471,42.503603664361293],[-72.436021369345724,42.503599926142215],[-72.435996795369022,42.503596746857191],[-72.435972670910061,42.503591881254607],[-72.4359473021822,42.503585896772613],[-72.435922182172916,42.503578223101712],[-72.435897726596139,42.503569981342693],[-72.435858321844606,42.503553421528807],[-72.435820303440195,42.503534596093033],[-72.435781828546411,42.503516903328027],[-72.435731333471807,42.50349649198651],[-72.435680002356506,42.503477217287077],[-72.435628863412219,42.503457935603279],[-72.435529681392097,42.503417102591875],[-72.435431077375128,42.503376264805198],[-72.435331809056564,42.503335995013167],[-72.435240703472417,42.50330128218733],[-72.435148945777499,42.503267140869674],[-72.435049339891023,42.503229685214343]]},"properties":{"OBJECTID":204369,"route_id":"L170590 NB","from_measure":0.10540769999999999,"to_measure":0.17197390000000001,"Route_System":"L","Route_Number":"170590","Route_Direction":"NB","Rd_Seg_ID":null,"Facility":1,"Mile_Count":1,"Urban_Area":"0","Urban_Type":5,"F_F_Class":7,"Jurisdictn":"2","NHS":0,"Fd_Aid_Rd":0,"Control":0,"Num_Lanes":1,"Opp_Lanes":0,"Surface_Tp":5,"Surface_Wd":15,"Shldr_Lt_W":0,"Shldr_Lt_T":0,"Shldr_Rt_W":0,"Shldr_Rt_T":0,"Shldr_UL_W":0,"Shldr_UL_T":0,"Med_Width":0,"Med_Type":0,"Curb":0,"Lt_Sidewlk":0,"Rt_Sidewlk":0,"Pd_Sf_Type":null,"Pd_Fc_Type":null,"Cr_Slope":null,"Path_Width":null,"Operation":2,"Speed_Lim":null,"Op_Dir_SL":null,"Speed_Reg":null,"T_Exc_Type":null,"T_Exc_Time":null,"Trk_Permit":null,"Trk_Netwrk":null,"Truck_Rte":null,"ROW_Width":36,"Toll_Road":null,"MHS":null,"City":272,"Mun_Type":2,"County":11,"Hwy_Dist":2,"RPA":"FRCOG","RTA":"FRTA","MPO":5,"St_Name":"FARRAR ROAD","City_Maint":272,"Length":0.066566200000000006,"created_user":"RH","created_date":1785555425000,"last_edited_user":"RH","last_edited_date":1785555425000,"Record_ID":"123101.917411.SE.10.170590","GlobalID":"{4B625E34-4555-4F93-AB2E-973DBA0AB5FA}","Local_Priority":1,"Oneway":null,"SHAPE.STLength()":107.12796869194857}},{"type":"Feature","id":277545,"geometry":{"type":"LineString","coordinates":[[-72.469359074786496,42.420281063986046],[-72.468960889838769,42.420259657414682],[-72.468480145992913,42.42026539018994],[-72.4684176682931,42.420270981928631],[-72.468355196588163,42.420276569081267],[-72.468292760653341,42.420278781485436],[-72.468246501305373,42.420276920677807],[-72.468200408093736,42.420273372147847],[-72.468154300124041,42.420269256519582],[-72.468091536650036,42.42026190652934],[-72.468028945603194,42.420253992352677],[-72.467966268309013,42.420246078867322],[-72.467481427795377,42.420126924702622],[-72.46646532882302,42.419850730844558],[-72.466381219498416,42.419832306892125],[-72.466296924264341,42.419813879937514],[-72.466212359607283,42.419796584188816],[-72.466143045877061,42.41978309749517],[-72.466073547653167,42.419770178611927],[-72.466003436391645,42.419760635643073],[-72.465919875828888,42.41975289629287],[-72.465835517755096,42.419749105190355],[-72.465751100435142,42.419747559029922],[-72.465716358549201,42.419747850491696],[-72.465681429558629,42.41974814351255],[-72.465646594119875,42.419748435738065],[-72.465643459513629,42.419748462032942],[-72.465640329767155,42.419748488286963],[-72.465637294787797,42.419748513745958],[-72.465593354502644,42.419749445033354],[-72.465549414202286,42.419750375403723],[-72.465505675758394,42.419751872168483],[-72.465446763714183,42.419754615278599],[-72.465387945230773,42.419757358474172],[-72.465329242398042,42.419761229675601],[-72.465272387867316,42.419767892557246],[-72.465215727876185,42.419775120983381],[-72.465158752857931,42.419780102114274],[-72.465095658791071,42.419782318305906],[-72.465032514499214,42.419781723173593],[-72.464970066866059,42.41977661784815],[-72.464916115014177,42.419768067763393],[-72.464862778750401,42.419756699883003],[-72.464810723755534,42.419741943225532],[-72.464751348805038,42.41972049366516],[-72.464694190669917,42.419695090182692],[-72.464636745767265,42.419669683673256],[-72.464602648257198,42.419655905446021],[-72.464568356285611,42.419642123436269],[-72.464534258736606,42.419628340687638],[-72.464491912729244,42.419597184172112],[-72.464449565466992,42.419565464949457],[-72.464406559806562,42.419534313029168],[-72.46435993590579,42.419502067800835],[-72.464312556415067,42.419470390685255],[-72.464264890241779,42.419438715951763],[-72.464217019858012,42.419405918405189],[-72.464168863995226,42.419373122329581],[-72.4641175388996,42.41934429079258],[-72.46407873685736,42.419327172899457],[-72.464038450445216,42.419312316432602],[-72.463998063146818,42.419296898994723],[-72.463939382993104,42.419277697610674],[-72.463880513210555,42.419257931481198],[-72.463822481775807,42.419237600102015],[-72.463760213133838,42.419212796249127],[-72.463699059786364,42.419186862123098],[-72.463637804372325,42.419160367017412],[-72.463599966032632,42.419125230825557],[-72.46356212051387,42.419090099182995],[-72.463520523622947,42.419057811538551],[-72.463479814770508,42.419033956078948],[-72.46343639330172,42.419012935018607],[-72.463393254886455,42.418991349771275],[-72.463344941686856,42.418966995203611],[-72.463296991678789,42.418941513972811],[-72.463253650812064,42.418913177041162],[-72.463234989584436,42.418897014831664],[-72.46321735608413,42.418879719515495],[-72.46319971651873,42.418862424247365],[-72.463182948562988,42.418839492860954],[-72.46316616598348,42.418815999792535],[-72.463149291080555,42.418792507494125],[-72.46313049272193,42.418767343179894],[-72.463111308039643,42.418742182995189],[-72.463094211792125,42.418716442632032],[-72.46308493483464,42.418699640081961],[-72.463076315028459,42.418682264829329],[-72.463067423204038,42.418665458155317],[-72.463054030210046,42.418640249505529],[-72.463040170688956,42.418615044757182],[-72.463024509475417,42.418590416881862],[-72.46300680750322,42.418568618687779],[-72.462987505658077,42.418547962880709],[-72.462969516984472,42.418526167079371],[-72.462953476759182,42.418501542364908],[-72.462938853111567,42.418476343996282],[-72.46292375558069,42.418451145088191],[-72.462906871077891,42.418427090131821],[-72.46288950663309,42.418402477385634],[-72.462872049920634,42.418378427210506],[-72.462850927552594,42.418362848227652],[-72.462810749556894,42.418342367007369],[-72.462767802143986,42.418327532357026],[-72.462722814719214,42.418321717987887],[-72.462674972940221,42.418322118096981],[-72.462627052255257,42.418323081548273],[-72.462572660750496,42.418323536387028],[-72.46251820744925,42.418325678022818],[-72.462463949895437,42.418328386100299],[-72.462427076915077,42.418332068806833],[-72.46239020271544,42.418335751511705],[-72.462353429419835,42.418339437862777],[-72.46230780582502,42.418348259807672],[-72.46226198776526,42.418356520657781],[-72.462216752973546,42.418365901118065],[-72.462168524854746,42.418378119190976],[-72.462120792575163,42.4183914612045],[-72.462073638720938,42.418405924668427],[-72.462028596501611,42.418421494068831],[-72.461984130200889,42.418437621340587],[-72.461938988325571,42.418453192438555],[-72.461890415251986,42.418467662284314],[-72.461840973439209,42.418481019365863],[-72.461791227699749,42.418493249959795],[-72.461731617951926,42.418506129247127],[-72.461671224317342,42.418517323344474],[-72.461610611830224,42.418526832932457],[-72.461544483380791,42.418535263159697],[-72.461478121437679,42.418541445390915],[-72.461411882299942,42.418548751962355],[-72.46138033802616,42.418553518832006],[-72.461348800968764,42.418558281131133],[-72.461317364869089,42.418563609782176],[-72.461262416143299,42.418570821978847],[-72.461207467336536,42.418578029648245],[-72.461152425021425,42.418585241673362],[-72.461092537518041,42.418592495025798],[-72.461032369349155,42.418599750690184],[-72.460972598540522,42.418608127509557],[-72.46092042480285,42.418617003582099],[-72.460868359216619,42.418626440529813],[-72.460816185449275,42.418635316555083],[-72.460760494357714,42.418643659211178],[-72.46070440709687,42.418650880642815],[-72.460648515463291,42.418658662216117],[-72.460592739330281,42.41866756820238],[-72.460537252371438,42.418677033550175],[-72.46048186749762,42.418687060721332],[-72.460431050911239,42.418697616954233],[-72.460380434737147,42.418708728792573],[-72.460330309472937,42.418720961917046],[-72.460281625258062,42.418734312003359],[-72.460233617821899,42.418748780927039],[-72.460186198484791,42.418764370328958],[-72.460153347225884,42.41877645838651],[-72.460120697760686,42.418789112855414],[-72.460088134461557,42.418801761194267],[-72.459972212218418,42.418844367021549],[-72.459890604222338,42.418877687869731],[-72.459861588235015,42.41888637035084],[-72.45983266453517,42.418894489353107],[-72.459810737539641,42.418900858302607],[-72.459803842923932,42.418903170198753],[-72.459748103528526,42.418921077796703],[-72.459692861080683,42.418940105727764],[-72.45963799767749,42.418959131372432],[-72.459583525572995,42.418979281833465],[-72.459529344967009,42.418999426237257],[-72.459474769498598,42.419019015706098],[-72.459419139290262,42.419037484934435],[-72.459363012061459,42.419054832873947],[-72.459308148459371,42.419073858360882],[-72.459255032130088,42.419095684570991],[-72.459202885366196,42.419118628080817],[-72.459150839440085,42.419142133428252],[-72.45909821022947,42.419164518207779],[-72.459045684218026,42.419187460303242],[-72.458993909078487,42.419210400620472],[-72.458943506917393,42.419235579383518],[-72.45889397352849,42.419261879892105],[-72.458844337941926,42.419287614026636],[-72.458794602688442,42.419313348969474],[-72.458744969481828,42.419339645742134],[-72.458694463816641,42.419364262553955],[-72.458642899853857,42.419388325454626],[-72.458590657859546,42.419411269474686],[-72.458536859294256,42.419431972023602],[-72.458481514032016,42.419450442920578],[-72.458424788348495,42.419466108173779],[-72.458367791742035,42.419482339256334],[-72.458310497305106,42.419497441984333],[-72.458252996366483,42.419511990003087],[-72.458197155126953,42.419529334985356],[-72.458144044119535,42.41955116153013],[-72.458092470049877,42.419574661562528],[-72.458041199731625,42.419599284446853],[-72.457989052111614,42.419622227403998],[-72.45793719843023,42.419645726091154],[-72.457886887892798,42.419670907221359],[-72.457838695006998,42.419698316113454],[-72.457791944287081,42.419726838388847],[-72.457746355116583,42.419756479084931],[-72.457701729414353,42.419787237150167],[-72.457658155850794,42.4198185491462],[-72.457614769348936,42.419849859568998],[-72.457570629524241,42.419881176241333],[-72.457526569741745,42.419911924126744],[-72.457484436984132,42.419944348572898],[-72.457444228807361,42.419978448701855],[-72.457405832058356,42.420013091950572],[-72.457369737665658,42.420049402342094],[-72.457336796187448,42.420086816405764],[-72.457306249421237,42.420125897749188],[-72.457276850770967,42.420165531337545],[-72.457249161565699,42.420205151602985],[-72.457222628988873,42.420245885845887],[-72.457194854669581,42.420286068605932],[-72.457164688006799,42.420325146747771],[-72.457133087549309,42.420363669599233],[-72.457099859032496,42.420401085976316],[-72.457065383892569,42.42043795000599],[-72.457029389918489,42.420474260348904],[-72.456991380221041,42.420509462034204],[-72.456950201766318,42.42054244014232],[-72.45690701611818,42.420574311317687],[-72.456863728340167,42.420605619723347],[-72.456821216920559,42.420638047062141],[-72.456778596109018,42.420669913492688],[-72.456736084602369,42.420702340799551],[-72.456693571837206,42.420734768100566],[-72.456651331172665,42.420766630422591],[-72.456609385718934,42.420799052976761],[-72.456567934730799,42.420832595908813],[-72.456527142223877,42.420865571552696],[-72.456487591467607,42.420899665868113],[-72.456449295690348,42.420934869743164],[-72.456412246458925,42.420970625949693],[-72.456377289461628,42.421006931064269],[-72.456344642148963,42.421044905083804],[-72.456314281414706,42.42108398460055],[-72.45628659112171,42.421123599224451],[-72.456262248247214,42.421164882241463],[-72.456240772673965,42.421207262336061],[-72.456221000479999,42.421249627376504],[-72.456204466242809,42.421292529119022],[-72.456198742703776,42.421309461302187],[-72.456189472654813,42.421336546165215],[-72.45617027266303,42.421378907342515],[-72.456144969703956,42.421419632002632],[-72.456115467656289,42.421458703428456],[-72.456081951221464,42.421496121883337],[-72.456043839543511,42.421530762283581],[-72.456001700085892,42.421563186214726],[-72.455957071043741,42.421593943600257],[-72.455909649802379,42.421621907045946],[-72.455859725635179,42.421647643150074],[-72.455808738290813,42.421672262656955],[-72.455756774031585,42.421695202147752],[-72.455703668870001,42.421717590185743],[-72.455650255053214,42.421738855358647],[-72.455596266432664,42.421759558074946],[-72.455541880547159,42.421779144062533],[-72.455487891870305,42.421799847628044],[-72.455434089108252,42.421820553226119],[-72.45538068839808,42.421842375462411],[-72.45532968492752,42.421865870384842],[-72.455282070099997,42.421893840574647],[-72.455236959263601,42.421924034468937],[-72.455193570116705,42.421955343963262],[-72.455152776154421,42.421988318211014],[-72.455113804726864,42.422022969927603],[-72.455073593880428,42.422057064710351],[-72.455031070847852,42.422088928756196],[-72.454987589144977,42.422120238937673],[-72.454943431787427,42.422150987504203],[-72.45489908855798,42.422181742096555],[-72.454854364986446,42.422212499826038],[-72.454809440898288,42.422242696499545],[-72.454765189880462,42.422273450273757],[-72.454720846410325,42.422304200295528],[-72.454675449565968,42.42233440173603],[-72.454629476766357,42.422364045233081],[-72.454582536714966,42.422392566828051],[-72.45453249355505,42.422417177926839],[-72.454478680262056,42.422436758653845],[-72.454421857349431,42.42245242269891],[-72.454363837645587,42.422464155929347],[-72.454304129163674,42.42247084152136],[-72.454243323544773,42.422473595468709],[-72.454182317442672,42.422476351045603],[-72.454121910349187,42.42248079242961],[-72.454061307585718,42.422484669101117],[-72.454000798439111,42.422488549466458],[-72.453940288002173,42.422492425309024],[-72.453879679141295,42.422496301935247],[-72.453819380131151,42.422501304965529],[-72.453759184347504,42.422507431610619],[-72.453699306845067,42.422515243690263],[-72.453639219090775,42.42252192757681],[-72.453578912747005,42.422526930541515],[-72.45351841195199,42.422531368782913],[-72.453458315742083,42.422537494445358],[-72.453398625286965,42.422545304818861],[-72.453338950550801,42.422554238632394],[-72.453279268538907,42.422562610674433],[-72.453219264631343,42.422568736347664],[-72.453158865800191,42.422573735355833],[-72.453099073231527,42.422580983717872],[-72.453040477332152,42.422592162849092],[-72.452982372171761,42.422604458788115],[-72.452923785861358,42.422616195979458],[-72.452864390527367,42.422625132634863],[-72.452804512721343,42.422632938847677],[-72.452744728525104,42.422640748756095],[-72.452685045137841,42.422649120499983],[-72.452625362949732,42.422657492202845],[-72.452565875125259,42.422666424967233],[-72.452506681294636,42.422675917969102],[-72.452447503270676,42.422685977111719],[-72.452388310605429,42.422695469142433],[-72.452329023150568,42.422704961926648],[-72.452269535239523,42.422713894537836],[-72.452209742436253,42.422721142437759],[-72.452149452730353,42.422727269014636],[-72.452088858086341,42.422731707278345],[-72.452028314622751,42.42273333248292],[-72.451968386175096,42.422731579065861],[-72.451908524579125,42.422728132460684],[-72.451848732432325,42.422723003449988],[-72.451788635318664,42.422716747026513],[-72.451728715687011,42.422709364603087],[-72.451668979569789,42.422701417930718],[-72.451609505991257,42.422692344555905],[-72.45155020983519,42.422682140681076],[-72.451491014565661,42.422672502244097],[-72.451431617668192,42.422662303642717],[-72.451372413897147,42.422652098012854],[-72.451313218696342,42.422642460384587],[-72.451253837601882,42.422632823361795],[-72.451194364147497,42.42262374977237],[-72.451135254021025,42.422613544147637],[-72.451076690852872,42.422601650373188],[-72.451018397476417,42.422588626237747],[-72.450960567085261,42.422575035547617],[-72.450903193644251,42.422560315652603],[-72.450846275954873,42.422544467463574],[-72.450789000998384,42.422529747598844],[-72.450731349426334,42.422515597118185],[-72.450673426822277,42.422502007046212],[-72.450615682892263,42.422487852769038],[-72.450558770200331,42.422472004397449],[-72.450501946233231,42.422456155265358],[-72.450445128369637,42.422440306054973],[-72.450388494059325,42.422423893500927],[-72.45033176136198,42.422407481731383],[-72.450273925195617,42.422393889845708],[-72.450214846942188,42.422385375191283],[-72.450154759986006,42.422379680535229],[-72.450094494373516,42.422374549122807],[-72.450034228852076,42.422369423080077],[-72.449973686188258,42.422364856591692],[-72.449913429061993,42.422360287715421],[-72.449853331331639,42.422353468490194],[-72.449793504611705,42.422346084296997],[-72.449733324242246,42.422340394693855],[-72.449672721865724,42.422338077542477],[-72.449611951737779,42.422337454346703],[-72.44955117923206,42.422336268437782],[-72.449490559972361,42.422332826828729],[-72.449430024688553,42.422328827196459],[-72.449369422415302,42.42232651528662],[-72.449308643781947,42.422325324798734],[-72.449247890559278,42.422325825772575],[-72.449187153076679,42.42232688928528],[-72.449126399851622,42.422327390195008],[-72.449065646625513,42.422327891072683],[-72.449004907990428,42.422328959000318],[-72.448944356384743,42.422330019952213],[-72.448883424490418,42.422331084907128],[-72.448822875253242,42.422332708476254],[-72.448760635867529,42.422334908643563],[-72.44870151906899,42.422337083043921],[-72.44864079722997,42.422339270640265],[-72.448580069379304,42.422341462755632],[-72.448519432643195,42.422343086886023],[-72.448458696272553,42.422344711805273],[-72.448397949099615,42.422345212280526],[-72.448337197065712,42.4223457127638],[-72.448276452258554,42.422346775856049],[-72.448215823951841,42.422348962457548],[-72.448155104451232,42.422351712478829],[-72.44809457818711,42.422354464477849],[-72.448033856310374,42.422356651754029],[-72.447973136794474,42.422359401679245],[-72.447912830157421,42.422364401676099],[-72.447853238798501,42.422372207454117],[-72.447793959404336,42.422382260534661],[-72.447734960660412,42.422392311274059],[-72.447676079619058,42.422403486415242],[-72.447617297027378,42.422414664316968],[-72.44755860905012,42.422426399608611],[-72.44750002196507,42.422438138541374],[-72.447441349669688,42.422450436344313],[-72.447382854814549,42.422462169956354],[-72.447324368425953,42.42247446977057],[-72.447265874741873,42.422486203313127],[-72.447207294765292,42.422498504737852],[-72.447148809456465,42.422510799951745],[-72.44709032299086,42.422523100547153],[-72.447031534041727,42.422534273698361],[-72.446972247162194,42.42254376461451],[-72.446912571519093,42.42255269509694],[-72.446852982214139,42.422561063037961],[-72.446793400107993,42.422569993589271],[-72.446733715999301,42.422578362247997],[-72.446673939533099,42.422586731635072],[-72.446614154636563,42.422594539260167],[-72.446554368496734,42.422602345963966],[-72.446494585909051,42.422610715307847],[-72.446435196893958,42.422619644085287],[-72.446375824700468,42.422629697194246],[-72.446316536485284,42.42263919228354],[-72.446257359779423,42.422649805524138],[-72.446198281483987,42.422660418825593],[-72.446138691982853,42.422668786396706],[-72.446078495295311,42.42267490902546],[-72.44601798540937,42.422678780693793],[-72.445957474368242,42.422682656841374],[-72.44589708327581,42.422688214670785],[-72.445836783450844,42.422693213519786],[-72.445776586656891,42.422699332389797],[-72.445716294003446,42.42270489291662],[-72.445655902935783,42.422710455120537],[-72.445595595713087,42.422715449401991],[-72.445535193876495,42.422719887130462],[-72.445474584282167,42.422723759331447],[-72.445414166721562,42.422727634425073],[-72.445353563187524,42.42273150651247],[-72.445293061673084,42.422735944031835],[-72.445232551680476,42.422739815287301],[-72.445172033265322,42.422743123879727],[-72.445111514924534,42.422746437841582],[-72.4450507864928,42.422748623594046],[-72.444990157689006,42.422750808496588],[-72.444929412422809,42.422751868922468],[-72.444868658755468,42.422752367585254],[-72.444807894351754,42.42275174180385],[-72.444747123874166,42.422751116040203],[-72.444686344986806,42.422749927613133],[-72.444625665666521,42.422748733835455],[-72.444564869964154,42.422746420081737],[-72.444504182320898,42.422744669010001],[-72.444443579761995,42.422742350006352],[-72.444382883704435,42.422740035339132],[-72.444322104834555,42.422738846719831],[-72.44426142561251,42.422737658151398],[-72.444200663546937,42.422737593830377],[-72.444140103076563,42.422738090524213],[-72.444079366213785,42.422739713132913],[-72.444018745789904,42.422742460155192],[-72.443958631663392,42.422747456495955],[-72.443899242161507,42.422756383964909],[-72.443840460834593,42.42276811811729],[-72.44378207543339,42.422780977995295],[-72.443724178278615,42.422794392039599],[-72.443666678156532,42.422809494501877],[-72.443609370084985,42.422824032660742],[-72.443551567575653,42.422838012143167],[-72.443493964251346,42.422851986362517],[-72.443436564869117,42.422867087883162],[-72.443379738833059,42.422882746476326],[-72.443323114370514,42.422898966989933],[-72.443266784996993,42.422915745957013],[-72.443210843093681,42.422933085322057],[-72.443155096658003,42.422950984857984],[-72.443099652569899,42.422970010891305],[-72.443056870939202,42.422984987965243],[-72.443014384498468,42.423000529806728],[-72.442971308966278,42.423014951057439],[-72.442917712232813,42.423030582968146],[-72.442863330921412,42.423044534979773],[-72.442809346598494,42.423059603712574],[-72.442745570604444,42.423079822309035],[-72.442682184384054,42.423101163978544],[-72.442617921138464,42.423120820191969],[-72.442561651396105,42.423135349321953],[-72.442504605395598,42.42314875577808],[-72.442447153973092,42.42316048282639],[-72.442392436516187,42.42317105756355],[-72.442337134867103,42.423180513457027],[-72.4422816160575,42.423188283001082],[-72.442230833681265,42.42319488925223],[-72.442179554524969,42.423200370545246],[-72.442128361811498,42.423205292909479],[-72.442034556514443,42.423211126657584],[-72.441940439238891,42.42321527118041],[-72.441846320855447,42.423218852935243]]},"properties":{"OBJECTID":277545,"route_id":"L202664 EB","from_measure":0,"to_measure":1.5802400999999999,"Route_System":"L","Route_Number":"202664","Route_Direction":"EB","Rd_Seg_ID":null,"Facility":1,"Mile_Count":1,"Urban_Area":"0","Urban_Type":5,"F_F_Class":7,"Jurisdictn":"2","NHS":0,"Fd_Aid_Rd":0,"Control":0,"Num_Lanes":1,"Opp_Lanes":0,"Surface_Tp":2,"Surface_Wd":15,"Shldr_Lt_W":0,"Shldr_Lt_T":0,"Shldr_Rt_W":0,"Shldr_Rt_T":0,"Shldr_UL_W":0,"Shldr_UL_T":0,"Med_Width":0,"Med_Type":0,"Curb":0,"Lt_Sidewlk":0,"Rt_Sidewlk":0,"Pd_Sf_Type":null,"Pd_Fc_Type":null,"Cr_Slope":null,"Path_Width":null,"Operation":2,"Speed_Lim":null,"Op_Dir_SL":null,"Speed_Reg":null,"T_Exc_Type":null,"T_Exc_Time":null,"Trk_Permit":null,"Trk_Netwrk":null,"Truck_Rte":null,"ROW_Width":50,"Toll_Road":null,"MHS":null,"City":272,"Mun_Type":2,"County":11,"Hwy_Dist":2,"RPA":"FRCOG","RTA":"FRTA","MPO":5,"St_Name":"SAND HILL ROAD","City_Maint":272,"Length":1.5802400999999999,"created_user":"RH","created_date":1785555425000,"last_edited_user":"RH","last_edited_date":1785555425000,"Record_ID":"121296.908278.NE.25.202664","GlobalID":"{9723F75A-99DF-4608-A53D-8E9B6E1DD8B3}","Local_Priority":1,"Oneway":null,"SHAPE.STLength()":2543.1549466464694}},{"type":"Feature","id":295598,"geometry":{"type":"LineString","coordinates":[[-72.410105441268698,42.452638119155303],[-72.409624512466976,42.452700999426561],[-72.409434385804587,42.452728946532829],[-72.409319939776822,42.452768676005228],[-72.409253234190544,42.452813095430024],[-72.409230158599684,42.452866168091894],[-72.409203642921781,42.452957536467849]]},"properties":{"OBJECTID":295598,"route_id":"L210656 EB","from_measure":0,"to_measure":0.056214,"Route_System":"L","Route_Number":"210656","Route_Direction":"EB","Rd_Seg_ID":null,"Facility":1,"Mile_Count":1,"Urban_Area":"0","Urban_Type":5,"F_F_Class":7,"Jurisdictn":"2","NHS":0,"Fd_Aid_Rd":0,"Control":0,"Num_Lanes":1,"Opp_Lanes":0,"Surface_Tp":5,"Surface_Wd":8,"Shldr_Lt_W":0,"Shldr_Lt_T":0,"Shldr_Rt_W":0,"Shldr_Rt_T":0,"Shldr_UL_W":0,"Shldr_UL_T":0,"Med_Width":0,"Med_Type":0,"Curb":0,"Lt_Sidewlk":0,"Rt_Sidewlk":0,"Pd_Sf_Type":null,"Pd_Fc_Type":null,"Cr_Slope":null,"Path_Width":null,"Operation":2,"Speed_Lim":null,"Op_Dir_SL":null,"Speed_Reg":null,"T_Exc_Type":null,"T_Exc_Time":null,"Trk_Permit":null,"Trk_Netwrk":null,"Truck_Rte":null,"ROW_Width":30,"Toll_Road":null,"MHS":null,"City":272,"Mun_Type":2,"County":11,"Hwy_Dist":2,"RPA":"FRCOG","RTA":"FRTA","MPO":5,"St_Name":"TOWN COMMON ROAD","City_Maint":272,"Length":0.056214,"created_user":"RH","created_date":1785555425000,"last_edited_user":"RH","last_edited_date":1785555425000,"Record_ID":"125176.911751.NE.90.210656","GlobalID":"{93E28AD5-76E1-4892-99ED-D7F320D0E67B}","Local_Priority":1,"Oneway":null,"SHAPE.STLength()":90.467887858175814}},{"type":"Feature","id":295599,"geometry":{"type":"LineString","coordinates":[[-72.409203642921781,42.452957536467849],[-72.409220540941448,42.453022674624677],[-72.409264764536971,42.453066213803993],[-72.409344614682453,42.453103847457847],[-72.409420317764756,42.453124071201991],[-72.409559067997762,42.453122975563517],[-72.409737666838893,42.453118748846386],[-72.409896265604416,42.453117496023538],[-72.410177056278144,42.453112464863999]]},"properties":{"OBJECTID":295599,"route_id":"L210656 EB","from_measure":0.056214,"to_measure":0.1121925,"Route_System":"L","Route_Number":"210656","Route_Direction":"EB","Rd_Seg_ID":null,"Facility":1,"Mile_Count":1,"Urban_Area":"0","Urban_Type":5,"F_F_Class":7,"Jurisdictn":"2","NHS":0,"Fd_Aid_Rd":0,"Control":0,"Num_Lanes":1,"Opp_Lanes":0,"Surface_Tp":5,"Surface_Wd":14,"Shldr_Lt_W":0,"Shldr_Lt_T":0,"Shldr_Rt_W":0,"Shldr_Rt_T":0,"Shldr_UL_W":0,"Shldr_UL_T":0,"Med_Width":0,"Med_Type":0,"Curb":0,"Lt_Sidewlk":0,"Rt_Sidewlk":0,"Pd_Sf_Type":null,"Pd_Fc_Type":null,"Cr_Slope":null,"Path_Width":null,"Operation":2,"Speed_Lim":null,"Op_Dir_SL":null,"Speed_Reg":null,"T_Exc_Type":null,"T_Exc_Time":null,"Trk_Permit":null,"Trk_Netwrk":null,"Truck_Rte":null,"ROW_Width":30,"Toll_Road":null,"MHS":null,"City":272,"Mun_Type":2,"County":11,"Hwy_Dist":2,"RPA":"FRCOG","RTA":"FRTA","MPO":5,"St_Name":"TOWN COMMON ROAD","City_Maint":272,"Length":0.0559785,"created_user":"RH","created_date":1785555425000,"last_edited_user":"RH","last_edited_date":1785555425000,"Record_ID":"125172.911797.NW.90.210656","GlobalID":"{893E293B-3D5E-4871-B07C-DB1E4858439D}","Local_Priority":1,"Oneway":null,"SHAPE.STLength()":90.088915625514048}},{"type":"Feature","id":299988,"geometry":{"type":"LineString","coordinates":[[-72.483105219537379,42.419931531574797],[-72.483255802516823,42.419804760765267],[-72.483330518115991,42.419750102108239],[-72.483887830370591,42.419479744850662],[-72.484732534610387,42.419108454446359],[-72.484767387186722,42.419091271580093],[-72.484802159876608,42.419074655691588],[-72.484835188059961,42.419055804802404],[-72.484880720190802,42.419023341131435],[-72.484921830495551,42.418986979050011],[-72.484957873318208,42.418948405896444],[-72.484991500463025,42.418901412843837],[-72.485018643588901,42.41885222624979],[-72.485041786552145,42.418801948471028],[-72.485057808424727,42.418764108408517],[-72.485071357622175,42.418725727699638],[-72.48507660138111,42.418704562074282]]},"properties":{"OBJECTID":299988,"route_id":"L212582 NB","from_measure":0,"to_measure":0.13541819999999999,"Route_System":"L","Route_Number":"212582","Route_Direction":"NB","Rd_Seg_ID":null,"Facility":1,"Mile_Count":1,"Urban_Area":"0","Urban_Type":5,"F_F_Class":7,"Jurisdictn":"2","NHS":0,"Fd_Aid_Rd":0,"Control":0,"Num_Lanes":2,"Opp_Lanes":0,"Surface_Tp":6,"Surface_Wd":24,"Shldr_Lt_W":0,"Shldr_Lt_T":0,"Shldr_Rt_W":0,"Shldr_Rt_T":0,"Shldr_UL_W":0,"Shldr_UL_T":0,"Med_Width":0,"Med_Type":0,"Curb":3,"Lt_Sidewlk":0,"Rt_Sidewlk":0,"Pd_Sf_Type":null,"Pd_Fc_Type":null,"Cr_Slope":null,"Path_Width":null,"Operation":2,"Speed_Lim":null,"Op_Dir_SL":null,"Speed_Reg":null,"T_Exc_Type":null,"T_Exc_Time":null,"Trk_Permit":null,"Trk_Netwrk":null,"Truck_Rte":null,"ROW_Width":60,"Toll_Road":null,"MHS":null,"City":272,"Mun_Type":2,"County":11,"Hwy_Dist":2,"RPA":"FRCOG","RTA":"FRTA","MPO":5,"St_Name":"WEATHERWOOD ROAD","City_Maint":272,"Length":0.13541819999999999,"created_user":"RH","created_date":1785555425000,"last_edited_user":"RH","last_edited_date":1785555425000,"Record_ID":"119005.908117.SW.21.212582","GlobalID":"{D0D7084F-C7AC-4E3C-B654-BFD021440AFE}","Local_Priority":1,"Oneway":null,"SHAPE.STLength()":217.93484191841273}},{"type":"Feature","id":299989,"geometry":{"type":"LineString","coordinates":[[-72.48507660138111,42.418704562074282],[-72.485079984016238,42.418690906690436],[-72.485080996874416,42.418686818644872],[-72.485083985787085,42.418640654950998],[-72.485081251734925,42.418593410322053],[-72.485078533746389,42.418546728258974],[-72.485078403885922,42.418526470229672],[-72.485078190516504,42.418506779220166],[-72.485077974395736,42.41848652192887],[-72.484642013627877,42.416794999460627]]},"properties":{"OBJECTID":299989,"route_id":"L212582 NB","from_measure":0.13541819999999999,"to_measure":0.26935750000000003,"Route_System":"L","Route_Number":"212582","Route_Direction":"NB","Rd_Seg_ID":null,"Facility":1,"Mile_Count":1,"Urban_Area":"0","Urban_Type":5,"F_F_Class":7,"Jurisdictn":"2","NHS":0,"Fd_Aid_Rd":0,"Control":0,"Num_Lanes":2,"Opp_Lanes":0,"Surface_Tp":6,"Surface_Wd":24,"Shldr_Lt_W":0,"Shldr_Lt_T":0,"Shldr_Rt_W":0,"Shldr_Rt_T":0,"Shldr_UL_W":0,"Shldr_UL_T":0,"Med_Width":0,"Med_Type":0,"Curb":0,"Lt_Sidewlk":0,"Rt_Sidewlk":0,"Pd_Sf_Type":null,"Pd_Fc_Type":null,"Cr_Slope":null,"Path_Width":null,"Operation":2,"Speed_Lim":null,"Op_Dir_SL":null,"Speed_Reg":null,"T_Exc_Type":null,"T_Exc_Time":null,"Trk_Permit":null,"Trk_Netwrk":null,"Truck_Rte":null,"ROW_Width":60,"Toll_Road":null,"MHS":null,"City":272,"Mun_Type":2,"County":11,"Hwy_Dist":2,"RPA":"FRCOG","RTA":"FRTA","MPO":5,"St_Name":"WEATHERWOOD ROAD","City_Maint":272,"Length":0.13393930000000001,"created_user":"RH","created_date":1785555425000,"last_edited_user":"RH","last_edited_date":1785555425000,"Record_ID":"118941.907937.SE.21.212582","GlobalID":"{AB5BDC60-83FB-4C8A-8E7F-64DF98E26E32}","Local_Priority":1,"Oneway":null,"SHAPE.STLength()":215.55494300143883}},{"type":"Feature","id":299990,"geometry":{"type":"LineString","coordinates":[[-72.484642013627877,42.416794999460627],[-72.484635023609925,42.416767875693857],[-72.484482671321899,42.416154389893265]]},"properties":{"OBJECTID":299990,"route_id":"L212582 NB","from_measure":0.26935750000000003,"to_measure":0.31431750000000003,"Route_System":"L","Route_Number":"212582","Route_Direction":"NB","Rd_Seg_ID":null,"Facility":1,"Mile_Count":1,"Urban_Area":"0","Urban_Type":5,"F_F_Class":7,"Jurisdictn":"2","NHS":0,"Fd_Aid_Rd":0,"Control":0,"Num_Lanes":2,"Opp_Lanes":0,"Surface_Tp":6,"Surface_Wd":24,"Shldr_Lt_W":0,"Shldr_Lt_T":0,"Shldr_Rt_W":0,"Shldr_Rt_T":0,"Shldr_UL_W":0,"Shldr_UL_T":0,"Med_Width":0,"Med_Type":0,"Curb":0,"Lt_Sidewlk":0,"Rt_Sidewlk":0,"Pd_Sf_Type":null,"Pd_Fc_Type":null,"Cr_Slope":null,"Path_Width":null,"Operation":2,"Speed_Lim":null,"Op_Dir_SL":null,"Speed_Reg":null,"T_Exc_Type":null,"T_Exc_Time":null,"Trk_Permit":null,"Trk_Netwrk":null,"Truck_Rte":null,"ROW_Width":60,"Toll_Road":null,"MHS":null,"City":272,"Mun_Type":2,"County":11,"Hwy_Dist":2,"RPA":"FRCOG","RTA":"FRTA","MPO":5,"St_Name":"WEATHERWOOD ROAD","City_Maint":272,"Length":0.04496,"created_user":"RH","created_date":1785555425000,"last_edited_user":"RH","last_edited_date":1785555425000,"Record_ID":"118967.907795.SE.72.212582","GlobalID":"{02BFD241-56BE-4178-9466-FE7D6C12E72C}","Local_Priority":1,"Oneway":null,"SHAPE.STLength()":72.356306072842088}},{"type":"Feature","id":299991,"geometry":{"type":"LineString","coordinates":[[-72.484482671321899,42.416154389893265],[-72.484474801062106,42.416122698182114]]},"properties":{"OBJECTID":299991,"route_id":"L212582 NB","from_measure":0.31431750000000003,"to_measure":0.31654169999999998,"Route_System":"L","Route_Number":"212582","Route_Direction":"NB","Rd_Seg_ID":null,"Facility":1,"Mile_Count":1,"Urban_Area":"0","Urban_Type":5,"F_F_Class":7,"Jurisdictn":"2","NHS":0,"Fd_Aid_Rd":0,"Control":0,"Num_Lanes":2,"Opp_Lanes":0,"Surface_Tp":null,"Surface_Wd":null,"Shldr_Lt_W":null,"Shldr_Lt_T":null,"Shldr_Rt_W":null,"Shldr_Rt_T":null,"Shldr_UL_W":null,"Shldr_UL_T":null,"Med_Width":0,"Med_Type":0,"Curb":null,"Lt_Sidewlk":null,"Rt_Sidewlk":null,"Pd_Sf_Type":null,"Pd_Fc_Type":null,"Cr_Slope":null,"Path_Width":null,"Operation":2,"Speed_Lim":null,"Op_Dir_SL":null,"Speed_Reg":null,"T_Exc_Type":null,"T_Exc_Time":null,"Trk_Permit":null,"Trk_Netwrk":null,"Truck_Rte":null,"ROW_Width":null,"Toll_Road":null,"MHS":null,"City":272,"Mun_Type":2,"County":11,"Hwy_Dist":2,"RPA":"FRCOG","RTA":"FRTA","MPO":5,"St_Name":"WEATHERWOOD ROAD","City_Maint":272,"Length":0.0022242,"created_user":"RH","created_date":1785555425000,"last_edited_user":"RH","last_edited_date":1785555425000,"Record_ID":"118973.907758.SE.35.212582","GlobalID":"{D6EEDDDD-A88E-455E-914B-A59916FD0B48}","Local_Priority":1,"Oneway":null,"SHAPE.STLength()":3.5793612083722421}},{"type":"Feature","id":299992,"geometry":{"type":"LineString","coordinates":[[-72.484474801062106,42.416122698182114],[-72.48451830873428,42.416106570350578],[-72.484545868709972,42.416096206850767],[-72.484556866399799,42.416089359433407],[-72.484567485041623,42.416082515257166],[-72.484577426479589,42.416074552364357],[-72.484588751873417,42.416064328616692],[-72.484599013713023,42.416052988556892],[-72.484609956064091,42.416042199977326],[-72.484617557500016,42.416036511514939],[-72.484625344728443,42.416030816060811],[-72.484632378738297,42.416025127949531],[-72.484646003342874,42.415998003402521],[-72.484647695615394,42.415966477491324],[-72.484647298266168,42.415934968554573],[-72.484651132708066,42.415906798742924],[-72.484653257857815,42.415878647153896],[-72.484645563424877,42.41585395488859],[-72.484629282561471,42.415838172778741],[-72.484626575883709,42.41583554987146],[-72.484599859564696,42.415820584486134],[-72.484570997847129,42.415808450066208],[-72.484537565427232,42.415800858167977],[-72.484501349394918,42.415797793502527]]},"properties":{"OBJECTID":299992,"route_id":"L212582 NB","from_measure":0.31654169999999998,"to_measure":0.34790579999999999,"Route_System":"L","Route_Number":"212582","Route_Direction":"NB","Rd_Seg_ID":null,"Facility":1,"Mile_Count":1,"Urban_Area":"0","Urban_Type":5,"F_F_Class":7,"Jurisdictn":"2","NHS":0,"Fd_Aid_Rd":0,"Control":0,"Num_Lanes":2,"Opp_Lanes":0,"Surface_Tp":null,"Surface_Wd":null,"Shldr_Lt_W":null,"Shldr_Lt_T":null,"Shldr_Rt_W":null,"Shldr_Rt_T":null,"Shldr_UL_W":null,"Shldr_UL_T":null,"Med_Width":0,"Med_Type":0,"Curb":null,"Lt_Sidewlk":null,"Rt_Sidewlk":null,"Pd_Sf_Type":null,"Pd_Fc_Type":null,"Cr_Slope":null,"Path_Width":null,"Operation":2,"Speed_Lim":null,"Op_Dir_SL":null,"Speed_Reg":null,"T_Exc_Type":null,"T_Exc_Time":null,"Trk_Permit":null,"Trk_Netwrk":null,"Truck_Rte":null,"ROW_Width":null,"Toll_Road":null,"MHS":null,"City":272,"Mun_Type":2,"County":11,"Hwy_Dist":2,"RPA":"FRCOG","RTA":"FRTA","MPO":5,"St_Name":"WEATHERWOOD ROAD","City_Maint":272,"Length":0.031364099999999999,"created_user":"RH","created_date":1785555425000,"last_edited_user":"RH","last_edited_date":1785555425000,"Record_ID":"118959.907738.SW.50.212582","GlobalID":"{D36369A3-61B6-4835-A23A-CAF3F5A7EFDD}","Local_Priority":1,"Oneway":null,"SHAPE.STLength()":50.475799300715003}},{"type":"Feature","id":279379,"geometry":{"type":"LineString","coordinates":[[-72.430944261838761,42.505310463706394],[-72.430964342590102,42.505340194190765],[-72.430985500426004,42.505363094400359],[-72.431007029562124,42.505385428919716],[-72.431110345261729,42.505494314891436],[-72.43121941611588,42.505599785356218],[-72.431328773161553,42.505705248003771]]},"properties":{"OBJECTID":279379,"route_id":"L203518 NB","from_measure":0.050716600000000001,"to_measure":0.084343000000000001,"Route_System":"L","Route_Number":"203518","Route_Direction":"NB","Rd_Seg_ID":null,"Facility":1,"Mile_Count":1,"Urban_Area":"0","Urban_Type":5,"F_F_Class":7,"Jurisdictn":"0","NHS":0,"Fd_Aid_Rd":0,"Control":0,"Num_Lanes":1,"Opp_Lanes":0,"Surface_Tp":2,"Surface_Wd":10,"Shldr_Lt_W":0,"Shldr_Lt_T":0,"Shldr_Rt_W":0,"Shldr_Rt_T":0,"Shldr_UL_W":0,"Shldr_UL_T":0,"Med_Width":0,"Med_Type":0,"Curb":0,"Lt_Sidewlk":0,"Rt_Sidewlk":0,"Pd_Sf_Type":null,"Pd_Fc_Type":null,"Cr_Slope":null,"Path_Width":null,"Operation":2,"Speed_Lim":999,"Op_Dir_SL":null,"Speed_Reg":null,"T_Exc_Type":null,"T_Exc_Time":null,"Trk_Permit":null,"Trk_Netwrk":null,"Truck_Rte":null,"ROW_Width":30,"Toll_Road":null,"MHS":null,"City":272,"Mun_Type":2,"County":11,"Hwy_Dist":2,"RPA":"FRCOG","RTA":"FRTA","MPO":5,"St_Name":"GASS LITE LANE","City_Maint":272,"Length":0.033626400000000001,"created_user":"RH","created_date":1785555425000,"last_edited_user":"RH","last_edited_date":1785555425000,"Record_ID":"123472.917636.NW.54.203518","GlobalID":"{6438BA8D-EDE7-410A-96A8-A1556F65C40E}","Local_Priority":1,"Oneway":null,"SHAPE.STLength()":54.116500182810448}},{"type":"Feature","id":279380,"geometry":{"type":"LineString","coordinates":[[-72.431328773161553,42.505705248003771],[-72.431517936113465,42.50591754256714],[-72.431574274200031,42.506044254641971],[-72.431604537515057,42.506258953041829],[-72.431633707067249,42.506393200476701]]},"properties":{"OBJECTID":279380,"route_id":"L203518 NB","from_measure":0.084343000000000001,"to_measure":0.13538549999999999,"Route_System":"L","Route_Number":"203518","Route_Direction":"NB","Rd_Seg_ID":null,"Facility":1,"Mile_Count":1,"Urban_Area":"0","Urban_Type":5,"F_F_Class":7,"Jurisdictn":"0","NHS":0,"Fd_Aid_Rd":0,"Control":0,"Num_Lanes":1,"Opp_Lanes":0,"Surface_Tp":2,"Surface_Wd":10,"Shldr_Lt_W":0,"Shldr_Lt_T":0,"Shldr_Rt_W":0,"Shldr_Rt_T":0,"Shldr_UL_W":0,"Shldr_UL_T":0,"Med_Width":0,"Med_Type":0,"Curb":0,"Lt_Sidewlk":0,"Rt_Sidewlk":0,"Pd_Sf_Type":null,"Pd_Fc_Type":null,"Cr_Slope":null,"Path_Width":null,"Operation":2,"Speed_Lim":null,"Op_Dir_SL":null,"Speed_Reg":null,"T_Exc_Type":null,"T_Exc_Time":null,"Trk_Permit":null,"Trk_Netwrk":null,"Truck_Rte":null,"ROW_Width":30,"Toll_Road":null,"MHS":null,"City":272,"Mun_Type":2,"County":11,"Hwy_Dist":2,"RPA":"FRCOG","RTA":"FRTA","MPO":5,"St_Name":"GASS LITE LANE","City_Maint":272,"Length":0.051042499999999998,"created_user":"RH","created_date":1785555425000,"last_edited_user":"RH","last_edited_date":1785555425000,"Record_ID":"123437.917693.NW.82.203518","GlobalID":"{B70462CC-53BC-41FF-875E-C3F656D5A727}","Local_Priority":1,"Oneway":null,"SHAPE.STLength()":82.145046683841031}},{"type":"Feature","id":311945,"geometry":{"type":"LineString","coordinates":[[-72.433386463058071,42.497332202802056],[-72.433446106901258,42.497419871958435],[-72.433573802955962,42.49755259379485],[-72.433836541134511,42.497783071913517],[-72.434027187209963,42.497921094656334],[-72.434146386476115,42.498010268681661],[-72.434250037597479,42.498111193312219],[-72.434351044737951,42.498218652967928],[-72.434458419265596,42.498683766182708],[-72.434453044744373,42.498768855874161]]},"properties":{"OBJECTID":311945,"route_id":"L218682 NB","from_measure":0,"to_measure":0.1173447,"Route_System":"L","Route_Number":"218682","Route_Direction":"NB","Rd_Seg_ID":null,"Facility":1,"Mile_Count":0,"Urban_Area":"0","Urban_Type":5,"F_F_Class":7,"Jurisdictn":"0","NHS":0,"Fd_Aid_Rd":0,"Control":0,"Num_Lanes":0,"Opp_Lanes":0,"Surface_Tp":0,"Surface_Wd":0,"Shldr_Lt_W":0,"Shldr_Lt_T":0,"Shldr_Rt_W":0,"Shldr_Rt_T":0,"Shldr_UL_W":0,"Shldr_UL_T":0,"Med_Width":0,"Med_Type":0,"Curb":null,"Lt_Sidewlk":0,"Rt_Sidewlk":0,"Pd_Sf_Type":null,"Pd_Fc_Type":null,"Cr_Slope":null,"Path_Width":null,"Operation":2,"Speed_Lim":null,"Op_Dir_SL":null,"Speed_Reg":null,"T_Exc_Type":null,"T_Exc_Time":null,"Trk_Permit":null,"Trk_Netwrk":null,"Truck_Rte":null,"ROW_Width":null,"Toll_Road":null,"MHS":null,"City":272,"Mun_Type":2,"County":11,"Hwy_Dist":2,"RPA":"FRCOG","RTA":"FRTA","MPO":5,"St_Name":"KING ROAD","City_Maint":272,"Length":0.1173447,"created_user":"RH","created_date":1785555425000,"last_edited_user":"RH","last_edited_date":1785555425000,"Record_ID":"123222.916798.NW.18.218682","GlobalID":"{D7DA08E3-1A4A-4CBE-BC02-8361AAB1F21C}","Local_Priority":1,"Oneway":null,"SHAPE.STLength()":188.84832654249178}},{"type":"Feature","id":311946,"geometry":{"type":"LineString","coordinates":[[-72.434453044744373,42.498768855874161],[-72.434426516967108,42.498917908843787],[-72.434431979991459,42.498988191633103],[-72.43448548156951,42.499018830897384],[-72.43457070754809,42.4990401324673],[-72.434629012536476,42.499095255139373],[-72.434702025840238,42.499164276206827],[-72.434809096297286,42.499230467763219],[-72.434933921450707,42.499301420051374],[-72.434966646079985,42.499329788704053]]},"properties":{"OBJECTID":311946,"route_id":"L218682 NB","from_measure":0.1173447,"to_measure":0.1692517,"Route_System":"L","Route_Number":"218682","Route_Direction":"NB","Rd_Seg_ID":null,"Facility":1,"Mile_Count":0,"Urban_Area":"0","Urban_Type":5,"F_F_Class":7,"Jurisdictn":"0","NHS":0,"Fd_Aid_Rd":0,"Control":0,"Num_Lanes":0,"Opp_Lanes":0,"Surface_Tp":0,"Surface_Wd":0,"Shldr_Lt_W":0,"Shldr_Lt_T":0,"Shldr_Rt_W":0,"Shldr_Rt_T":0,"Shldr_UL_W":0,"Shldr_UL_T":0,"Med_Width":0,"Med_Type":0,"Curb":null,"Lt_Sidewlk":0,"Rt_Sidewlk":0,"Pd_Sf_Type":null,"Pd_Fc_Type":null,"Cr_Slope":null,"Path_Width":null,"Operation":2,"Speed_Lim":null,"Op_Dir_SL":null,"Speed_Reg":null,"T_Exc_Type":null,"T_Exc_Time":null,"Trk_Permit":null,"Trk_Netwrk":null,"Truck_Rte":null,"ROW_Width":null,"Toll_Road":null,"MHS":null,"City":272,"Mun_Type":2,"County":11,"Hwy_Dist":2,"RPA":"FRCOG","RTA":"FRTA","MPO":5,"St_Name":"KING ROAD","City_Maint":272,"Length":0.051907000000000002,"created_user":"RH","created_date":1785555425000,"last_edited_user":"RH","last_edited_date":1785555425000,"Record_ID":"123177.916926.NW.83.218682","GlobalID":"{9670D758-67E2-48AA-A0A6-E4F9F2620C68}","Local_Priority":1,"Oneway":null,"SHAPE.STLength()":83.536455266517009}},{"type":"Feature","id":311947,"geometry":{"type":"LineString","coordinates":[[-72.434966646079985,42.499329788704053],[-72.435001410213019,42.499381013870845],[-72.435204309253464,42.499500396257361],[-72.435282411863909,42.499550463025685],[-72.435561422905565,42.499734654794047],[-72.435777761898649,42.499865920008155],[-72.435893622131076,42.499928222823172],[-72.435985253741975,42.499947106251604],[-72.436051254806372,42.499941758163409]]},"properties":{"OBJECTID":311947,"route_id":"L218682 NB","from_measure":0.1692517,"to_measure":0.24067659999999999,"Route_System":"L","Route_Number":"218682","Route_Direction":"NB","Rd_Seg_ID":null,"Facility":1,"Mile_Count":0,"Urban_Area":"0","Urban_Type":5,"F_F_Class":7,"Jurisdictn":"0","NHS":0,"Fd_Aid_Rd":0,"Control":0,"Num_Lanes":0,"Opp_Lanes":0,"Surface_Tp":0,"Surface_Wd":0,"Shldr_Lt_W":0,"Shldr_Lt_T":0,"Shldr_Rt_W":0,"Shldr_Rt_T":0,"Shldr_UL_W":0,"Shldr_UL_T":0,"Med_Width":0,"Med_Type":0,"Curb":null,"Lt_Sidewlk":0,"Rt_Sidewlk":0,"Pd_Sf_Type":null,"Pd_Fc_Type":null,"Cr_Slope":null,"Path_Width":null,"Operation":2,"Speed_Lim":null,"Op_Dir_SL":null,"Speed_Reg":null,"T_Exc_Type":null,"T_Exc_Time":null,"Trk_Permit":null,"Trk_Netwrk":null,"Truck_Rte":null,"ROW_Width":null,"Toll_Road":null,"MHS":null,"City":272,"Mun_Type":2,"County":11,"Hwy_Dist":2,"RPA":"FRCOG","RTA":"FRTA","MPO":5,"St_Name":"KING ROAD","City_Maint":272,"Length":0.0714249,"created_user":"RH","created_date":1785555425000,"last_edited_user":"RH","last_edited_date":1785555425000,"Record_ID":"123108.916991.NW.11.218682","GlobalID":"{40F14A99-8C20-4D75-9424-9B143D8BDF7B}","Local_Priority":1,"Oneway":null,"SHAPE.STLength()":114.94735685081054}},{"type":"Feature","id":311950,"geometry":{"type":"LineString","coordinates":[[-72.434989589060464,42.498416488474433],[-72.434892546614449,42.49847920921615],[-72.434676124616473,42.498596820698843],[-72.434496440583075,42.498735389139505],[-72.434452257424141,42.498773282739435]]},"properties":{"OBJECTID":311950,"route_id":"L218685 EB","from_measure":0,"to_measure":0.037005299999999998,"Route_System":"L","Route_Number":"218685","Route_Direction":"EB","Rd_Seg_ID":null,"Facility":1,"Mile_Count":0,"Urban_Area":"0","Urban_Type":5,"F_F_Class":7,"Jurisdictn":"0","NHS":0,"Fd_Aid_Rd":0,"Control":0,"Num_Lanes":0,"Opp_Lanes":0,"Surface_Tp":0,"Surface_Wd":0,"Shldr_Lt_W":0,"Shldr_Lt_T":0,"Shldr_Rt_W":0,"Shldr_Rt_T":0,"Shldr_UL_W":0,"Shldr_UL_T":0,"Med_Width":0,"Med_Type":0,"Curb":null,"Lt_Sidewlk":0,"Rt_Sidewlk":0,"Pd_Sf_Type":null,"Pd_Fc_Type":null,"Cr_Slope":null,"Path_Width":null,"Operation":2,"Speed_Lim":null,"Op_Dir_SL":null,"Speed_Reg":null,"T_Exc_Type":null,"T_Exc_Time":null,"Trk_Permit":null,"Trk_Netwrk":null,"Truck_Rte":null,"ROW_Width":null,"Toll_Road":null,"MHS":null,"City":272,"Mun_Type":2,"County":11,"Hwy_Dist":2,"RPA":"FRCOG","RTA":"FRTA","MPO":5,"St_Name":"DOVE LANE","City_Maint":272,"Length":0.037005299999999998,"created_user":"RH","created_date":1785555425000,"last_edited_user":"RH","last_edited_date":1785555425000,"Record_ID":"123170.916869.NE.59.218685","GlobalID":"{77DF0691-C672-4332-9C69-44451427B60A}","Local_Priority":1,"Oneway":null,"SHAPE.STLength()":59.554315670977623}},{"type":"Feature","id":311952,"geometry":{"type":"LineString","coordinates":[[-72.432593946905541,42.497521363139057],[-72.432641243651972,42.497599729849796],[-72.432870300444762,42.497699262767391],[-72.432981365647677,42.497804724560545],[-72.433051599824154,42.497925710285877],[-72.433105173758463,42.498077220534512],[-72.433107494714164,42.498234212591917]]},"properties":{"OBJECTID":311952,"route_id":"L218687 NB","from_measure":0,"to_measure":0.059454800000000002,"Route_System":"L","Route_Number":"218687","Route_Direction":"NB","Rd_Seg_ID":null,"Facility":1,"Mile_Count":0,"Urban_Area":"0","Urban_Type":5,"F_F_Class":7,"Jurisdictn":"0","NHS":0,"Fd_Aid_Rd":0,"Control":0,"Num_Lanes":0,"Opp_Lanes":0,"Surface_Tp":0,"Surface_Wd":0,"Shldr_Lt_W":0,"Shldr_Lt_T":0,"Shldr_Rt_W":0,"Shldr_Rt_T":0,"Shldr_UL_W":0,"Shldr_UL_T":0,"Med_Width":0,"Med_Type":0,"Curb":null,"Lt_Sidewlk":0,"Rt_Sidewlk":0,"Pd_Sf_Type":null,"Pd_Fc_Type":null,"Cr_Slope":null,"Path_Width":null,"Operation":2,"Speed_Lim":null,"Op_Dir_SL":null,"Speed_Reg":null,"T_Exc_Type":null,"T_Exc_Time":null,"Trk_Permit":null,"Trk_Netwrk":null,"Truck_Rte":null,"ROW_Width":null,"Toll_Road":null,"MHS":null,"City":272,"Mun_Type":2,"County":11,"Hwy_Dist":2,"RPA":"FRCOG","RTA":"FRTA","MPO":5,"St_Name":"BIRCH DRIVE","City_Maint":272,"Length":0.059454800000000002,"created_user":"RH","created_date":1785555425000,"last_edited_user":"RH","last_edited_date":1785555425000,"Record_ID":"123309.916784.NW.95.218687","GlobalID":"{4AD79A63-DBD0-41EA-9D09-3D6542D48D8D}","Local_Priority":1,"Oneway":null,"SHAPE.STLength()":95.683469014186926}},{"type":"Feature","id":311953,"geometry":{"type":"LineString","coordinates":[[-72.432536293801832,42.497540115646885],[-72.431557597073436,42.497015885787036]]},"properties":{"OBJECTID":311953,"route_id":"L218688 NB","from_measure":0,"to_measure":0.061710099999999997,"Route_System":"L","Route_Number":"218688","Route_Direction":"NB","Rd_Seg_ID":null,"Facility":1,"Mile_Count":0,"Urban_Area":"0","Urban_Type":5,"F_F_Class":7,"Jurisdictn":"0","NHS":0,"Fd_Aid_Rd":0,"Control":0,"Num_Lanes":0,"Opp_Lanes":0,"Surface_Tp":0,"Surface_Wd":0,"Shldr_Lt_W":0,"Shldr_Lt_T":0,"Shldr_Rt_W":0,"Shldr_Rt_T":0,"Shldr_UL_W":0,"Shldr_UL_T":0,"Med_Width":0,"Med_Type":0,"Curb":null,"Lt_Sidewlk":0,"Rt_Sidewlk":0,"Pd_Sf_Type":null,"Pd_Fc_Type":null,"Cr_Slope":null,"Path_Width":null,"Operation":2,"Speed_Lim":null,"Op_Dir_SL":null,"Speed_Reg":null,"T_Exc_Type":null,"T_Exc_Time":null,"Trk_Permit":null,"Trk_Netwrk":null,"Truck_Rte":null,"ROW_Width":null,"Toll_Road":null,"MHS":null,"City":272,"Mun_Type":2,"County":11,"Hwy_Dist":2,"RPA":"FRCOG","RTA":"FRTA","MPO":5,"St_Name":"HASKINS WAY","City_Maint":272,"Length":0.061710099999999997,"created_user":"RH","created_date":1785555425000,"last_edited_user":"RH","last_edited_date":1785555425000,"Record_ID":"123387.916722.SE.99.218688","GlobalID":"{4CCE0998-5826-4D25-8E8E-C572065E20EB}","Local_Priority":1,"Oneway":null,"SHAPE.STLength()":99.312988000261072}},{"type":"Feature","id":311957,"geometry":{"type":"LineString","coordinates":[[-72.432154702743176,42.497673431064591],[-72.432165259449249,42.497692305144319],[-72.432211914424883,42.497739438540435],[-72.432281679124671,42.497803541147903]]},"properties":{"OBJECTID":311957,"route_id":"L218690 EB","from_measure":0,"to_measure":0.011123600000000001,"Route_System":"L","Route_Number":"218690","Route_Direction":"EB","Rd_Seg_ID":null,"Facility":1,"Mile_Count":0,"Urban_Area":"0","Urban_Type":5,"F_F_Class":7,"Jurisdictn":"0","NHS":0,"Fd_Aid_Rd":0,"Control":0,"Num_Lanes":0,"Opp_Lanes":0,"Surface_Tp":0,"Surface_Wd":0,"Shldr_Lt_W":0,"Shldr_Lt_T":0,"Shldr_Rt_W":0,"Shldr_Rt_T":0,"Shldr_UL_W":0,"Shldr_UL_T":0,"Med_Width":0,"Med_Type":0,"Curb":null,"Lt_Sidewlk":0,"Rt_Sidewlk":0,"Pd_Sf_Type":null,"Pd_Fc_Type":null,"Cr_Slope":null,"Path_Width":null,"Operation":2,"Speed_Lim":null,"Op_Dir_SL":null,"Speed_Reg":null,"T_Exc_Type":null,"T_Exc_Time":null,"Trk_Permit":null,"Trk_Netwrk":null,"Truck_Rte":null,"ROW_Width":null,"Toll_Road":null,"MHS":null,"City":272,"Mun_Type":2,"County":11,"Hwy_Dist":2,"RPA":"FRCOG","RTA":"FRTA","MPO":5,"St_Name":"OAK KNOLL","City_Maint":272,"Length":0.011123600000000001,"created_user":"RH","created_date":1785555425000,"last_edited_user":"RH","last_edited_date":1785555425000,"Record_ID":"123373.916773.NW.17.218690","GlobalID":"{88B9837B-00DD-41A2-A9F9-8442651E87B4}","Local_Priority":1,"Oneway":null,"SHAPE.STLength()":17.901634693543649}},{"type":"Feature","id":311961,"geometry":{"type":"LineString","coordinates":[[-72.431213154736383,42.497603712346532],[-72.431157200274953,42.497549366637969],[-72.431043422651086,42.497492038947904],[-72.430798502006468,42.497359801032196],[-72.430698525915261,42.497309959192471]]},"properties":{"OBJECTID":311961,"route_id":"L218692 EB","from_measure":0,"to_measure":0.033389200000000001,"Route_System":"L","Route_Number":"218692","Route_Direction":"EB","Rd_Seg_ID":null,"Facility":1,"Mile_Count":0,"Urban_Area":"0","Urban_Type":5,"F_F_Class":7,"Jurisdictn":"0","NHS":0,"Fd_Aid_Rd":0,"Control":0,"Num_Lanes":0,"Opp_Lanes":0,"Surface_Tp":0,"Surface_Wd":0,"Shldr_Lt_W":0,"Shldr_Lt_T":0,"Shldr_Rt_W":0,"Shldr_Rt_T":0,"Shldr_UL_W":0,"Shldr_UL_T":0,"Med_Width":0,"Med_Type":0,"Curb":null,"Lt_Sidewlk":0,"Rt_Sidewlk":0,"Pd_Sf_Type":null,"Pd_Fc_Type":null,"Cr_Slope":null,"Path_Width":null,"Operation":2,"Speed_Lim":null,"Op_Dir_SL":null,"Speed_Reg":null,"T_Exc_Type":null,"T_Exc_Time":null,"Trk_Permit":null,"Trk_Netwrk":null,"Truck_Rte":null,"ROW_Width":null,"Toll_Road":null,"MHS":null,"City":272,"Mun_Type":2,"County":11,"Hwy_Dist":2,"RPA":"FRCOG","RTA":"FRTA","MPO":5,"St_Name":"GREAT PINES DRIVE EXTENSION","City_Maint":272,"Length":0.033389200000000001,"created_user":"RH","created_date":1785555425000,"last_edited_user":"RH","last_edited_date":1785555425000,"Record_ID":"123476.916740.SE.53.218692","GlobalID":"{C28FAFFC-5161-4D98-BE40-CD1A7870614D}","Local_Priority":1,"Oneway":null,"SHAPE.STLength()":53.73472228814834}},{"type":"Feature","id":311962,"geometry":{"type":"LineString","coordinates":[[-72.431779120601888,42.504692374108188],[-72.432745605316029,42.505418639924642],[-72.432851953346855,42.505503291653909]]},"properties":{"OBJECTID":311962,"route_id":"L218693 NB","from_measure":0,"to_measure":0.078327800000000003,"Route_System":"L","Route_Number":"218693","Route_Direction":"NB","Rd_Seg_ID":null,"Facility":1,"Mile_Count":0,"Urban_Area":"0","Urban_Type":5,"F_F_Class":7,"Jurisdictn":"0","NHS":0,"Fd_Aid_Rd":0,"Control":0,"Num_Lanes":0,"Opp_Lanes":0,"Surface_Tp":0,"Surface_Wd":0,"Shldr_Lt_W":0,"Shldr_Lt_T":0,"Shldr_Rt_W":0,"Shldr_Rt_T":0,"Shldr_UL_W":0,"Shldr_UL_T":0,"Med_Width":0,"Med_Type":0,"Curb":null,"Lt_Sidewlk":0,"Rt_Sidewlk":0,"Pd_Sf_Type":null,"Pd_Fc_Type":null,"Cr_Slope":null,"Path_Width":null,"Operation":2,"Speed_Lim":null,"Op_Dir_SL":null,"Speed_Reg":null,"T_Exc_Type":null,"T_Exc_Time":null,"Trk_Permit":null,"Trk_Netwrk":null,"Truck_Rte":null,"ROW_Width":null,"Toll_Road":null,"MHS":null,"City":272,"Mun_Type":2,"County":11,"Hwy_Dist":2,"RPA":"FRCOG","RTA":"FRTA","MPO":5,"St_Name":"BEECHWOOD LANE","City_Maint":272,"Length":0.078327800000000003,"created_user":"RH","created_date":1785555425000,"last_edited_user":"RH","last_edited_date":1785555425000,"Record_ID":"123374.917591.NW.12.218693","GlobalID":"{9C05DF9C-5EB7-4A79-82C0-4265CEC2A753}","Local_Priority":1,"Oneway":null,"SHAPE.STLength()":126.05656238691273}},{"type":"Feature","id":311963,"geometry":{"type":"LineString","coordinates":[[-72.435700703040808,42.503104920658465],[-72.435751702586586,42.50315642341355],[-72.435817887966166,42.503217926744703],[-72.435934679051044,42.503304347321063],[-72.435989254239615,42.503349488221545],[-72.436033894743332,42.503417503589823],[-72.436065541093896,42.503474224851544],[-72.436076707941922,42.503534910784417],[-72.436082058854439,42.503609624718386]]},"properties":{"OBJECTID":311963,"route_id":"L218694 EB","from_measure":0,"to_measure":0.041295400000000003,"Route_System":"L","Route_Number":"218694","Route_Direction":"EB","Rd_Seg_ID":null,"Facility":1,"Mile_Count":0,"Urban_Area":"0","Urban_Type":5,"F_F_Class":7,"Jurisdictn":"0","NHS":0,"Fd_Aid_Rd":0,"Control":0,"Num_Lanes":0,"Opp_Lanes":0,"Surface_Tp":0,"Surface_Wd":0,"Shldr_Lt_W":0,"Shldr_Lt_T":0,"Shldr_Rt_W":0,"Shldr_Rt_T":0,"Shldr_UL_W":0,"Shldr_UL_T":0,"Med_Width":0,"Med_Type":0,"Curb":null,"Lt_Sidewlk":0,"Rt_Sidewlk":0,"Pd_Sf_Type":null,"Pd_Fc_Type":null,"Cr_Slope":null,"Path_Width":null,"Operation":2,"Speed_Lim":null,"Op_Dir_SL":null,"Speed_Reg":null,"T_Exc_Type":null,"T_Exc_Time":null,"Trk_Permit":null,"Trk_Netwrk":null,"Truck_Rte":null,"ROW_Width":null,"Toll_Road":null,"MHS":null,"City":272,"Mun_Type":2,"County":11,"Hwy_Dist":2,"RPA":"FRCOG","RTA":"FRTA","MPO":5,"St_Name":"KINDER LANE","City_Maint":272,"Length":0.041295400000000003,"created_user":"RH","created_date":1785555425000,"last_edited_user":"RH","last_edited_date":1785555425000,"Record_ID":"123073.917396.NW.66.218694","GlobalID":"{A965F301-6932-4AEC-998D-9F028AD49A3F}","Local_Priority":1,"Oneway":null,"SHAPE.STLength()":66.458671310569841}},{"type":"Feature","id":322866,"geometry":{"type":"LineString","coordinates":[[-72.413959520592854,42.474435560145849],[-72.413815978232861,42.474501624230363],[-72.413529869963767,42.474573451571551],[-72.413202335566652,42.474597994807574],[-72.412963857000065,42.474604945351821],[-72.41272423213718,42.474611348094243],[-72.41247743670236,42.474627932857992],[-72.412350439123571,42.474636817137984],[-72.412091879700171,42.47466755879271],[-72.411867900677237,42.474685087004339],[-72.411345142021034,42.474711731654608],[-72.411031337107516,42.474728548929647]]},"properties":{"OBJECTID":322866,"route_id":"L224234 EB","from_measure":0,"to_measure":0.15225830000000001,"Route_System":"L","Route_Number":"224234","Route_Direction":"EB","Rd_Seg_ID":null,"Facility":1,"Mile_Count":1,"Urban_Area":"0","Urban_Type":5,"F_F_Class":7,"Jurisdictn":"0","NHS":0,"Fd_Aid_Rd":0,"Control":0,"Num_Lanes":1,"Opp_Lanes":0,"Surface_Tp":2,"Surface_Wd":12,"Shldr_Lt_W":0,"Shldr_Lt_T":0,"Shldr_Rt_W":0,"Shldr_Rt_T":0,"Shldr_UL_W":0,"Shldr_UL_T":0,"Med_Width":0,"Med_Type":0,"Curb":0,"Lt_Sidewlk":0,"Rt_Sidewlk":0,"Pd_Sf_Type":null,"Pd_Fc_Type":null,"Cr_Slope":null,"Path_Width":null,"Operation":2,"Speed_Lim":null,"Op_Dir_SL":null,"Speed_Reg":null,"T_Exc_Type":null,"T_Exc_Time":null,"Trk_Permit":null,"Trk_Netwrk":null,"Truck_Rte":null,"ROW_Width":30,"Toll_Road":null,"MHS":null,"City":272,"Mun_Type":2,"County":11,"Hwy_Dist":2,"RPA":"FRCOG","RTA":"FRTA","MPO":5,"St_Name":"BRIGGS ROAD","City_Maint":272,"Length":0.15225830000000001,"created_user":"RH","created_date":1785555425000,"last_edited_user":"RH","last_edited_date":1785555425000,"Record_ID":"124966.914188.NE.24.224234","GlobalID":"{E42A3DB1-0B4D-4093-9929-C2ADB76947FA}","Local_Priority":1,"Oneway":null,"SHAPE.STLength()":245.03653659748946}},{"type":"Feature","id":322867,"geometry":{"type":"LineString","coordinates":[[-72.411031337107516,42.474728548929647],[-72.410987982602563,42.474730873301667],[-72.410783569399683,42.474721800042943],[-72.410627224303028,42.474685334673957],[-72.410431420939133,42.474614294984434],[-72.410291499720671,42.474543938849806],[-72.410121557279297,42.474414738090083],[-72.409915676855789,42.474303264313022],[-72.409745853784017,42.474175750131202],[-72.409543502238236,42.474005724410915],[-72.409278792670179,42.473827187434956],[-72.409083726601281,42.473701563170621],[-72.408864634867598,42.47355023623696]]},"properties":{"OBJECTID":322867,"route_id":"L224234 EB","from_measure":0.15225830000000001,"to_measure":0.29340119999999997,"Route_System":"L","Route_Number":"224234","Route_Direction":"EB","Rd_Seg_ID":null,"Facility":1,"Mile_Count":1,"Urban_Area":"0","Urban_Type":5,"F_F_Class":7,"Jurisdictn":"0","NHS":0,"Fd_Aid_Rd":0,"Control":0,"Num_Lanes":2,"Opp_Lanes":0,"Surface_Tp":0,"Surface_Wd":0,"Shldr_Lt_W":0,"Shldr_Lt_T":0,"Shldr_Rt_W":0,"Shldr_Rt_T":0,"Shldr_UL_W":0,"Shldr_UL_T":0,"Med_Width":0,"Med_Type":0,"Curb":0,"Lt_Sidewlk":0,"Rt_Sidewlk":0,"Pd_Sf_Type":null,"Pd_Fc_Type":null,"Cr_Slope":null,"Path_Width":null,"Operation":2,"Speed_Lim":999,"Op_Dir_SL":null,"Speed_Reg":null,"T_Exc_Type":null,"T_Exc_Time":null,"Trk_Permit":null,"Trk_Netwrk":null,"Truck_Rte":null,"ROW_Width":null,"Toll_Road":null,"MHS":null,"City":272,"Mun_Type":2,"County":11,"Hwy_Dist":2,"RPA":"FRCOG","RTA":"FRTA","MPO":5,"St_Name":"BRIGGS ROAD","City_Maint":272,"Length":0.14114289999999999,"created_user":"RH","created_date":1785555425000,"last_edited_user":"RH","last_edited_date":1785555425000,"Record_ID":"125186.914142.SE.22.224234","GlobalID":"{5B7FAED3-53D3-4436-B58F-D35A9A24B97D}","Local_Priority":1,"Oneway":null,"SHAPE.STLength()":227.14792912079074}},{"type":"Feature","id":335534,"geometry":{"type":"LineString","coordinates":[[-72.418819425954496,42.450365842422485],[-72.418836114532667,42.450451465739064],[-72.418858719866634,42.450590398797246],[-72.418881248220217,42.450723615484478],[-72.418901276743469,42.450862569084975],[-72.418912764243188,42.450971890456245]]},"properties":{"OBJECTID":335534,"route_id":"L230876 NB","from_measure":0,"to_measure":0.042109899999999999,"Route_System":"L","Route_Number":"230876","Route_Direction":"NB","Rd_Seg_ID":null,"Facility":1,"Mile_Count":0,"Urban_Area":"0","Urban_Type":5,"F_F_Class":7,"Jurisdictn":"0","NHS":0,"Fd_Aid_Rd":0,"Control":0,"Num_Lanes":0,"Opp_Lanes":0,"Surface_Tp":0,"Surface_Wd":0,"Shldr_Lt_W":0,"Shldr_Lt_T":0,"Shldr_Rt_W":0,"Shldr_Rt_T":0,"Shldr_UL_W":0,"Shldr_UL_T":0,"Med_Width":0,"Med_Type":0,"Curb":null,"Lt_Sidewlk":0,"Rt_Sidewlk":0,"Pd_Sf_Type":null,"Pd_Fc_Type":null,"Cr_Slope":null,"Path_Width":null,"Operation":2,"Speed_Lim":null,"Op_Dir_SL":null,"Speed_Reg":null,"T_Exc_Type":null,"T_Exc_Time":null,"Trk_Permit":null,"Trk_Netwrk":null,"Truck_Rte":null,"ROW_Width":null,"Toll_Road":null,"MHS":null,"City":272,"Mun_Type":2,"County":11,"Hwy_Dist":2,"RPA":"FRCOG","RTA":"FRTA","MPO":5,"St_Name":"WILSON ROAD","City_Maint":272,"Length":0.042109899999999999,"created_user":"RH","created_date":1785555425000,"last_edited_user":"RH","last_edited_date":1785555425000,"Record_ID":"124414.911533.NW.67.230876","GlobalID":"{0AFF1EFC-F3FE-4399-8DF9-FC7981F1AE82}","Local_Priority":1,"Oneway":null,"SHAPE.STLength()":67.769483525481363}},{"type":"Feature","id":335595,"geometry":{"type":"LineString","coordinates":[[-72.42588210286246,42.419670556234031],[-72.425215031481372,42.420118200381509],[-72.425195827742016,42.420135797502176],[-72.425176533802542,42.420153957143306],[-72.42511195059511,42.420210184301347],[-72.425046323591815,42.420266418908902],[-72.424983654464015,42.420323758709756],[-72.424937453933694,42.420371393064599],[-72.424893065870535,42.420419579138098],[-72.424850490224898,42.420468313331419],[-72.424810714667842,42.420520403008481],[-72.424772856964921,42.420573602662031],[-72.424730694332467,42.420624583386079],[-72.424688753086926,42.420664871931905],[-72.424643768514315,42.420704622207289],[-72.424597621920185,42.420742690999113],[-72.424547798870989,42.420783042796181],[-72.424496736741418,42.420822841822719],[-72.42444510014414,42.420862083640181],[-72.424409572908175,42.420886564996991],[-72.424373952090207,42.420911047093931],[-72.424343025855265,42.420938307680274],[-72.42432818129582,42.420955306947121],[-72.42431496426866,42.420973418541998],[-72.424303652055912,42.420992076639756],[-72.424288889237019,42.42104058729246],[-72.424285927802387,42.421091256685898],[-72.424283069295967,42.421142483449557]]},"properties":{"OBJECTID":335595,"route_id":"L230912 EB","from_measure":0,"to_measure":0.13309019999999999,"Route_System":"L","Route_Number":"230912","Route_Direction":"EB","Rd_Seg_ID":null,"Facility":1,"Mile_Count":0,"Urban_Area":"0","Urban_Type":5,"F_F_Class":7,"Jurisdictn":"0","NHS":0,"Fd_Aid_Rd":0,"Control":0,"Num_Lanes":0,"Opp_Lanes":0,"Surface_Tp":0,"Surface_Wd":0,"Shldr_Lt_W":0,"Shldr_Lt_T":0,"Shldr_Rt_W":0,"Shldr_Rt_T":0,"Shldr_UL_W":0,"Shldr_UL_T":0,"Med_Width":0,"Med_Type":0,"Curb":0,"Lt_Sidewlk":0,"Rt_Sidewlk":0,"Pd_Sf_Type":null,"Pd_Fc_Type":null,"Cr_Slope":null,"Path_Width":null,"Operation":2,"Speed_Lim":999,"Op_Dir_SL":null,"Speed_Reg":null,"T_Exc_Type":null,"T_Exc_Time":null,"Trk_Permit":null,"Trk_Netwrk":null,"Truck_Rte":null,"ROW_Width":0,"Toll_Road":null,"MHS":null,"City":272,"Mun_Type":2,"County":11,"Hwy_Dist":2,"RPA":"FRCOG","RTA":"FRTA","MPO":5,"St_Name":"FARMHOUSE DRIVE","City_Maint":272,"Length":0.13309019999999999,"created_user":"RH","created_date":1785555425000,"last_edited_user":"RH","last_edited_date":1785555425000,"Record_ID":"123876.908170.NE.21.230912","GlobalID":"{FEBC5D03-1B55-4A9C-A06C-3114956851E3}","Local_Priority":1,"Oneway":null,"SHAPE.STLength()":214.18839592345026}},{"type":"Feature","id":335596,"geometry":{"type":"LineString","coordinates":[[-72.486832972520872,42.429334479687363],[-72.486523380508743,42.428575791805407],[-72.486495635030366,42.428525950813039],[-72.486467693668203,42.428475547889157],[-72.486435891509146,42.428426866145593],[-72.486409513030196,42.428391639186387],[-72.486381058277928,42.428356997213918],[-72.48634810315032,42.428325768205596],[-72.486303978491605,42.428296883886411],[-72.486254308805101,42.428271988671277],[-72.4862038034139,42.428247662395897],[-72.486136465031024,42.428216165147312],[-72.486067642644088,42.428186367777556],[-72.485998635967448,42.428157139149555],[-72.485956295687586,42.428138928966],[-72.485913949440729,42.428120724220008],[-72.485889093569114,42.428109684818828],[-72.48587150087566,42.428101957632073],[-72.485409183113276,42.427989996161003],[-72.484953632104791,42.427892044319357],[-72.484597788418583,42.427794929727391]]},"properties":{"OBJECTID":335596,"route_id":"L230913 EB","from_measure":0,"to_measure":0.17165710000000001,"Route_System":"L","Route_Number":"230913","Route_Direction":"EB","Rd_Seg_ID":null,"Facility":1,"Mile_Count":0,"Urban_Area":"0","Urban_Type":5,"F_F_Class":7,"Jurisdictn":"0","NHS":0,"Fd_Aid_Rd":0,"Control":0,"Num_Lanes":0,"Opp_Lanes":0,"Surface_Tp":0,"Surface_Wd":0,"Shldr_Lt_W":0,"Shldr_Lt_T":0,"Shldr_Rt_W":0,"Shldr_Rt_T":0,"Shldr_UL_W":0,"Shldr_UL_T":0,"Med_Width":0,"Med_Type":0,"Curb":0,"Lt_Sidewlk":0,"Rt_Sidewlk":0,"Pd_Sf_Type":null,"Pd_Fc_Type":null,"Cr_Slope":null,"Path_Width":null,"Operation":2,"Speed_Lim":999,"Op_Dir_SL":null,"Speed_Reg":null,"T_Exc_Type":null,"T_Exc_Time":null,"Trk_Permit":null,"Trk_Netwrk":null,"Truck_Rte":null,"ROW_Width":null,"Toll_Road":null,"MHS":null,"City":272,"Mun_Type":2,"County":11,"Hwy_Dist":2,"RPA":"FRCOG","RTA":"FRTA","MPO":5,"St_Name":"HIDDEN MEADOW ROAD","City_Maint":272,"Length":0.17165710000000001,"created_user":"RH","created_date":1785555425000,"last_edited_user":"RH","last_edited_date":1785555425000,"Record_ID":"118861.909095.SE.27.230913","GlobalID":"{4C64C8E3-294F-46B9-A914-A34BC4FFF821}","Local_Priority":1,"Oneway":null,"SHAPE.STLength()":276.25589768638923}},{"type":"Feature","id":335597,"geometry":{"type":"LineString","coordinates":[[-72.411857387086997,42.469128035475961],[-72.411379472051294,42.469177958776434],[-72.411376062211517,42.469178548442486],[-72.410601016278207,42.469264579248595],[-72.409858284291715,42.469344720910378],[-72.409318891856429,42.469407498549209]]},"properties":{"OBJECTID":335597,"route_id":"L230914 EB","from_measure":0,"to_measure":0.13114519999999999,"Route_System":"L","Route_Number":"230914","Route_Direction":"EB","Rd_Seg_ID":null,"Facility":1,"Mile_Count":0,"Urban_Area":"0","Urban_Type":5,"F_F_Class":7,"Jurisdictn":"0","NHS":0,"Fd_Aid_Rd":0,"Control":0,"Num_Lanes":0,"Opp_Lanes":0,"Surface_Tp":0,"Surface_Wd":0,"Shldr_Lt_W":0,"Shldr_Lt_T":0,"Shldr_Rt_W":0,"Shldr_Rt_T":0,"Shldr_UL_W":0,"Shldr_UL_T":0,"Med_Width":0,"Med_Type":0,"Curb":0,"Lt_Sidewlk":0,"Rt_Sidewlk":0,"Pd_Sf_Type":null,"Pd_Fc_Type":null,"Cr_Slope":null,"Path_Width":null,"Operation":2,"Speed_Lim":999,"Op_Dir_SL":null,"Speed_Reg":null,"T_Exc_Type":null,"T_Exc_Time":null,"Trk_Permit":null,"Trk_Netwrk":null,"Truck_Rte":null,"ROW_Width":0,"Toll_Road":null,"MHS":null,"City":272,"Mun_Type":2,"County":11,"Hwy_Dist":2,"RPA":"FRCOG","RTA":"FRTA","MPO":5,"St_Name":"HIGHLAND DRIVE","City_Maint":272,"Length":0.13114519999999999,"created_user":"RH","created_date":1785555425000,"last_edited_user":"RH","last_edited_date":1785555425000,"Record_ID":"125117.913591.NE.21.230914","GlobalID":"{12BAD65F-99C0-4F7B-8633-D2D67F90A90A}","Local_Priority":1,"Oneway":null,"SHAPE.STLength()":211.05814770409447}},{"type":"Feature","id":335598,"geometry":{"type":"LineString","coordinates":[[-72.482466630223257,42.427907108139465],[-72.48243146030498,42.427916973300654],[-72.482399198359843,42.427930188051],[-72.482363006231608,42.427953567671324],[-72.482332220163244,42.427982530878111],[-72.482300778114592,42.428012060574865],[-72.482277043568558,42.428030268654759],[-72.482253024896892,42.428049040955663],[-72.482228911205482,42.428067252260007],[-72.482178229776764,42.428099195970375],[-72.482127554386395,42.428131140506508],[-72.482076492521742,42.428163087416046],[-72.481993154806275,42.428213315176251],[-72.481908669657344,42.428262990858499],[-72.481822338868994,42.42831043140734],[-72.48177232519366,42.428336179513892],[-72.481721722955143,42.428360811713979],[-72.481671508453871,42.428385997885556],[-72.481631485947318,42.428407156418857],[-72.481591851344177,42.42842887883463],[-72.481552114339081,42.428450034905481],[-72.481507297309193,42.428492622358263],[-72.481462480162932,42.428535206192301],[-72.481420917831329,42.42857945397062],[-72.481380171003934,42.428633254417065],[-72.481343623157983,42.428688711665153],[-72.481306208625483,42.428743613585262],[-72.481272446433749,42.428788918425354],[-72.481238025533941,42.428834225267387],[-72.481203016311625,42.428878979811955],[-72.481163200549318,42.428925457111312],[-72.481122413456106,42.428970822670948],[-72.48108678910809,42.429018393229079],[-72.481047566176684,42.42909750665924],[-72.481020468186628,42.429180452973178],[-72.480996887051404,42.429263936516399],[-72.480996197135894,42.429360164454465],[-72.480998055954743,42.429431045478346],[-72.480987437421277,42.429456461149542],[-72.480976631676583,42.429481873913076],[-72.480965726280914,42.429507287524402],[-72.480945355844526,42.429553041753913],[-72.480924306797888,42.429597671855056],[-72.480902795046944,42.429642873097457],[-72.480890750996409,42.42966829640126],[-72.480878698216088,42.42969315797621],[-72.480865793590198,42.42971802590661],[-72.480848331016716,42.429749124188916],[-72.480829907011525,42.429779667956716],[-72.480811490279422,42.429810211659209],[-72.480352568373092,42.43048035847778]]},"properties":{"OBJECTID":335598,"route_id":"L230915 NB","from_measure":0,"to_measure":0.21512800000000001,"Route_System":"L","Route_Number":"230915","Route_Direction":"NB","Rd_Seg_ID":null,"Facility":1,"Mile_Count":0,"Urban_Area":"0","Urban_Type":5,"F_F_Class":7,"Jurisdictn":"0","NHS":0,"Fd_Aid_Rd":0,"Control":0,"Num_Lanes":0,"Opp_Lanes":0,"Surface_Tp":0,"Surface_Wd":0,"Shldr_Lt_W":0,"Shldr_Lt_T":0,"Shldr_Rt_W":0,"Shldr_Rt_T":0,"Shldr_UL_W":0,"Shldr_UL_T":0,"Med_Width":0,"Med_Type":0,"Curb":0,"Lt_Sidewlk":0,"Rt_Sidewlk":0,"Pd_Sf_Type":null,"Pd_Fc_Type":null,"Cr_Slope":null,"Path_Width":null,"Operation":2,"Speed_Lim":999,"Op_Dir_SL":null,"Speed_Reg":null,"T_Exc_Type":null,"T_Exc_Time":null,"Trk_Permit":null,"Trk_Netwrk":null,"Truck_Rte":null,"ROW_Width":null,"Toll_Road":null,"MHS":null,"City":272,"Mun_Type":2,"County":11,"Hwy_Dist":2,"RPA":"FRCOG","RTA":"FRTA","MPO":5,"St_Name":"KETTLE HILL ROAD","City_Maint":272,"Length":0.21512800000000001,"created_user":"RH","created_date":1785555425000,"last_edited_user":"RH","last_edited_date":1785555425000,"Record_ID":"119273.909197.NE.34.230915","GlobalID":"{A5E9798D-0814-4A3D-818D-10A9E2C43E92}","Local_Priority":1,"Oneway":null,"SHAPE.STLength()":346.21564485024919}},{"type":"Feature","id":335599,"geometry":{"type":"LineString","coordinates":[[-72.484112780270365,42.428377532934661],[-72.482533312213931,42.427909350794117],[-72.482523032818008,42.427907751312958],[-72.482512651054122,42.427905586400783],[-72.482502473957766,42.427904547846843],[-72.482466630223257,42.427907108139465]]},"properties":{"OBJECTID":335599,"route_id":"L230916 EB","from_measure":0,"to_measure":0.090442999999999996,"Route_System":"L","Route_Number":"230916","Route_Direction":"EB","Rd_Seg_ID":null,"Facility":1,"Mile_Count":0,"Urban_Area":"0","Urban_Type":5,"F_F_Class":7,"Jurisdictn":"0","NHS":0,"Fd_Aid_Rd":0,"Control":0,"Num_Lanes":0,"Opp_Lanes":0,"Surface_Tp":0,"Surface_Wd":0,"Shldr_Lt_W":0,"Shldr_Lt_T":0,"Shldr_Rt_W":0,"Shldr_Rt_T":0,"Shldr_UL_W":0,"Shldr_UL_T":0,"Med_Width":0,"Med_Type":0,"Curb":0,"Lt_Sidewlk":0,"Rt_Sidewlk":0,"Pd_Sf_Type":null,"Pd_Fc_Type":null,"Cr_Slope":null,"Path_Width":null,"Operation":2,"Speed_Lim":999,"Op_Dir_SL":null,"Speed_Reg":null,"T_Exc_Type":null,"T_Exc_Time":null,"Trk_Permit":null,"Trk_Netwrk":null,"Truck_Rte":null,"ROW_Width":null,"Toll_Road":null,"MHS":null,"City":272,"Mun_Type":2,"County":11,"Hwy_Dist":2,"RPA":"FRCOG","RTA":"FRTA","MPO":5,"St_Name":"SUMNER MOUNTAIN ROAD","City_Maint":272,"Length":0.090442999999999996,"created_user":"RH","created_date":1785555425000,"last_edited_user":"RH","last_edited_date":1785555425000,"Record_ID":"119086.909089.SE.14.230916","GlobalID":"{08F7F6D2-FCEB-4D9D-9C5F-38D65FEEB081}","Local_Priority":1,"Oneway":null,"SHAPE.STLength()":145.55410939571294}},{"type":"Feature","id":335600,"geometry":{"type":"LineString","coordinates":[[-72.482466630223257,42.427907108139465],[-72.481874387938575,42.427456371636275],[-72.481862791112476,42.427436773253554],[-72.481850993870452,42.427417181080529],[-72.48183882354175,42.427397588486677],[-72.481810825537039,42.427355625474362],[-72.481780193690696,42.427314810320688],[-72.481744187406761,42.427276852700494],[-72.481696325606848,42.427239557963787],[-72.48164179607592,42.427206824380633],[-72.481582794945837,42.427179756821673],[-72.481526122029763,42.427161668120846],[-72.481465727037673,42.427148680847012],[-72.481404620187021,42.427139074924163],[-72.481343866088935,42.427133401277871],[-72.481282220508319,42.42713167321471],[-72.481220491375907,42.427130512134376],[-72.481155516258497,42.427128254179905],[-72.481090364186457,42.427127122201171],[-72.481027324447226,42.427133282815703],[-72.480978973592329,42.427143827057485],[-72.480931832250391,42.427158855389891],[-72.480887970702909,42.427177238275618],[-72.480851752204345,42.427198926840639],[-72.480818239683785,42.427223408553608],[-72.480784731079538,42.427248457427062],[-72.480770921472796,42.427269954160039],[-72.480757012301822,42.427291457141337],[-72.480742911120572,42.427312960856057],[-72.480719732627207,42.427348606752197],[-72.480695494307227,42.427383698968718],[-72.480666270269424,42.427415460135109],[-72.480623091873255,42.427447339252431],[-72.480573105842595,42.427474777417622],[-72.480520117055079,42.427498862219437],[-72.480460793037338,42.427517935727728],[-72.480397882644141,42.427532539927768],[-72.480335168008182,42.427547700626917],[-72.480310050175888,42.427550168916341],[-72.480285120822856,42.427553192895807],[-72.480260595385246,42.427557342436558],[-72.48021748156971,42.427568961765459],[-72.480176434015405,42.42758506690528],[-72.480138181076669,42.427603960849574],[-72.48009953542811,42.427628486047062],[-72.480064558314112,42.42765635801608],[-72.480033122823386,42.427686446133364],[-72.480004146550485,42.427722145732616],[-72.479979772958757,42.427760617856499],[-72.479955770873303,42.427798519608615],[-72.479935339207287,42.427827955833614],[-72.479915285204328,42.427856826137983],[-72.479899518692804,42.42788734265114],[-72.479893196068701,42.427908218247296],[-72.47988877267079,42.427929077678243],[-72.47988379046464,42.427950500065606],[-72.479875760579731,42.427977580815671],[-72.479866872743472,42.428004664365332],[-72.479855316070626,42.428030646124242],[-72.479837263694904,42.428060623881116],[-72.479815693319836,42.428090069773084],[-72.479792393094769,42.42811783867446],[-72.479762831507884,42.42815241328163],[-72.479730581409612,42.428185324453537],[-72.479694298204649,42.428214894622911],[-72.479658659818142,42.428237145065921],[-72.479620034704467,42.428256603799092],[-72.479580440679058,42.428274945358716],[-72.479544697540376,42.428290443330873],[-72.479508364616521,42.428304820905204],[-72.479472046473091,42.428319761044321]]},"properties":{"OBJECTID":335600,"route_id":"L230916 EB","from_measure":0.090442999999999996,"to_measure":0.30831219999999998,"Route_System":"L","Route_Number":"230916","Route_Direction":"EB","Rd_Seg_ID":null,"Facility":1,"Mile_Count":0,"Urban_Area":"0","Urban_Type":5,"F_F_Class":7,"Jurisdictn":"0","NHS":0,"Fd_Aid_Rd":0,"Control":0,"Num_Lanes":0,"Opp_Lanes":0,"Surface_Tp":0,"Surface_Wd":0,"Shldr_Lt_W":0,"Shldr_Lt_T":0,"Shldr_Rt_W":0,"Shldr_Rt_T":0,"Shldr_UL_W":0,"Shldr_UL_T":0,"Med_Width":0,"Med_Type":0,"Curb":0,"Lt_Sidewlk":0,"Rt_Sidewlk":0,"Pd_Sf_Type":null,"Pd_Fc_Type":null,"Cr_Slope":null,"Path_Width":null,"Operation":2,"Speed_Lim":999,"Op_Dir_SL":null,"Speed_Reg":null,"T_Exc_Type":null,"T_Exc_Time":null,"Trk_Permit":null,"Trk_Netwrk":null,"Truck_Rte":null,"ROW_Width":0,"Toll_Road":null,"MHS":null,"City":272,"Mun_Type":2,"County":11,"Hwy_Dist":2,"RPA":"FRCOG","RTA":"FRTA","MPO":5,"St_Name":"SUMNER MOUNTAIN ROAD","City_Maint":272,"Length":0.21786920000000001,"created_user":"RH","created_date":1785555425000,"last_edited_user":"RH","last_edited_date":1785555425000,"Record_ID":"119305.909010.NE.35.230916","GlobalID":"{102D41FE-8298-4103-AD12-F8AFF4E67B97}","Local_Priority":1,"Oneway":null,"SHAPE.STLength()":350.62735838712297}},{"type":"Feature","id":335601,"geometry":{"type":"LineString","coordinates":[[-72.400375081922178,42.44567867357874],[-72.400215733654335,42.445852668136453],[-72.399965701807403,42.446080824375393],[-72.399711178284235,42.446300574728028],[-72.399516021531028,42.446487791766778],[-72.39948679844268,42.446529658455852],[-72.39945758331406,42.446572086867974],[-72.399434940091922,42.446616156528485],[-72.399423798219559,42.446647187201187],[-72.399415889124143,42.446678760720758],[-72.399413014578286,42.44671029402047],[-72.399418539787078,42.446745140582863],[-72.399430431707714,42.446779933820032],[-72.399444507872317,42.446814709096465],[-72.399461457258624,42.446851153613053],[-72.399480870971686,42.446887016185983],[-72.399500572231361,42.446923435602081],[-72.399552633158137,42.447018124206203],[-72.399606305287563,42.447112238406639],[-72.399659793540664,42.44720691671116],[-72.399691795599082,42.447260119010522],[-72.399723619830027,42.447313890785502],[-72.399749093301324,42.447368835754411],[-72.399763677235939,42.447412610120892],[-72.39977448124246,42.447457543005811],[-72.399778337916473,42.44750196747443],[-72.399773802726813,42.447543641337688],[-72.399763185616933,42.447584800023122],[-72.399749424475914,42.447625421476801],[-72.399732314866114,42.447664381907472],[-72.399711967607288,42.447702804934799],[-72.399692618994777,42.447742722773555]]},"properties":{"OBJECTID":335601,"route_id":"L230917 NB","from_measure":0,"to_measure":0.16283039999999999,"Route_System":"L","Route_Number":"230917","Route_Direction":"NB","Rd_Seg_ID":null,"Facility":1,"Mile_Count":0,"Urban_Area":"0","Urban_Type":5,"F_F_Class":7,"Jurisdictn":"0","NHS":0,"Fd_Aid_Rd":0,"Control":0,"Num_Lanes":0,"Opp_Lanes":0,"Surface_Tp":0,"Surface_Wd":0,"Shldr_Lt_W":0,"Shldr_Lt_T":0,"Shldr_Rt_W":0,"Shldr_Rt_T":0,"Shldr_UL_W":0,"Shldr_UL_T":0,"Med_Width":0,"Med_Type":0,"Curb":0,"Lt_Sidewlk":0,"Rt_Sidewlk":0,"Pd_Sf_Type":null,"Pd_Fc_Type":null,"Cr_Slope":null,"Path_Width":null,"Operation":2,"Speed_Lim":999,"Op_Dir_SL":null,"Speed_Reg":null,"T_Exc_Type":null,"T_Exc_Time":null,"Trk_Permit":null,"Trk_Netwrk":null,"Truck_Rte":null,"ROW_Width":0,"Toll_Road":null,"MHS":null,"City":272,"Mun_Type":2,"County":11,"Hwy_Dist":2,"RPA":"FRCOG","RTA":"FRTA","MPO":5,"St_Name":"TOWN FARM ROAD","City_Maint":272,"Length":0.16283039999999999,"created_user":"RH","created_date":1785555425000,"last_edited_user":"RH","last_edited_date":1785555425000,"Record_ID":"126007.911089.NE.26.230917","GlobalID":"{9F512319-9589-48EB-B335-BB87C55E31E4}","Local_Priority":1,"Oneway":null,"SHAPE.STLength()":262.0506851564175}},{"type":"Feature","id":335602,"geometry":{"type":"LineString","coordinates":[[-72.409169141352095,42.504766909609451],[-72.409166560370849,42.504779307256847],[-72.409164763146535,42.504806328557862],[-72.409164780744376,42.504833901832107],[-72.409178174068131,42.504912573131904],[-72.409206964079985,42.504990560303398],[-72.409235738705576,42.505067981300876],[-72.409282955522471,42.505224600034687],[-72.409330171701825,42.505380651562035],[-72.409378806763172,42.505536696373547],[-72.409419139982788,42.505657355645361],[-72.409460138839563,42.505778008748479],[-72.409498580086762,42.505899244699449],[-72.409530837413755,42.506013780798227],[-72.409560730462843,42.506128893724686],[-72.409588056580475,42.506244031396875],[-72.409609209101419,42.506353022829025],[-72.409628088666381,42.506462599377684],[-72.409650471763499,42.506571018400905],[-72.409664385601758,42.506626051806904],[-72.409679144236136,42.506680516758593],[-72.409694089042929,42.506734980238662]]},"properties":{"OBJECTID":335602,"route_id":"L230918 NB","from_measure":0,"to_measure":0.13872309999999999,"Route_System":"L","Route_Number":"230918","Route_Direction":"NB","Rd_Seg_ID":null,"Facility":1,"Mile_Count":0,"Urban_Area":"0","Urban_Type":5,"F_F_Class":7,"Jurisdictn":"0","NHS":0,"Fd_Aid_Rd":0,"Control":0,"Num_Lanes":0,"Opp_Lanes":0,"Surface_Tp":0,"Surface_Wd":0,"Shldr_Lt_W":0,"Shldr_Lt_T":0,"Shldr_Rt_W":0,"Shldr_Rt_T":0,"Shldr_UL_W":0,"Shldr_UL_T":0,"Med_Width":0,"Med_Type":0,"Curb":0,"Lt_Sidewlk":0,"Rt_Sidewlk":0,"Pd_Sf_Type":null,"Pd_Fc_Type":null,"Cr_Slope":null,"Path_Width":null,"Operation":2,"Speed_Lim":999,"Op_Dir_SL":null,"Speed_Reg":null,"T_Exc_Type":null,"T_Exc_Time":null,"Trk_Permit":null,"Trk_Netwrk":null,"Truck_Rte":null,"ROW_Width":null,"Toll_Road":null,"MHS":null,"City":272,"Mun_Type":2,"County":11,"Hwy_Dist":2,"RPA":"FRCOG","RTA":"FRTA","MPO":5,"St_Name":"MOUNT MINERAL ROAD","City_Maint":272,"Length":0.13872309999999999,"created_user":"RH","created_date":1785555425000,"last_edited_user":"RH","last_edited_date":1785555425000,"Record_ID":"125254.917642.NW.22.230918","GlobalID":"{D1936918-F694-4794-BB94-E0E3785162D0}","Local_Priority":1,"Oneway":null,"SHAPE.STLength()":223.25368774509096}},{"type":"Feature","id":335603,"geometry":{"type":"LineString","coordinates":[[-72.409694089042929,42.506734980238662],[-72.409712062579871,42.506748344657964],[-72.409734102914982,42.506767300236213],[-72.409756474644581,42.506795822453185],[-72.409774406411103,42.506826628648867],[-72.409790251589413,42.50685744770837],[-72.40980868630291,42.506902881557906],[-72.409823239089377,42.50694946961324],[-72.409840715131679,42.506994911023263],[-72.409848181549748,42.50701112856423]]},"properties":{"OBJECTID":335603,"route_id":"L230918 NB","from_measure":0.13872309999999999,"to_measure":0.15963569999999999,"Route_System":"L","Route_Number":"230918","Route_Direction":"NB","Rd_Seg_ID":null,"Facility":1,"Mile_Count":0,"Urban_Area":"0","Urban_Type":5,"F_F_Class":7,"Jurisdictn":"0","NHS":0,"Fd_Aid_Rd":0,"Control":0,"Num_Lanes":0,"Opp_Lanes":0,"Surface_Tp":0,"Surface_Wd":0,"Shldr_Lt_W":0,"Shldr_Lt_T":0,"Shldr_Rt_W":0,"Shldr_Rt_T":0,"Shldr_UL_W":0,"Shldr_UL_T":0,"Med_Width":0,"Med_Type":0,"Curb":0,"Lt_Sidewlk":0,"Rt_Sidewlk":0,"Pd_Sf_Type":null,"Pd_Fc_Type":null,"Cr_Slope":null,"Path_Width":null,"Operation":2,"Speed_Lim":999,"Op_Dir_SL":null,"Speed_Reg":null,"T_Exc_Type":null,"T_Exc_Time":null,"Trk_Permit":null,"Trk_Netwrk":null,"Truck_Rte":null,"ROW_Width":null,"Toll_Road":null,"MHS":null,"City":272,"Mun_Type":2,"County":11,"Hwy_Dist":2,"RPA":"FRCOG","RTA":"FRTA","MPO":5,"St_Name":"MOUNT MINERAL ROAD","City_Maint":272,"Length":0.0209126,"created_user":"RH","created_date":1785555425000,"last_edited_user":"RH","last_edited_date":1785555425000,"Record_ID":"125227.917767.NW.33.230918","GlobalID":"{72CFBF3C-4E28-4493-B523-3EE7E50E9AB4}","Local_Priority":1,"Oneway":null,"SHAPE.STLength()":33.655557757921052}},{"type":"Feature","id":335604,"geometry":{"type":"LineString","coordinates":[[-72.425381852226536,42.499383266331101],[-72.425367654673323,42.499728104535222],[-72.425343145176598,42.499974731577609]]},"properties":{"OBJECTID":335604,"route_id":"L230919 NB","from_measure":0,"to_measure":0.040881199999999999,"Route_System":"L","Route_Number":"230919","Route_Direction":"NB","Rd_Seg_ID":null,"Facility":1,"Mile_Count":0,"Urban_Area":"0","Urban_Type":5,"F_F_Class":7,"Jurisdictn":"0","NHS":0,"Fd_Aid_Rd":0,"Control":0,"Num_Lanes":0,"Opp_Lanes":0,"Surface_Tp":0,"Surface_Wd":0,"Shldr_Lt_W":0,"Shldr_Lt_T":0,"Shldr_Rt_W":0,"Shldr_Rt_T":0,"Shldr_UL_W":0,"Shldr_UL_T":0,"Med_Width":0,"Med_Type":0,"Curb":0,"Lt_Sidewlk":0,"Rt_Sidewlk":0,"Pd_Sf_Type":null,"Pd_Fc_Type":null,"Cr_Slope":null,"Path_Width":null,"Operation":2,"Speed_Lim":999,"Op_Dir_SL":null,"Speed_Reg":null,"T_Exc_Type":null,"T_Exc_Time":null,"Trk_Permit":null,"Trk_Netwrk":null,"Truck_Rte":null,"ROW_Width":0,"Toll_Road":null,"MHS":null,"City":272,"Mun_Type":2,"County":11,"Hwy_Dist":2,"RPA":"FRCOG","RTA":"FRTA","MPO":5,"St_Name":"NORTH LAUREL DRIVE EXTENSION","City_Maint":272,"Length":0.040881199999999999,"created_user":"RH","created_date":1785555425000,"last_edited_user":"RH","last_edited_date":1785555425000,"Record_ID":"123938.916983.NE.65.230919","GlobalID":"{E1485E12-8A5C-42D4-B179-2A4070A29F30}","Local_Priority":1,"Oneway":null,"SHAPE.STLength()":65.792031731412962}},{"type":"Feature","id":335605,"geometry":{"type":"LineString","coordinates":[[-72.43828746097104,42.503665663677786],[-72.438312968368805,42.503667945379888],[-72.438364666656554,42.503673715008468],[-72.438404748260396,42.503677892020697],[-72.438444650814745,42.503682628663398],[-72.438483727986096,42.503689626366416],[-72.438511010519974,42.503696156498393],[-72.438537840042571,42.503704378377108],[-72.438563265322458,42.503713736159575],[-72.438593907080772,42.503728680144015],[-72.438622404515513,42.503746456823038],[-72.438649112005919,42.503765368945565],[-72.438664509380885,42.503778187193248],[-72.438673277674411,42.503785993426533],[-72.438695739923446,42.503807189960888],[-72.438717450242947,42.503828958903711],[-72.438742443234673,42.503854075437729],[-72.438766498110098,42.50387976229463],[-72.438789786621697,42.503905459889417],[-72.438810096260497,42.503928927386568],[-72.438829651575745,42.503952397422616],[-72.438848069368476,42.503976447511036],[-72.43886362576842,42.5039999492109],[-72.438878056754689,42.504024027264805],[-72.43889238805852,42.504048110630293],[-72.438932156050299,42.504127121244615],[-72.43896616617738,42.504215186259017],[-72.439003414427972,42.504329111241347],[-72.43901936908982,42.5044178860039],[-72.439033060663988,42.504545504680429],[-72.439033991649964,42.504672102827115],[-72.439020522406352,42.504833703138175],[-72.439019049067781,42.505060476637084],[-72.439019298134809,42.505307495561368],[-72.439034906298019,42.50551950449784],[-72.43903906159774,42.505715846053491],[-72.439031298466475,42.505890343459328],[-72.439020895717277,42.506034476310525],[-72.439001300165572,42.506116786567887],[-72.438999702073502,42.506124115428662],[-72.438996887862331,42.506209667813309],[-72.43899077476803,42.50629749781897],[-72.438995363124349,42.50639480454501],[-72.439004767420727,42.506471250787961],[-72.439018792901308,42.506570172300712],[-72.439021726355548,42.506678182667976],[-72.439035133222944,42.506812556744151],[-72.439041016159322,42.506881720321232],[-72.439041359951872,42.506968935027892],[-72.439037072453758,42.507025800518868],[-72.439028146706889,42.507102958750188],[-72.439021106959331,42.507179543429842],[-72.439021227197387,42.507232436898839],[-72.439032023035693,42.507306060150412],[-72.439042541718933,42.5073740578799],[-72.439052049633759,42.507431940864208],[-72.439069947263931,42.507490875476627],[-72.439090227701939,42.507557105614445],[-72.439099035915959,42.507605986788114],[-72.439096038491485,42.507666221489373],[-72.43908307979261,42.507728223599663],[-72.439079353032994,42.507752449528461],[-72.439066097092649,42.507839207811735],[-72.439054668586223,42.507959153376476],[-72.43905239318849,42.507997998258453],[-72.439041859064048,42.508107809054167],[-72.439037177507529,42.508201817819277],[-72.439043295634974,42.508293483357726],[-72.439056746178863,42.508354145849651],[-72.439089087223124,42.508432096868368],[-72.439124519330477,42.508526336133187],[-72.4391657850408,42.508603652635657],[-72.439192532633228,42.5087272286817],[-72.439192217507454,42.508750859623539],[-72.439191908531939,42.508774495016638],[-72.439191687157262,42.508798129695847],[-72.439192063599705,42.508829637129615],[-72.439192912129116,42.508861141617274],[-72.439193093903143,42.508892650636504],[-72.439192506542341,42.508929794597229],[-72.439191057843857,42.508966378385928],[-72.439188663702055,42.509003537065766],[-72.439184760565354,42.509041832513589],[-72.439179808782683,42.509079573816585],[-72.439174484476808,42.50911787633985],[-72.439166347032156,42.509171399743728],[-72.439157450358849,42.509224929331353],[-72.439149019582942,42.509278449720092],[-72.439142580021723,42.509324643450647],[-72.43913662090101,42.509371395953721],[-72.439130654628727,42.509417586726961],[-72.439124975827923,42.509457583795282],[-72.439119476018291,42.509497016717305],[-72.439115318073931,42.509537001394754],[-72.439113776348933,42.509580339082831],[-72.439113854047164,42.50962366357809],[-72.439113553261578,42.509667557444644],[-72.439112068188507,42.509727212603345],[-72.439109815441114,42.509786878516223],[-72.43910413531566,42.509846005159254],[-72.439094434988078,42.509896728741424],[-72.439082262247823,42.509947468860972],[-72.439071121385368,42.509997636985183],[-72.439062772839421,42.510043284464622],[-72.439055457343528,42.510088356339033],[-72.43904986217116,42.510133980487645],[-72.439048137402992,42.510175079712837],[-72.439047708805873,42.51018528359932]]},"properties":{"OBJECTID":335605,"route_id":"L230920 NB","from_measure":0,"to_measure":0.4702559,"Route_System":"L","Route_Number":"230920","Route_Direction":"NB","Rd_Seg_ID":null,"Facility":1,"Mile_Count":0,"Urban_Area":"0","Urban_Type":5,"F_F_Class":7,"Jurisdictn":"0","NHS":0,"Fd_Aid_Rd":0,"Control":0,"Num_Lanes":0,"Opp_Lanes":0,"Surface_Tp":0,"Surface_Wd":0,"Shldr_Lt_W":0,"Shldr_Lt_T":0,"Shldr_Rt_W":0,"Shldr_Rt_T":0,"Shldr_UL_W":0,"Shldr_UL_T":0,"Med_Width":0,"Med_Type":0,"Curb":0,"Lt_Sidewlk":0,"Rt_Sidewlk":0,"Pd_Sf_Type":null,"Pd_Fc_Type":null,"Cr_Slope":null,"Path_Width":null,"Operation":2,"Speed_Lim":999,"Op_Dir_SL":null,"Speed_Reg":null,"T_Exc_Type":null,"T_Exc_Time":null,"Trk_Permit":null,"Trk_Netwrk":null,"Truck_Rte":null,"ROW_Width":null,"Toll_Road":null,"MHS":null,"City":272,"Mun_Type":2,"County":11,"Hwy_Dist":2,"RPA":"FRCOG","RTA":"FRTA","MPO":5,"St_Name":"OLD EGYPT ROAD","City_Maint":272,"Length":0.4702559,"created_user":"RH","created_date":1785555425000,"last_edited_user":"RH","last_edited_date":1785555425000,"Record_ID":"122824.917800.NW.75.230920","GlobalID":"{9C64B279-EAFD-4C71-A1EA-F3EE8692A63B}","Local_Priority":1,"Oneway":null,"SHAPE.STLength()":756.80495050435286}},{"type":"Feature","id":335607,"geometry":{"type":"LineString","coordinates":[[-72.420544802752858,42.482180337966049],[-72.420726631574396,42.482118679193974],[-72.420845111734707,42.482085097308804],[-72.421048391040102,42.482040709098193],[-72.421164465262052,42.482011644933145],[-72.421258601531861,42.481970378660883],[-72.421340254892584,42.481913456793649],[-72.421424077634327,42.481836258869656],[-72.42150796920734,42.481750624478522],[-72.421571705251523,42.481696658277265],[-72.421656163119422,42.481649841272365],[-72.421758088117073,42.481615265467298],[-72.421878959967245,42.481588978345016],[-72.422065674314666,42.481562726031179],[-72.42217668806488,42.481538204649418],[-72.422200538889427,42.481532317542261]]},"properties":{"OBJECTID":335607,"route_id":"L230921 EB","from_measure":0,"to_measure":0.098660700000000004,"Route_System":"L","Route_Number":"230921","Route_Direction":"EB","Rd_Seg_ID":null,"Facility":1,"Mile_Count":0,"Urban_Area":"0","Urban_Type":5,"F_F_Class":7,"Jurisdictn":"0","NHS":0,"Fd_Aid_Rd":0,"Control":0,"Num_Lanes":0,"Opp_Lanes":0,"Surface_Tp":0,"Surface_Wd":0,"Shldr_Lt_W":0,"Shldr_Lt_T":0,"Shldr_Rt_W":0,"Shldr_Rt_T":0,"Shldr_UL_W":0,"Shldr_UL_T":0,"Med_Width":0,"Med_Type":0,"Curb":0,"Lt_Sidewlk":0,"Rt_Sidewlk":0,"Pd_Sf_Type":null,"Pd_Fc_Type":null,"Cr_Slope":null,"Path_Width":null,"Operation":2,"Speed_Lim":999,"Op_Dir_SL":null,"Speed_Reg":null,"T_Exc_Type":null,"T_Exc_Time":null,"Trk_Permit":null,"Trk_Netwrk":null,"Truck_Rte":null,"ROW_Width":0,"Toll_Road":null,"MHS":null,"City":272,"Mun_Type":2,"County":11,"Hwy_Dist":2,"RPA":"FRCOG","RTA":"FRTA","MPO":5,"St_Name":"OLD ORCHARD ROAD","City_Maint":272,"Length":0.098660700000000004,"created_user":"RH","created_date":1785555425000,"last_edited_user":"RH","last_edited_date":1785555425000,"Record_ID":"124244.915001.SW.15.230921","GlobalID":"{BB0D07FC-5892-4F0E-BFF1-064E5DD95BB6}","Local_Priority":1,"Oneway":null,"SHAPE.STLength()":158.77930361757578}},{"type":"Feature","id":335608,"geometry":{"type":"LineString","coordinates":[[-72.422200538889427,42.481532317542261],[-72.422261517234702,42.481517266178102]]},"properties":{"OBJECTID":335608,"route_id":"L230921 EB","from_measure":0.098660700000000004,"to_measure":0.1019447,"Route_System":"L","Route_Number":"230921","Route_Direction":"EB","Rd_Seg_ID":null,"Facility":1,"Mile_Count":0,"Urban_Area":"0","Urban_Type":5,"F_F_Class":7,"Jurisdictn":"0","NHS":0,"Fd_Aid_Rd":0,"Control":0,"Num_Lanes":2,"Opp_Lanes":0,"Surface_Tp":null,"Surface_Wd":null,"Shldr_Lt_W":null,"Shldr_Lt_T":null,"Shldr_Rt_W":null,"Shldr_Rt_T":null,"Shldr_UL_W":null,"Shldr_UL_T":null,"Med_Width":0,"Med_Type":0,"Curb":null,"Lt_Sidewlk":null,"Rt_Sidewlk":null,"Pd_Sf_Type":null,"Pd_Fc_Type":null,"Cr_Slope":null,"Path_Width":null,"Operation":2,"Speed_Lim":null,"Op_Dir_SL":null,"Speed_Reg":null,"T_Exc_Type":null,"T_Exc_Time":null,"Trk_Permit":null,"Trk_Netwrk":null,"Truck_Rte":null,"ROW_Width":null,"Toll_Road":null,"MHS":null,"City":272,"Mun_Type":2,"County":11,"Hwy_Dist":2,"RPA":"FRCOG","RTA":"FRTA","MPO":5,"St_Name":"OLD ORCHARD ROAD","City_Maint":272,"Length":0.003284,"created_user":"RH","created_date":1785555425000,"last_edited_user":"RH","last_edited_date":1785555425000,"Record_ID":"124175.914963.SW.52.230921","GlobalID":"{49B1D1B5-85EB-40DB-A1F5-C61BA0630C37}","Local_Priority":1,"Oneway":null,"SHAPE.STLength()":5.2851321658024792}},{"type":"Feature","id":335609,"geometry":{"type":"LineString","coordinates":[[-72.422261517234702,42.481517266178102],[-72.422313735911331,42.48145551857376],[-72.422399373724446,42.481327102363338],[-72.422513453289014,42.481168071298882],[-72.422585481816398,42.481051015897279],[-72.422625000308329,42.481011311150098],[-72.422686771132859,42.480965804001819],[-72.422741246087355,42.480941734781737],[-72.422813646534181,42.480934963583273],[-72.422830699620633,42.480937424390198],[-72.422869068141452,42.480942960078494],[-72.422999591937298,42.480985807190109],[-72.423054572623954,42.481009562462162],[-72.423094749743058,42.481053690457379],[-72.42310700143895,42.48109860934764]]},"properties":{"OBJECTID":335609,"route_id":"L230921 EB","from_measure":0.1019447,"to_measure":0.17325740000000001,"Route_System":"L","Route_Number":"230921","Route_Direction":"EB","Rd_Seg_ID":null,"Facility":1,"Mile_Count":0,"Urban_Area":"0","Urban_Type":5,"F_F_Class":7,"Jurisdictn":"0","NHS":0,"Fd_Aid_Rd":0,"Control":0,"Num_Lanes":2,"Opp_Lanes":0,"Surface_Tp":null,"Surface_Wd":null,"Shldr_Lt_W":null,"Shldr_Lt_T":null,"Shldr_Rt_W":null,"Shldr_Rt_T":null,"Shldr_UL_W":null,"Shldr_UL_T":null,"Med_Width":0,"Med_Type":0,"Curb":null,"Lt_Sidewlk":null,"Rt_Sidewlk":null,"Pd_Sf_Type":null,"Pd_Fc_Type":null,"Cr_Slope":null,"Path_Width":null,"Operation":2,"Speed_Lim":null,"Op_Dir_SL":null,"Speed_Reg":null,"T_Exc_Type":null,"T_Exc_Time":null,"Trk_Permit":null,"Trk_Netwrk":null,"Truck_Rte":null,"ROW_Width":null,"Toll_Road":null,"MHS":null,"City":272,"Mun_Type":2,"County":11,"Hwy_Dist":2,"RPA":"FRCOG","RTA":"FRTA","MPO":5,"St_Name":"OLD ORCHARD ROAD","City_Maint":272,"Length":0.071312700000000007,"created_user":"RH","created_date":1785555425000,"last_edited_user":"RH","last_edited_date":1785555425000,"Record_ID":"124151.914924.SW.11.230921","GlobalID":"{854B1A01-6D5B-42C4-A965-978411580CD5}","Local_Priority":1,"Oneway":null,"SHAPE.STLength()":114.76693585254301}},{"type":"Feature","id":335610,"geometry":{"type":"LineString","coordinates":[[-72.42310700143895,42.48109860934764],[-72.423111143951559,42.481148092023176],[-72.423098394248271,42.481211778185092],[-72.423016564984948,42.481405998304481],[-72.422971865273809,42.481556620803083],[-72.42295145181437,42.481625409131262],[-72.422929006417803,42.481682420638897],[-72.422875684723223,42.481740241224209],[-72.422801410363647,42.481768406092371],[-72.422728673835792,42.481771804723373],[-72.422611408206649,42.481745731858886],[-72.422488900223669,42.481679191640787],[-72.422377811520661,42.481606932081881],[-72.422261517234702,42.481517266178102]]},"properties":{"OBJECTID":335610,"route_id":"L230921 EB","from_measure":0.17325740000000001,"to_measure":0.25774170000000002,"Route_System":"L","Route_Number":"230921","Route_Direction":"EB","Rd_Seg_ID":null,"Facility":1,"Mile_Count":0,"Urban_Area":"0","Urban_Type":5,"F_F_Class":7,"Jurisdictn":"0","NHS":0,"Fd_Aid_Rd":0,"Control":0,"Num_Lanes":2,"Opp_Lanes":0,"Surface_Tp":null,"Surface_Wd":null,"Shldr_Lt_W":null,"Shldr_Lt_T":null,"Shldr_Rt_W":null,"Shldr_Rt_T":null,"Shldr_UL_W":null,"Shldr_UL_T":null,"Med_Width":0,"Med_Type":0,"Curb":null,"Lt_Sidewlk":null,"Rt_Sidewlk":null,"Pd_Sf_Type":null,"Pd_Fc_Type":null,"Cr_Slope":null,"Path_Width":null,"Operation":2,"Speed_Lim":null,"Op_Dir_SL":null,"Speed_Reg":null,"T_Exc_Type":null,"T_Exc_Time":null,"Trk_Permit":null,"Trk_Netwrk":null,"Truck_Rte":null,"ROW_Width":null,"Toll_Road":null,"MHS":null,"City":272,"Mun_Type":2,"County":11,"Hwy_Dist":2,"RPA":"FRCOG","RTA":"FRTA","MPO":5,"St_Name":"OLD ORCHARD ROAD","City_Maint":272,"Length":0.084484299999999998,"created_user":"RH","created_date":1785555425000,"last_edited_user":"RH","last_edited_date":1785555425000,"Record_ID":"124112.914960.NE.13.230921","GlobalID":"{0030FFFB-604F-4C0B-8E20-AC81DE56882B}","Local_Priority":1,"Oneway":null,"SHAPE.STLength()":135.96462572357521}},{"type":"Feature","id":335616,"geometry":{"type":"LineString","coordinates":[[-72.420478137143888,42.492559113270687],[-72.420449980778145,42.492596477395189],[-72.420400468709971,42.492642452392538],[-72.420344640534964,42.492685098073238],[-72.420292537107215,42.492729402048724],[-72.420261866676285,42.492763974557178],[-72.420233018844172,42.492799651579062],[-72.420203116718909,42.492834776123104],[-72.420169354983258,42.492872184029103],[-72.420134338557219,42.492908478365294],[-72.420097489894843,42.49294309565105],[-72.420034745377905,42.492993674029712],[-72.419967184915222,42.49304035469676],[-72.419900013279673,42.493087594907813],[-72.419783049856122,42.493174620655736],[-72.419666760821173,42.493262199085926],[-72.419551154489014,42.493350900925165],[-72.419442086427523,42.493432235534264],[-72.419333698930316,42.493514126395567],[-72.419230298917981,42.493599357102923],[-72.419177008498494,42.493647047949125],[-72.419125264285299,42.493696414503553],[-72.419075999885322,42.493746323046246],[-72.419030751031102,42.493797891212459],[-72.418987994668427,42.493851122148286],[-72.418945328636397,42.493903794159962]]},"properties":{"OBJECTID":335616,"route_id":"L230923 NB","from_measure":0,"to_measure":0.1219582,"Route_System":"L","Route_Number":"230923","Route_Direction":"NB","Rd_Seg_ID":null,"Facility":1,"Mile_Count":0,"Urban_Area":"0","Urban_Type":5,"F_F_Class":7,"Jurisdictn":"0","NHS":0,"Fd_Aid_Rd":0,"Control":0,"Num_Lanes":0,"Opp_Lanes":0,"Surface_Tp":0,"Surface_Wd":0,"Shldr_Lt_W":0,"Shldr_Lt_T":0,"Shldr_Rt_W":0,"Shldr_Rt_T":0,"Shldr_UL_W":0,"Shldr_UL_T":0,"Med_Width":0,"Med_Type":0,"Curb":0,"Lt_Sidewlk":0,"Rt_Sidewlk":0,"Pd_Sf_Type":null,"Pd_Fc_Type":null,"Cr_Slope":null,"Path_Width":null,"Operation":2,"Speed_Lim":999,"Op_Dir_SL":null,"Speed_Reg":null,"T_Exc_Type":null,"T_Exc_Time":null,"Trk_Permit":null,"Trk_Netwrk":null,"Truck_Rte":null,"ROW_Width":0,"Toll_Road":null,"MHS":null,"City":272,"Mun_Type":2,"County":11,"Hwy_Dist":2,"RPA":"FRCOG","RTA":"FRTA","MPO":5,"St_Name":"AMES HAVEN ROAD","City_Maint":272,"Length":0.1219582,"created_user":"RH","created_date":1785555425000,"last_edited_user":"RH","last_edited_date":1785555425000,"Record_ID":"124396.916261.NE.19.230923","GlobalID":"{98D4381D-3110-4819-AA99-B511E2A5DF0B}","Local_Priority":1,"Oneway":null,"SHAPE.STLength()":196.27310426608437}},{"type":"Feature","id":335617,"geometry":{"type":"LineString","coordinates":[[-72.424903327897809,42.497626709297187],[-72.424841406508364,42.497714423736845],[-72.424779477919827,42.497801575509435],[-72.42472624069714,42.497891469154908],[-72.424694217005268,42.497956996996209],[-72.42466668486405,42.498024175957703],[-72.42464857164758,42.498091846539531],[-72.424643341427753,42.49813071487511],[-72.42464145258495,42.498170118192533],[-72.424642215667063,42.498209500235205],[-72.424652684375658,42.498275249854437],[-72.424671612528584,42.4983409316064],[-72.424691956981164,42.498406039303966],[-72.42470636132839,42.498448687132331],[-72.424721158400473,42.498491898096987],[-72.424732245129263,42.498535133425577],[-72.424736807252202,42.498567170040516],[-72.424739076299971,42.49859922505248],[-72.424739645915537,42.498631293698686],[-72.424739299027365,42.498659433582688],[-72.424737719483559,42.498688140642244],[-72.424732324432171,42.498715758339038],[-72.424723486241902,42.498741711093736],[-72.424711684026661,42.498766564051863],[-72.42469673406697,42.498790316885817],[-72.424677590847807,42.498814103357866],[-72.424655212303108,42.498836791305557],[-72.424630413974484,42.498857245207496],[-72.424597662632124,42.498879453665964],[-72.424561458762327,42.498899440857947],[-72.424523205465718,42.498916065648373],[-72.424478639863011,42.498929924014327],[-72.424431458099306,42.498940434420071],[-72.424384849209943,42.498950934810161],[-72.424297118994772,42.498976959320437],[-72.424210560327978,42.499005226921504],[-72.424124583954949,42.499034048874847],[-72.424028215187676,42.499067456480638],[-72.423932521208386,42.499101422183898],[-72.423836631536915,42.499134825786903],[-72.423754817087413,42.499162493228098],[-72.423672910059508,42.499190157751116],[-72.423591979001614,42.499219505159118],[-72.423541046085447,42.499240167333276],[-72.423490516513368,42.499261956130098],[-72.423438512656702,42.499280939675494],[-72.423390315029323,42.499293144952446],[-72.423341124587523,42.499303103809943],[-72.423292632750204,42.499314744213237],[-72.423258568030974,42.499325148160487]]},"properties":{"OBJECTID":335617,"route_id":"L230925 NB","from_measure":0,"to_measure":0.1671146,"Route_System":"L","Route_Number":"230925","Route_Direction":"NB","Rd_Seg_ID":null,"Facility":1,"Mile_Count":0,"Urban_Area":"0","Urban_Type":5,"F_F_Class":7,"Jurisdictn":"0","NHS":0,"Fd_Aid_Rd":0,"Control":0,"Num_Lanes":0,"Opp_Lanes":0,"Surface_Tp":0,"Surface_Wd":0,"Shldr_Lt_W":0,"Shldr_Lt_T":0,"Shldr_Rt_W":0,"Shldr_Rt_T":0,"Shldr_UL_W":0,"Shldr_UL_T":0,"Med_Width":0,"Med_Type":0,"Curb":0,"Lt_Sidewlk":0,"Rt_Sidewlk":0,"Pd_Sf_Type":null,"Pd_Fc_Type":null,"Cr_Slope":null,"Path_Width":null,"Operation":2,"Speed_Lim":999,"Op_Dir_SL":null,"Speed_Reg":null,"T_Exc_Type":null,"T_Exc_Time":null,"Trk_Permit":null,"Trk_Netwrk":null,"Truck_Rte":null,"ROW_Width":0,"Toll_Road":null,"MHS":null,"City":272,"Mun_Type":2,"County":11,"Hwy_Dist":2,"RPA":"FRCOG","RTA":"FRTA","MPO":5,"St_Name":"SOUTH LAUREL DRIVE","City_Maint":272,"Length":0.1671146,"created_user":"RH","created_date":1785555425000,"last_edited_user":"RH","last_edited_date":1785555425000,"Record_ID":"123993.916837.NE.26.230925","GlobalID":"{B3CCD025-3814-452E-A015-647285DB80D6}","Local_Priority":1,"Oneway":null,"SHAPE.STLength()":268.94549028194342}},{"type":"Feature","id":335618,"geometry":{"type":"LineString","coordinates":[[-72.432739485814849,42.504370273630983],[-72.432384208982654,42.504481872634273],[-72.432328225012,42.504501455031772],[-72.432272334764633,42.504521042045525],[-72.432099116775973,42.504577586223348],[-72.431779120601888,42.504692374108188]]},"properties":{"OBJECTID":335618,"route_id":"L230926 EB","from_measure":0,"to_measure":0.053863599999999998,"Route_System":"L","Route_Number":"230926","Route_Direction":"EB","Rd_Seg_ID":null,"Facility":1,"Mile_Count":0,"Urban_Area":"0","Urban_Type":5,"F_F_Class":7,"Jurisdictn":"0","NHS":0,"Fd_Aid_Rd":0,"Control":0,"Num_Lanes":0,"Opp_Lanes":0,"Surface_Tp":0,"Surface_Wd":0,"Shldr_Lt_W":0,"Shldr_Lt_T":0,"Shldr_Rt_W":0,"Shldr_Rt_T":0,"Shldr_UL_W":0,"Shldr_UL_T":0,"Med_Width":0,"Med_Type":0,"Curb":null,"Lt_Sidewlk":0,"Rt_Sidewlk":0,"Pd_Sf_Type":null,"Pd_Fc_Type":null,"Cr_Slope":null,"Path_Width":null,"Operation":2,"Speed_Lim":null,"Op_Dir_SL":null,"Speed_Reg":null,"T_Exc_Type":null,"T_Exc_Time":null,"Trk_Permit":null,"Trk_Netwrk":null,"Truck_Rte":null,"ROW_Width":null,"Toll_Road":null,"MHS":null,"City":272,"Mun_Type":2,"County":11,"Hwy_Dist":2,"RPA":"FRCOG","RTA":"FRTA","MPO":5,"St_Name":"WYOLA DRIVE","City_Maint":272,"Length":0.053863599999999998,"created_user":"RH","created_date":1785555425000,"last_edited_user":"RH","last_edited_date":1785555425000,"Record_ID":"123378.917527.NE.86.230926","GlobalID":"{550627E7-F730-48E3-8CB5-00084AAB2751}","Local_Priority":1,"Oneway":null,"SHAPE.STLength()":86.685263956093834}},{"type":"Feature","id":335619,"geometry":{"type":"LineString","coordinates":[[-72.431779120601888,42.504692374108188],[-72.431639276413591,42.504772686723491]]},"properties":{"OBJECTID":335619,"route_id":"L230926 EB","from_measure":0.053863599999999998,"to_measure":0.062904500000000002,"Route_System":"L","Route_Number":"230926","Route_Direction":"EB","Rd_Seg_ID":null,"Facility":1,"Mile_Count":0,"Urban_Area":"0","Urban_Type":5,"F_F_Class":7,"Jurisdictn":"0","NHS":0,"Fd_Aid_Rd":0,"Control":0,"Num_Lanes":0,"Opp_Lanes":0,"Surface_Tp":0,"Surface_Wd":0,"Shldr_Lt_W":0,"Shldr_Lt_T":0,"Shldr_Rt_W":0,"Shldr_Rt_T":0,"Shldr_UL_W":0,"Shldr_UL_T":0,"Med_Width":0,"Med_Type":0,"Curb":null,"Lt_Sidewlk":0,"Rt_Sidewlk":0,"Pd_Sf_Type":null,"Pd_Fc_Type":null,"Cr_Slope":null,"Path_Width":null,"Operation":2,"Speed_Lim":null,"Op_Dir_SL":null,"Speed_Reg":null,"T_Exc_Type":null,"T_Exc_Time":null,"Trk_Permit":null,"Trk_Netwrk":null,"Truck_Rte":null,"ROW_Width":null,"Toll_Road":null,"MHS":null,"City":272,"Mun_Type":2,"County":11,"Hwy_Dist":2,"RPA":"FRCOG","RTA":"FRTA","MPO":5,"St_Name":"WYOLA DRIVE","City_Maint":272,"Length":0.0090408999999999993,"created_user":"RH","created_date":1785555425000,"last_edited_user":"RH","last_edited_date":1785555425000,"Record_ID":"123423.917550.NE.14.230926","GlobalID":"{B800BAFB-CC48-404A-B27A-12E5866972A4}","Local_Priority":1,"Oneway":null,"SHAPE.STLength()":14.549849157293695}},{"type":"Feature","id":335620,"geometry":{"type":"LineString","coordinates":[[-72.428240206308672,42.504544016997201],[-72.428223265377866,42.504620113507379],[-72.428206316210719,42.504695652794005],[-72.428179153544093,42.504768458178916],[-72.428158037691048,42.50480632465262],[-72.428134051181658,42.504843094262611],[-72.428108444311079,42.504879310624801],[-72.428088901761527,42.504908166821743],[-72.428068404398275,42.504936468014961],[-72.428043399433548,42.504961989357014],[-72.428023858996255,42.504977340129699],[-72.428002386018278,42.504991013893559],[-72.427979462436838,42.505003017571354],[-72.427953559070914,42.505012790881693],[-72.427926119617752,42.505021452077123],[-72.427898565067139,42.505028988817919],[-72.427865442304963,42.505038820221195],[-72.427832109561166,42.505047528830772],[-72.42779868652066,42.505056799944349],[-72.427759874425661,42.505067806984719],[-72.427721147646196,42.505078245236177],[-72.427681845655428,42.5050881263167],[-72.427604384369644,42.505101693283528],[-72.427525626629588,42.505111330018472],[-72.427446773956532,42.505120966562892]]},"properties":{"OBJECTID":335620,"route_id":"L230927 NB","from_measure":0,"to_measure":0.063775600000000002,"Route_System":"L","Route_Number":"230927","Route_Direction":"NB","Rd_Seg_ID":null,"Facility":1,"Mile_Count":0,"Urban_Area":"0","Urban_Type":5,"F_F_Class":7,"Jurisdictn":"0","NHS":0,"Fd_Aid_Rd":0,"Control":0,"Num_Lanes":0,"Opp_Lanes":0,"Surface_Tp":0,"Surface_Wd":0,"Shldr_Lt_W":0,"Shldr_Lt_T":0,"Shldr_Rt_W":0,"Shldr_Rt_T":0,"Shldr_UL_W":0,"Shldr_UL_T":0,"Med_Width":0,"Med_Type":0,"Curb":0,"Lt_Sidewlk":0,"Rt_Sidewlk":0,"Pd_Sf_Type":null,"Pd_Fc_Type":null,"Cr_Slope":null,"Path_Width":null,"Operation":2,"Speed_Lim":999,"Op_Dir_SL":null,"Speed_Reg":null,"T_Exc_Type":null,"T_Exc_Time":null,"Trk_Permit":null,"Trk_Netwrk":null,"Truck_Rte":null,"ROW_Width":null,"Toll_Road":null,"MHS":null,"City":272,"Mun_Type":2,"County":11,"Hwy_Dist":2,"RPA":"FRCOG","RTA":"FRTA","MPO":5,"St_Name":"PINE DRIVE","City_Maint":272,"Length":0.063775600000000002,"created_user":"RH","created_date":1785555425000,"last_edited_user":"RH","last_edited_date":1785555425000,"Record_ID":"123724.917570.NE.10.230927","GlobalID":"{9BC82B1F-EA0A-4D64-AD4F-6966904E200E}","Local_Priority":1,"Oneway":null,"SHAPE.STLength()":102.6371592757821}},{"type":"Feature","id":335653,"geometry":{"type":"LineString","coordinates":[[-72.433056864653381,42.434864015182001],[-72.432981617089879,42.4349057018633],[-72.43290627807005,42.434947951032669],[-72.432827737144578,42.434985726310309],[-72.432778823720938,42.435004127998994],[-72.432728753753707,42.435021414540145],[-72.432679942141235,42.435040377158884],[-72.432631187460473,42.43506328088057],[-72.432583602424003,42.435087862300641],[-72.432536391651908,42.435112440669478],[-72.432505110929654,42.435129011339214],[-72.432474023431425,42.43514558133576],[-72.432442153705921,42.43516103316324],[-72.432405256397672,42.435176524793796],[-72.432367491588749,42.435191461639519],[-72.432329244656799,42.435205273379808],[-72.43222963015134,42.435237028300392],[-72.432126903938951,42.435263747646488],[-72.432023394359888,42.435288781546753],[-72.431939047321009,42.435306345189019],[-72.431854124393212,42.435323349831812],[-72.431770173006797,42.435342034642424],[-72.431699122087394,42.435359490511253],[-72.431628956191474,42.435379188164951],[-72.431562761082347,42.435403918828818],[-72.431529185979301,42.435419384196983],[-72.431496674854756,42.435436532641823],[-72.431467812230878,42.435455896050478],[-72.431440374986352,42.435482000292211],[-72.431417632521629,42.43551088363953],[-72.431398137809055,42.435541427903324],[-72.431385895074015,42.435567410122083],[-72.431375851535591,42.435594499045251],[-72.431362549288153,42.435619928033915],[-72.431338143149873,42.435651636507906],[-72.431308276632322,42.435680577453908],[-72.43127389901008,42.435706175990944],[-72.431247618191918,42.435720456883288],[-72.431219499465598,42.435732499142304],[-72.431191197060258,42.435745109178661],[-72.431163658986534,42.435757708525166],[-72.431136030822728,42.435770875792628],[-72.43110974166801,42.435784594923],[-72.43108779748448,42.435797149016118],[-72.431066720851447,42.435810263288964],[-72.431049572328178,42.435825595685159],[-72.431037625624057,42.435845946694073],[-72.431030739739143,42.435868511172409],[-72.431024433321824,42.435891633662251],[-72.431015614795257,42.435918149947554],[-72.431007554676043,42.435944665501765],[-72.431000827417662,42.435971727573914],[-72.430994845697839,42.436010040267981],[-72.43099152277955,42.436048893261081],[-72.430987820635721,42.436087745718545],[-72.430979168890786,42.436151400484071],[-72.430969749297404,42.436214499658831],[-72.430960239524197,42.436278161357961]]},"properties":{"OBJECTID":335653,"route_id":"L230945 EB","from_measure":0,"to_measure":0.1578223,"Route_System":"L","Route_Number":"230945","Route_Direction":"EB","Rd_Seg_ID":null,"Facility":1,"Mile_Count":0,"Urban_Area":"0","Urban_Type":5,"F_F_Class":7,"Jurisdictn":"0","NHS":0,"Fd_Aid_Rd":0,"Control":0,"Num_Lanes":0,"Opp_Lanes":0,"Surface_Tp":0,"Surface_Wd":0,"Shldr_Lt_W":0,"Shldr_Lt_T":0,"Shldr_Rt_W":0,"Shldr_Rt_T":0,"Shldr_UL_W":0,"Shldr_UL_T":0,"Med_Width":0,"Med_Type":0,"Curb":0,"Lt_Sidewlk":0,"Rt_Sidewlk":0,"Pd_Sf_Type":null,"Pd_Fc_Type":null,"Cr_Slope":null,"Path_Width":null,"Operation":2,"Speed_Lim":999,"Op_Dir_SL":null,"Speed_Reg":null,"T_Exc_Type":null,"T_Exc_Time":null,"Trk_Permit":null,"Trk_Netwrk":null,"Truck_Rte":null,"ROW_Width":null,"Toll_Road":null,"MHS":null,"City":272,"Mun_Type":2,"County":11,"Hwy_Dist":2,"RPA":"FRCOG","RTA":"FRTA","MPO":5,"St_Name":"SOJOURNER WAY","City_Maint":272,"Length":0.1578223,"created_user":"RH","created_date":1785555425000,"last_edited_user":"RH","last_edited_date":1785555425000,"Record_ID":"123322.909839.NE.25.230945","GlobalID":"{4B4B680F-3D49-49DE-9E2E-457047193F8B}","Local_Priority":1,"Oneway":null,"SHAPE.STLength()":253.9909580627351}},{"type":"Feature","id":335656,"geometry":{"type":"LineString","coordinates":[[-72.426430152410916,42.419400018877205],[-72.426520158495649,42.419440015911725],[-72.426590153923215,42.419490015338233],[-72.426632600690027,42.419582374117553],[-72.4266953038981,42.419662910681588],[-72.426778213976931,42.419723021948364],[-72.426871679291651,42.419803306247644],[-72.42689300024449,42.419858851720242],[-72.426890884789884,42.419947502461881],[-72.426837090160902,42.42000871793379],[-72.426763318568575,42.420105542469273],[-72.426730145114334,42.420174188760811],[-72.426721675465259,42.420295813507273],[-72.42665202297853,42.420440725044742],[-72.426612024551119,42.420560302352101]]},"properties":{"OBJECTID":335656,"route_id":"L230948 EB","from_measure":0,"to_measure":0.0921212,"Route_System":"L","Route_Number":"230948","Route_Direction":"EB","Rd_Seg_ID":null,"Facility":1,"Mile_Count":0,"Urban_Area":"0","Urban_Type":5,"F_F_Class":7,"Jurisdictn":"0","NHS":0,"Fd_Aid_Rd":0,"Control":0,"Num_Lanes":0,"Opp_Lanes":0,"Surface_Tp":0,"Surface_Wd":0,"Shldr_Lt_W":0,"Shldr_Lt_T":0,"Shldr_Rt_W":0,"Shldr_Rt_T":0,"Shldr_UL_W":0,"Shldr_UL_T":0,"Med_Width":0,"Med_Type":0,"Curb":0,"Lt_Sidewlk":0,"Rt_Sidewlk":0,"Pd_Sf_Type":null,"Pd_Fc_Type":null,"Cr_Slope":null,"Path_Width":null,"Operation":2,"Speed_Lim":999,"Op_Dir_SL":null,"Speed_Reg":null,"T_Exc_Type":null,"T_Exc_Time":null,"Trk_Permit":null,"Trk_Netwrk":null,"Truck_Rte":null,"ROW_Width":0,"Toll_Road":null,"MHS":null,"City":272,"Mun_Type":2,"County":11,"Hwy_Dist":2,"RPA":"FRCOG","RTA":"FRTA","MPO":5,"St_Name":"SIRIUS COMMUNITY CENTER DRIVE","City_Maint":272,"Length":0.0921212,"created_user":"RH","created_date":1785555425000,"last_edited_user":"RH","last_edited_date":1785555425000,"Record_ID":"123724.908138.NW.14.230948","GlobalID":"{8AE78939-64E7-46B7-B7D5-D5AD41D6C205}","Local_Priority":1,"Oneway":null,"SHAPE.STLength()":148.25509668805907}},{"type":"Feature","id":335890,"geometry":{"type":"LineString","coordinates":[[-72.417299601850175,42.474062963083036],[-72.417268497389401,42.474067146857188],[-72.416767505081467,42.474100396073396],[-72.416290864568936,42.474148642100509],[-72.415883339925458,42.474193520591704],[-72.415444521321461,42.474248773822858],[-72.415081269544402,42.474293297688426],[-72.414614948129767,42.474339204937309],[-72.414313861015714,42.474392235930601],[-72.413959520592854,42.474435560145849]]},"properties":{"OBJECTID":335890,"route_id":"L231054 EB","from_measure":0,"to_measure":0.17270750000000001,"Route_System":"L","Route_Number":"231054","Route_Direction":"EB","Rd_Seg_ID":null,"Facility":1,"Mile_Count":0,"Urban_Area":"0","Urban_Type":5,"F_F_Class":7,"Jurisdictn":"0","NHS":0,"Fd_Aid_Rd":0,"Control":0,"Num_Lanes":0,"Opp_Lanes":0,"Surface_Tp":0,"Surface_Wd":0,"Shldr_Lt_W":0,"Shldr_Lt_T":0,"Shldr_Rt_W":0,"Shldr_Rt_T":0,"Shldr_UL_W":0,"Shldr_UL_T":0,"Med_Width":0,"Med_Type":0,"Curb":0,"Lt_Sidewlk":0,"Rt_Sidewlk":0,"Pd_Sf_Type":null,"Pd_Fc_Type":null,"Cr_Slope":null,"Path_Width":null,"Operation":2,"Speed_Lim":999,"Op_Dir_SL":null,"Speed_Reg":null,"T_Exc_Type":null,"T_Exc_Time":null,"Trk_Permit":null,"Trk_Netwrk":null,"Truck_Rte":null,"ROW_Width":null,"Toll_Road":null,"MHS":null,"City":272,"Mun_Type":2,"County":11,"Hwy_Dist":2,"RPA":"FRCOG","RTA":"FRTA","MPO":5,"St_Name":"CARVER ROAD","City_Maint":272,"Length":0.17270750000000001,"created_user":"RH","created_date":1785555425000,"last_edited_user":"RH","last_edited_date":1785555425000,"Record_ID":"124709.914147.NE.27.231054","GlobalID":"{03E80DD4-F107-4CF1-9858-4494268E7ACA}","Local_Priority":1,"Oneway":null,"SHAPE.STLength()":277.94631798068218}},{"type":"Feature","id":372135,"geometry":{"type":"LineString","coordinates":[[-72.424690143710563,42.449719300552879],[-72.424788337955079,42.450139662831049],[-72.424798067297331,42.450360790481071]]},"properties":{"OBJECTID":372135,"route_id":"M347695 NB","from_measure":0,"to_measure":0.044715499999999998,"Route_System":"M","Route_Number":"347695","Route_Direction":"NB","Rd_Seg_ID":null,"Facility":1,"Mile_Count":0,"Urban_Area":"0","Urban_Type":5,"F_F_Class":7,"Jurisdictn":"0","NHS":0,"Fd_Aid_Rd":0,"Control":0,"Num_Lanes":0,"Opp_Lanes":0,"Surface_Tp":0,"Surface_Wd":0,"Shldr_Lt_W":0,"Shldr_Lt_T":0,"Shldr_Rt_W":0,"Shldr_Rt_T":0,"Shldr_UL_W":0,"Shldr_UL_T":0,"Med_Width":0,"Med_Type":0,"Curb":null,"Lt_Sidewlk":0,"Rt_Sidewlk":0,"Pd_Sf_Type":null,"Pd_Fc_Type":null,"Cr_Slope":null,"Path_Width":null,"Operation":2,"Speed_Lim":null,"Op_Dir_SL":null,"Speed_Reg":null,"T_Exc_Type":null,"T_Exc_Time":null,"Trk_Permit":null,"Trk_Netwrk":null,"Truck_Rte":null,"ROW_Width":null,"Toll_Road":null,"MHS":null,"City":272,"Mun_Type":2,"County":11,"Hwy_Dist":2,"RPA":"FRCOG","RTA":"FRTA","MPO":5,"St_Name":"","City_Maint":272,"Length":0.044715499999999998,"created_user":"RH","created_date":1785555425000,"last_edited_user":"RH","last_edited_date":1785555425000,"Record_ID":"123928.911468.NW.71.347695","GlobalID":"{68C89733-C952-45A0-9603-93FC4C06216E}","Local_Priority":1,"Oneway":null,"SHAPE.STLength()":71.962719392693927}},{"type":"Feature","id":372136,"geometry":{"type":"LineString","coordinates":[[-72.424690143710563,42.449719300552879],[-72.423984126522853,42.449768785122572]]},"properties":{"OBJECTID":372136,"route_id":"M347696 NB","from_measure":0,"to_measure":0.036249700000000003,"Route_System":"M","Route_Number":"347696","Route_Direction":"NB","Rd_Seg_ID":null,"Facility":1,"Mile_Count":0,"Urban_Area":"0","Urban_Type":5,"F_F_Class":7,"Jurisdictn":"0","NHS":0,"Fd_Aid_Rd":0,"Control":0,"Num_Lanes":0,"Opp_Lanes":0,"Surface_Tp":0,"Surface_Wd":0,"Shldr_Lt_W":0,"Shldr_Lt_T":0,"Shldr_Rt_W":0,"Shldr_Rt_T":0,"Shldr_UL_W":0,"Shldr_UL_T":0,"Med_Width":0,"Med_Type":0,"Curb":null,"Lt_Sidewlk":0,"Rt_Sidewlk":0,"Pd_Sf_Type":null,"Pd_Fc_Type":null,"Cr_Slope":null,"Path_Width":null,"Operation":2,"Speed_Lim":null,"Op_Dir_SL":null,"Speed_Reg":null,"T_Exc_Type":null,"T_Exc_Time":null,"Trk_Permit":null,"Trk_Netwrk":null,"Truck_Rte":null,"ROW_Width":null,"Toll_Road":null,"MHS":null,"City":272,"Mun_Type":2,"County":11,"Hwy_Dist":2,"RPA":"FRCOG","RTA":"FRTA","MPO":5,"St_Name":"","City_Maint":272,"Length":0.036249700000000003,"created_user":"RH","created_date":1785555425000,"last_edited_user":"RH","last_edited_date":1785555425000,"Record_ID":"123963.911435.NE.58.347696","GlobalID":"{558DDD92-AEB7-42F1-8A67-743CD856ED87}","Local_Priority":1,"Oneway":null,"SHAPE.STLength()":58.338374283142308}},{"type":"Feature","id":372137,"geometry":{"type":"LineString","coordinates":[[-72.423806916556615,42.448664991564904],[-72.423840839579157,42.448961715366089],[-72.423924191408958,42.449491745646313],[-72.423984126522853,42.449768785122572]]},"properties":{"OBJECTID":372137,"route_id":"M347697 NB","from_measure":0,"to_measure":0.076749600000000001,"Route_System":"M","Route_Number":"347697","Route_Direction":"NB","Rd_Seg_ID":null,"Facility":1,"Mile_Count":0,"Urban_Area":"0","Urban_Type":5,"F_F_Class":7,"Jurisdictn":"0","NHS":0,"Fd_Aid_Rd":0,"Control":0,"Num_Lanes":0,"Opp_Lanes":0,"Surface_Tp":0,"Surface_Wd":0,"Shldr_Lt_W":0,"Shldr_Lt_T":0,"Shldr_Rt_W":0,"Shldr_Rt_T":0,"Shldr_UL_W":0,"Shldr_UL_T":0,"Med_Width":0,"Med_Type":0,"Curb":null,"Lt_Sidewlk":0,"Rt_Sidewlk":0,"Pd_Sf_Type":null,"Pd_Fc_Type":null,"Cr_Slope":null,"Path_Width":null,"Operation":2,"Speed_Lim":null,"Op_Dir_SL":null,"Speed_Reg":null,"T_Exc_Type":null,"T_Exc_Time":null,"Trk_Permit":null,"Trk_Netwrk":null,"Truck_Rte":null,"ROW_Width":null,"Toll_Road":null,"MHS":null,"City":272,"Mun_Type":2,"County":11,"Hwy_Dist":2,"RPA":"FRCOG","RTA":"FRTA","MPO":5,"St_Name":"","City_Maint":272,"Length":0.076749600000000001,"created_user":"RH","created_date":1785555425000,"last_edited_user":"RH","last_edited_date":1785555425000,"Record_ID":"124000.911376.NW.12.347697","GlobalID":"{E5FF182D-1EC3-418C-8C8B-480CA24A523C}","Local_Priority":1,"Oneway":null,"SHAPE.STLength()":123.51672638826192}},{"type":"Feature","id":372138,"geometry":{"type":"LineString","coordinates":[[-72.423806916556615,42.448664991564904],[-72.424210326429218,42.448603328286595],[-72.424311855576363,42.448578169935807],[-72.424357942988578,42.448582672530399],[-72.424407774082297,42.448618784736041],[-72.424495722938872,42.448788487198968],[-72.424558944265073,42.449065500060264],[-72.424690143710563,42.449719300552879]]},"properties":{"OBJECTID":372138,"route_id":"M347698 NB","from_measure":0,"to_measure":0.110027,"Route_System":"M","Route_Number":"347698","Route_Direction":"NB","Rd_Seg_ID":null,"Facility":1,"Mile_Count":0,"Urban_Area":"0","Urban_Type":5,"F_F_Class":7,"Jurisdictn":"0","NHS":0,"Fd_Aid_Rd":0,"Control":0,"Num_Lanes":0,"Opp_Lanes":0,"Surface_Tp":0,"Surface_Wd":0,"Shldr_Lt_W":0,"Shldr_Lt_T":0,"Shldr_Rt_W":0,"Shldr_Rt_T":0,"Shldr_UL_W":0,"Shldr_UL_T":0,"Med_Width":0,"Med_Type":0,"Curb":null,"Lt_Sidewlk":0,"Rt_Sidewlk":0,"Pd_Sf_Type":null,"Pd_Fc_Type":null,"Cr_Slope":null,"Path_Width":null,"Operation":2,"Speed_Lim":null,"Op_Dir_SL":null,"Speed_Reg":null,"T_Exc_Type":null,"T_Exc_Time":null,"Trk_Permit":null,"Trk_Netwrk":null,"Truck_Rte":null,"ROW_Width":null,"Toll_Road":null,"MHS":null,"City":272,"Mun_Type":2,"County":11,"Hwy_Dist":2,"RPA":"FRCOG","RTA":"FRTA","MPO":5,"St_Name":"","City_Maint":272,"Length":0.110027,"created_user":"RH","created_date":1785555425000,"last_edited_user":"RH","last_edited_date":1785555425000,"Record_ID":"123943.911366.NW.17.347698","GlobalID":"{BCBCBE1D-C208-4830-BF98-414707401FD0}","Local_Priority":1,"Oneway":null,"SHAPE.STLength()":177.07166409878064}},{"type":"Feature","id":372139,"geometry":{"type":"LineString","coordinates":[[-72.423806916556615,42.448664991564904],[-72.423439763634889,42.448733664246376]]},"properties":{"OBJECTID":372139,"route_id":"M347699 NB","from_measure":0,"to_measure":0.0193568,"Route_System":"M","Route_Number":"347699","Route_Direction":"NB","Rd_Seg_ID":null,"Facility":1,"Mile_Count":0,"Urban_Area":"0","Urban_Type":5,"F_F_Class":7,"Jurisdictn":"0","NHS":0,"Fd_Aid_Rd":0,"Control":0,"Num_Lanes":0,"Opp_Lanes":0,"Surface_Tp":0,"Surface_Wd":0,"Shldr_Lt_W":0,"Shldr_Lt_T":0,"Shldr_Rt_W":0,"Shldr_Rt_T":0,"Shldr_UL_W":0,"Shldr_UL_T":0,"Med_Width":0,"Med_Type":0,"Curb":null,"Lt_Sidewlk":0,"Rt_Sidewlk":0,"Pd_Sf_Type":null,"Pd_Fc_Type":null,"Cr_Slope":null,"Path_Width":null,"Operation":2,"Speed_Lim":null,"Op_Dir_SL":null,"Speed_Reg":null,"T_Exc_Type":null,"T_Exc_Time":null,"Trk_Permit":null,"Trk_Netwrk":null,"Truck_Rte":null,"ROW_Width":null,"Toll_Road":null,"MHS":null,"City":272,"Mun_Type":2,"County":11,"Hwy_Dist":2,"RPA":"FRCOG","RTA":"FRTA","MPO":5,"St_Name":"","City_Maint":272,"Length":0.0193568,"created_user":"RH","created_date":1785555425000,"last_edited_user":"RH","last_edited_date":1785555425000,"Record_ID":"124021.911319.NE.31.347699","GlobalID":"{6B1C4180-E9B7-4125-BA4E-072BD89A3A0B}","Local_Priority":1,"Oneway":null,"SHAPE.STLength()":31.151847246190712}},{"type":"Feature","id":372140,"geometry":{"type":"LineString","coordinates":[[-72.423439763634889,42.448733664246376],[-72.423501118199439,42.449108070388498],[-72.42358994255207,42.449562588328199],[-72.423649158350628,42.449790947557346]]},"properties":{"OBJECTID":372140,"route_id":"M347700 NB","from_measure":0,"to_measure":0.073779499999999998,"Route_System":"M","Route_Number":"347700","Route_Direction":"NB","Rd_Seg_ID":null,"Facility":1,"Mile_Count":0,"Urban_Area":"0","Urban_Type":5,"F_F_Class":7,"Jurisdictn":"0","NHS":0,"Fd_Aid_Rd":0,"Control":0,"Num_Lanes":0,"Opp_Lanes":0,"Surface_Tp":0,"Surface_Wd":0,"Shldr_Lt_W":0,"Shldr_Lt_T":0,"Shldr_Rt_W":0,"Shldr_Rt_T":0,"Shldr_UL_W":0,"Shldr_UL_T":0,"Med_Width":0,"Med_Type":0,"Curb":null,"Lt_Sidewlk":0,"Rt_Sidewlk":0,"Pd_Sf_Type":null,"Pd_Fc_Type":null,"Cr_Slope":null,"Path_Width":null,"Operation":2,"Speed_Lim":null,"Op_Dir_SL":null,"Speed_Reg":null,"T_Exc_Type":null,"T_Exc_Time":null,"Trk_Permit":null,"Trk_Netwrk":null,"Truck_Rte":null,"ROW_Width":null,"Toll_Road":null,"MHS":null,"City":272,"Mun_Type":2,"County":11,"Hwy_Dist":2,"RPA":"FRCOG","RTA":"FRTA","MPO":5,"St_Name":"","City_Maint":272,"Length":0.073779499999999998,"created_user":"RH","created_date":1785555425000,"last_edited_user":"RH","last_edited_date":1785555425000,"Record_ID":"124029.911381.NW.11.347700","GlobalID":"{D4AC5F95-28BF-49CB-A7B3-157BE184747D}","Local_Priority":1,"Oneway":null,"SHAPE.STLength()":118.73675335996604}},{"type":"Feature","id":372141,"geometry":{"type":"LineString","coordinates":[[-72.423984126522853,42.449768785122572],[-72.423649158350628,42.449790947557346]]},"properties":{"OBJECTID":372141,"route_id":"M347701 NB","from_measure":0,"to_measure":0.017190199999999999,"Route_System":"M","Route_Number":"347701","Route_Direction":"NB","Rd_Seg_ID":null,"Facility":1,"Mile_Count":0,"Urban_Area":"0","Urban_Type":5,"F_F_Class":7,"Jurisdictn":"0","NHS":0,"Fd_Aid_Rd":0,"Control":0,"Num_Lanes":0,"Opp_Lanes":0,"Surface_Tp":0,"Surface_Wd":0,"Shldr_Lt_W":0,"Shldr_Lt_T":0,"Shldr_Rt_W":0,"Shldr_Rt_T":0,"Shldr_UL_W":0,"Shldr_UL_T":0,"Med_Width":0,"Med_Type":0,"Curb":null,"Lt_Sidewlk":0,"Rt_Sidewlk":0,"Pd_Sf_Type":null,"Pd_Fc_Type":null,"Cr_Slope":null,"Path_Width":null,"Operation":2,"Speed_Lim":null,"Op_Dir_SL":null,"Speed_Reg":null,"T_Exc_Type":null,"T_Exc_Time":null,"Trk_Permit":null,"Trk_Netwrk":null,"Truck_Rte":null,"ROW_Width":null,"Toll_Road":null,"MHS":null,"City":272,"Mun_Type":2,"County":11,"Hwy_Dist":2,"RPA":"FRCOG","RTA":"FRTA","MPO":5,"St_Name":"","City_Maint":272,"Length":0.017190199999999999,"created_user":"RH","created_date":1785555425000,"last_edited_user":"RH","last_edited_date":1785555425000,"Record_ID":"124006.911439.NE.27.347701","GlobalID":"{C7A96ED8-B043-4CCD-B06A-73C782A99794}","Local_Priority":1,"Oneway":null,"SHAPE.STLength()":27.665102537312237}},{"type":"Feature","id":372142,"geometry":{"type":"LineString","coordinates":[[-72.423439763634889,42.448733664246376],[-72.423177716088006,42.448796625296573],[-72.42315167079505,42.448813876079534],[-72.423135661249361,42.448843215034735],[-72.423168798629973,42.449086392026658],[-72.423275444733491,42.449635710643022],[-72.42329626502611,42.449711007886428],[-72.423333093840156,42.449756965260605],[-72.423399188976703,42.449780783387347],[-72.423488144745633,42.44979467319444],[-72.423649158350628,42.449790947557346]]},"properties":{"OBJECTID":372142,"route_id":"M347702 NB","from_measure":0,"to_measure":0.098858600000000005,"Route_System":"M","Route_Number":"347702","Route_Direction":"NB","Rd_Seg_ID":null,"Facility":1,"Mile_Count":0,"Urban_Area":"0","Urban_Type":5,"F_F_Class":7,"Jurisdictn":"0","NHS":0,"Fd_Aid_Rd":0,"Control":0,"Num_Lanes":0,"Opp_Lanes":0,"Surface_Tp":0,"Surface_Wd":0,"Shldr_Lt_W":0,"Shldr_Lt_T":0,"Shldr_Rt_W":0,"Shldr_Rt_T":0,"Shldr_UL_W":0,"Shldr_UL_T":0,"Med_Width":0,"Med_Type":0,"Curb":null,"Lt_Sidewlk":0,"Rt_Sidewlk":0,"Pd_Sf_Type":null,"Pd_Fc_Type":null,"Cr_Slope":null,"Path_Width":null,"Operation":2,"Speed_Lim":null,"Op_Dir_SL":null,"Speed_Reg":null,"T_Exc_Type":null,"T_Exc_Time":null,"Trk_Permit":null,"Trk_Netwrk":null,"Truck_Rte":null,"ROW_Width":null,"Toll_Road":null,"MHS":null,"City":272,"Mun_Type":2,"County":11,"Hwy_Dist":2,"RPA":"FRCOG","RTA":"FRTA","MPO":5,"St_Name":"","City_Maint":272,"Length":0.098858600000000005,"created_user":"RH","created_date":1785555425000,"last_edited_user":"RH","last_edited_date":1785555425000,"Record_ID":"124056.911383.NW.15.347702","GlobalID":"{B5B4D447-CADA-44E0-A5FF-9D197C61C778}","Local_Priority":1,"Oneway":null,"SHAPE.STLength()":159.09785595951129}},{"type":"Feature","id":299993,"geometry":{"type":"LineString","coordinates":[[-72.484501349394918,42.415797793502527],[-72.484464972482016,42.415796412912357],[-72.484437152578565,42.415796088137924],[-72.484409064704764,42.415796891056907],[-72.484381575372964,42.415799379663973],[-72.484335901393706,42.415804270087015],[-72.484291220331698,42.415812530027225],[-72.484255106337869,42.415828031849507],[-72.484231556895963,42.415851866789438],[-72.484218961864258,42.415875517126338],[-72.48421560090793,42.415881828343714],[-72.484208207914847,42.415912840286666],[-72.48420924168407,42.41593646592316],[-72.4842154085988,42.415960609472883],[-72.4842258258969,42.415983591270944],[-72.484243290073024,42.416007638221032],[-72.484266235270312,42.416030509291474],[-72.484292177623971,42.416050546609583],[-72.484322647056985,42.416068853495581],[-72.484356596160509,42.416084881600732],[-72.484392028854387,42.416098647092014],[-72.484425475037696,42.416106801619641],[-72.484474801062106,42.416122698182114]]},"properties":{"OBJECTID":299993,"route_id":"L212582 NB","from_measure":0.34790579999999999,"to_measure":0.38876280000000002,"Route_System":"L","Route_Number":"212582","Route_Direction":"NB","Rd_Seg_ID":null,"Facility":1,"Mile_Count":1,"Urban_Area":"0","Urban_Type":5,"F_F_Class":7,"Jurisdictn":"2","NHS":0,"Fd_Aid_Rd":0,"Control":0,"Num_Lanes":2,"Opp_Lanes":0,"Surface_Tp":null,"Surface_Wd":null,"Shldr_Lt_W":null,"Shldr_Lt_T":null,"Shldr_Rt_W":null,"Shldr_Rt_T":null,"Shldr_UL_W":null,"Shldr_UL_T":null,"Med_Width":0,"Med_Type":0,"Curb":null,"Lt_Sidewlk":null,"Rt_Sidewlk":null,"Pd_Sf_Type":null,"Pd_Fc_Type":null,"Cr_Slope":null,"Path_Width":null,"Operation":2,"Speed_Lim":null,"Op_Dir_SL":null,"Speed_Reg":null,"T_Exc_Type":null,"T_Exc_Time":null,"Trk_Permit":null,"Trk_Netwrk":null,"Truck_Rte":null,"ROW_Width":null,"Toll_Road":null,"MHS":null,"City":272,"Mun_Type":2,"County":11,"Hwy_Dist":2,"RPA":"FRCOG","RTA":"FRTA","MPO":5,"St_Name":"WEATHERWOOD ROAD","City_Maint":272,"Length":0.040856999999999997,"created_user":"RH","created_date":1785555425000,"last_edited_user":"RH","last_edited_date":1785555425000,"Record_ID":"118991.907744.NE.65.212582","GlobalID":"{156283D6-7E9B-45B9-84A0-E50C56599C97}","Local_Priority":1,"Oneway":null,"SHAPE.STLength()":65.753055943931528}},{"type":"Feature","id":329048,"geometry":{"type":"LineString","coordinates":[[-72.368494795513229,42.499760127733381],[-72.368495038492668,42.49989776559233],[-72.36848906437001,42.500150343137399],[-72.368476707413478,42.500404055412325]]},"properties":{"OBJECTID":329048,"route_id":"L227432 NB","from_measure":0,"to_measure":0.0444593,"Route_System":"L","Route_Number":"227432","Route_Direction":"NB","Rd_Seg_ID":null,"Facility":1,"Mile_Count":0,"Urban_Area":"0","Urban_Type":5,"F_F_Class":7,"Jurisdictn":"0","NHS":0,"Fd_Aid_Rd":0,"Control":0,"Num_Lanes":2,"Opp_Lanes":0,"Surface_Tp":0,"Surface_Wd":0,"Shldr_Lt_W":0,"Shldr_Lt_T":0,"Shldr_Rt_W":0,"Shldr_Rt_T":0,"Shldr_UL_W":0,"Shldr_UL_T":0,"Med_Width":0,"Med_Type":0,"Curb":0,"Lt_Sidewlk":0,"Rt_Sidewlk":0,"Pd_Sf_Type":null,"Pd_Fc_Type":null,"Cr_Slope":null,"Path_Width":null,"Operation":2,"Speed_Lim":999,"Op_Dir_SL":null,"Speed_Reg":null,"T_Exc_Type":null,"T_Exc_Time":null,"Trk_Permit":null,"Trk_Netwrk":null,"Truck_Rte":null,"ROW_Width":null,"Toll_Road":null,"MHS":null,"City":272,"Mun_Type":2,"County":11,"Hwy_Dist":2,"RPA":"FRCOG","RTA":"FRTA","MPO":5,"St_Name":"GATE LANE","City_Maint":319,"Length":0.0444593,"created_user":"RH","created_date":1785555425000,"last_edited_user":"RH","last_edited_date":1785555425000,"Record_ID":"128614.916978.NE.71.227432","GlobalID":"{E03FE937-6263-4B35-8DFF-6EBD4D38166B}","Local_Priority":1,"Oneway":null,"SHAPE.STLength()":71.550453245296723}},{"type":"Feature","id":434581,"geometry":{"type":"LineString","coordinates":[[-72.451094822301428,42.449768352005229],[-72.450939023280526,42.44978285604423]]},"properties":{"OBJECTID":434581,"route_id":"N3871 EB","from_measure":1.9537111,"to_measure":1.9617910000000001,"Route_System":"N","Route_Number":"3871","Route_Direction":"EB","Rd_Seg_ID":null,"Facility":1,"Mile_Count":1,"Urban_Area":"0","Urban_Type":5,"F_F_Class":5,"Jurisdictn":"2","NHS":0,"Fd_Aid_Rd":3,"Control":0,"Num_Lanes":2,"Opp_Lanes":0,"Surface_Tp":6,"Surface_Wd":22,"Shldr_Lt_W":0,"Shldr_Lt_T":0,"Shldr_Rt_W":0,"Shldr_Rt_T":0,"Shldr_UL_W":0,"Shldr_UL_T":0,"Med_Width":0,"Med_Type":0,"Curb":0,"Lt_Sidewlk":0,"Rt_Sidewlk":0,"Pd_Sf_Type":null,"Pd_Fc_Type":null,"Cr_Slope":null,"Path_Width":null,"Operation":2,"Speed_Lim":999,"Op_Dir_SL":999,"Speed_Reg":30,"T_Exc_Type":null,"T_Exc_Time":null,"Trk_Permit":null,"Trk_Netwrk":null,"Truck_Rte":null,"ROW_Width":46,"Toll_Road":null,"MHS":null,"City":272,"Mun_Type":2,"County":11,"Hwy_Dist":2,"RPA":"FRCOG","RTA":"FRTA","MPO":5,"St_Name":"LEVERETT ROAD","City_Maint":272,"Length":0.0080798999999999992,"created_user":"RH","created_date":1785555425000,"last_edited_user":"RH","last_edited_date":1785555425000,"Record_ID":"121769.911463.NE.12.3871","GlobalID":"{4126426C-6E4D-4375-A3AA-987E2DC6BD2F}","Local_Priority":1,"Oneway":null,"SHAPE.STLength()":12.917298733481394}},{"type":"Feature","id":434582,"geometry":{"type":"LineString","coordinates":[[-72.450939023280526,42.44978285604423],[-72.450937413515916,42.449783005283365]]},"properties":{"OBJECTID":434582,"route_id":"N3871 EB","from_measure":1.9617910000000001,"to_measure":1.9618745,"Route_System":"N","Route_Number":"3871","Route_Direction":"EB","Rd_Seg_ID":null,"Facility":1,"Mile_Count":1,"Urban_Area":"0","Urban_Type":5,"F_F_Class":5,"Jurisdictn":"2","NHS":0,"Fd_Aid_Rd":3,"Control":0,"Num_Lanes":2,"Opp_Lanes":0,"Surface_Tp":6,"Surface_Wd":22,"Shldr_Lt_W":0,"Shldr_Lt_T":0,"Shldr_Rt_W":2,"Shldr_Rt_T":1,"Shldr_UL_W":0,"Shldr_UL_T":0,"Med_Width":0,"Med_Type":0,"Curb":0,"Lt_Sidewlk":0,"Rt_Sidewlk":0,"Pd_Sf_Type":null,"Pd_Fc_Type":null,"Cr_Slope":null,"Path_Width":null,"Operation":2,"Speed_Lim":999,"Op_Dir_SL":999,"Speed_Reg":30,"T_Exc_Type":null,"T_Exc_Time":null,"Trk_Permit":null,"Trk_Netwrk":null,"Truck_Rte":null,"ROW_Width":52,"Toll_Road":null,"MHS":null,"City":272,"Mun_Type":2,"County":11,"Hwy_Dist":2,"RPA":"FRCOG","RTA":"FRTA","MPO":5,"St_Name":"LEVERETT ROAD","City_Maint":272,"Length":8.3499999999999997e-05,"created_user":"RH","created_date":1785555425000,"last_edited_user":"RH","last_edited_date":1785555425000,"Record_ID":"121775.911464.NE.13.3871","GlobalID":"{9FF17347-1EC9-40D0-A453-2D2FF4A14813}","Local_Priority":1,"Oneway":null,"SHAPE.STLength()":0.13345699681920017}},{"type":"Feature","id":434583,"geometry":{"type":"LineString","coordinates":[[-72.450937413515916,42.449783005283365],[-72.450859702150424,42.449790239913646],[-72.450677353629672,42.449790619869958],[-72.450496041715141,42.44977804805179],[-72.450318177320369,42.449748004796383],[-72.450145803554022,42.449704409442631],[-72.449976567911364,42.44965460188245],[-72.449816787092502,42.449589522382759],[-72.449665128427057,42.449514807140609],[-72.449509454816933,42.44944462817768],[-72.449342245785047,42.449390861404218],[-72.449171804412671,42.449342749799122],[-72.449166279926061,42.449341670835722],[-72.448997594304203,42.449303109451868],[-72.448818393023714,42.449279264575729],[-72.448636567246467,42.44927007295972],[-72.448454386229272,42.449274947803673],[-72.448274232227718,42.449294998484994],[-72.44809641448937,42.449325161795613],[-72.447918985487249,42.449355884327325],[-72.44774237150807,42.449389974257485],[-72.447562527910463,42.449411708456147],[-72.44738061882002,42.4494160211649],[-72.447198540873472,42.449409074737076],[-72.447017827062027,42.449391430967921],[-72.446839874156353,42.44936194488487],[-72.446668059510756,42.449317215260564],[-72.446499368808475,42.449265710948119],[-72.446327361395859,42.449220982402835],[-72.446153981429816,42.449179642859264],[-72.445979410041886,42.449141125425577],[-72.445799677619931,42.449119531014375],[-72.445730714692971,42.449118410147321],[-72.445617388524752,42.449117086302813],[-72.445587037144193,42.449119314396818]]},"properties":{"OBJECTID":434583,"route_id":"N3871 EB","from_measure":1.9618745,"to_measure":2.2488139999999999,"Route_System":"N","Route_Number":"3871","Route_Direction":"EB","Rd_Seg_ID":null,"Facility":1,"Mile_Count":1,"Urban_Area":"0","Urban_Type":5,"F_F_Class":5,"Jurisdictn":"2","NHS":0,"Fd_Aid_Rd":3,"Control":0,"Num_Lanes":2,"Opp_Lanes":0,"Surface_Tp":6,"Surface_Wd":22,"Shldr_Lt_W":0,"Shldr_Lt_T":0,"Shldr_Rt_W":2,"Shldr_Rt_T":1,"Shldr_UL_W":0,"Shldr_UL_T":0,"Med_Width":0,"Med_Type":0,"Curb":0,"Lt_Sidewlk":0,"Rt_Sidewlk":0,"Pd_Sf_Type":null,"Pd_Fc_Type":null,"Cr_Slope":null,"Path_Width":null,"Operation":2,"Speed_Lim":999,"Op_Dir_SL":999,"Speed_Reg":30,"T_Exc_Type":null,"T_Exc_Time":null,"Trk_Permit":null,"Trk_Netwrk":null,"Truck_Rte":null,"ROW_Width":52,"Toll_Road":null,"MHS":null,"City":272,"Mun_Type":2,"County":11,"Hwy_Dist":2,"RPA":"FRCOG","RTA":"FRTA","MPO":5,"St_Name":"LEVERETT ROAD","City_Maint":272,"Length":0.28693950000000001,"created_user":"RH","created_date":1785555425000,"last_edited_user":"RH","last_edited_date":1785555425000,"Record_ID":"121998.911408.SE.45.3871","GlobalID":"{87614621-1271-4148-8581-806EE74AA3FA}","Local_Priority":1,"Oneway":null,"SHAPE.STLength()":458.7295685521583}},{"type":"Feature","id":434584,"geometry":{"type":"LineString","coordinates":[[-72.445587037144193,42.449119314396818],[-72.445436086513993,42.449130394109055],[-72.445255848005871,42.449151003455626],[-72.445079705991319,42.449185084523386],[-72.444903464126483,42.449219167039438],[-72.44474566717507,42.449235092587884],[-72.444604574168778,42.449242842908113]]},"properties":{"OBJECTID":434584,"route_id":"N3871 EB","from_measure":2.2488139999999999,"to_measure":2.3002193000000002,"Route_System":"N","Route_Number":"3871","Route_Direction":"EB","Rd_Seg_ID":null,"Facility":1,"Mile_Count":1,"Urban_Area":"0","Urban_Type":5,"F_F_Class":5,"Jurisdictn":"2","NHS":0,"Fd_Aid_Rd":3,"Control":0,"Num_Lanes":2,"Opp_Lanes":0,"Surface_Tp":6,"Surface_Wd":22,"Shldr_Lt_W":0,"Shldr_Lt_T":0,"Shldr_Rt_W":2,"Shldr_Rt_T":1,"Shldr_UL_W":0,"Shldr_UL_T":0,"Med_Width":0,"Med_Type":0,"Curb":0,"Lt_Sidewlk":0,"Rt_Sidewlk":0,"Pd_Sf_Type":null,"Pd_Fc_Type":null,"Cr_Slope":null,"Path_Width":null,"Operation":2,"Speed_Lim":999,"Op_Dir_SL":999,"Speed_Reg":30,"T_Exc_Type":null,"T_Exc_Time":null,"Trk_Permit":null,"Trk_Netwrk":null,"Truck_Rte":null,"ROW_Width":52,"Toll_Road":null,"MHS":null,"City":272,"Mun_Type":2,"County":11,"Hwy_Dist":2,"RPA":"FRCOG","RTA":"FRTA","MPO":5,"St_Name":"LEVERETT ROAD","City_Maint":272,"Length":0.051405300000000001,"created_user":"RH","created_date":1785555425000,"last_edited_user":"RH","last_edited_date":1785555425000,"Record_ID":"122255.911391.NE.82.3871","GlobalID":"{40944202-F4E8-411A-8E01-70E81D9B6F99}","Local_Priority":1,"Oneway":null,"SHAPE.STLength()":82.181626523981151}},{"type":"Feature","id":434585,"geometry":{"type":"LineString","coordinates":[[-72.444604574168778,42.449242842908113],[-72.444540975656679,42.44924633645725],[-72.444358856756793,42.449249521623578],[-72.444176609303895,42.44924370080912],[-72.444062999248828,42.449240068454216],[-72.443994455467234,42.449237878038886],[-72.44381245404125,42.449229804746224],[-72.443630451482733,42.449221163977484],[-72.443448180162505,42.449220408276553],[-72.443266219728244,42.449227526591919],[-72.443084934840513,42.449241950540923],[-72.442904179222438,42.449259748750499],[-72.442724232418612,42.449280918934726],[-72.442544499061569,42.449303773378553],[-72.44236657651912,42.449333362380159],[-72.442188747460065,42.44936295394178],[-72.442007451247605,42.449376251789303],[-72.441825238181963,42.449379429213785],[-72.441643751674292,42.449367411208385],[-72.441465089627883,42.449340735221476],[-72.441291711299996,42.449299388369603],[-72.441125159022448,42.449244480765415],[-72.440965304294622,42.449179947861573],[-72.440812533713498,42.44910635822724],[-72.440657049759054,42.449035603135194],[-72.440499423718308,42.448967677909259],[-72.440418067420921,42.448932598886529]]},"properties":{"OBJECTID":434585,"route_id":"N3871 EB","from_measure":2.3002193000000002,"to_measure":2.5240757,"Route_System":"N","Route_Number":"3871","Route_Direction":"EB","Rd_Seg_ID":null,"Facility":1,"Mile_Count":1,"Urban_Area":"0","Urban_Type":5,"F_F_Class":5,"Jurisdictn":"2","NHS":0,"Fd_Aid_Rd":3,"Control":0,"Num_Lanes":2,"Opp_Lanes":0,"Surface_Tp":6,"Surface_Wd":22,"Shldr_Lt_W":0,"Shldr_Lt_T":0,"Shldr_Rt_W":2,"Shldr_Rt_T":1,"Shldr_UL_W":0,"Shldr_UL_T":0,"Med_Width":0,"Med_Type":0,"Curb":0,"Lt_Sidewlk":0,"Rt_Sidewlk":0,"Pd_Sf_Type":null,"Pd_Fc_Type":null,"Cr_Slope":null,"Path_Width":null,"Operation":2,"Speed_Lim":999,"Op_Dir_SL":999,"Speed_Reg":30,"T_Exc_Type":null,"T_Exc_Time":null,"Trk_Permit":null,"Trk_Netwrk":null,"Truck_Rte":null,"ROW_Width":52,"Toll_Road":null,"MHS":null,"City":272,"Mun_Type":2,"County":11,"Hwy_Dist":2,"RPA":"FRCOG","RTA":"FRTA","MPO":5,"St_Name":"LEVERETT ROAD","City_Maint":272,"Length":0.22385640000000001,"created_user":"RH","created_date":1785555425000,"last_edited_user":"RH","last_edited_date":1785555425000,"Record_ID":"122465.911403.SE.35.3871","GlobalID":"{8D8039F4-ECB7-4D00-BC45-37BAB89751F0}","Local_Priority":1,"Oneway":null,"SHAPE.STLength()":357.87880424158823}},{"type":"Feature","id":434586,"geometry":{"type":"LineString","coordinates":[[-72.440418067420921,42.448932598886529],[-72.440341896527897,42.448899755263341],[-72.440300603231577,42.448882087029631],[-72.440184185930349,42.448832392095532],[-72.440023388674149,42.448768432786416],[-72.439854163521545,42.448718610341224],[-72.439681699037479,42.448674437441561],[-72.43950466151739,42.448642120914485],[-72.439327439276894,42.448610368319365],[-72.439150223225269,42.448578610900753],[-72.438973002543278,42.44854685684966],[-72.438794184178619,42.44852243240306],[-72.438612607047929,42.44851040588069],[-72.438430930393935,42.448498385285369],[-72.438248837708841,42.4484964900238],[-72.438066810231916,42.448505287872841],[-72.437878987208123,42.44852707644435],[-72.437758452835013,42.448550603625087]]},"properties":{"OBJECTID":434586,"route_id":"N3871 EB","from_measure":2.5240757,"to_measure":2.6667388999999999,"Route_System":"N","Route_Number":"3871","Route_Direction":"EB","Rd_Seg_ID":null,"Facility":1,"Mile_Count":1,"Urban_Area":"0","Urban_Type":5,"F_F_Class":5,"Jurisdictn":"2","NHS":0,"Fd_Aid_Rd":3,"Control":0,"Num_Lanes":2,"Opp_Lanes":0,"Surface_Tp":6,"Surface_Wd":22,"Shldr_Lt_W":0,"Shldr_Lt_T":0,"Shldr_Rt_W":2,"Shldr_Rt_T":1,"Shldr_UL_W":0,"Shldr_UL_T":0,"Med_Width":0,"Med_Type":0,"Curb":0,"Lt_Sidewlk":0,"Rt_Sidewlk":0,"Pd_Sf_Type":null,"Pd_Fc_Type":null,"Cr_Slope":null,"Path_Width":null,"Operation":2,"Speed_Lim":999,"Op_Dir_SL":999,"Speed_Reg":35,"T_Exc_Type":null,"T_Exc_Time":null,"Trk_Permit":null,"Trk_Netwrk":null,"Truck_Rte":null,"ROW_Width":52,"Toll_Road":null,"MHS":null,"City":272,"Mun_Type":2,"County":11,"Hwy_Dist":2,"RPA":"FRCOG","RTA":"FRTA","MPO":5,"St_Name":"LEVERETT ROAD","City_Maint":272,"Length":0.14266319999999999,"created_user":"RH","created_date":1785555425000,"last_edited_user":"RH","last_edited_date":1785555425000,"Record_ID":"122745.911319.SE.22.3871","GlobalID":"{54B9D4D2-9A4B-4AFA-912F-53DFE1D47C13}","Local_Priority":1,"Oneway":null,"SHAPE.STLength()":228.07542863245263}},{"type":"Feature","id":434587,"geometry":{"type":"LineString","coordinates":[[-72.437758452835013,42.448550603625087],[-72.437710519317037,42.448559960142028],[-72.437537631327771,42.448602443608642],[-72.437369439597191,42.448654453524505],[-72.437207587195942,42.448717106432461],[-72.43704872123736,42.448783109186763],[-72.436897587934453,42.4488580510505],[-72.436800453339345,42.448910611043061],[-72.436750229630221,42.448937465376169],[-72.436602873220252,42.449017442189366],[-72.436455509244823,42.449096851673318],[-72.43630708778862,42.449175148670776],[-72.436158761834861,42.449254008292527],[-72.436010433184578,42.449332300542984],[-72.435862004559155,42.449410597911879],[-72.435712907192723,42.449488337822316],[-72.435562166519929,42.44956439919541],[-72.435411525158727,42.449640459560172],[-72.435259140904861,42.449714847590045],[-72.435102114921477,42.449783086148329],[-72.434942771220818,42.449849088919095],[-72.434780898947707,42.449911175819096],[-72.434616207726037,42.449968781997136],[-72.434446068588258,42.450017425405136],[-72.434273276400532,42.450060470325838],[-72.434097134246301,42.450095097217535],[-72.43391870771292,42.450122989113055],[-72.433739768852206,42.45014863590221],[-72.433558705734967,42.450165297400417],[-72.433377203816946,42.450178020598656],[-72.433195475383499,42.450188499964902],[-72.433013880943506,42.45020122333905],[-72.43283237881252,42.450213945678577],[-72.432650783077122,42.450226672991079],[-72.432469374397698,42.450239394000526],[-72.432287773653783,42.45025212077995],[-72.432157786763597,42.450261230726205],[-72.432106271230253,42.450264841975077],[-72.432048404318977,42.450267839269799]]},"properties":{"OBJECTID":434587,"route_id":"N3871 EB","from_measure":2.6667388999999999,"to_measure":2.9912394999999998,"Route_System":"N","Route_Number":"3871","Route_Direction":"EB","Rd_Seg_ID":null,"Facility":1,"Mile_Count":1,"Urban_Area":"0","Urban_Type":5,"F_F_Class":5,"Jurisdictn":"2","NHS":0,"Fd_Aid_Rd":3,"Control":0,"Num_Lanes":2,"Opp_Lanes":0,"Surface_Tp":6,"Surface_Wd":22,"Shldr_Lt_W":0,"Shldr_Lt_T":0,"Shldr_Rt_W":2,"Shldr_Rt_T":1,"Shldr_UL_W":0,"Shldr_UL_T":0,"Med_Width":0,"Med_Type":0,"Curb":0,"Lt_Sidewlk":0,"Rt_Sidewlk":0,"Pd_Sf_Type":null,"Pd_Fc_Type":null,"Cr_Slope":null,"Path_Width":null,"Operation":2,"Speed_Lim":999,"Op_Dir_SL":999,"Speed_Reg":35,"T_Exc_Type":null,"T_Exc_Time":null,"Trk_Permit":null,"Trk_Netwrk":null,"Truck_Rte":null,"ROW_Width":52,"Toll_Road":null,"MHS":null,"City":272,"Mun_Type":2,"County":11,"Hwy_Dist":2,"RPA":"FRCOG","RTA":"FRTA","MPO":5,"St_Name":"LEVERETT ROAD","City_Maint":272,"Length":0.32450059999999997,"created_user":"RH","created_date":1785555425000,"last_edited_user":"RH","last_edited_date":1785555425000,"Record_ID":"123072.911446.NE.51.3871","GlobalID":"{BCA3AFD4-6E7D-4D15-A566-932327440614}","Local_Priority":1,"Oneway":null,"SHAPE.STLength()":518.77849896485213}},{"type":"Feature","id":434588,"geometry":{"type":"LineString","coordinates":[[-72.432048404318977,42.450267839269799],[-72.431977487090776,42.450271512038796],[-72.431924439376886,42.450274191176526],[-72.431742281349969,42.4502812937477],[-72.431625711839487,42.450285610216262],[-72.43156022287809,42.450288389823299],[-72.431517381884404,42.450290060694321]]},"properties":{"OBJECTID":434588,"route_id":"N3871 EB","from_measure":2.9912394999999998,"to_measure":3.0186079000000001,"Route_System":"N","Route_Number":"3871","Route_Direction":"EB","Rd_Seg_ID":null,"Facility":1,"Mile_Count":1,"Urban_Area":"0","Urban_Type":5,"F_F_Class":5,"Jurisdictn":"2","NHS":0,"Fd_Aid_Rd":3,"Control":0,"Num_Lanes":2,"Opp_Lanes":0,"Surface_Tp":6,"Surface_Wd":22,"Shldr_Lt_W":0,"Shldr_Lt_T":0,"Shldr_Rt_W":2,"Shldr_Rt_T":1,"Shldr_UL_W":0,"Shldr_UL_T":0,"Med_Width":0,"Med_Type":0,"Curb":0,"Lt_Sidewlk":0,"Rt_Sidewlk":0,"Pd_Sf_Type":null,"Pd_Fc_Type":null,"Cr_Slope":null,"Path_Width":null,"Operation":2,"Speed_Lim":999,"Op_Dir_SL":999,"Speed_Reg":35,"T_Exc_Type":null,"T_Exc_Time":null,"Trk_Permit":null,"Trk_Netwrk":null,"Truck_Rte":null,"ROW_Width":52,"Toll_Road":null,"MHS":null,"City":272,"Mun_Type":2,"County":11,"Hwy_Dist":2,"RPA":"FRCOG","RTA":"FRTA","MPO":5,"St_Name":"LEVERETT ROAD","City_Maint":272,"Length":0.027368400000000001,"created_user":"RH","created_date":1785555425000,"last_edited_user":"RH","last_edited_date":1785555425000,"Record_ID":"123351.911501.NE.43.3871","GlobalID":"{75C2774C-CF0D-46EE-A939-3D3FEB834B5D}","Local_Priority":1,"Oneway":null,"SHAPE.STLength()":43.753784092703505}},{"type":"Feature","id":434589,"geometry":{"type":"LineString","coordinates":[[-72.431517381884404,42.450290060694321],[-72.431378158353937,42.450295490161288],[-72.431196006281951,42.450302591819352],[-72.431013839732131,42.450309126108941],[-72.430831673210946,42.450315664611423],[-72.430649598038158,42.450321639391881],[-72.43046743259238,42.450328172807389],[-72.430285263751216,42.450334147768061],[-72.430103182329404,42.45034011723277],[-72.429920903268439,42.450344968016211],[-72.429876655521184,42.450345887970251],[-72.429738703351973,42.450349250675053],[-72.429556411094637,42.450353538292347],[-72.429472205037612,42.450355905081096],[-72.42937412580892,42.450358383758463],[-72.429191931894493,42.450362665503334],[-72.429009664386214,42.450368640140987],[-72.428827690680308,42.450375168513524],[-72.42864552374246,42.450381703558222],[-72.428463238371791,42.450386552083714],[-72.428280937598842,42.450390271452818],[-72.428098743518362,42.450394551468328],[-72.427916441485323,42.450398270270313],[-72.427734148962841,42.450402555003436],[-72.427551846885223,42.450406273228289],[-72.427369528265501,42.4504088659072],[-72.427159662870764,42.450411117364197],[-72.427061713451835,42.450412262364445]]},"properties":{"OBJECTID":434589,"route_id":"N3871 EB","from_measure":3.0186079000000001,"to_measure":3.2480471999999998,"Route_System":"N","Route_Number":"3871","Route_Direction":"EB","Rd_Seg_ID":null,"Facility":1,"Mile_Count":1,"Urban_Area":"0","Urban_Type":5,"F_F_Class":5,"Jurisdictn":"2","NHS":0,"Fd_Aid_Rd":3,"Control":0,"Num_Lanes":2,"Opp_Lanes":0,"Surface_Tp":6,"Surface_Wd":22,"Shldr_Lt_W":0,"Shldr_Lt_T":0,"Shldr_Rt_W":2,"Shldr_Rt_T":1,"Shldr_UL_W":0,"Shldr_UL_T":0,"Med_Width":0,"Med_Type":0,"Curb":0,"Lt_Sidewlk":0,"Rt_Sidewlk":0,"Pd_Sf_Type":null,"Pd_Fc_Type":null,"Cr_Slope":null,"Path_Width":null,"Operation":2,"Speed_Lim":999,"Op_Dir_SL":999,"Speed_Reg":35,"T_Exc_Type":null,"T_Exc_Time":null,"Trk_Permit":null,"Trk_Netwrk":null,"Truck_Rte":null,"ROW_Width":52,"Toll_Road":null,"MHS":null,"City":272,"Mun_Type":2,"County":11,"Hwy_Dist":2,"RPA":"FRCOG","RTA":"FRTA","MPO":5,"St_Name":"LEVERETT ROAD","City_Maint":272,"Length":0.22943930000000001,"created_user":"RH","created_date":1785555425000,"last_edited_user":"RH","last_edited_date":1785555425000,"Record_ID":"123556.911508.NE.36.3871","GlobalID":"{E2559113-7EB3-4443-9E6C-F4CE70DA08A3}","Local_Priority":1,"Oneway":null,"SHAPE.STLength()":366.80417051348826}},{"type":"Feature","id":434590,"geometry":{"type":"LineString","coordinates":[[-72.427061713451835,42.450412262364445],[-72.427005068969564,42.450412924476616],[-72.426822761404139,42.450409892850381],[-72.426640443360341,42.4504057311281],[-72.426458119276006,42.450401570066354],[-72.426275894957499,42.45039741241537],[-72.426093656257009,42.45039268649488],[-72.425911517272908,42.450387960384923],[-72.425729259993901,42.450381547753089],[-72.425646212167919,42.450378840878592],[-72.425551939872037,42.450375311231589]]},"properties":{"OBJECTID":434590,"route_id":"N3871 EB","from_measure":3.2480471999999998,"to_measure":3.3257818000000001,"Route_System":"N","Route_Number":"3871","Route_Direction":"EB","Rd_Seg_ID":null,"Facility":1,"Mile_Count":1,"Urban_Area":"0","Urban_Type":5,"F_F_Class":5,"Jurisdictn":"2","NHS":0,"Fd_Aid_Rd":3,"Control":0,"Num_Lanes":2,"Opp_Lanes":0,"Surface_Tp":6,"Surface_Wd":22,"Shldr_Lt_W":0,"Shldr_Lt_T":0,"Shldr_Rt_W":2,"Shldr_Rt_T":1,"Shldr_UL_W":0,"Shldr_UL_T":0,"Med_Width":0,"Med_Type":0,"Curb":0,"Lt_Sidewlk":0,"Rt_Sidewlk":0,"Pd_Sf_Type":null,"Pd_Fc_Type":null,"Cr_Slope":null,"Path_Width":null,"Operation":2,"Speed_Lim":999,"Op_Dir_SL":999,"Speed_Reg":35,"T_Exc_Type":null,"T_Exc_Time":null,"Trk_Permit":null,"Trk_Netwrk":null,"Truck_Rte":null,"ROW_Width":52,"Toll_Road":null,"MHS":null,"City":272,"Mun_Type":2,"County":11,"Hwy_Dist":2,"RPA":"FRCOG","RTA":"FRTA","MPO":5,"St_Name":"LEVERETT ROAD","City_Maint":272,"Length":0.077734600000000001,"created_user":"RH","created_date":1785555425000,"last_edited_user":"RH","last_edited_date":1785555425000,"Record_ID":"123802.911510.SE.12.3871","GlobalID":"{5697CC38-7499-4AA9-B430-E80E8BADFF44}","Local_Priority":1,"Oneway":null,"SHAPE.STLength()":124.27421931522223}},{"type":"Feature","id":434591,"geometry":{"type":"LineString","coordinates":[[-72.425551939872037,42.450375311231589],[-72.42554718994802,42.4503751333284],[-72.425365026341012,42.450368719367944],[-72.425182727209688,42.450366246874388],[-72.42500043411772,42.450363770442571],[-72.424798067297331,42.450360790481071],[-72.424705673885896,42.450360951639581]]},"properties":{"OBJECTID":434591,"route_id":"N3871 EB","from_measure":3.3257818000000001,"to_measure":3.3693430000000002,"Route_System":"N","Route_Number":"3871","Route_Direction":"EB","Rd_Seg_ID":null,"Facility":1,"Mile_Count":1,"Urban_Area":"0","Urban_Type":5,"F_F_Class":5,"Jurisdictn":"2","NHS":0,"Fd_Aid_Rd":3,"Control":0,"Num_Lanes":2,"Opp_Lanes":0,"Surface_Tp":6,"Surface_Wd":20,"Shldr_Lt_W":0,"Shldr_Lt_T":0,"Shldr_Rt_W":2,"Shldr_Rt_T":1,"Shldr_UL_W":0,"Shldr_UL_T":0,"Med_Width":0,"Med_Type":0,"Curb":0,"Lt_Sidewlk":0,"Rt_Sidewlk":0,"Pd_Sf_Type":null,"Pd_Fc_Type":null,"Cr_Slope":null,"Path_Width":null,"Operation":2,"Speed_Lim":999,"Op_Dir_SL":999,"Speed_Reg":35,"T_Exc_Type":null,"T_Exc_Time":null,"Trk_Permit":null,"Trk_Netwrk":null,"Truck_Rte":null,"ROW_Width":52,"Toll_Road":null,"MHS":null,"City":272,"Mun_Type":2,"County":11,"Hwy_Dist":2,"RPA":"FRCOG","RTA":"FRTA","MPO":5,"St_Name":"LEVERETT ROAD","City_Maint":272,"Length":0.043561200000000001,"created_user":"RH","created_date":1785555425000,"last_edited_user":"RH","last_edited_date":1785555425000,"Record_ID":"123899.911505.SE.69.3871","GlobalID":"{486181AA-D089-452F-BFDB-2058C676F1E3}","Local_Priority":1,"Oneway":null,"SHAPE.STLength()":69.641172506179259}},{"type":"Feature","id":434592,"geometry":{"type":"LineString","coordinates":[[-72.424705673885896,42.450360951639581],[-72.424635870072791,42.450361073618289],[-72.424453339525158,42.45036197259666],[-72.424271240146581,42.450366250297591],[-72.424089056248391,42.450371649276931],[-72.423906778773599,42.450377052319816],[-72.423724727439975,42.450384703139648],[-72.4235431058638,42.450395724594188],[-72.423361913731938,42.450410679382571],[-72.423297973173135,42.450415955544379]]},"properties":{"OBJECTID":434592,"route_id":"N3871 EB","from_measure":3.3693430000000002,"to_measure":3.4419214,"Route_System":"N","Route_Number":"3871","Route_Direction":"EB","Rd_Seg_ID":null,"Facility":1,"Mile_Count":1,"Urban_Area":"0","Urban_Type":5,"F_F_Class":5,"Jurisdictn":"2","NHS":0,"Fd_Aid_Rd":3,"Control":0,"Num_Lanes":2,"Opp_Lanes":0,"Surface_Tp":6,"Surface_Wd":20,"Shldr_Lt_W":0,"Shldr_Lt_T":0,"Shldr_Rt_W":2,"Shldr_Rt_T":1,"Shldr_UL_W":0,"Shldr_UL_T":0,"Med_Width":0,"Med_Type":0,"Curb":0,"Lt_Sidewlk":0,"Rt_Sidewlk":0,"Pd_Sf_Type":null,"Pd_Fc_Type":null,"Cr_Slope":null,"Path_Width":null,"Operation":2,"Speed_Lim":999,"Op_Dir_SL":999,"Speed_Reg":35,"T_Exc_Type":null,"T_Exc_Time":null,"Trk_Permit":null,"Trk_Netwrk":null,"Truck_Rte":null,"ROW_Width":52,"Toll_Road":null,"MHS":null,"City":272,"Mun_Type":2,"County":11,"Hwy_Dist":2,"RPA":"FRCOG","RTA":"FRTA","MPO":5,"St_Name":"LEVERETT ROAD","City_Maint":272,"Length":0.072578400000000001,"created_user":"RH","created_date":1785555425000,"last_edited_user":"RH","last_edited_date":1785555425000,"Record_ID":"123992.911505.NE.11.3871","GlobalID":"{6B7DB9B9-C44F-49F9-B21A-2CDC9FF106A5}","Local_Priority":1,"Oneway":null,"SHAPE.STLength()":116.03091133747073}},{"type":"Feature","id":434593,"geometry":{"type":"LineString","coordinates":[[-72.423297973173135,42.450415955544379],[-72.423180635262057,42.450425638178451],[-72.422999754547803,42.45044228158531],[-72.422820219252969,42.450466228960295],[-72.42264067560383,42.450489613426242],[-72.422568722133548,42.450498630246393],[-72.422388876157328,42.450520887748986],[-72.422209028904575,42.450543149481454],[-72.422133639277035,42.450552967810843],[-72.422048870063577,42.450564008179839]]},"properties":{"OBJECTID":434593,"route_id":"N3871 EB","from_measure":3.4419214,"to_measure":3.5070296999999999,"Route_System":"N","Route_Number":"3871","Route_Direction":"EB","Rd_Seg_ID":null,"Facility":1,"Mile_Count":1,"Urban_Area":"0","Urban_Type":5,"F_F_Class":5,"Jurisdictn":"2","NHS":0,"Fd_Aid_Rd":3,"Control":0,"Num_Lanes":2,"Opp_Lanes":0,"Surface_Tp":6,"Surface_Wd":20,"Shldr_Lt_W":0,"Shldr_Lt_T":0,"Shldr_Rt_W":2,"Shldr_Rt_T":1,"Shldr_UL_W":0,"Shldr_UL_T":0,"Med_Width":0,"Med_Type":0,"Curb":0,"Lt_Sidewlk":0,"Rt_Sidewlk":0,"Pd_Sf_Type":null,"Pd_Fc_Type":null,"Cr_Slope":null,"Path_Width":null,"Operation":2,"Speed_Lim":999,"Op_Dir_SL":999,"Speed_Reg":35,"T_Exc_Type":null,"T_Exc_Time":null,"Trk_Permit":null,"Trk_Netwrk":null,"Truck_Rte":null,"ROW_Width":52,"Toll_Road":null,"MHS":null,"City":272,"Mun_Type":2,"County":11,"Hwy_Dist":2,"RPA":"FRCOG","RTA":"FRTA","MPO":5,"St_Name":"LEVERETT ROAD","City_Maint":272,"Length":0.065108299999999994,"created_user":"RH","created_date":1785555425000,"last_edited_user":"RH","last_edited_date":1785555425000,"Record_ID":"124101.911516.NE.10.3871","GlobalID":"{F0D4D968-9124-4AC3-A6F3-1BBC82A3679D}","Local_Priority":1,"Oneway":null,"SHAPE.STLength()":104.08850456357274}},{"type":"Feature","id":434594,"geometry":{"type":"LineString","coordinates":[[-72.422048870063577,42.450564008179839],[-72.422029484810565,42.450566532994152],[-72.421850144137096,42.450591035485637],[-72.42167080337704,42.450615541298539],[-72.42149146735332,42.450640047693298],[-72.421311512777777,42.450661746182348],[-72.421131670756537,42.450684001682028],[-72.420951715945336,42.450705700508848],[-72.420772272724093,42.450729643941465],[-72.420593029613343,42.450754147288158],[-72.420413696100951,42.450779213771725],[-72.420234360274776,42.45080371369739],[-72.420180593797355,42.450809771129578],[-72.420100236541217,42.450819364920683]]},"properties":{"OBJECTID":434594,"route_id":"N3871 EB","from_measure":3.5070296999999999,"to_measure":3.6088602000000001,"Route_System":"N","Route_Number":"3871","Route_Direction":"EB","Rd_Seg_ID":null,"Facility":1,"Mile_Count":1,"Urban_Area":"0","Urban_Type":5,"F_F_Class":5,"Jurisdictn":"2","NHS":0,"Fd_Aid_Rd":3,"Control":0,"Num_Lanes":2,"Opp_Lanes":0,"Surface_Tp":6,"Surface_Wd":20,"Shldr_Lt_W":0,"Shldr_Lt_T":0,"Shldr_Rt_W":2,"Shldr_Rt_T":1,"Shldr_UL_W":0,"Shldr_UL_T":0,"Med_Width":0,"Med_Type":0,"Curb":0,"Lt_Sidewlk":0,"Rt_Sidewlk":0,"Pd_Sf_Type":null,"Pd_Fc_Type":null,"Cr_Slope":null,"Path_Width":null,"Operation":2,"Speed_Lim":999,"Op_Dir_SL":999,"Speed_Reg":35,"T_Exc_Type":null,"T_Exc_Time":null,"Trk_Permit":null,"Trk_Netwrk":null,"Truck_Rte":null,"ROW_Width":52,"Toll_Road":null,"MHS":null,"City":272,"Mun_Type":2,"County":11,"Hwy_Dist":2,"RPA":"FRCOG","RTA":"FRTA","MPO":5,"St_Name":"LEVERETT ROAD","City_Maint":272,"Length":0.1018305,"created_user":"RH","created_date":1785555425000,"last_edited_user":"RH","last_edited_date":1785555425000,"Record_ID":"124233.911537.NE.16.3871","GlobalID":"{4A1B7BDE-95B6-4237-81B0-3182B724BA70}","Local_Priority":1,"Oneway":null,"SHAPE.STLength()":162.79627097184351}},{"type":"Feature","id":434595,"geometry":{"type":"LineString","coordinates":[[-72.420100236541217,42.450819364920683],[-72.420054301804811,42.450824849249855],[-72.419874041994888,42.450844856237033],[-72.419693789112856,42.450865430081976],[-72.419514451547101,42.450889928895869],[-72.419335202631331,42.450914430322889],[-72.419155866068493,42.450938933069445],[-72.418976530245715,42.450963997323861],[-72.418912764243188,42.450971890456245],[-72.418796781421364,42.4509862529206],[-72.418616721884547,42.451007381723635],[-72.418437276921296,42.451031321516574],[-72.418257939665182,42.451055821964118],[-72.418078494428357,42.451079761197811],[-72.417898847616172,42.451103139963067],[-72.417718895284409,42.451124828296535],[-72.417538952282825,42.451147083469415],[-72.417359186900882,42.451168769749316],[-72.417179655572966,42.451193270956757],[-72.417000209536937,42.451217208509632],[-72.416820669765585,42.45124114652787],[-72.416641215227372,42.451264516390808],[-72.416461667022119,42.45128789121982],[-72.416282033246205,42.451311829142824],[-72.416102578373085,42.451335202667153],[-72.415923037926234,42.451359139285444],[-72.415743684477235,42.451383069634275],[-72.415564236142359,42.451407004958433],[-72.41538489064061,42.451431501878709],[-72.415205449325612,42.451455436585647],[-72.415026001796804,42.451479371061133],[-72.414846554066827,42.451503300755881],[-72.414667308531918,42.451528357553578],[-72.414488162532606,42.451553413280713],[-72.41430892400686,42.451578469462461],[-72.414129777736377,42.451603525532072],[-72.413950826638739,42.451629140666448],[-72.413771889626332,42.451655319004075],[-72.413592751049691,42.451680935967175],[-72.413075318083358,42.451760442930464],[-72.412608892145514,42.451822951583821]]},"properties":{"OBJECTID":434595,"route_id":"N3871 EB","from_measure":3.6088602000000001,"to_measure":4.0006101000000003,"Route_System":"N","Route_Number":"3871","Route_Direction":"EB","Rd_Seg_ID":null,"Facility":1,"Mile_Count":1,"Urban_Area":"0","Urban_Type":5,"F_F_Class":5,"Jurisdictn":"2","NHS":0,"Fd_Aid_Rd":3,"Control":0,"Num_Lanes":2,"Opp_Lanes":0,"Surface_Tp":6,"Surface_Wd":20,"Shldr_Lt_W":0,"Shldr_Lt_T":0,"Shldr_Rt_W":2,"Shldr_Rt_T":1,"Shldr_UL_W":0,"Shldr_UL_T":0,"Med_Width":0,"Med_Type":0,"Curb":0,"Lt_Sidewlk":0,"Rt_Sidewlk":0,"Pd_Sf_Type":null,"Pd_Fc_Type":null,"Cr_Slope":null,"Path_Width":null,"Operation":2,"Speed_Lim":999,"Op_Dir_SL":999,"Speed_Reg":35,"T_Exc_Type":null,"T_Exc_Time":null,"Trk_Permit":null,"Trk_Netwrk":null,"Truck_Rte":null,"ROW_Width":52,"Toll_Road":null,"MHS":null,"City":272,"Mun_Type":2,"County":11,"Hwy_Dist":2,"RPA":"FRCOG","RTA":"FRTA","MPO":5,"St_Name":"LEVERETT ROAD","City_Maint":272,"Length":0.39174989999999998,"created_user":"RH","created_date":1785555425000,"last_edited_user":"RH","last_edited_date":1785555425000,"Record_ID":"124622.911601.NE.62.3871","GlobalID":"{C22A0E88-BAD4-4912-AD1E-B5B9C47C8704}","Local_Priority":1,"Oneway":null,"SHAPE.STLength()":626.28981933371961}},{"type":"Feature","id":434596,"geometry":{"type":"LineString","coordinates":[[-72.412608892145514,42.451822951583821],[-72.412593377887916,42.451825030887903],[-72.412218636266601,42.451874141380792],[-72.4121877061757,42.451877626569953],[-72.412148849944529,42.451882571805477],[-72.41212635800585,42.45188545266469]]},"properties":{"OBJECTID":434596,"route_id":"N3871 EB","from_measure":4.0006101000000003,"to_measure":4.0258158999999996,"Route_System":"N","Route_Number":"3871","Route_Direction":"EB","Rd_Seg_ID":null,"Facility":1,"Mile_Count":1,"Urban_Area":"0","Urban_Type":5,"F_F_Class":5,"Jurisdictn":"2","NHS":0,"Fd_Aid_Rd":3,"Control":0,"Num_Lanes":2,"Opp_Lanes":0,"Surface_Tp":6,"Surface_Wd":20,"Shldr_Lt_W":0,"Shldr_Lt_T":0,"Shldr_Rt_W":2,"Shldr_Rt_T":1,"Shldr_UL_W":0,"Shldr_UL_T":0,"Med_Width":0,"Med_Type":0,"Curb":0,"Lt_Sidewlk":0,"Rt_Sidewlk":0,"Pd_Sf_Type":null,"Pd_Fc_Type":null,"Cr_Slope":null,"Path_Width":null,"Operation":2,"Speed_Lim":999,"Op_Dir_SL":999,"Speed_Reg":30,"T_Exc_Type":null,"T_Exc_Time":null,"Trk_Permit":null,"Trk_Netwrk":null,"Truck_Rte":null,"ROW_Width":52,"Toll_Road":null,"MHS":null,"City":272,"Mun_Type":2,"County":11,"Hwy_Dist":2,"RPA":"FRCOG","RTA":"FRTA","MPO":5,"St_Name":"LEVERETT ROAD","City_Maint":272,"Length":0.0252058,"created_user":"RH","created_date":1785555425000,"last_edited_user":"RH","last_edited_date":1785555425000,"Record_ID":"124950.911659.NE.40.3871","GlobalID":"{55BB0266-6C44-4C48-AE9D-999F8ACF56A0}","Local_Priority":1,"Oneway":null,"SHAPE.STLength()":40.296518333562886}},{"type":"Feature","id":434597,"geometry":{"type":"LineString","coordinates":[[-72.41212635800585,42.45188545266469],[-72.411975549671808,42.451904765640897],[-72.411763553446377,42.451930639915382],[-72.411716247280808,42.451936642238103],[-72.41159620230043,42.451950531705258],[-72.41147586030543,42.451963303411574],[-72.411355520223879,42.451976632268519],[-72.411235272946698,42.451989402973098],[-72.411193077771117,42.451994235654077],[-72.411073141233985,42.452009252705061],[-72.410953405212808,42.452024268044731],[-72.410833669954314,42.45203984594712],[-72.410740474604154,42.452051835000226],[-72.410620646855804,42.452067413411648],[-72.410500911433459,42.452082990967966],[-72.410382593670391,42.452097989998329],[-72.410262857316766,42.452113004619719],[-72.410142920346047,42.452128021601858],[-72.410031131383448,42.452141281496203]]},"properties":{"OBJECTID":434597,"route_id":"N3871 EB","from_measure":4.0258158999999996,"to_measure":4.1350853000000001,"Route_System":"N","Route_Number":"3871","Route_Direction":"EB","Rd_Seg_ID":null,"Facility":1,"Mile_Count":1,"Urban_Area":"0","Urban_Type":5,"F_F_Class":5,"Jurisdictn":"2","NHS":0,"Fd_Aid_Rd":3,"Control":0,"Num_Lanes":2,"Opp_Lanes":0,"Surface_Tp":6,"Surface_Wd":20,"Shldr_Lt_W":0,"Shldr_Lt_T":0,"Shldr_Rt_W":2,"Shldr_Rt_T":1,"Shldr_UL_W":0,"Shldr_UL_T":0,"Med_Width":0,"Med_Type":0,"Curb":0,"Lt_Sidewlk":0,"Rt_Sidewlk":0,"Pd_Sf_Type":null,"Pd_Fc_Type":null,"Cr_Slope":null,"Path_Width":null,"Operation":2,"Speed_Lim":999,"Op_Dir_SL":999,"Speed_Reg":30,"T_Exc_Type":null,"T_Exc_Time":null,"Trk_Permit":null,"Trk_Netwrk":null,"Truck_Rte":null,"ROW_Width":52,"Toll_Road":null,"MHS":null,"City":272,"Mun_Type":2,"County":11,"Hwy_Dist":2,"RPA":"FRCOG","RTA":"FRTA","MPO":5,"St_Name":"LEVERETT ROAD","City_Maint":272,"Length":0.1092694,"created_user":"RH","created_date":1785555425000,"last_edited_user":"RH","last_edited_date":1785555425000,"Record_ID":"125057.911675.NE.17.3871","GlobalID":"{9C6D8BAF-E8D1-47DA-BBBA-C89F80ADF785}","Local_Priority":1,"Oneway":null,"SHAPE.STLength()":174.68878589693051}},{"type":"Feature","id":434598,"geometry":{"type":"LineString","coordinates":[[-72.410031131383448,42.452141281496203],[-72.409974592336297,42.452147179591456]]},"properties":{"OBJECTID":434598,"route_id":"N3871 EB","from_measure":4.1350853000000001,"to_measure":4.1380232000000001,"Route_System":"N","Route_Number":"3871","Route_Direction":"EB","Rd_Seg_ID":null,"Facility":1,"Mile_Count":1,"Urban_Area":"0","Urban_Type":5,"F_F_Class":5,"Jurisdictn":"2","NHS":0,"Fd_Aid_Rd":3,"Control":0,"Num_Lanes":2,"Opp_Lanes":0,"Surface_Tp":6,"Surface_Wd":20,"Shldr_Lt_W":0,"Shldr_Lt_T":0,"Shldr_Rt_W":2,"Shldr_Rt_T":1,"Shldr_UL_W":0,"Shldr_UL_T":0,"Med_Width":0,"Med_Type":0,"Curb":0,"Lt_Sidewlk":0,"Rt_Sidewlk":0,"Pd_Sf_Type":null,"Pd_Fc_Type":null,"Cr_Slope":null,"Path_Width":null,"Operation":2,"Speed_Lim":999,"Op_Dir_SL":999,"Speed_Reg":30,"T_Exc_Type":null,"T_Exc_Time":null,"Trk_Permit":null,"Trk_Netwrk":null,"Truck_Rte":null,"ROW_Width":52,"Toll_Road":null,"MHS":null,"City":272,"Mun_Type":2,"County":11,"Hwy_Dist":2,"RPA":"FRCOG","RTA":"FRTA","MPO":5,"St_Name":"COOLEYVILLE ROAD","City_Maint":272,"Length":0.0029378999999999998,"created_user":"RH","created_date":1785555425000,"last_edited_user":"RH","last_edited_date":1785555425000,"Record_ID":"125145.911689.NE.46.3871","GlobalID":"{07AC846D-6BCD-4C6A-A67B-BA8581DDA113}","Local_Priority":1,"Oneway":null,"SHAPE.STLength()":4.6967933752721125}},{"type":"Feature","id":434599,"geometry":{"type":"LineString","coordinates":[[-72.409974592336297,42.452147179591456],[-72.409914390922893,42.452153460414443],[-72.409794043261101,42.452166225000056],[-72.409673499108109,42.452178433719588],[-72.409553251041913,42.452191198166403],[-72.409504788051592,42.452196084225854],[-72.40938435472529,42.452209411752079],[-72.409264198991963,42.452222179668645],[-72.409162734992208,42.452233670024128],[-72.409023724378244,42.452249398190851],[-72.408939606119276,42.452258502471814],[-72.408819480553731,42.452272956865315],[-72.408699527885474,42.452286841673484],[-72.408579503905401,42.452301857707866],[-72.408488011211844,42.452313268805931],[-72.408368266706276,42.452328281514497],[-72.40824862383522,42.452343855990215],[-72.408128902686784,42.452359993651903],[-72.408008956638696,42.452374444880945],[-72.407990753758256,42.452376838259788],[-72.407870619598938,42.452390724532442],[-72.407750269921252,42.452403491492419],[-72.407630019822463,42.452416253940257],[-72.40750958574543,42.452429584006502],[-72.407475353045115,42.452433228094122],[-72.407355102898805,42.452445994755898],[-72.407234754162516,42.452458756666431],[-72.407114611678566,42.452472084921688],[-72.407029741162901,42.452481755520672],[-72.406909702259199,42.452496207232329],[-72.406789863365631,42.452511214535285],[-72.406669924017621,42.452525664311906],[-72.406556042861595,42.452538942692598],[-72.406435792250718,42.452551702992963],[-72.406315247928674,42.452563908187109],[-72.406194795881405,42.452576108027067],[-72.406074251401634,42.452588308467845],[-72.405953242139489,42.452601079632885],[-72.405833200707406,42.452614963043423],[-72.405713454998931,42.452629972990849],[-72.405593525234579,42.452645546953811],[-72.405555125590993,42.452650352220019],[-72.405435287298786,42.452665358103459],[-72.405315354196802,42.452680369108492],[-72.405195515868101,42.452695380143638],[-72.405102030828857,42.452706804199899],[-72.404982099552271,42.452722377535466],[-72.40486236073157,42.452737386540377],[-72.404742413232483,42.452751835266561],[-72.404703448137226,42.452756640187914],[-72.404583306519456,42.452770527579332],[-72.404463156727687,42.452783847714308],[-72.404343015005225,42.452797734854983],[-72.404222677907313,42.452811056208922],[-72.404188252808737,42.452814705328173],[-72.404068102849621,42.45282802505092],[-72.403947765700437,42.452841350618591],[-72.403817284074321,42.452856443746477],[-72.403775514366856,42.452861265859696]]},"properties":{"OBJECTID":434599,"route_id":"N3871 EB","from_measure":4.1380232000000001,"to_measure":4.4608471999999999,"Route_System":"N","Route_Number":"3871","Route_Direction":"EB","Rd_Seg_ID":null,"Facility":1,"Mile_Count":1,"Urban_Area":"0","Urban_Type":5,"F_F_Class":5,"Jurisdictn":"2","NHS":0,"Fd_Aid_Rd":3,"Control":0,"Num_Lanes":2,"Opp_Lanes":0,"Surface_Tp":6,"Surface_Wd":22,"Shldr_Lt_W":0,"Shldr_Lt_T":0,"Shldr_Rt_W":2,"Shldr_Rt_T":1,"Shldr_UL_W":0,"Shldr_UL_T":0,"Med_Width":0,"Med_Type":0,"Curb":0,"Lt_Sidewlk":0,"Rt_Sidewlk":0,"Pd_Sf_Type":null,"Pd_Fc_Type":null,"Cr_Slope":null,"Path_Width":null,"Operation":2,"Speed_Lim":999,"Op_Dir_SL":999,"Speed_Reg":30,"T_Exc_Type":null,"T_Exc_Time":null,"Trk_Permit":null,"Trk_Netwrk":null,"Truck_Rte":null,"ROW_Width":60,"Toll_Road":null,"MHS":null,"City":272,"Mun_Type":2,"County":11,"Hwy_Dist":2,"RPA":"FRCOG","RTA":"FRTA","MPO":5,"St_Name":"COOLEYVILLE ROAD","City_Maint":272,"Length":0.322824,"created_user":"RH","created_date":1785555425000,"last_edited_user":"RH","last_edited_date":1785555425000,"Record_ID":"125403.911726.NE.51.3871","GlobalID":"{A33BEF9E-6CE3-4429-A6E5-D0C6698E8449}","Local_Priority":1,"Oneway":null,"SHAPE.STLength()":516.09809528474523}},{"type":"Feature","id":434600,"geometry":{"type":"LineString","coordinates":[[-72.403775514366856,42.452861265859696],[-72.403707481692948,42.452869119197892],[-72.403627832398385,42.452878747213845],[-72.403508092959484,42.45289375481029],[-72.403388254536992,42.452909325751286],[-72.40326861541574,42.452924895004031],[-72.403148986234442,42.452941588540007],[-72.403043571737939,42.452955916127671],[-72.402924345089048,42.452973731659412],[-72.402805312455115,42.452992111840686],[-72.402686279687572,42.453010487397854],[-72.40256693707515,42.453027178080518],[-72.402547501168144,42.45302958025804],[-72.402427574727014,42.45304515088484],[-72.402307348441781,42.453060161042174],[-72.402186909991386,42.453072918362025],[-72.402066028718238,42.453081742873415],[-72.402038884307643,42.453083080852032],[-72.401917433699282,42.453085156449461],[-72.401870880261242,42.453084396501957]]},"properties":{"OBJECTID":434600,"route_id":"N3871 EB","from_measure":4.4608471999999999,"to_measure":4.5602080000000003,"Route_System":"N","Route_Number":"3871","Route_Direction":"EB","Rd_Seg_ID":null,"Facility":1,"Mile_Count":1,"Urban_Area":"0","Urban_Type":5,"F_F_Class":5,"Jurisdictn":"2","NHS":0,"Fd_Aid_Rd":3,"Control":0,"Num_Lanes":2,"Opp_Lanes":0,"Surface_Tp":5,"Surface_Wd":22,"Shldr_Lt_W":0,"Shldr_Lt_T":0,"Shldr_Rt_W":2,"Shldr_Rt_T":1,"Shldr_UL_W":0,"Shldr_UL_T":0,"Med_Width":0,"Med_Type":0,"Curb":0,"Lt_Sidewlk":0,"Rt_Sidewlk":0,"Pd_Sf_Type":null,"Pd_Fc_Type":null,"Cr_Slope":null,"Path_Width":null,"Operation":2,"Speed_Lim":999,"Op_Dir_SL":999,"Speed_Reg":30,"T_Exc_Type":null,"T_Exc_Time":null,"Trk_Permit":null,"Trk_Netwrk":null,"Truck_Rte":null,"ROW_Width":60,"Toll_Road":null,"MHS":null,"City":272,"Mun_Type":2,"County":11,"Hwy_Dist":2,"RPA":"FRCOG","RTA":"FRTA","MPO":5,"St_Name":"COOLEYVILLE ROAD","City_Maint":272,"Length":0.099360799999999999,"created_user":"RH","created_date":1785555425000,"last_edited_user":"RH","last_edited_date":1785555425000,"Record_ID":"125736.911777.NE.15.3871","GlobalID":"{4F52CBE6-43E6-406A-AD5F-E8405B5757D7}","Local_Priority":1,"Oneway":null,"SHAPE.STLength()":158.84797632846815}},{"type":"Feature","id":434601,"geometry":{"type":"LineString","coordinates":[[-72.401870880261242,42.453084396501957],[-72.40183330664874,42.453082975621385]]},"properties":{"OBJECTID":434601,"route_id":"N3871 EB","from_measure":4.5602080000000003,"to_measure":4.5621438000000003,"Route_System":"N","Route_Number":"3871","Route_Direction":"EB","Rd_Seg_ID":null,"Facility":1,"Mile_Count":1,"Urban_Area":"0","Urban_Type":5,"F_F_Class":5,"Jurisdictn":"2","NHS":0,"Fd_Aid_Rd":3,"Control":0,"Num_Lanes":2,"Opp_Lanes":0,"Surface_Tp":5,"Surface_Wd":22,"Shldr_Lt_W":0,"Shldr_Lt_T":0,"Shldr_Rt_W":2,"Shldr_Rt_T":1,"Shldr_UL_W":0,"Shldr_UL_T":0,"Med_Width":0,"Med_Type":0,"Curb":0,"Lt_Sidewlk":0,"Rt_Sidewlk":0,"Pd_Sf_Type":null,"Pd_Fc_Type":null,"Cr_Slope":null,"Path_Width":null,"Operation":2,"Speed_Lim":999,"Op_Dir_SL":999,"Speed_Reg":30,"T_Exc_Type":null,"T_Exc_Time":null,"Trk_Permit":null,"Trk_Netwrk":null,"Truck_Rte":null,"ROW_Width":60,"Toll_Road":null,"MHS":null,"City":272,"Mun_Type":2,"County":11,"Hwy_Dist":2,"RPA":"FRCOG","RTA":"FRTA","MPO":5,"St_Name":"PRESCOTT ROAD","City_Maint":272,"Length":0.0019358000000000001,"created_user":"RH","created_date":1785555425000,"last_edited_user":"RH","last_edited_date":1785555425000,"Record_ID":"125817.911786.SE.30.3871","GlobalID":"{E2048E71-F074-4C8C-957E-CF6142771033}","Local_Priority":1,"Oneway":null,"SHAPE.STLength()":3.0947687247999651}},{"type":"Feature","id":434602,"geometry":{"type":"LineString","coordinates":[[-72.40183330664874,42.453082975621385],[-72.40167368964002,42.453076937312986],[-72.401564985113637,42.453067098901798],[-72.401445369665609,42.453051155261321],[-72.40132671817743,42.453029575222985],[-72.401210174090423,42.453002912535865],[-72.40114315210225,42.452985431661823],[-72.401030771182619,42.452950863021172],[-72.400920703896091,42.452911772829616],[-72.400814182891494,42.452868151453004],[-72.400755377227128,42.452841041212764],[-72.400655677974527,42.452789488637997],[-72.400559161365976,42.452735098528024],[-72.400464789303413,42.4526778808073],[-72.400371254726991,42.452619531076877],[-72.40033753001336,42.452598973269517],[-72.400245047156545,42.452540614315645],[-72.400154247809382,42.452481114043508],[-72.400063818008576,42.452420489927988],[-72.399984912845497,42.452368774274703],[-72.399932867290218,42.452335420270295],[-72.399908533557792,42.452319665032817]]},"properties":{"OBJECTID":434602,"route_id":"N3871 EB","from_measure":4.5621438000000003,"to_measure":4.6775501999999998,"Route_System":"N","Route_Number":"3871","Route_Direction":"EB","Rd_Seg_ID":null,"Facility":1,"Mile_Count":1,"Urban_Area":"0","Urban_Type":5,"F_F_Class":5,"Jurisdictn":"2","NHS":0,"Fd_Aid_Rd":3,"Control":0,"Num_Lanes":2,"Opp_Lanes":0,"Surface_Tp":5,"Surface_Wd":20,"Shldr_Lt_W":0,"Shldr_Lt_T":0,"Shldr_Rt_W":0,"Shldr_Rt_T":0,"Shldr_UL_W":0,"Shldr_UL_T":0,"Med_Width":0,"Med_Type":0,"Curb":0,"Lt_Sidewlk":0,"Rt_Sidewlk":0,"Pd_Sf_Type":null,"Pd_Fc_Type":null,"Cr_Slope":null,"Path_Width":null,"Operation":2,"Speed_Lim":999,"Op_Dir_SL":999,"Speed_Reg":30,"T_Exc_Type":null,"T_Exc_Time":null,"Trk_Permit":null,"Trk_Netwrk":null,"Truck_Rte":null,"ROW_Width":60,"Toll_Road":null,"MHS":null,"City":272,"Mun_Type":2,"County":11,"Hwy_Dist":2,"RPA":"FRCOG","RTA":"FRTA","MPO":5,"St_Name":"PRESCOTT ROAD","City_Maint":272,"Length":0.11540640000000001,"created_user":"RH","created_date":1785555425000,"last_edited_user":"RH","last_edited_date":1785555425000,"Record_ID":"125907.911758.SE.18.3871","GlobalID":"{1A75113C-4171-46CE-8979-D2530FBF5AE7}","Local_Priority":1,"Oneway":null,"SHAPE.STLength()":184.49991965973285}},{"type":"Feature","id":434603,"geometry":{"type":"LineString","coordinates":[[-72.399908533557792,42.452319665032817],[-72.399893368385449,42.452309845914833],[-72.399801817245475,42.452250351240586],[-72.399709800260212,42.452191426427305],[-72.399616941197948,42.452133629002809],[-72.399586370025219,42.452114738025259],[-72.39949303837335,42.452056947793956],[-72.399399224747697,42.451998594957018],[-72.399302238792131,42.451944208366271],[-72.399228610178881,42.451909335389217],[-72.399122371619356,42.451865710254125],[-72.399012198502803,42.451826056385265],[-72.398899441547812,42.451791488615463],[-72.39878457231633,42.451761998755437],[-72.398773708700688,42.451759271866962],[-72.398656370763277,42.451736554360785],[-72.398536068351163,42.451718920498671],[-72.398414622226682,42.451708054050798],[-72.398306387086322,42.451703832250125],[-72.398185016619252,42.451704778821728],[-72.398063060013698,42.451711357665651],[-72.397941560671683,42.451722994350725],[-72.397822133635145,42.451740243482845],[-72.397790862872313,42.451745553281924],[-72.397675172762632,42.451771775317567],[-72.397561764142367,42.451804732671405],[-72.39745022331951,42.451842178702101],[-72.397357313516309,42.451874414328948],[-72.397250013126481,42.451916325966671],[-72.397144952930347,42.451962157102358],[-72.397039016555098,42.452006312288013],[-72.397031743462776,42.452009180597862],[-72.396923381249763,42.452049975711006],[-72.396813569049627,42.452089094832957],[-72.396714365080385,42.452119129072535],[-72.396599978295882,42.452150401403841],[-72.396483654011192,42.452178881539545],[-72.396365807834471,42.452200615686102],[-72.396310443180553,42.452207799769482],[-72.396190151242408,42.452217738021524],[-72.396068145586312,42.452220941669069],[-72.395945796382193,42.452219639115476],[-72.395832890792107,42.452214893125607],[-72.395712140264507,42.452205701091628],[-72.395591429506638,42.452193137867681],[-72.395471344354007,42.452177191696727],[-72.395352343080276,42.452157857217621],[-72.395294824400594,42.45214705229143],[-72.395176024504266,42.45212827965851],[-72.395057216756825,42.452108947873128],[-72.394938501416448,42.452089611646315],[-72.394845097751912,42.452073457499559],[-72.394726846764001,42.452052992062377],[-72.394608859578682,42.452031404471754],[-72.394490600791073,42.452010377061278],[-72.39440872574302,42.45199694378816],[-72.394289469508919,42.45197930277471],[-72.394169942378014,42.451962788226268],[-72.394050237210976,42.451946832227001],[-72.393930618488127,42.451930880834702],[-72.393887596725691,42.451924466031073],[-72.393768526028268,42.451906255845905],[-72.39364972710213,42.451887486138659],[-72.393530649236766,42.451869274863796],[-72.393444218611648,42.451855881651838],[-72.393324785472274,42.451839360998726],[-72.39320508082902,42.451823409521872],[-72.393085462540583,42.451807456351091],[-72.392978301137248,42.451791969168063],[-72.392858860363717,42.4517748908019],[-72.392739224489077,42.451757250231637],[-72.392620511734833,42.451737911604603],[-72.392503625077694,42.45171349717284],[-72.392500293705027,42.451712960295602],[-72.392385248352369,42.451684028134572],[-72.392271936761503,42.451650020895464],[-72.392161592140141,42.451611486321433],[-72.392094167355879,42.45158499664479],[-72.391989707710508,42.451539105822519],[-72.391888406451727,42.451488120813316],[-72.391792635303617,42.451432030463536],[-72.391741724702371,42.451398102209353],[-72.391657703636,42.451333480383042],[-72.391579419949949,42.451264311640884],[-72.391505458244296,42.45119229682858],[-72.391443206356044,42.451128631723627],[-72.391377363548855,42.451053176032033],[-72.391316615807668,42.450974868309657],[-72.391254444272832,42.450897138766862],[-72.391214323736563,42.450853556506274],[-72.391141501931884,42.45078153353942],[-72.391064529808901,42.450711228913953],[-72.390983235540887,42.450644336530381],[-72.390931682028395,42.45060534685922],[-72.390842023431063,42.450544705097158],[-72.390808723805165,42.45052485157693],[-72.390802433154661,42.450521100931851]]},"properties":{"OBJECTID":434603,"route_id":"N3871 EB","from_measure":4.6775501999999998,"to_measure":5.2055714999999996,"Route_System":"N","Route_Number":"3871","Route_Direction":"EB","Rd_Seg_ID":null,"Facility":1,"Mile_Count":1,"Urban_Area":"0","Urban_Type":5,"F_F_Class":5,"Jurisdictn":"2","NHS":0,"Fd_Aid_Rd":3,"Control":0,"Num_Lanes":2,"Opp_Lanes":0,"Surface_Tp":5,"Surface_Wd":20,"Shldr_Lt_W":0,"Shldr_Lt_T":0,"Shldr_Rt_W":0,"Shldr_Rt_T":0,"Shldr_UL_W":0,"Shldr_UL_T":0,"Med_Width":0,"Med_Type":0,"Curb":0,"Lt_Sidewlk":0,"Rt_Sidewlk":0,"Pd_Sf_Type":null,"Pd_Fc_Type":null,"Cr_Slope":null,"Path_Width":null,"Operation":2,"Speed_Lim":999,"Op_Dir_SL":999,"Speed_Reg":30,"T_Exc_Type":null,"T_Exc_Time":null,"Trk_Permit":null,"Trk_Netwrk":null,"Truck_Rte":null,"ROW_Width":60,"Toll_Road":null,"MHS":null,"City":272,"Mun_Type":2,"County":11,"Hwy_Dist":2,"RPA":"FRCOG","RTA":"FRTA","MPO":5,"St_Name":"PRESCOTT ROAD","City_Maint":272,"Length":0.52802130000000003,"created_user":"RH","created_date":1785555425000,"last_edited_user":"RH","last_edited_date":1785555425000,"Record_ID":"126367.911674.SE.84.3871","GlobalID":"{5A15893A-CC9E-411A-98D6-E5831033BD84}","Local_Priority":1,"Oneway":null,"SHAPE.STLength()":844.14666804487445}},{"type":"Feature","id":434604,"geometry":{"type":"LineString","coordinates":[[-72.390802433154661,42.450521100931851],[-72.390747006449999,42.450488046257206],[-72.390649091258723,42.450434221414355],[-72.390614162782356,42.450415924463066],[-72.390513717748433,42.450364930731475],[-72.390411226676761,42.450316769795471],[-72.390307706212781,42.45026974031105],[-72.390234193974777,42.450235986108872],[-72.390130386915274,42.450188959581709],[-72.390026016612154,42.450142499106626],[-72.389921932131656,42.450096037229351],[-72.389818877332758,42.450048441918085],[-72.389773357338314,42.450026284994578],[-72.389673478281509,42.449974728871958],[-72.389575186177638,42.449921468726615],[-72.389477467968646,42.449868203165458],[-72.389378804928299,42.449815512912608],[-72.389302471589446,42.449776712970646],[-72.389199968397591,42.449727988365154],[-72.389095885207723,42.44968152573658],[-72.388990964678712,42.449636193962867],[-72.388919331352682,42.449604717508947]]},"properties":{"OBJECTID":434604,"route_id":"N3871 EB","from_measure":5.2055714999999996,"to_measure":5.3216096000000004,"Route_System":"N","Route_Number":"3871","Route_Direction":"EB","Rd_Seg_ID":null,"Facility":1,"Mile_Count":1,"Urban_Area":"0","Urban_Type":5,"F_F_Class":5,"Jurisdictn":"2","NHS":0,"Fd_Aid_Rd":3,"Control":0,"Num_Lanes":2,"Opp_Lanes":0,"Surface_Tp":6,"Surface_Wd":22,"Shldr_Lt_W":0,"Shldr_Lt_T":0,"Shldr_Rt_W":2,"Shldr_Rt_T":1,"Shldr_UL_W":0,"Shldr_UL_T":0,"Med_Width":0,"Med_Type":0,"Curb":0,"Lt_Sidewlk":0,"Rt_Sidewlk":0,"Pd_Sf_Type":null,"Pd_Fc_Type":null,"Cr_Slope":null,"Path_Width":null,"Operation":2,"Speed_Lim":999,"Op_Dir_SL":999,"Speed_Reg":30,"T_Exc_Type":null,"T_Exc_Time":null,"Trk_Permit":null,"Trk_Netwrk":null,"Truck_Rte":null,"ROW_Width":60,"Toll_Road":null,"MHS":null,"City":272,"Mun_Type":2,"County":11,"Hwy_Dist":2,"RPA":"FRCOG","RTA":"FRTA","MPO":5,"St_Name":"PRESCOTT ROAD","City_Maint":272,"Length":0.11603810000000001,"created_user":"RH","created_date":1785555425000,"last_edited_user":"RH","last_edited_date":1785555425000,"Record_ID":"126800.911441.SE.18.3871","GlobalID":"{E62CB456-0115-4F7F-98BD-EA10F3715B4F}","Local_Priority":1,"Oneway":null,"SHAPE.STLength()":185.50994265662857}},{"type":"Feature","id":434605,"geometry":{"type":"LineString","coordinates":[[-72.388919331352682,42.449604717508947],[-72.388886510447193,42.449590295802686],[-72.388781179315274,42.449542717138051],[-72.388677290010804,42.449496252637523],[-72.388573385638523,42.449449224567239],[-72.388557912780357,42.449442591632938],[-72.388459528911426,42.44938933575159],[-72.388352721593876,42.449345142440656],[-72.388309963876438,42.449330278640033],[-72.388196403453279,42.449298518309952],[-72.388185061794047,42.449295794114612],[-72.388079120052311,42.449272415303319],[-72.387997542793727,42.449242626509303],[-72.387982498661216,42.449238118521102],[-72.387971050616542,42.449223414724287],[-72.38793480928426,42.44917449140187]]},"properties":{"OBJECTID":434605,"route_id":"N3871 EB","from_measure":5.3216096000000004,"to_measure":5.3814691000000003,"Route_System":"N","Route_Number":"3871","Route_Direction":"EB","Rd_Seg_ID":null,"Facility":1,"Mile_Count":1,"Urban_Area":"0","Urban_Type":5,"F_F_Class":5,"Jurisdictn":"2","NHS":0,"Fd_Aid_Rd":3,"Control":0,"Num_Lanes":2,"Opp_Lanes":0,"Surface_Tp":6,"Surface_Wd":22,"Shldr_Lt_W":0,"Shldr_Lt_T":0,"Shldr_Rt_W":2,"Shldr_Rt_T":1,"Shldr_UL_W":0,"Shldr_UL_T":0,"Med_Width":0,"Med_Type":0,"Curb":0,"Lt_Sidewlk":0,"Rt_Sidewlk":0,"Pd_Sf_Type":null,"Pd_Fc_Type":null,"Cr_Slope":null,"Path_Width":null,"Operation":2,"Speed_Lim":999,"Op_Dir_SL":999,"Speed_Reg":25,"T_Exc_Type":null,"T_Exc_Time":null,"Trk_Permit":null,"Trk_Netwrk":null,"Truck_Rte":null,"ROW_Width":60,"Toll_Road":null,"MHS":null,"City":272,"Mun_Type":2,"County":11,"Hwy_Dist":2,"RPA":"FRCOG","RTA":"FRTA","MPO":5,"St_Name":"PRESCOTT ROAD","City_Maint":272,"Length":0.059859500000000003,"created_user":"RH","created_date":1785555425000,"last_edited_user":"RH","last_edited_date":1785555425000,"Record_ID":"126916.911363.SE.95.3871","GlobalID":"{8CA3A6CE-C61F-4BCD-BE28-8D3ABD420655}","Local_Priority":1,"Oneway":null,"SHAPE.STLength()":95.697312760488927}},{"type":"Feature","id":434606,"geometry":{"type":"LineString","coordinates":[[-72.410031131383448,42.452141281496203],[-72.410041225475609,42.452189030705689],[-72.410047826015315,42.452238499200362],[-72.410060224266829,42.452327868634882],[-72.410084427634217,42.452498172676592],[-72.410095156081539,42.452570112693245],[-72.410105441268698,42.452638119155303]]},"properties":{"OBJECTID":434606,"route_id":"N3872 NB","from_measure":0,"to_measure":0.034761300000000002,"Route_System":"N","Route_Number":"3872","Route_Direction":"NB","Rd_Seg_ID":null,"Facility":1,"Mile_Count":1,"Urban_Area":"0","Urban_Type":5,"F_F_Class":5,"Jurisdictn":"2","NHS":0,"Fd_Aid_Rd":3,"Control":0,"Num_Lanes":2,"Opp_Lanes":0,"Surface_Tp":6,"Surface_Wd":20,"Shldr_Lt_W":0,"Shldr_Lt_T":0,"Shldr_Rt_W":2,"Shldr_Rt_T":1,"Shldr_UL_W":0,"Shldr_UL_T":0,"Med_Width":0,"Med_Type":0,"Curb":0,"Lt_Sidewlk":0,"Rt_Sidewlk":0,"Pd_Sf_Type":null,"Pd_Fc_Type":null,"Cr_Slope":null,"Path_Width":null,"Operation":2,"Speed_Lim":999,"Op_Dir_SL":999,"Speed_Reg":35,"T_Exc_Type":null,"T_Exc_Time":null,"Trk_Permit":null,"Trk_Netwrk":null,"Truck_Rte":null,"ROW_Width":42,"Toll_Road":null,"MHS":null,"City":272,"Mun_Type":2,"County":11,"Hwy_Dist":2,"RPA":"FRCOG","RTA":"FRTA","MPO":5,"St_Name":"WENDELL ROAD","City_Maint":272,"Length":0.034761300000000002,"created_user":"RH","created_date":1785555425000,"last_edited_user":"RH","last_edited_date":1785555425000,"Record_ID":"125140.911716.NW.55.3872","GlobalID":"{7CDBA376-C69D-41B7-B50D-3E0BBD9A3443}","Local_Priority":1,"Oneway":null,"SHAPE.STLength()":55.532229901266248}},{"type":"Feature","id":434607,"geometry":{"type":"LineString","coordinates":[[-72.410105441268698,42.452638119155303],[-72.41010860797968,42.452660035583747],[-72.410122239103345,42.45274940066323],[-72.410132338295938,42.452817404088499],[-72.410145881885455,42.452906764452017],[-72.410159325833064,42.452996125599675],[-72.410172863485855,42.45308549050506],[-72.410177056278144,42.453112464863999]]},"properties":{"OBJECTID":434607,"route_id":"N3872 NB","from_measure":0.034761300000000002,"to_measure":0.067948900000000007,"Route_System":"N","Route_Number":"3872","Route_Direction":"NB","Rd_Seg_ID":null,"Facility":1,"Mile_Count":1,"Urban_Area":"0","Urban_Type":5,"F_F_Class":5,"Jurisdictn":"2","NHS":0,"Fd_Aid_Rd":3,"Control":0,"Num_Lanes":2,"Opp_Lanes":0,"Surface_Tp":6,"Surface_Wd":20,"Shldr_Lt_W":0,"Shldr_Lt_T":0,"Shldr_Rt_W":2,"Shldr_Rt_T":1,"Shldr_UL_W":0,"Shldr_UL_T":0,"Med_Width":0,"Med_Type":0,"Curb":0,"Lt_Sidewlk":0,"Rt_Sidewlk":0,"Pd_Sf_Type":null,"Pd_Fc_Type":null,"Cr_Slope":null,"Path_Width":null,"Operation":2,"Speed_Lim":999,"Op_Dir_SL":999,"Speed_Reg":35,"T_Exc_Type":null,"T_Exc_Time":null,"Trk_Permit":null,"Trk_Netwrk":null,"Truck_Rte":null,"ROW_Width":42,"Toll_Road":null,"MHS":null,"City":272,"Mun_Type":2,"County":11,"Hwy_Dist":2,"RPA":"FRCOG","RTA":"FRTA","MPO":5,"St_Name":"WENDELL ROAD","City_Maint":272,"Length":0.033187599999999998,"created_user":"RH","created_date":1785555425000,"last_edited_user":"RH","last_edited_date":1785555425000,"Record_ID":"125135.911770.NW.53.3872","GlobalID":"{6D666D60-3E34-493F-8127-DBB16D8F267B}","Local_Priority":1,"Oneway":null,"SHAPE.STLength()":53.018299842879408}},{"type":"Feature","id":434608,"geometry":{"type":"LineString","coordinates":[[-72.410177056278144,42.453112464863999],[-72.410185233267057,42.45316585793762],[-72.410199150200484,42.453255215337904],[-72.410213074467023,42.453344572676798],[-72.410214950220634,42.453356372617513],[-72.410228873381058,42.453445734462868],[-72.410242983721744,42.453535090324067],[-72.410257095318087,42.453624446171858],[-72.410259692819267,42.45364018106244],[-72.410274879370647,42.453731995258977]]},"properties":{"OBJECTID":434608,"route_id":"N3872 NB","from_measure":0.067948900000000007,"to_measure":0.1113196,"Route_System":"N","Route_Number":"3872","Route_Direction":"NB","Rd_Seg_ID":null,"Facility":1,"Mile_Count":1,"Urban_Area":"0","Urban_Type":5,"F_F_Class":5,"Jurisdictn":"2","NHS":0,"Fd_Aid_Rd":3,"Control":0,"Num_Lanes":2,"Opp_Lanes":0,"Surface_Tp":6,"Surface_Wd":20,"Shldr_Lt_W":0,"Shldr_Lt_T":0,"Shldr_Rt_W":2,"Shldr_Rt_T":1,"Shldr_UL_W":0,"Shldr_UL_T":0,"Med_Width":0,"Med_Type":0,"Curb":0,"Lt_Sidewlk":0,"Rt_Sidewlk":0,"Pd_Sf_Type":null,"Pd_Fc_Type":null,"Cr_Slope":null,"Path_Width":null,"Operation":2,"Speed_Lim":999,"Op_Dir_SL":999,"Speed_Reg":35,"T_Exc_Type":null,"T_Exc_Time":null,"Trk_Permit":null,"Trk_Netwrk":null,"Truck_Rte":null,"ROW_Width":42,"Toll_Road":null,"MHS":null,"City":272,"Mun_Type":2,"County":11,"Hwy_Dist":2,"RPA":"FRCOG","RTA":"FRTA","MPO":5,"St_Name":"WENDELL ROAD","City_Maint":272,"Length":0.043370699999999998,"created_user":"RH","created_date":1785555425000,"last_edited_user":"RH","last_edited_date":1785555425000,"Record_ID":"125128.911831.NW.69.3872","GlobalID":"{31EE07D7-8C18-42E8-BB0A-81BDAAAE41D8}","Local_Priority":1,"Oneway":null,"SHAPE.STLength()":69.286051877002805}},{"type":"Feature","id":434609,"geometry":{"type":"LineString","coordinates":[[-72.410274879370647,42.453731995258977],[-72.410289339646056,42.453818881495103],[-72.410303923048502,42.453908234503302],[-72.410317561998738,42.453997598573714],[-72.410320293652774,42.45401614406817],[-72.410332506646881,42.454105514903333],[-72.410344145895749,42.45419489027023],[-72.410355421367044,42.454284835704414],[-72.410366488115699,42.454374215590491],[-72.410375582980308,42.454445043977152],[-72.410386663973526,42.454534986438951],[-72.410397732025828,42.454624366306732],[-72.410408247794123,42.454714312330196],[-72.410413210926819,42.454755916011912],[-72.410424006350922,42.454845860721129],[-72.410433941525596,42.454935249533932],[-72.410442078381379,42.455025215252284],[-72.410448320979313,42.45509856002559],[-72.41044895074387,42.45510581244114]]},"properties":{"OBJECTID":434609,"route_id":"N3872 NB","from_measure":0.1113196,"to_measure":0.20727490000000001,"Route_System":"N","Route_Number":"3872","Route_Direction":"NB","Rd_Seg_ID":null,"Facility":1,"Mile_Count":1,"Urban_Area":"0","Urban_Type":5,"F_F_Class":5,"Jurisdictn":"2","NHS":0,"Fd_Aid_Rd":3,"Control":0,"Num_Lanes":2,"Opp_Lanes":0,"Surface_Tp":6,"Surface_Wd":20,"Shldr_Lt_W":0,"Shldr_Lt_T":0,"Shldr_Rt_W":2,"Shldr_Rt_T":1,"Shldr_UL_W":0,"Shldr_UL_T":0,"Med_Width":0,"Med_Type":0,"Curb":0,"Lt_Sidewlk":0,"Rt_Sidewlk":0,"Pd_Sf_Type":null,"Pd_Fc_Type":null,"Cr_Slope":null,"Path_Width":null,"Operation":2,"Speed_Lim":999,"Op_Dir_SL":999,"Speed_Reg":35,"T_Exc_Type":null,"T_Exc_Time":null,"Trk_Permit":null,"Trk_Netwrk":null,"Truck_Rte":null,"ROW_Width":42,"Toll_Road":null,"MHS":null,"City":272,"Mun_Type":2,"County":11,"Hwy_Dist":2,"RPA":"FRCOG","RTA":"FRTA","MPO":5,"St_Name":"WENDELL ROAD","City_Maint":272,"Length":0.095955299999999993,"created_user":"RH","created_date":1785555425000,"last_edited_user":"RH","last_edited_date":1785555425000,"Record_ID":"125117.911942.NW.15.3872","GlobalID":"{61563F49-EBFC-42C0-9E82-3B40B8BD8989}","Local_Priority":1,"Oneway":null,"SHAPE.STLength()":153.29178671004351}},{"type":"Feature","id":434610,"geometry":{"type":"LineString","coordinates":[[-72.41044895074387,42.45510581244114],[-72.410454741793899,42.455172543508503],[-72.410459363034249,42.455262537010206],[-72.410456762467589,42.455352024902083],[-72.410443234252426,42.455434845949831],[-72.41041886320393,42.455523381432265],[-72.41039239425389,42.455611370795609],[-72.410373282208553,42.455675668886499],[-72.410345101474732,42.455763671764146],[-72.410315297345562,42.455850562976423],[-72.410296234522363,42.455905295776184],[-72.41026452652055,42.455992202017676],[-72.410231098658002,42.456078559145915],[-72.410208975886036,42.456145129963915],[-72.410179171389473,42.456232021132635],[-72.410150035030796,42.45631946970466],[-72.410122145461244,42.456407470208035],[-72.410108175074853,42.4564531551366],[-72.410081610492313,42.456541146057262],[-72.410057044403786,42.45662912027894],[-72.41003551826816,42.456717633168068],[-72.410028758378047,42.456749197388262],[-72.410011243105799,42.456838803066695],[-72.409997332362522,42.45692838476436],[-72.409988363291959,42.457017922915838],[-72.409986128571774,42.457060704340527],[-72.409985621481241,42.45715073742889],[-72.409988822332593,42.457240746623249],[-72.409994009574447,42.4573307356209],[-72.409995136559317,42.457349293785214],[-72.410001183317206,42.457439275989792],[-72.410010266973572,42.457529238700822],[-72.410025896327724,42.457618582500317],[-72.410030852376536,42.457639360282705],[-72.41005614298453,42.457726940567483],[-72.410087422223754,42.457814473528863],[-72.410123519397686,42.457900281233826],[-72.410132162405546,42.457919909894734],[-72.410174783129094,42.45800397435675],[-72.410221764382328,42.458086884360469],[-72.410270728933327,42.458169212376895],[-72.410311880072101,42.458236407612873],[-72.410364068180158,42.458318151921326],[-72.410416907165853,42.458399323866665],[-72.410469371846503,42.458480498745786],[-72.410494833469173,42.458520248679207],[-72.410547486786896,42.458601422030739],[-72.410599478887647,42.458682600584837],[-72.410649297895205,42.458764926182162],[-72.410691408743773,42.458839429598335],[-72.410735927826295,42.458922920643879],[-72.41078254758115,42.459020459680616]]},"properties":{"OBJECTID":434610,"route_id":"N3872 NB","from_measure":0.20727490000000001,"to_measure":0.490012,"Route_System":"N","Route_Number":"3872","Route_Direction":"NB","Rd_Seg_ID":null,"Facility":1,"Mile_Count":1,"Urban_Area":"0","Urban_Type":5,"F_F_Class":5,"Jurisdictn":"2","NHS":0,"Fd_Aid_Rd":3,"Control":0,"Num_Lanes":2,"Opp_Lanes":0,"Surface_Tp":5,"Surface_Wd":20,"Shldr_Lt_W":0,"Shldr_Lt_T":0,"Shldr_Rt_W":0,"Shldr_Rt_T":0,"Shldr_UL_W":0,"Shldr_UL_T":0,"Med_Width":0,"Med_Type":0,"Curb":0,"Lt_Sidewlk":0,"Rt_Sidewlk":0,"Pd_Sf_Type":null,"Pd_Fc_Type":null,"Cr_Slope":null,"Path_Width":null,"Operation":2,"Speed_Lim":999,"Op_Dir_SL":999,"Speed_Reg":35,"T_Exc_Type":null,"T_Exc_Time":null,"Trk_Permit":null,"Trk_Netwrk":null,"Truck_Rte":null,"ROW_Width":42,"Toll_Road":null,"MHS":null,"City":272,"Mun_Type":2,"County":11,"Hwy_Dist":2,"RPA":"FRCOG","RTA":"FRTA","MPO":5,"St_Name":"WENDELL ROAD","City_Maint":272,"Length":0.28273710000000002,"created_user":"RH","created_date":1785555425000,"last_edited_user":"RH","last_edited_date":1785555425000,"Record_ID":"125152.912234.NW.45.3872","GlobalID":"{634ADD67-53EC-4378-95A4-1412E7A6230C}","Local_Priority":1,"Oneway":null,"SHAPE.STLength()":451.68161699060732}},{"type":"Feature","id":434611,"geometry":{"type":"LineString","coordinates":[[-72.41078254758115,42.459020459680616],[-72.410835640697343,42.459158461390572],[-72.410837474146192,42.459166886384168],[-72.410852811277252,42.459255670565057],[-72.410863228787534,42.459345618130079],[-72.410871368090696,42.459435587308896],[-72.410876248388632,42.459504194530695],[-72.410880582824902,42.459593628399546],[-72.410884167625312,42.459684196280627],[-72.410888594468602,42.459773628514235],[-72.41089568219256,42.459863602396652],[-72.410901411349059,42.459918139182022],[-72.410912301950361,42.460008082087441],[-72.410924896267247,42.460097450624893],[-72.410939009143789,42.460186810751402],[-72.410954354767682,42.460276156624076],[-72.410970236831915,42.460356496068933],[-72.410990323165123,42.460445241749447],[-72.41101145632139,42.460533979145822],[-72.411032209017691,42.46062272044616],[-72.411032822259713,42.460625531759959],[-72.411052623075705,42.46071428058336],[-72.411072144309088,42.460803030712768],[-72.411091766112207,42.460892342734404],[-72.411112039205094,42.460980525114934],[-72.411132979404613,42.461069264005921],[-72.411149129846507,42.461134970384599],[-72.411173000281281,42.46122706584422],[-72.411195378046855,42.461311857201814],[-72.411218874421621,42.461400013159015],[-72.411242378169661,42.461488169951984],[-72.41125333001591,42.461529721658501],[-72.411276734166492,42.461617879230204],[-72.41130033047564,42.461706035275476],[-72.41132393617228,42.461794753032308],[-72.411347153289185,42.461882912065001],[-72.411367567455926,42.461961528396728],[-72.411390405369815,42.462049690418034],[-72.411413157838567,42.46213841490146],[-72.411435896185253,42.462226577698573],[-72.411458733074511,42.462314739709981],[-72.411468498529601,42.462352926423108],[-72.411491429126286,42.46244108768451],[-72.411514369110279,42.4625298106576],[-72.411537299835203,42.462617971905836],[-72.411560325456321,42.462706132397138],[-72.411568286583716,42.462737580168842],[-72.411591404692601,42.462825739920035],[-72.411614538269475,42.462914461334698],[-72.411637656507679,42.463002621072619],[-72.411660966907718,42.463090779283704],[-72.411677560104891,42.463154232190135],[-72.411700972343368,42.463242951376564],[-72.411724383832777,42.463331108770696],[-72.41174778809274,42.46341926621588],[-72.411770916027663,42.463507987633839],[-72.411793753913017,42.463596154051068],[-72.411808654784053,42.463654555197387],[-72.411831029083189,42.463743282564508],[-72.411853016827337,42.463832013885948],[-72.411874716857142,42.46392018388665],[-72.411896324171465,42.464008918208187],[-72.411918193291257,42.464095400583375],[-72.411940434514037,42.464181880007246],[-72.411941033562201,42.464184124232894],[-72.411963408247942,42.464272852462543],[-72.41198387777726,42.464361594868635],[-72.412001502330114,42.464450360693085],[-72.412003051262886,42.464459355105362],[-72.412017555256085,42.46454927011446],[-72.412030244433311,42.464638636795897],[-72.412040764207177,42.464728583341781],[-72.412048712563106,42.464818553844601],[-72.41205398885657,42.464907979207126],[-72.412054627394213,42.464925417605087],[-72.412055827801211,42.465015437026608],[-72.412054089528141,42.465105480612628],[-72.412050260059274,42.465195545254417],[-72.412045384884991,42.465285613671355],[-72.412040130338568,42.465375684189105],[-72.412036712296754,42.4654347966081],[-72.412031364118008,42.46552486876346],[-72.412025249935581,42.465614946980715],[-72.412018003773596,42.465705034157104],[-72.412009322048178,42.465794570003951],[-72.411998743621965,42.465884125364894],[-72.411990205890504,42.465944398286823],[-72.411975148508176,42.466033422806468],[-72.411967734303175,42.466072307239614],[-72.411958005863085,42.466122462928972],[-72.411939250944314,42.466211516709691],[-72.411919636406182,42.466300580890795],[-72.411898547975142,42.466386274279927],[-72.411874841024911,42.466474803649461],[-72.411850173881618,42.466562779720526],[-72.411826280768537,42.466651310548549],[-72.411819256367039,42.466678378953311],[-72.411796215496466,42.46676690302629],[-72.411773167666567,42.466854865355771],[-72.411750406332459,42.466943388102436],[-72.411728318532965,42.467031905511625],[-72.411707076926618,42.467120416217391],[-72.411686866904873,42.467201041069366],[-72.41166297332137,42.467289571848987],[-72.411640792482032,42.467378652659576],[-72.411624029574,42.467467689690068],[-72.411616225022513,42.467558910195422],[-72.411618267057108,42.467647799313781],[-72.411626502077937,42.46773776390706],[-72.411639192558255,42.467827130549047],[-72.411654455514878,42.467917038622176],[-72.411670384906515,42.468006946819543],[-72.411685160775505,42.468096296948453],[-72.411697106066555,42.468173288459504],[-72.411711981781465,42.468262642293205],[-72.411727995562828,42.468351982615054],[-72.411744962661984,42.46844131538834],[-72.411763054927349,42.468530077461388],[-72.411767456781575,42.46856492769642],[-72.411779488280189,42.468654866715276],[-72.41179217916131,42.468744233319434],[-72.411805822140963,42.46883359238489],[-72.411809463310931,42.46885550943383],[-72.411825184744202,42.468944290253553],[-72.411841679147003,42.469033626742608],[-72.411857387086997,42.469128035475961]]},"properties":{"OBJECTID":434611,"route_id":"N3872 NB","from_measure":0.490012,"to_measure":1.2011566,"Route_System":"N","Route_Number":"3872","Route_Direction":"NB","Rd_Seg_ID":null,"Facility":1,"Mile_Count":1,"Urban_Area":"0","Urban_Type":5,"F_F_Class":5,"Jurisdictn":"2","NHS":0,"Fd_Aid_Rd":3,"Control":0,"Num_Lanes":2,"Opp_Lanes":0,"Surface_Tp":5,"Surface_Wd":20,"Shldr_Lt_W":0,"Shldr_Lt_T":0,"Shldr_Rt_W":0,"Shldr_Rt_T":0,"Shldr_UL_W":0,"Shldr_UL_T":0,"Med_Width":0,"Med_Type":0,"Curb":0,"Lt_Sidewlk":0,"Rt_Sidewlk":0,"Pd_Sf_Type":null,"Pd_Fc_Type":null,"Cr_Slope":null,"Path_Width":null,"Operation":2,"Speed_Lim":999,"Op_Dir_SL":999,"Speed_Reg":35,"T_Exc_Type":null,"T_Exc_Time":null,"Trk_Permit":null,"Trk_Netwrk":null,"Truck_Rte":null,"ROW_Width":42,"Toll_Road":null,"MHS":null,"City":272,"Mun_Type":2,"County":11,"Hwy_Dist":2,"RPA":"FRCOG","RTA":"FRTA","MPO":5,"St_Name":"WENDELL ROAD","City_Maint":272,"Length":0.71114460000000002,"created_user":"RH","created_date":1785555425000,"last_edited_user":"RH","last_edited_date":1785555425000,"Record_ID":"125003.913009.NW.11.3872","GlobalID":"{6833BD78-E533-4713-84E6-12B99363BBA4}","Local_Priority":1,"Oneway":null,"SHAPE.STLength()":1136.0765664335763}},{"type":"Feature","id":434612,"geometry":{"type":"LineString","coordinates":[[-72.411857387086997,42.469128035475961],[-72.411861958834919,42.469161759875526],[-72.411870667382033,42.469251719772416],[-72.411883737881126,42.469341083350002],[-72.411897329916201,42.469400623754012],[-72.411921877208613,42.46948877199911],[-72.411952588907823,42.469575746959279],[-72.411987355767451,42.469661001735034],[-72.412020648611644,42.469736137022799],[-72.412025166151921,42.469746228804283],[-72.412066014097789,42.469831435413859],[-72.412110256949831,42.469914924355265],[-72.412113764359333,42.469921087091635],[-72.412161322436148,42.470003991575666],[-72.412211917160207,42.47008630480245],[-72.412265905670424,42.470166904859667],[-72.412323860658816,42.470245785407016],[-72.412385557472447,42.470320695652021],[-72.412415679104868,42.47035422218039],[-72.412453522701597,42.470395560719496],[-72.412523750451797,42.470469277942051],[-72.412551821510874,42.470498317345694]]},"properties":{"OBJECTID":434612,"route_id":"N3872 NB","from_measure":1.2011566,"to_measure":1.3043372,"Route_System":"N","Route_Number":"3872","Route_Direction":"NB","Rd_Seg_ID":null,"Facility":1,"Mile_Count":1,"Urban_Area":"0","Urban_Type":5,"F_F_Class":5,"Jurisdictn":"2","NHS":0,"Fd_Aid_Rd":3,"Control":0,"Num_Lanes":2,"Opp_Lanes":0,"Surface_Tp":5,"Surface_Wd":20,"Shldr_Lt_W":0,"Shldr_Lt_T":0,"Shldr_Rt_W":0,"Shldr_Rt_T":0,"Shldr_UL_W":0,"Shldr_UL_T":0,"Med_Width":0,"Med_Type":0,"Curb":0,"Lt_Sidewlk":0,"Rt_Sidewlk":0,"Pd_Sf_Type":null,"Pd_Fc_Type":null,"Cr_Slope":null,"Path_Width":null,"Operation":2,"Speed_Lim":999,"Op_Dir_SL":999,"Speed_Reg":35,"T_Exc_Type":null,"T_Exc_Time":null,"Trk_Permit":null,"Trk_Netwrk":null,"Truck_Rte":null,"ROW_Width":42,"Toll_Road":null,"MHS":null,"City":272,"Mun_Type":2,"County":11,"Hwy_Dist":2,"RPA":"FRCOG","RTA":"FRTA","MPO":5,"St_Name":"WENDELL ROAD","City_Maint":272,"Length":0.1031806,"created_user":"RH","created_date":1785555425000,"last_edited_user":"RH","last_edited_date":1785555425000,"Record_ID":"124996.913658.NW.16.3872","GlobalID":"{E2B0D326-46B0-4BD9-8C6C-D452790EB1D1}","Local_Priority":1,"Oneway":null,"SHAPE.STLength()":164.83426204706302}},{"type":"Feature","id":434613,"geometry":{"type":"LineString","coordinates":[[-72.412551821510874,42.470498317345694],[-72.412593984458837,42.470542995972501],[-72.412610952242233,42.470560308596447],[-72.412682030701802,42.47063345719264],[-72.412754048420183,42.470706035612238],[-72.412825693019357,42.470778617843408],[-72.412865716129389,42.470819938978003],[-72.412937733055699,42.470892517289002],[-72.413008805413625,42.470965107541879],[-72.413076678381387,42.471039968470294],[-72.413079578593127,42.4710433198319],[-72.413143106028585,42.471119906835717],[-72.413203140238096,42.471198208666415],[-72.413259022148537,42.471278229653365],[-72.413317308013106,42.47140606120805],[-72.413375694665717,42.471534454623111],[-72.413422792940409,42.471664061986012],[-72.413446861939974,42.471797792554547],[-72.413470938337269,42.471931523055574],[-72.413494923265901,42.472065816964118],[-72.413518992506212,42.472199543002716],[-72.413542969511838,42.472333275165632],[-72.413566946606025,42.472467006418796],[-72.41359102557341,42.472601299546362],[-72.413615001589989,42.472735026288895],[-72.413639078713743,42.47286875762267],[-72.413648376165639,42.472920454167046],[-72.41366314984657,42.473002488094842],[-72.413689504740603,42.473136201347351],[-72.413716613589102,42.473269903208944],[-72.41374372991352,42.473403609502725],[-72.413770830927589,42.473536754117227],[-72.413798039832997,42.473670455155052],[-72.413825155285878,42.473804161425448],[-72.413852256643594,42.47393730600708],[-72.413879373554963,42.474071013146101],[-72.41390648320683,42.474204714930728],[-72.413933886099969,42.474338418880777],[-72.413959520592854,42.474435560145849]]},"properties":{"OBJECTID":434613,"route_id":"N3872 NB","from_measure":1.3043372,"to_measure":1.5925699,"Route_System":"N","Route_Number":"3872","Route_Direction":"NB","Rd_Seg_ID":null,"Facility":1,"Mile_Count":1,"Urban_Area":"0","Urban_Type":5,"F_F_Class":5,"Jurisdictn":"2","NHS":0,"Fd_Aid_Rd":3,"Control":0,"Num_Lanes":2,"Opp_Lanes":0,"Surface_Tp":5,"Surface_Wd":20,"Shldr_Lt_W":0,"Shldr_Lt_T":0,"Shldr_Rt_W":0,"Shldr_Rt_T":0,"Shldr_UL_W":0,"Shldr_UL_T":0,"Med_Width":0,"Med_Type":0,"Curb":0,"Lt_Sidewlk":0,"Rt_Sidewlk":0,"Pd_Sf_Type":null,"Pd_Fc_Type":null,"Cr_Slope":null,"Path_Width":null,"Operation":2,"Speed_Lim":999,"Op_Dir_SL":999,"Speed_Reg":35,"T_Exc_Type":null,"T_Exc_Time":null,"Trk_Permit":null,"Trk_Netwrk":null,"Truck_Rte":null,"ROW_Width":42,"Toll_Road":null,"MHS":null,"City":272,"Mun_Type":2,"County":11,"Hwy_Dist":2,"RPA":"FRCOG","RTA":"FRTA","MPO":5,"St_Name":"WENDELL ROAD","City_Maint":272,"Length":0.28823270000000001,"created_user":"RH","created_date":1785555425000,"last_edited_user":"RH","last_edited_date":1785555425000,"Record_ID":"124877.913946.NW.46.3872","GlobalID":"{79849007-BA0D-4691-9960-42FC013D77F7}","Local_Priority":1,"Oneway":null,"SHAPE.STLength()":460.46096890018208}},{"type":"Feature","id":434614,"geometry":{"type":"LineString","coordinates":[[-72.413959520592854,42.474435560145849],[-72.413968868124684,42.474470938216953],[-72.413981331817851,42.474518101771899],[-72.414003756596998,42.47460345377975],[-72.414038738915167,42.474735973085672],[-72.414073722531072,42.474868487865734],[-72.414108611508169,42.475001007884195],[-72.414143875171362,42.475133524915904],[-72.414181795127988,42.475265454565466],[-72.414219721375332,42.475397387750675],[-72.414257541920193,42.475529317257298],[-72.414295470564355,42.475661813982981],[-72.414332824462505,42.475793747161397],[-72.414367808130876,42.475926266326624],[-72.414402791880775,42.476058780975627],[-72.414433700469118,42.476191895145163],[-72.414460911987476,42.476325600435686],[-72.414483278826367,42.476459344167651],[-72.414494389688514,42.476531280371134],[-72.414503942839687,42.476593659595814],[-72.414524600925787,42.476727979564842]]},"properties":{"OBJECTID":434614,"route_id":"N3872 NB","from_measure":1.5925699,"to_measure":1.7546856,"Route_System":"N","Route_Number":"3872","Route_Direction":"NB","Rd_Seg_ID":null,"Facility":1,"Mile_Count":1,"Urban_Area":"0","Urban_Type":5,"F_F_Class":5,"Jurisdictn":"2","NHS":0,"Fd_Aid_Rd":3,"Control":0,"Num_Lanes":2,"Opp_Lanes":0,"Surface_Tp":5,"Surface_Wd":20,"Shldr_Lt_W":0,"Shldr_Lt_T":0,"Shldr_Rt_W":0,"Shldr_Rt_T":0,"Shldr_UL_W":0,"Shldr_UL_T":0,"Med_Width":0,"Med_Type":0,"Curb":0,"Lt_Sidewlk":0,"Rt_Sidewlk":0,"Pd_Sf_Type":null,"Pd_Fc_Type":null,"Cr_Slope":null,"Path_Width":null,"Operation":2,"Speed_Lim":999,"Op_Dir_SL":999,"Speed_Reg":35,"T_Exc_Type":null,"T_Exc_Time":null,"Trk_Permit":null,"Trk_Netwrk":null,"Truck_Rte":null,"ROW_Width":42,"Toll_Road":null,"MHS":null,"City":272,"Mun_Type":2,"County":11,"Hwy_Dist":2,"RPA":"FRCOG","RTA":"FRTA","MPO":5,"St_Name":"WENDELL ROAD","City_Maint":272,"Length":0.1621157,"created_user":"RH","created_date":1785555425000,"last_edited_user":"RH","last_edited_date":1785555425000,"Record_ID":"124822.914296.NW.25.3872","GlobalID":"{681B4CD2-2024-4A1D-8950-9B0E41267A18}","Local_Priority":1,"Oneway":null,"SHAPE.STLength()":258.98520037542579}},{"type":"Feature","id":434615,"geometry":{"type":"LineString","coordinates":[[-72.414524600925787,42.476727979564842],[-72.414545255827534,42.476861737761304],[-72.414565920169665,42.476996057665325],[-72.414586684239609,42.477130371368233],[-72.414610378384594,42.47726410541663],[-72.414644131559982,42.477396634226047],[-72.414685378680375,42.477528536339854],[-72.414729553892968,42.477659295211232],[-72.414783015154896,42.477788288666062],[-72.41485219595576,42.477913221151802],[-72.414933100214924,42.478034118970548],[-72.415023452376175,42.478151567361195],[-72.415123718906173,42.478264433615557],[-72.415237367530466,42.478369878512673],[-72.415359397499159,42.478470195203094],[-72.415482937683947,42.478569369883552],[-72.415620578088379,42.478658305761456],[-72.415758689931309,42.478746679540322],[-72.415896701158658,42.478835049452996],[-72.416078739208558,42.478951206395081],[-72.416166157089819,42.479016907010269],[-72.416298538551629,42.479109824530418],[-72.416430920350734,42.47920273829542],[-72.416559817009642,42.479297932193617],[-72.416685529819432,42.479395969230687],[-72.416811330501844,42.479494000030243],[-72.41693712948431,42.479591468016309],[-72.417062937092922,42.479689502988819],[-72.417188637143965,42.479786972389228],[-72.417321688163426,42.479879883410568],[-72.417455002880388,42.479971663197787],[-72.417588333524236,42.480064009896608],[-72.417674737260697,42.480118465444924]]},"properties":{"OBJECTID":434615,"route_id":"N3872 NB","from_measure":1.7546856,"to_measure":2.0515688000000001,"Route_System":"N","Route_Number":"3872","Route_Direction":"NB","Rd_Seg_ID":null,"Facility":1,"Mile_Count":1,"Urban_Area":"0","Urban_Type":5,"F_F_Class":5,"Jurisdictn":"2","NHS":0,"Fd_Aid_Rd":3,"Control":0,"Num_Lanes":2,"Opp_Lanes":0,"Surface_Tp":5,"Surface_Wd":20,"Shldr_Lt_W":0,"Shldr_Lt_T":0,"Shldr_Rt_W":0,"Shldr_Rt_T":0,"Shldr_UL_W":0,"Shldr_UL_T":0,"Med_Width":0,"Med_Type":0,"Curb":0,"Lt_Sidewlk":0,"Rt_Sidewlk":0,"Pd_Sf_Type":null,"Pd_Fc_Type":null,"Cr_Slope":null,"Path_Width":null,"Operation":2,"Speed_Lim":999,"Op_Dir_SL":999,"Speed_Reg":35,"T_Exc_Type":null,"T_Exc_Time":null,"Trk_Permit":null,"Trk_Netwrk":null,"Truck_Rte":null,"ROW_Width":42,"Toll_Road":null,"MHS":null,"City":272,"Mun_Type":2,"County":11,"Hwy_Dist":2,"RPA":"FRCOG","RTA":"FRTA","MPO":5,"St_Name":"WENDELL ROAD","City_Maint":272,"Length":0.29688320000000001,"created_user":"RH","created_date":1785555425000,"last_edited_user":"RH","last_edited_date":1785555425000,"Record_ID":"124705.914647.NW.47.3872","GlobalID":"{FC3FC495-DC02-4C2A-A0D4-DEF13BE5AAF2}","Local_Priority":1,"Oneway":null,"SHAPE.STLength()":474.28051200736638}},{"type":"Feature","id":434379,"geometry":{"type":"LineString","coordinates":[[-72.442245828139633,42.502307656278084],[-72.442146429850823,42.502260902206658],[-72.442106164172429,42.502244351552896],[-72.442065062492787,42.502228932194861],[-72.441940149918793,42.502189577180509],[-72.441813470722408,42.502152170314794],[-72.441650617636085,42.502107404464368],[-72.441595056334464,42.502091540375055],[-72.44154276221721,42.502077899426119],[-72.441489926374842,42.502065950044141],[-72.441436720527662,42.502055132638667],[-72.441373247126123,42.502043836374519],[-72.441309312358044,42.502033664719086],[-72.441245205880492,42.502024623409085],[-72.441175392705247,42.502015065971243],[-72.441105304357947,42.502006636115233],[-72.441034849707265,42.501998770995613],[-72.440971950279149,42.501994218488306],[-72.440845792235407,42.501986807969928],[-72.440781847829271,42.501982264788808],[-72.440717891593394,42.501976600793093],[-72.440653855808364,42.501972619174921],[-72.440581282163052,42.501969270779725],[-72.440508617206319,42.501966489373778],[-72.440435975092427,42.501964832212686],[-72.44036076957785,42.501963758607033],[-72.439816783545638,42.501957530250444],[-72.439673355482711,42.501958670777654],[-72.439401196733215,42.501960602840327],[-72.439296338432342,42.501967904426337],[-72.438966522862259,42.501996504064124],[-72.438906552449893,42.50200374573101],[-72.43884669135349,42.502011548264385],[-72.438786923930294,42.502019350903922],[-72.438708558447104,42.502029553925631],[-72.438630378002742,42.502039192698518],[-72.438552208185428,42.502049956708653],[-72.438452156241709,42.502065401229999],[-72.438352397300847,42.502081406867561],[-72.438252353635917,42.502097414735935],[-72.438103159638288,42.502119450322667],[-72.437953856288487,42.50214035672677],[-72.43780436906458,42.502161832522809],[-72.43762319662558,42.502187501084165],[-72.43749666175836,42.502205419946421]]},"properties":{"OBJECTID":434379,"route_id":"N3864 NB","from_measure":5.3653241999999999,"to_measure":5.6135608000000001,"Route_System":"N","Route_Number":"3864","Route_Direction":"NB","Rd_Seg_ID":null,"Facility":1,"Mile_Count":1,"Urban_Area":"0","Urban_Type":5,"F_F_Class":5,"Jurisdictn":"2","NHS":0,"Fd_Aid_Rd":3,"Control":0,"Num_Lanes":2,"Opp_Lanes":0,"Surface_Tp":5,"Surface_Wd":20,"Shldr_Lt_W":0,"Shldr_Lt_T":0,"Shldr_Rt_W":3,"Shldr_Rt_T":1,"Shldr_UL_W":0,"Shldr_UL_T":0,"Med_Width":0,"Med_Type":0,"Curb":0,"Lt_Sidewlk":0,"Rt_Sidewlk":0,"Pd_Sf_Type":null,"Pd_Fc_Type":null,"Cr_Slope":null,"Path_Width":null,"Operation":2,"Speed_Lim":999,"Op_Dir_SL":999,"Speed_Reg":30,"T_Exc_Type":null,"T_Exc_Time":null,"Trk_Permit":null,"Trk_Netwrk":null,"Truck_Rte":null,"ROW_Width":45,"Toll_Road":null,"MHS":null,"City":272,"Mun_Type":2,"County":11,"Hwy_Dist":2,"RPA":"FRCOG","RTA":"FRTA","MPO":5,"St_Name":"LAKEVIEW ROAD","City_Maint":272,"Length":0.2482366,"created_user":"RH","created_date":1785555425000,"last_edited_user":"RH","last_edited_date":1785555425000,"Record_ID":"122749.917249.SE.39.3864","GlobalID":"{7AE8AEB2-BB81-47CA-974B-385AAFE0AF91}","Local_Priority":1,"Oneway":null,"SHAPE.STLength()":399.49897565046729}},{"type":"Feature","id":434380,"geometry":{"type":"LineString","coordinates":[[-72.43749666175836,42.502205419946421],[-72.437441925511465,42.502213171062202],[-72.437292707053572,42.502233514127383],[-72.437260552233255,42.50223827979643],[-72.437194157589104,42.502246693680114]]},"properties":{"OBJECTID":434380,"route_id":"N3864 NB","from_measure":5.6135608000000001,"to_measure":5.6292716,"Route_System":"N","Route_Number":"3864","Route_Direction":"NB","Rd_Seg_ID":null,"Facility":1,"Mile_Count":1,"Urban_Area":"0","Urban_Type":5,"F_F_Class":5,"Jurisdictn":"2","NHS":0,"Fd_Aid_Rd":3,"Control":0,"Num_Lanes":2,"Opp_Lanes":0,"Surface_Tp":5,"Surface_Wd":20,"Shldr_Lt_W":0,"Shldr_Lt_T":0,"Shldr_Rt_W":3,"Shldr_Rt_T":1,"Shldr_UL_W":0,"Shldr_UL_T":0,"Med_Width":0,"Med_Type":0,"Curb":0,"Lt_Sidewlk":0,"Rt_Sidewlk":0,"Pd_Sf_Type":null,"Pd_Fc_Type":null,"Cr_Slope":null,"Path_Width":null,"Operation":2,"Speed_Lim":999,"Op_Dir_SL":999,"Speed_Reg":20,"T_Exc_Type":null,"T_Exc_Time":null,"Trk_Permit":null,"Trk_Netwrk":null,"Truck_Rte":null,"ROW_Width":45,"Toll_Road":null,"MHS":null,"City":272,"Mun_Type":2,"County":11,"Hwy_Dist":2,"RPA":"FRCOG","RTA":"FRTA","MPO":5,"St_Name":"LAKEVIEW ROAD","City_Maint":272,"Length":0.0157108,"created_user":"RH","created_date":1785555425000,"last_edited_user":"RH","last_edited_date":1785555425000,"Record_ID":"122957.917276.NE.25.3864","GlobalID":"{66D30B0A-F33D-4F64-AE62-F5CD1B3DF847}","Local_Priority":1,"Oneway":null,"SHAPE.STLength()":25.284145084977766}},{"type":"Feature","id":434381,"geometry":{"type":"LineString","coordinates":[[-72.437194157589104,42.502246693680114],[-72.437156192454566,42.502251504760537],[-72.437103254505502,42.502258688309013],[-72.436945770542877,42.502279098119814],[-72.4367886767172,42.502300633521692],[-72.436710435357313,42.50231252133468],[-72.436632381384655,42.502324412073094],[-72.436554523014863,42.502336859355871],[-72.436492127754377,42.502346931103943],[-72.436429928225323,42.5023575675174],[-72.436368419108334,42.502369881851855],[-72.436302976891326,42.502386168719916],[-72.436238418556869,42.502404135535826],[-72.436173953927579,42.502422106055612],[-72.436128983831978,42.502434285934598],[-72.436083921142767,42.50244703283726],[-72.436039344992835,42.502459771269599],[-72.435979742433332,42.502478823071776],[-72.435920817157424,42.502498997420851],[-72.435862970414988,42.502520851047407],[-72.435800893794024,42.502546113313429],[-72.435740276275396,42.502573612652704],[-72.435681204485434,42.502602791077976],[-72.435633959869548,42.502628494641499],[-72.435587887443432,42.50265587583516],[-72.435415990959058,42.502766151533542],[-72.435377406676636,42.502792347397211],[-72.435340166300563,42.502819656818431],[-72.435307145508617,42.502849186342587],[-72.435278016395429,42.502881223128959],[-72.435261849715317,42.502901161824774],[-72.435238715120249,42.502933021219221],[-72.435227421746461,42.502950276185835],[-72.435200569437285,42.502985378909436],[-72.43517285698222,42.503020488604577],[-72.435146951186113,42.503055589037331],[-72.435121059977547,42.503097998888578],[-72.435097558942005,42.503141514719609],[-72.435074259712152,42.503185596097609],[-72.435063891274652,42.503203940109607]]},"properties":{"OBJECTID":434381,"route_id":"N3864 NB","from_measure":5.6292716,"to_measure":5.7642074000000001,"Route_System":"N","Route_Number":"3864","Route_Direction":"NB","Rd_Seg_ID":null,"Facility":1,"Mile_Count":1,"Urban_Area":"0","Urban_Type":5,"F_F_Class":5,"Jurisdictn":"2","NHS":0,"Fd_Aid_Rd":3,"Control":0,"Num_Lanes":2,"Opp_Lanes":0,"Surface_Tp":6,"Surface_Wd":22,"Shldr_Lt_W":0,"Shldr_Lt_T":0,"Shldr_Rt_W":0,"Shldr_Rt_T":0,"Shldr_UL_W":0,"Shldr_UL_T":0,"Med_Width":0,"Med_Type":0,"Curb":0,"Lt_Sidewlk":0,"Rt_Sidewlk":0,"Pd_Sf_Type":null,"Pd_Fc_Type":null,"Cr_Slope":null,"Path_Width":null,"Operation":2,"Speed_Lim":999,"Op_Dir_SL":999,"Speed_Reg":20,"T_Exc_Type":null,"T_Exc_Time":null,"Trk_Permit":null,"Trk_Netwrk":null,"Truck_Rte":null,"ROW_Width":45,"Toll_Road":null,"MHS":null,"City":272,"Mun_Type":2,"County":11,"Hwy_Dist":2,"RPA":"FRCOG","RTA":"FRTA","MPO":5,"St_Name":"LAKEVIEW ROAD","City_Maint":272,"Length":0.13493579999999999,"created_user":"RH","created_date":1785555425000,"last_edited_user":"RH","last_edited_date":1785555425000,"Record_ID":"123069.917303.NE.21.3864","GlobalID":"{EBBF4DAA-A743-4A2F-8EEF-897C316297CE}","Local_Priority":1,"Oneway":null,"SHAPE.STLength()":217.15856164398579}},{"type":"Feature","id":434382,"geometry":{"type":"LineString","coordinates":[[-72.435063891274652,42.503203940109607],[-72.435049339891023,42.503229685214343],[-72.435038235834313,42.503250034759226],[-72.435002597537888,42.50331447028023],[-72.43496867434996,42.50337945366477],[-72.434928745103619,42.503462490867754],[-72.434891475279784,42.503545511886927],[-72.434856976277302,42.503629629493503],[-72.434828704798122,42.503710323155886],[-72.434802815140415,42.503791560181213],[-72.434795862629869,42.503809625278798],[-72.434772829529777,42.5038717050383],[-72.43475047429709,42.503921968250197],[-72.434726414349697,42.503972804367038],[-72.434699955796461,42.504021971863736],[-72.43467707918299,42.50406267089101],[-72.434655091842927,42.504098842293054]]},"properties":{"OBJECTID":434382,"route_id":"N3864 NB","from_measure":5.7642074000000001,"to_measure":5.8295085000000002,"Route_System":"N","Route_Number":"3864","Route_Direction":"NB","Rd_Seg_ID":null,"Facility":1,"Mile_Count":1,"Urban_Area":"0","Urban_Type":5,"F_F_Class":5,"Jurisdictn":"2","NHS":0,"Fd_Aid_Rd":3,"Control":0,"Num_Lanes":2,"Opp_Lanes":0,"Surface_Tp":6,"Surface_Wd":22,"Shldr_Lt_W":0,"Shldr_Lt_T":0,"Shldr_Rt_W":0,"Shldr_Rt_T":0,"Shldr_UL_W":0,"Shldr_UL_T":0,"Med_Width":0,"Med_Type":0,"Curb":0,"Lt_Sidewlk":0,"Rt_Sidewlk":0,"Pd_Sf_Type":null,"Pd_Fc_Type":null,"Cr_Slope":null,"Path_Width":null,"Operation":2,"Speed_Lim":999,"Op_Dir_SL":999,"Speed_Reg":20,"T_Exc_Type":null,"T_Exc_Time":null,"Trk_Permit":null,"Trk_Netwrk":null,"Truck_Rte":null,"ROW_Width":45,"Toll_Road":null,"MHS":null,"City":272,"Mun_Type":2,"County":11,"Hwy_Dist":2,"RPA":"FRCOG","RTA":"FRTA","MPO":5,"St_Name":"LAKEVIEW ROAD","City_Maint":272,"Length":0.065301100000000001,"created_user":"RH","created_date":1785555425000,"last_edited_user":"RH","last_edited_date":1785555425000,"Record_ID":"123164.917432.NE.10.3864","GlobalID":"{59EE09E0-CF5E-4358-9C94-66B2D5F65235}","Local_Priority":1,"Oneway":null,"SHAPE.STLength()":105.09206646304955}},{"type":"Feature","id":434616,"geometry":{"type":"LineString","coordinates":[[-72.417674737260697,42.480118465444924],[-72.417727000276443,42.480151247029461],[-72.417876922700827,42.480228268613033],[-72.417968940590654,42.480276488727789]]},"properties":{"OBJECTID":434616,"route_id":"N3872 NB","from_measure":2.0515688000000001,"to_measure":2.0702900999999998,"Route_System":"N","Route_Number":"3872","Route_Direction":"NB","Rd_Seg_ID":null,"Facility":1,"Mile_Count":1,"Urban_Area":"0","Urban_Type":5,"F_F_Class":5,"Jurisdictn":"2","NHS":0,"Fd_Aid_Rd":3,"Control":0,"Num_Lanes":2,"Opp_Lanes":0,"Surface_Tp":5,"Surface_Wd":20,"Shldr_Lt_W":0,"Shldr_Lt_T":0,"Shldr_Rt_W":0,"Shldr_Rt_T":0,"Shldr_UL_W":0,"Shldr_UL_T":0,"Med_Width":0,"Med_Type":0,"Curb":0,"Lt_Sidewlk":0,"Rt_Sidewlk":0,"Pd_Sf_Type":null,"Pd_Fc_Type":null,"Cr_Slope":null,"Path_Width":null,"Operation":2,"Speed_Lim":999,"Op_Dir_SL":999,"Speed_Reg":35,"T_Exc_Type":null,"T_Exc_Time":null,"Trk_Permit":null,"Trk_Netwrk":null,"Truck_Rte":null,"ROW_Width":42,"Toll_Road":null,"MHS":null,"City":272,"Mun_Type":2,"County":11,"Hwy_Dist":2,"RPA":"FRCOG","RTA":"FRTA","MPO":5,"St_Name":"WENDELL ROAD","City_Maint":272,"Length":0.0187213,"created_user":"RH","created_date":1785555425000,"last_edited_user":"RH","last_edited_date":1785555425000,"Record_ID":"124536.914812.NW.29.3872","GlobalID":"{2695DE7C-BE9B-4612-80E9-BEC1C51068EC}","Local_Priority":1,"Oneway":null,"SHAPE.STLength()":29.907757178766346}},{"type":"Feature","id":434617,"geometry":{"type":"LineString","coordinates":[[-72.417968940590654,42.480276488727789],[-72.41802582081408,42.480306421743528],[-72.418172087453769,42.480386845512243],[-72.418318448108892,42.480467268347276],[-72.418464729759634,42.480548254317689],[-72.418607899624988,42.48063151837308],[-72.418748932677985,42.48071761184022],[-72.418889956697669,42.480803141617336],[-72.419030788961152,42.480888673652728],[-72.419164682315099,42.48098044685959],[-72.419292557219848,42.481076771249548],[-72.419420532252488,42.481173095599651],[-72.419548408003308,42.48126942420182],[-72.419666405409188,42.481372017495353],[-72.419781103697588,42.481476886863121],[-72.419895811781061,42.481582318728833],[-72.420010512035645,42.48168718695257],[-72.420125212749994,42.481792060460499],[-72.420239919860634,42.481896929301811],[-72.420354628257257,42.482002360709004],[-72.420467819242603,42.482107803223066],[-72.420544802752858,42.482180337966049]]},"properties":{"OBJECTID":434617,"route_id":"N3872 NB","from_measure":2.0702900999999998,"to_measure":2.2586483999999998,"Route_System":"N","Route_Number":"3872","Route_Direction":"NB","Rd_Seg_ID":null,"Facility":1,"Mile_Count":1,"Urban_Area":"0","Urban_Type":5,"F_F_Class":5,"Jurisdictn":"2","NHS":0,"Fd_Aid_Rd":3,"Control":0,"Num_Lanes":2,"Opp_Lanes":0,"Surface_Tp":5,"Surface_Wd":20,"Shldr_Lt_W":0,"Shldr_Lt_T":0,"Shldr_Rt_W":0,"Shldr_Rt_T":0,"Shldr_UL_W":0,"Shldr_UL_T":0,"Med_Width":0,"Med_Type":0,"Curb":0,"Lt_Sidewlk":0,"Rt_Sidewlk":0,"Pd_Sf_Type":null,"Pd_Fc_Type":null,"Cr_Slope":null,"Path_Width":null,"Operation":2,"Speed_Lim":999,"Op_Dir_SL":999,"Speed_Reg":35,"T_Exc_Type":null,"T_Exc_Time":null,"Trk_Permit":null,"Trk_Netwrk":null,"Truck_Rte":null,"ROW_Width":40,"Toll_Road":null,"MHS":null,"City":272,"Mun_Type":2,"County":11,"Hwy_Dist":2,"RPA":"FRCOG","RTA":"FRTA","MPO":5,"St_Name":"LOCKS POND ROAD","City_Maint":272,"Length":0.18835830000000001,"created_user":"RH","created_date":1785555425000,"last_edited_user":"RH","last_edited_date":1785555425000,"Record_ID":"124409.914918.NW.30.3872","GlobalID":"{E82E285F-2E7D-4967-A654-093354191338}","Local_Priority":1,"Oneway":null,"SHAPE.STLength()":300.9085030598672}},{"type":"Feature","id":434618,"geometry":{"type":"LineString","coordinates":[[-72.420544802752858,42.482180337966049],[-72.420580740063073,42.482214377666217],[-72.420693465703039,42.482320386366659],[-72.420806285380351,42.482426395105769],[-72.420922120112039,42.482530696069546],[-72.42104172650248,42.482632708807451],[-72.421161426978102,42.482734724270685],[-72.421281127853689,42.482836740507054],[-72.421400820904694,42.48293819399197],[-72.421523062870278,42.483038502489123],[-72.421648784675227,42.483136528663216],[-72.421774598383593,42.483233991275519],[-72.42190032711521,42.48333202162253],[-72.422026050090395,42.483430047377453],[-72.422151679821965,42.4835280746424],[-72.422276178623221,42.483626676213397],[-72.422400585329498,42.483725274786472],[-72.422524991273804,42.483823877733435],[-72.422649405750448,42.483923037766502],[-72.422773907337302,42.484021639680094],[-72.422898314382948,42.484120237715352],[-72.423021971180063,42.484219407917656],[-72.423145814393592,42.484318572893152],[-72.423269565616565,42.484417742074392],[-72.42333312797976,42.484468998469112]]},"properties":{"OBJECTID":434618,"route_id":"N3872 NB","from_measure":2.2586483999999998,"to_measure":2.4730243999999999,"Route_System":"N","Route_Number":"3872","Route_Direction":"NB","Rd_Seg_ID":null,"Facility":1,"Mile_Count":1,"Urban_Area":"0","Urban_Type":5,"F_F_Class":5,"Jurisdictn":"2","NHS":0,"Fd_Aid_Rd":3,"Control":0,"Num_Lanes":2,"Opp_Lanes":0,"Surface_Tp":5,"Surface_Wd":20,"Shldr_Lt_W":0,"Shldr_Lt_T":0,"Shldr_Rt_W":0,"Shldr_Rt_T":0,"Shldr_UL_W":0,"Shldr_UL_T":0,"Med_Width":0,"Med_Type":0,"Curb":0,"Lt_Sidewlk":0,"Rt_Sidewlk":0,"Pd_Sf_Type":null,"Pd_Fc_Type":null,"Cr_Slope":null,"Path_Width":null,"Operation":2,"Speed_Lim":999,"Op_Dir_SL":999,"Speed_Reg":35,"T_Exc_Type":null,"T_Exc_Time":null,"Trk_Permit":null,"Trk_Netwrk":null,"Truck_Rte":null,"ROW_Width":40,"Toll_Road":null,"MHS":null,"City":272,"Mun_Type":2,"County":11,"Hwy_Dist":2,"RPA":"FRCOG","RTA":"FRTA","MPO":5,"St_Name":"LOCKS POND ROAD","City_Maint":272,"Length":0.21437600000000001,"created_user":"RH","created_date":1785555425000,"last_edited_user":"RH","last_edited_date":1785555425000,"Record_ID":"124203.915165.NW.34.3872","GlobalID":"{32B77A17-D837-43F9-8841-029057A4FBB9}","Local_Priority":1,"Oneway":null,"SHAPE.STLength()":342.47267776794115}},{"type":"Feature","id":434619,"geometry":{"type":"LineString","coordinates":[[-72.42333312797976,42.484468998469112],[-72.423393423905353,42.484517468453788],[-72.423517268352938,42.484616637523381],[-72.423640927028757,42.484715802547598],[-72.423764773470339,42.48481497133632],[-72.423888525356475,42.484914135348724],[-72.424012743803658,42.485012738199572],[-72.42414092738359,42.485109054757395],[-72.424269104057217,42.485205371228751],[-72.42439718046306,42.485301126572921],[-72.424525359133867,42.485397442744656],[-72.424646573090612,42.485498317979129],[-72.424763735046952,42.485601475463007],[-72.424879867892699,42.485705765567189],[-72.424990066729578,42.485813482926822],[-72.425098284117496,42.485922339666921],[-72.425203206251837,42.486032909931239],[-72.425307922205846,42.486142915464249],[-72.425410304798348,42.486255197601736],[-72.425506250208457,42.486369776704421],[-72.425593803215989,42.486488364664652],[-72.425613921613788,42.486518589224993]]},"properties":{"OBJECTID":434619,"route_id":"N3872 NB","from_measure":2.4730243999999999,"to_measure":2.6583288999999999,"Route_System":"N","Route_Number":"3872","Route_Direction":"NB","Rd_Seg_ID":null,"Facility":1,"Mile_Count":1,"Urban_Area":"0","Urban_Type":5,"F_F_Class":5,"Jurisdictn":"2","NHS":0,"Fd_Aid_Rd":3,"Control":0,"Num_Lanes":2,"Opp_Lanes":0,"Surface_Tp":5,"Surface_Wd":20,"Shldr_Lt_W":0,"Shldr_Lt_T":0,"Shldr_Rt_W":0,"Shldr_Rt_T":0,"Shldr_UL_W":0,"Shldr_UL_T":0,"Med_Width":0,"Med_Type":0,"Curb":0,"Lt_Sidewlk":0,"Rt_Sidewlk":0,"Pd_Sf_Type":null,"Pd_Fc_Type":null,"Cr_Slope":null,"Path_Width":null,"Operation":2,"Speed_Lim":999,"Op_Dir_SL":999,"Speed_Reg":35,"T_Exc_Type":null,"T_Exc_Time":null,"Trk_Permit":null,"Trk_Netwrk":null,"Truck_Rte":null,"ROW_Width":40,"Toll_Road":null,"MHS":null,"City":272,"Mun_Type":2,"County":11,"Hwy_Dist":2,"RPA":"FRCOG","RTA":"FRTA","MPO":5,"St_Name":"LOCKS POND ROAD","City_Maint":272,"Length":0.18530450000000001,"created_user":"RH","created_date":1785555425000,"last_edited_user":"RH","last_edited_date":1785555425000,"Record_ID":"123987.915399.NW.29.3872","GlobalID":"{246E7288-CBC6-49F2-93D6-9AEE785301D2}","Local_Priority":1,"Oneway":null,"SHAPE.STLength()":296.0299082289323}},{"type":"Feature","id":434383,"geometry":{"type":"LineString","coordinates":[[-72.434655091842927,42.504098842293054],[-72.434652673466999,42.504102819623597],[-72.434637025989673,42.504124330437655],[-72.434624536994065,42.504141311436257],[-72.43459553301868,42.504172495332476],[-72.434563845510013,42.504202571100542],[-72.434532070442856,42.504232652070726],[-72.434500028355416,42.50426442326004],[-72.434467992305372,42.50429619349061],[-72.434435283444969,42.504327969165864],[-72.43440141571925,42.504358067962229],[-72.434366781424416,42.504388167560002],[-72.434331571912097,42.504417714523278],[-72.434263560681401,42.504472284697819],[-72.434193345175132,42.504525743717714],[-72.434121873257368,42.504578092900871],[-72.434080011129851,42.504607692793904],[-72.434037577106352,42.504637293704029],[-72.433995327006556,42.504666334921495],[-72.433825740005716,42.504790493648571]]},"properties":{"OBJECTID":434383,"route_id":"N3864 NB","from_measure":5.8295085000000002,"to_measure":5.8935599999999999,"Route_System":"N","Route_Number":"3864","Route_Direction":"NB","Rd_Seg_ID":null,"Facility":1,"Mile_Count":1,"Urban_Area":"0","Urban_Type":5,"F_F_Class":5,"Jurisdictn":"2","NHS":0,"Fd_Aid_Rd":3,"Control":0,"Num_Lanes":2,"Opp_Lanes":0,"Surface_Tp":5,"Surface_Wd":22,"Shldr_Lt_W":0,"Shldr_Lt_T":0,"Shldr_Rt_W":0,"Shldr_Rt_T":0,"Shldr_UL_W":0,"Shldr_UL_T":0,"Med_Width":0,"Med_Type":0,"Curb":0,"Lt_Sidewlk":0,"Rt_Sidewlk":0,"Pd_Sf_Type":null,"Pd_Fc_Type":null,"Cr_Slope":null,"Path_Width":null,"Operation":2,"Speed_Lim":999,"Op_Dir_SL":999,"Speed_Reg":20,"T_Exc_Type":null,"T_Exc_Time":null,"Trk_Permit":null,"Trk_Netwrk":null,"Truck_Rte":null,"ROW_Width":45,"Toll_Road":null,"MHS":null,"City":272,"Mun_Type":2,"County":11,"Hwy_Dist":2,"RPA":"FRCOG","RTA":"FRTA","MPO":5,"St_Name":"LAKEVIEW ROAD","City_Maint":272,"Length":0.064051499999999997,"created_user":"RH","created_date":1785555425000,"last_edited_user":"RH","last_edited_date":1785555425000,"Record_ID":"123213.917522.NE.10.3864","GlobalID":"{4174D2F1-3BAF-4403-920E-B9B108FBA277}","Local_Priority":1,"Oneway":null,"SHAPE.STLength()":103.08109097121516}},{"type":"Feature","id":434384,"geometry":{"type":"LineString","coordinates":[[-72.433825740005716,42.504790493648571],[-72.433271779876392,42.505196055636645],[-72.433247455378037,42.505215785483024]]},"properties":{"OBJECTID":434384,"route_id":"N3864 NB","from_measure":5.8935599999999999,"to_measure":5.9352026000000002,"Route_System":"N","Route_Number":"3864","Route_Direction":"NB","Rd_Seg_ID":null,"Facility":1,"Mile_Count":1,"Urban_Area":"0","Urban_Type":5,"F_F_Class":5,"Jurisdictn":"2","NHS":0,"Fd_Aid_Rd":3,"Control":0,"Num_Lanes":2,"Opp_Lanes":0,"Surface_Tp":5,"Surface_Wd":22,"Shldr_Lt_W":0,"Shldr_Lt_T":0,"Shldr_Rt_W":0,"Shldr_Rt_T":0,"Shldr_UL_W":0,"Shldr_UL_T":0,"Med_Width":0,"Med_Type":0,"Curb":0,"Lt_Sidewlk":0,"Rt_Sidewlk":0,"Pd_Sf_Type":null,"Pd_Fc_Type":null,"Cr_Slope":null,"Path_Width":null,"Operation":2,"Speed_Lim":999,"Op_Dir_SL":999,"Speed_Reg":30,"T_Exc_Type":null,"T_Exc_Time":null,"Trk_Permit":null,"Trk_Netwrk":null,"Truck_Rte":null,"ROW_Width":45,"Toll_Road":null,"MHS":null,"City":272,"Mun_Type":2,"County":11,"Hwy_Dist":2,"RPA":"FRCOG","RTA":"FRTA","MPO":5,"St_Name":"LAKEVIEW ROAD","City_Maint":272,"Length":0.041642600000000002,"created_user":"RH","created_date":1785555425000,"last_edited_user":"RH","last_edited_date":1785555425000,"Record_ID":"123274.917581.NE.67.3864","GlobalID":"{E32C6D1F-60F7-4961-B5B2-1ED1FF300B94}","Local_Priority":1,"Oneway":null,"SHAPE.STLength()":67.017468850919641}},{"type":"Feature","id":434385,"geometry":{"type":"LineString","coordinates":[[-72.433247455378037,42.505215785483024],[-72.43321992905085,42.50523811340291],[-72.433162312805749,42.505276280804686],[-72.432851953346855,42.505503291653909],[-72.431693631274101,42.506350515514185],[-72.431664628859835,42.506371174118058]]},"properties":{"OBJECTID":434385,"route_id":"N3864 NB","from_measure":5.9352026000000002,"to_measure":6.0487621000000003,"Route_System":"N","Route_Number":"3864","Route_Direction":"NB","Rd_Seg_ID":null,"Facility":1,"Mile_Count":1,"Urban_Area":"0","Urban_Type":5,"F_F_Class":5,"Jurisdictn":"2","NHS":0,"Fd_Aid_Rd":3,"Control":0,"Num_Lanes":2,"Opp_Lanes":0,"Surface_Tp":5,"Surface_Wd":22,"Shldr_Lt_W":0,"Shldr_Lt_T":0,"Shldr_Rt_W":0,"Shldr_Rt_T":0,"Shldr_UL_W":0,"Shldr_UL_T":0,"Med_Width":0,"Med_Type":0,"Curb":0,"Lt_Sidewlk":0,"Rt_Sidewlk":0,"Pd_Sf_Type":null,"Pd_Fc_Type":null,"Cr_Slope":null,"Path_Width":null,"Operation":2,"Speed_Lim":999,"Op_Dir_SL":999,"Speed_Reg":30,"T_Exc_Type":null,"T_Exc_Time":null,"Trk_Permit":null,"Trk_Netwrk":null,"Truck_Rte":null,"ROW_Width":45,"Toll_Road":null,"MHS":null,"City":272,"Mun_Type":2,"County":11,"Hwy_Dist":2,"RPA":"FRCOG","RTA":"FRTA","MPO":5,"St_Name":"LAKEVIEW ROAD","City_Maint":272,"Length":0.11355949999999999,"created_user":"RH","created_date":1785555425000,"last_edited_user":"RH","last_edited_date":1785555425000,"Record_ID":"123363.917668.NE.18.3864","GlobalID":"{ECB1A220-22B4-4AF2-A95E-82F236FA1606}","Local_Priority":1,"Oneway":null,"SHAPE.STLength()":182.75662460357108}},{"type":"Feature","id":434386,"geometry":{"type":"LineString","coordinates":[[-72.431664628859835,42.506371174118058],[-72.431633707067249,42.506393200476701],[-72.431575319023594,42.506437001968507],[-72.431467550094041,42.506516082766723],[-72.430602737861477,42.507171769323364]]},"properties":{"OBJECTID":434386,"route_id":"N3864 NB","from_measure":6.0487621000000003,"to_measure":6.1261878000000003,"Route_System":"N","Route_Number":"3864","Route_Direction":"NB","Rd_Seg_ID":null,"Facility":1,"Mile_Count":1,"Urban_Area":"0","Urban_Type":5,"F_F_Class":5,"Jurisdictn":"2","NHS":0,"Fd_Aid_Rd":3,"Control":0,"Num_Lanes":2,"Opp_Lanes":0,"Surface_Tp":5,"Surface_Wd":22,"Shldr_Lt_W":0,"Shldr_Lt_T":0,"Shldr_Rt_W":0,"Shldr_Rt_T":0,"Shldr_UL_W":0,"Shldr_UL_T":0,"Med_Width":0,"Med_Type":0,"Curb":0,"Lt_Sidewlk":0,"Rt_Sidewlk":0,"Pd_Sf_Type":null,"Pd_Fc_Type":null,"Cr_Slope":null,"Path_Width":null,"Operation":2,"Speed_Lim":999,"Op_Dir_SL":999,"Speed_Reg":30,"T_Exc_Type":null,"T_Exc_Time":null,"Trk_Permit":null,"Trk_Netwrk":null,"Truck_Rte":null,"ROW_Width":45,"Toll_Road":null,"MHS":null,"City":272,"Mun_Type":2,"County":11,"Hwy_Dist":2,"RPA":"FRCOG","RTA":"FRTA","MPO":5,"St_Name":"LAKEVIEW ROAD","City_Maint":272,"Length":0.0774257,"created_user":"RH","created_date":1785555425000,"last_edited_user":"RH","last_edited_date":1785555425000,"Record_ID":"123473.917775.NE.12.3864","GlobalID":"{7083CBD5-28C6-42E8-9012-82B6C41D5F8C}","Local_Priority":1,"Oneway":null,"SHAPE.STLength()":124.60482298856485}},{"type":"Feature","id":434387,"geometry":{"type":"LineString","coordinates":[[-72.430602737861477,42.507171769323364],[-72.430571768611301,42.507195249752904],[-72.430139548973401,42.507522764767486],[-72.430078328367799,42.507567708298374],[-72.430016906013947,42.507612096137947],[-72.429953755082721,42.507655368012578],[-72.429893937828965,42.507692427004294],[-72.429832569886898,42.507727806809697],[-72.429770541227526,42.507763191910584],[-72.429710294472045,42.507796880847366],[-72.42964946623519,42.507830006352449],[-72.42958738160327,42.507862018382625],[-72.429521951698391,42.507892364790287],[-72.429455365220363,42.507921600513157],[-72.429388663505648,42.507949708150761],[-72.42932888388475,42.507976639073654],[-72.42926891679285,42.508003567874972],[-72.429207280570907,42.508027134877473],[-72.42914339166488,42.508046217607607],[-72.429077848013819,42.508062501104106],[-72.429011720808887,42.508077664792303],[-72.428976475610511,42.508085423105392]]},"properties":{"OBJECTID":434387,"route_id":"N3864 NB","from_measure":6.1261878000000003,"to_measure":6.2317476999999997,"Route_System":"N","Route_Number":"3864","Route_Direction":"NB","Rd_Seg_ID":null,"Facility":1,"Mile_Count":1,"Urban_Area":"0","Urban_Type":5,"F_F_Class":5,"Jurisdictn":"2","NHS":0,"Fd_Aid_Rd":3,"Control":0,"Num_Lanes":2,"Opp_Lanes":0,"Surface_Tp":5,"Surface_Wd":22,"Shldr_Lt_W":0,"Shldr_Lt_T":0,"Shldr_Rt_W":0,"Shldr_Rt_T":0,"Shldr_UL_W":0,"Shldr_UL_T":0,"Med_Width":0,"Med_Type":0,"Curb":0,"Lt_Sidewlk":0,"Rt_Sidewlk":0,"Pd_Sf_Type":null,"Pd_Fc_Type":null,"Cr_Slope":null,"Path_Width":null,"Operation":2,"Speed_Lim":999,"Op_Dir_SL":999,"Speed_Reg":30,"T_Exc_Type":null,"T_Exc_Time":null,"Trk_Permit":null,"Trk_Netwrk":null,"Truck_Rte":null,"ROW_Width":45,"Toll_Road":null,"MHS":null,"City":272,"Mun_Type":2,"County":11,"Hwy_Dist":2,"RPA":"FRCOG","RTA":"FRTA","MPO":5,"St_Name":"LAKEVIEW ROAD","City_Maint":272,"Length":0.1055599,"created_user":"RH","created_date":1785555425000,"last_edited_user":"RH","last_edited_date":1785555425000,"Record_ID":"123578.917878.NE.16.3864","GlobalID":"{1A85936F-3C43-4B66-8693-42E84BDEC621}","Local_Priority":1,"Oneway":null,"SHAPE.STLength()":169.88250797226118}},{"type":"Feature","id":434620,"geometry":{"type":"LineString","coordinates":[[-72.425613921613788,42.486518589224993],[-72.425674926337905,42.486609253165533],[-72.425745837736102,42.486733602482126],[-72.425790329270171,42.486864349991237],[-72.425813864700174,42.486998081990059],[-72.425813945215907,42.487133127794841],[-72.425782919423781,42.487266169132468],[-72.42573969785785,42.487397063069999],[-72.425681800542165,42.487525254220131],[-72.425617800599412,42.487651812584787],[-72.425555894554876,42.487778915879879],[-72.425494662081064,42.487906013726104],[-72.425433322327791,42.488033112395016],[-72.425371988395739,42.48816021007805],[-72.425313042688728,42.488287847634737],[-72.42525419018304,42.488416050697595],[-72.425195336503307,42.488543691944294],[-72.425136482572412,42.488671332256516],[-72.42508163070535,42.488800065785902],[-72.425032414134066,42.488930441217889],[-72.424993477074707,42.489061863095237],[-72.424965022040297,42.489195446179174],[-72.424964425961434,42.489329934633105],[-72.424989000507594,42.489463658367043],[-72.425031795370188,42.489594982385562],[-72.425093810396064,42.489721652387587],[-72.425182971870598,42.489839664985766],[-72.425280820110473,42.489953670744995],[-72.425378762307844,42.490067672064924],[-72.425476611188742,42.490181673150062],[-72.425570385248207,42.490296835857627],[-72.425657666235537,42.490415988565658],[-72.425738794527035,42.490536876896876],[-72.425810181381252,42.490660655071991],[-72.425874285034297,42.490787307860849],[-72.425932421059144,42.490915133936618],[-72.425984696252783,42.491044698740268],[-72.426032316383285,42.491174859109705],[-72.426078238416196,42.491305594890584],[-72.426133352169884,42.49143456961837],[-72.426190063750724,42.491562406998248],[-72.426257104675585,42.491687911474123],[-72.426325946075266,42.491813401437454],[-72.426413786976283,42.491931423674984],[-72.426520884618853,42.492040850698231],[-72.426637869595822,42.492144007644413],[-72.426762679406394,42.492242598236395],[-72.426899232811493,42.492332091220213],[-72.427034383693425,42.492422725204463],[-72.42716784823017,42.492515054362741],[-72.427300639366578,42.492607394187417],[-72.427429781470792,42.492703137558074],[-72.427553368539108,42.492802303427972],[-72.427673849586284,42.492903744022854],[-72.427790559250667,42.493007464708683],[-72.427900016699681,42.493115179787928],[-72.428002786398622,42.493226890137542],[-72.428108377986803,42.493336889603597],[-72.428219820798873,42.493444031103515],[-72.428336818197749,42.49354774801899],[-72.428386897059212,42.493590112595143],[-72.428393364339755,42.493595583854336]]},"properties":{"OBJECTID":434620,"route_id":"N3872 NB","from_measure":2.6583288999999999,"to_measure":3.2142046,"Route_System":"N","Route_Number":"3872","Route_Direction":"NB","Rd_Seg_ID":null,"Facility":1,"Mile_Count":1,"Urban_Area":"0","Urban_Type":5,"F_F_Class":5,"Jurisdictn":"2","NHS":0,"Fd_Aid_Rd":3,"Control":0,"Num_Lanes":2,"Opp_Lanes":0,"Surface_Tp":5,"Surface_Wd":20,"Shldr_Lt_W":0,"Shldr_Lt_T":0,"Shldr_Rt_W":0,"Shldr_Rt_T":0,"Shldr_UL_W":0,"Shldr_UL_T":0,"Med_Width":0,"Med_Type":0,"Curb":0,"Lt_Sidewlk":0,"Rt_Sidewlk":0,"Pd_Sf_Type":null,"Pd_Fc_Type":null,"Cr_Slope":null,"Path_Width":null,"Operation":2,"Speed_Lim":999,"Op_Dir_SL":999,"Speed_Reg":35,"T_Exc_Type":null,"T_Exc_Time":null,"Trk_Permit":null,"Trk_Netwrk":null,"Truck_Rte":null,"ROW_Width":40,"Toll_Road":null,"MHS":null,"City":272,"Mun_Type":2,"County":11,"Hwy_Dist":2,"RPA":"FRCOG","RTA":"FRTA","MPO":5,"St_Name":"LOCKS POND ROAD","City_Maint":272,"Length":0.55587569999999997,"created_user":"RH","created_date":1785555425000,"last_edited_user":"RH","last_edited_date":1785555425000,"Record_ID":"123903.915955.NW.88.3872","GlobalID":"{48C08F82-3B01-4206-81DC-D28CF635D940}","Local_Priority":1,"Oneway":null,"SHAPE.STLength()":888.02936859248052}},{"type":"Feature","id":434621,"geometry":{"type":"LineString","coordinates":[[-72.428393364339755,42.493595583854336],[-72.428456736317742,42.493649193231754],[-72.428579762140714,42.493748920712946],[-72.428704205756645,42.493848078451251],[-72.428832958650887,42.493943260703183],[-72.428966521479524,42.494035586996503],[-72.429104963170019,42.49412337589451],[-72.429243492879593,42.494211167518834],[-72.429381943624378,42.494299518702277],[-72.429518319082419,42.494389010035086],[-72.429654417357838,42.494479066132314],[-72.429790514871399,42.494569126577488],[-72.429923879956391,42.494660891574675],[-72.430051426611627,42.494757773873836],[-72.430169282398992,42.494860920221527],[-72.430282511619993,42.494966352748001],[-72.430387645210061,42.495076917416839],[-72.43049078886898,42.495188059843599],[-72.430604127255577,42.495294053861606],[-72.430725369931139,42.495394922439175],[-72.43085216018288,42.495491805462017],[-72.430981219910194,42.495587545536765],[-72.431116091666837,42.495678176114566],[-72.431250978140753,42.495769365504238],[-72.431385855538977,42.495859995722718],[-72.431520736708848,42.495951184841459],[-72.431655624403888,42.49604237735182],[-72.431774563036583,42.49612244216609]]},"properties":{"OBJECTID":434621,"route_id":"N3872 NB","from_measure":3.2142046,"to_measure":3.4621659,"Route_System":"N","Route_Number":"3872","Route_Direction":"NB","Rd_Seg_ID":null,"Facility":1,"Mile_Count":1,"Urban_Area":"0","Urban_Type":5,"F_F_Class":5,"Jurisdictn":"2","NHS":0,"Fd_Aid_Rd":3,"Control":0,"Num_Lanes":2,"Opp_Lanes":0,"Surface_Tp":5,"Surface_Wd":20,"Shldr_Lt_W":0,"Shldr_Lt_T":0,"Shldr_Rt_W":2,"Shldr_Rt_T":1,"Shldr_UL_W":0,"Shldr_UL_T":0,"Med_Width":0,"Med_Type":0,"Curb":0,"Lt_Sidewlk":0,"Rt_Sidewlk":0,"Pd_Sf_Type":null,"Pd_Fc_Type":null,"Cr_Slope":null,"Path_Width":null,"Operation":2,"Speed_Lim":999,"Op_Dir_SL":999,"Speed_Reg":35,"T_Exc_Type":null,"T_Exc_Time":null,"Trk_Permit":null,"Trk_Netwrk":null,"Truck_Rte":null,"ROW_Width":40,"Toll_Road":null,"MHS":null,"City":272,"Mun_Type":2,"County":11,"Hwy_Dist":2,"RPA":"FRCOG","RTA":"FRTA","MPO":5,"St_Name":"LOCKS POND ROAD","City_Maint":272,"Length":0.2479613,"created_user":"RH","created_date":1785555425000,"last_edited_user":"RH","last_edited_date":1785555425000,"Record_ID":"123541.916448.NW.39.3872","GlobalID":"{A40ADA52-B0B5-4413-8DA5-D0A0D3408265}","Local_Priority":1,"Oneway":null,"SHAPE.STLength()":396.12616126267255}},{"type":"Feature","id":434622,"geometry":{"type":"LineString","coordinates":[[-72.431774563036583,42.49612244216609],[-72.431928289949838,42.496221356097458],[-72.432068524272125,42.496308001584566],[-72.432211289021453,42.496391814792013],[-72.432354714680059,42.496475622477497],[-72.432503664177489,42.496553756605088],[-72.432657188677467,42.496626225731902],[-72.432815118653949,42.496694155689156],[-72.432972940971624,42.496761528115641],[-72.433129557318878,42.496831159946346],[-72.433286172991231,42.496900228882332],[-72.433442789961589,42.49696985578391],[-72.433597445876444,42.497041193627929],[-72.433747992342532,42.497117622455953],[-72.433781051820532,42.497135926057823]]},"properties":{"OBJECTID":434622,"route_id":"N3872 NB","from_measure":3.4621659,"to_measure":3.5874467999999999,"Route_System":"N","Route_Number":"3872","Route_Direction":"NB","Rd_Seg_ID":null,"Facility":1,"Mile_Count":1,"Urban_Area":"0","Urban_Type":5,"F_F_Class":5,"Jurisdictn":"2","NHS":0,"Fd_Aid_Rd":3,"Control":0,"Num_Lanes":2,"Opp_Lanes":0,"Surface_Tp":5,"Surface_Wd":20,"Shldr_Lt_W":0,"Shldr_Lt_T":0,"Shldr_Rt_W":2,"Shldr_Rt_T":1,"Shldr_UL_W":0,"Shldr_UL_T":0,"Med_Width":0,"Med_Type":0,"Curb":0,"Lt_Sidewlk":0,"Rt_Sidewlk":0,"Pd_Sf_Type":null,"Pd_Fc_Type":null,"Cr_Slope":null,"Path_Width":null,"Operation":2,"Speed_Lim":999,"Op_Dir_SL":999,"Speed_Reg":35,"T_Exc_Type":null,"T_Exc_Time":null,"Trk_Permit":null,"Trk_Netwrk":null,"Truck_Rte":null,"ROW_Width":40,"Toll_Road":null,"MHS":null,"City":272,"Mun_Type":2,"County":11,"Hwy_Dist":2,"RPA":"FRCOG","RTA":"FRTA","MPO":5,"St_Name":"LOCKS POND ROAD","City_Maint":272,"Length":0.1252809,"created_user":"RH","created_date":1785555425000,"last_edited_user":"RH","last_edited_date":1785555425000,"Record_ID":"123328.916654.NW.20.3872","GlobalID":"{4058DA6D-74C1-47D9-934B-EE1088C9E52D}","Local_Priority":1,"Oneway":null,"SHAPE.STLength()":200.14026145501788}},{"type":"Feature","id":434623,"geometry":{"type":"LineString","coordinates":[[-72.433781051820532,42.497135926057823],[-72.433893845844324,42.497198596027054],[-72.433987714566726,42.497253538002823]]},"properties":{"OBJECTID":434623,"route_id":"N3872 NB","from_measure":3.5874467999999999,"to_measure":3.6008626000000001,"Route_System":"N","Route_Number":"3872","Route_Direction":"NB","Rd_Seg_ID":null,"Facility":1,"Mile_Count":1,"Urban_Area":"0","Urban_Type":5,"F_F_Class":5,"Jurisdictn":"2","NHS":0,"Fd_Aid_Rd":3,"Control":0,"Num_Lanes":2,"Opp_Lanes":0,"Surface_Tp":5,"Surface_Wd":20,"Shldr_Lt_W":0,"Shldr_Lt_T":0,"Shldr_Rt_W":2,"Shldr_Rt_T":1,"Shldr_UL_W":0,"Shldr_UL_T":0,"Med_Width":0,"Med_Type":0,"Curb":0,"Lt_Sidewlk":0,"Rt_Sidewlk":0,"Pd_Sf_Type":null,"Pd_Fc_Type":null,"Cr_Slope":null,"Path_Width":null,"Operation":2,"Speed_Lim":999,"Op_Dir_SL":999,"Speed_Reg":35,"T_Exc_Type":null,"T_Exc_Time":null,"Trk_Permit":null,"Trk_Netwrk":null,"Truck_Rte":null,"ROW_Width":40,"Toll_Road":null,"MHS":null,"City":272,"Mun_Type":2,"County":11,"Hwy_Dist":2,"RPA":"FRCOG","RTA":"FRTA","MPO":5,"St_Name":"LOCKS POND ROAD","City_Maint":272,"Length":0.0134158,"created_user":"RH","created_date":1785555425000,"last_edited_user":"RH","last_edited_date":1785555425000,"Record_ID":"123235.916714.NW.21.3872","GlobalID":"{FFE4ABC7-FE25-4682-A7B7-A62EF55D360E}","Local_Priority":1,"Oneway":null,"SHAPE.STLength()":21.432166490132076}},{"type":"Feature","id":434624,"geometry":{"type":"LineString","coordinates":[[-72.433987714566726,42.497253538002823],[-72.434037282802365,42.497282397040763],[-72.434173199196209,42.49737245381128],[-72.434295955438515,42.497472177409371],[-72.434405903800254,42.497579887757603],[-72.434504912131402,42.497693309088682],[-72.434597504281399,42.497809599406359],[-72.434678752865949,42.49793048044797],[-72.434697740457764,42.497961275254887]]},"properties":{"OBJECTID":434624,"route_id":"N3872 NB","from_measure":3.6008626000000001,"to_measure":3.6627757000000001,"Route_System":"N","Route_Number":"3872","Route_Direction":"NB","Rd_Seg_ID":null,"Facility":1,"Mile_Count":1,"Urban_Area":"0","Urban_Type":5,"F_F_Class":5,"Jurisdictn":"2","NHS":0,"Fd_Aid_Rd":3,"Control":0,"Num_Lanes":2,"Opp_Lanes":0,"Surface_Tp":5,"Surface_Wd":20,"Shldr_Lt_W":0,"Shldr_Lt_T":0,"Shldr_Rt_W":2,"Shldr_Rt_T":1,"Shldr_UL_W":0,"Shldr_UL_T":0,"Med_Width":0,"Med_Type":0,"Curb":0,"Lt_Sidewlk":0,"Rt_Sidewlk":0,"Pd_Sf_Type":null,"Pd_Fc_Type":null,"Cr_Slope":null,"Path_Width":null,"Operation":2,"Speed_Lim":999,"Op_Dir_SL":999,"Speed_Reg":35,"T_Exc_Type":null,"T_Exc_Time":null,"Trk_Permit":null,"Trk_Netwrk":null,"Truck_Rte":null,"ROW_Width":40,"Toll_Road":null,"MHS":null,"City":272,"Mun_Type":2,"County":11,"Hwy_Dist":2,"RPA":"FRCOG","RTA":"FRTA","MPO":5,"St_Name":"LOCKS POND ROAD","City_Maint":272,"Length":0.061913099999999999,"created_user":"RH","created_date":1785555425000,"last_edited_user":"RH","last_edited_date":1785555425000,"Record_ID":"123194.916757.NW.98.3872","GlobalID":"{2BFC2E4B-CC94-45CA-ACF1-E4D18A9EFB9D}","Local_Priority":1,"Oneway":null,"SHAPE.STLength()":98.908257958172058}},{"type":"Feature","id":434625,"geometry":{"type":"LineString","coordinates":[[-72.434697740457764,42.497961275254887],[-72.434753946799347,42.498053097700314],[-72.43483094147939,42.498175704798349],[-72.434910965804846,42.498297158290228],[-72.434989589060464,42.498416488474433],[-72.435068879109068,42.498536707194141],[-72.435482269174784,42.499129155515654]]},"properties":{"OBJECTID":434625,"route_id":"N3872 NB","from_measure":3.6627757000000001,"to_measure":3.7534752999999998,"Route_System":"N","Route_Number":"3872","Route_Direction":"NB","Rd_Seg_ID":null,"Facility":1,"Mile_Count":1,"Urban_Area":"0","Urban_Type":5,"F_F_Class":5,"Jurisdictn":"2","NHS":0,"Fd_Aid_Rd":3,"Control":0,"Num_Lanes":2,"Opp_Lanes":0,"Surface_Tp":5,"Surface_Wd":20,"Shldr_Lt_W":0,"Shldr_Lt_T":0,"Shldr_Rt_W":2,"Shldr_Rt_T":1,"Shldr_UL_W":0,"Shldr_UL_T":0,"Med_Width":0,"Med_Type":0,"Curb":0,"Lt_Sidewlk":0,"Rt_Sidewlk":0,"Pd_Sf_Type":null,"Pd_Fc_Type":null,"Cr_Slope":null,"Path_Width":null,"Operation":2,"Speed_Lim":999,"Op_Dir_SL":999,"Speed_Reg":35,"T_Exc_Type":null,"T_Exc_Time":null,"Trk_Permit":null,"Trk_Netwrk":null,"Truck_Rte":null,"ROW_Width":40,"Toll_Road":null,"MHS":null,"City":272,"Mun_Type":2,"County":11,"Hwy_Dist":2,"RPA":"FRCOG","RTA":"FRTA","MPO":5,"St_Name":"LOCKS POND ROAD","City_Maint":272,"Length":0.090699600000000005,"created_user":"RH","created_date":1785555425000,"last_edited_user":"RH","last_edited_date":1785555425000,"Record_ID":"123139.916866.NW.14.3872","GlobalID":"{C17E58DC-FA46-4EEE-890D-86EDF0EBF4A7}","Local_Priority":1,"Oneway":null,"SHAPE.STLength()":144.89540920461133}},{"type":"Feature","id":434626,"geometry":{"type":"LineString","coordinates":[[-72.435482269174784,42.499129155515654],[-72.435937169407651,42.499781077719859],[-72.43596319605858,42.499818568319029],[-72.436005705786727,42.499877866316083],[-72.43604812197681,42.499937168658029],[-72.436051254806372,42.499941758163409],[-72.436089027112828,42.499997042343217],[-72.436114521616631,42.500036786183124],[-72.436139070736687,42.500077099483661],[-72.436163241632002,42.500117421252575],[-72.436179815416295,42.500145419269536],[-72.436196210270694,42.500173985027132],[-72.43621259186132,42.500201983699938],[-72.436227020967891,42.500226062110109],[-72.436241537674803,42.50025013980688],[-72.436254355950197,42.50027479308595],[-72.436264894492453,42.500299465781637],[-72.436273906377949,42.5003241553786],[-72.436282638390722,42.500348841846325],[-72.436292147428489,42.500374647378692],[-72.436301285252696,42.500401017713777],[-72.436309554670615,42.500426833314002],[-72.436317307316216,42.500456031943635],[-72.436324299642422,42.500485236748872],[-72.436330718912714,42.500514440806846],[-72.436338266926896,42.500548707094403],[-72.436345142131202,42.500582973444942],[-72.4363505987195,42.500617814907798],[-72.436354246562104,42.50065211197623],[-72.436356749604059,42.500686414742894],[-72.43635859084462,42.500720721985076],[-72.436359378756265,42.500754475995507],[-72.436359592534075,42.500788239171158],[-72.43636094734957,42.500821988575701],[-72.436363895122795,42.50085403787422],[-72.436367696903247,42.500886080234807],[-72.43637284035259,42.500918674384245],[-72.436381216543296,42.500957994533287],[-72.436387770925037,42.500983261368859]]},"properties":{"OBJECTID":434626,"route_id":"N3872 NB","from_measure":3.7534752999999998,"to_measure":3.8924455999999998,"Route_System":"N","Route_Number":"3872","Route_Direction":"NB","Rd_Seg_ID":null,"Facility":1,"Mile_Count":1,"Urban_Area":"0","Urban_Type":5,"F_F_Class":5,"Jurisdictn":"2","NHS":0,"Fd_Aid_Rd":3,"Control":0,"Num_Lanes":2,"Opp_Lanes":0,"Surface_Tp":5,"Surface_Wd":20,"Shldr_Lt_W":0,"Shldr_Lt_T":0,"Shldr_Rt_W":2,"Shldr_Rt_T":1,"Shldr_UL_W":0,"Shldr_UL_T":0,"Med_Width":0,"Med_Type":0,"Curb":0,"Lt_Sidewlk":0,"Rt_Sidewlk":0,"Pd_Sf_Type":null,"Pd_Fc_Type":null,"Cr_Slope":null,"Path_Width":null,"Operation":2,"Speed_Lim":999,"Op_Dir_SL":999,"Speed_Reg":35,"T_Exc_Type":null,"T_Exc_Time":null,"Trk_Permit":null,"Trk_Netwrk":null,"Truck_Rte":null,"ROW_Width":40,"Toll_Road":null,"MHS":null,"City":272,"Mun_Type":2,"County":11,"Hwy_Dist":2,"RPA":"FRCOG","RTA":"FRTA","MPO":5,"St_Name":"LOCKS POND ROAD","City_Maint":272,"Length":0.13897029999999999,"created_user":"RH","created_date":1785555425000,"last_edited_user":"RH","last_edited_date":1785555425000,"Record_ID":"123057.917028.NW.22.3872","GlobalID":"{45F3BD8A-B3B8-48D5-8EF9-A642328CB205}","Local_Priority":1,"Oneway":null,"SHAPE.STLength()":222.00974436928206}},{"type":"Feature","id":434627,"geometry":{"type":"LineString","coordinates":[[-72.436387770925037,42.500983261368859],[-72.436391305621882,42.50099730076623],[-72.436401395943037,42.501036607888153],[-72.436409299555493,42.501069741399832],[-72.436417204392811,42.501102874900774],[-72.436425302667402,42.501136006829434],[-72.436433603776123,42.50117026248639],[-72.43644219918113,42.501205082041267],[-72.436452491947009,42.501238758827256],[-72.436468972287912,42.501279700291512],[-72.43648829709818,42.501320056854865],[-72.436508568400697,42.501360405724732],[-72.436541131580924,42.501421475992039],[-72.436575961341049,42.501481960643019],[-72.436586424427745,42.501498984955724]]},"properties":{"OBJECTID":434627,"route_id":"N3872 NB","from_measure":3.8924455999999998,"to_measure":3.9298999999999999,"Route_System":"N","Route_Number":"3872","Route_Direction":"NB","Rd_Seg_ID":null,"Facility":1,"Mile_Count":1,"Urban_Area":"0","Urban_Type":5,"F_F_Class":5,"Jurisdictn":"2","NHS":0,"Fd_Aid_Rd":3,"Control":0,"Num_Lanes":2,"Opp_Lanes":0,"Surface_Tp":5,"Surface_Wd":20,"Shldr_Lt_W":0,"Shldr_Lt_T":0,"Shldr_Rt_W":2,"Shldr_Rt_T":1,"Shldr_UL_W":0,"Shldr_UL_T":0,"Med_Width":0,"Med_Type":0,"Curb":0,"Lt_Sidewlk":0,"Rt_Sidewlk":0,"Pd_Sf_Type":null,"Pd_Fc_Type":null,"Cr_Slope":null,"Path_Width":null,"Operation":2,"Speed_Lim":999,"Op_Dir_SL":999,"Speed_Reg":35,"T_Exc_Type":null,"T_Exc_Time":null,"Trk_Permit":null,"Trk_Netwrk":null,"Truck_Rte":null,"ROW_Width":40,"Toll_Road":null,"MHS":null,"City":272,"Mun_Type":2,"County":11,"Hwy_Dist":2,"RPA":"FRCOG","RTA":"FRTA","MPO":5,"St_Name":"LOCKS POND ROAD","City_Maint":272,"Length":0.037454399999999999,"created_user":"RH","created_date":1785555425000,"last_edited_user":"RH","last_edited_date":1785555425000,"Record_ID":"123029.917167.NW.59.3872","GlobalID":"{D9F80EBC-7F54-4E04-A152-63B9AF50E5B3}","Local_Priority":1,"Oneway":null,"SHAPE.STLength()":59.834523086275112}},{"type":"Feature","id":434388,"geometry":{"type":"LineString","coordinates":[[-72.428976475610511,42.508085423105392],[-72.42893212163294,42.508095185949301],[-72.428869287637568,42.508108074070933],[-72.428797227522111,42.508121031091427],[-72.428606675145005,42.508149949705746],[-72.428471341159039,42.508167499952215],[-72.428402533145132,42.508175060248448],[-72.428361373558857,42.508178150238194],[-72.42800272290043,42.508201140739942],[-72.427934625276364,42.508205629519807],[-72.427866534889745,42.508210114599898],[-72.427798637752417,42.508215164372331],[-72.427750607656179,42.508220054218491],[-72.427702763637399,42.508224938045593],[-72.427654740580095,42.508230390481835],[-72.427607748477158,42.508234705627459],[-72.42756057732268,42.508239588482603],[-72.42751359346255,42.508244465309879],[-72.427462508515916,42.508248817827962],[-72.427411530301754,42.508253726749594],[-72.427360553362519,42.508258640139886],[-72.427312158915186,42.508264658107258],[-72.427263966097513,42.508271231717366],[-72.427216263142,42.50827893034176],[-72.427174293411483,42.508288837182874],[-72.427132725819234,42.508299861646314],[-72.427091245799801,42.508310884490015],[-72.427038880172432,42.508324810992541],[-72.427017018115052,42.508330893658751]]},"properties":{"OBJECTID":434388,"route_id":"N3864 NB","from_measure":6.2317476999999997,"to_measure":6.3335607999999999,"Route_System":"N","Route_Number":"3864","Route_Direction":"NB","Rd_Seg_ID":null,"Facility":1,"Mile_Count":1,"Urban_Area":"0","Urban_Type":5,"F_F_Class":5,"Jurisdictn":"2","NHS":0,"Fd_Aid_Rd":3,"Control":0,"Num_Lanes":2,"Opp_Lanes":0,"Surface_Tp":5,"Surface_Wd":22,"Shldr_Lt_W":0,"Shldr_Lt_T":0,"Shldr_Rt_W":0,"Shldr_Rt_T":0,"Shldr_UL_W":0,"Shldr_UL_T":0,"Med_Width":0,"Med_Type":0,"Curb":0,"Lt_Sidewlk":0,"Rt_Sidewlk":0,"Pd_Sf_Type":null,"Pd_Fc_Type":null,"Cr_Slope":null,"Path_Width":null,"Operation":2,"Speed_Lim":999,"Op_Dir_SL":999,"Speed_Reg":30,"T_Exc_Type":null,"T_Exc_Time":null,"Trk_Permit":null,"Trk_Netwrk":null,"Truck_Rte":null,"ROW_Width":45,"Toll_Road":null,"MHS":null,"City":272,"Mun_Type":2,"County":11,"Hwy_Dist":2,"RPA":"FRCOG","RTA":"FRTA","MPO":5,"St_Name":"LAKEVIEW ROAD","City_Maint":272,"Length":0.1018131,"created_user":"RH","created_date":1785555425000,"last_edited_user":"RH","last_edited_date":1785555425000,"Record_ID":"123733.917932.NE.16.3864","GlobalID":"{99FA95F3-EA55-433B-B6F8-C28829780926}","Local_Priority":1,"Oneway":null,"SHAPE.STLength()":163.85270079485582}},{"type":"Feature","id":434389,"geometry":{"type":"LineString","coordinates":[[-72.427017018115052,42.508330893658751],[-72.426986809935073,42.508339298682706],[-72.426934251960233,42.508353222182436],[-72.426871442063998,42.508367795274594],[-72.426808229939823,42.508381247093027],[-72.426745209957389,42.508394692830343],[-72.426701822392999,42.508405173582766],[-72.426658345930733,42.508415650531816],[-72.426614458983636,42.508424442703813],[-72.426580502901686,42.508429781618858],[-72.42654605573577,42.508433995496368],[-72.426511592044605,42.508437084123088],[-72.426475601756025,42.508439627723533],[-72.426439499978272,42.508441042333963],[-72.426403392115589,42.508442456981946],[-72.426351976286739,42.508443432844039],[-72.426300553414563,42.508443846053176],[-72.426249212576636,42.50844313320696],[-72.425972061832113,42.508443692383736],[-72.425916828011935,42.508445939330848],[-72.425896420548582,42.508447421278113],[-72.425883727538235,42.508448641395752],[-72.425871343202132,42.508450083207173],[-72.425858723601195,42.508451994161746],[-72.425845018112199,42.508454701597316],[-72.4258322166352,42.508457652053927],[-72.425812461145298,42.508463762586814],[-72.425786803178909,42.508473627947609],[-72.425762427438329,42.508484717314857],[-72.425747359359434,42.508493248908863],[-72.425745832731607,42.50849452608788]]},"properties":{"OBJECTID":434389,"route_id":"N3864 NB","from_measure":6.3335607999999999,"to_measure":6.4003652999999998,"Route_System":"N","Route_Number":"3864","Route_Direction":"NB","Rd_Seg_ID":null,"Facility":1,"Mile_Count":1,"Urban_Area":"0","Urban_Type":5,"F_F_Class":5,"Jurisdictn":"2","NHS":0,"Fd_Aid_Rd":3,"Control":0,"Num_Lanes":2,"Opp_Lanes":0,"Surface_Tp":5,"Surface_Wd":22,"Shldr_Lt_W":0,"Shldr_Lt_T":0,"Shldr_Rt_W":0,"Shldr_Rt_T":0,"Shldr_UL_W":0,"Shldr_UL_T":0,"Med_Width":0,"Med_Type":0,"Curb":0,"Lt_Sidewlk":0,"Rt_Sidewlk":0,"Pd_Sf_Type":null,"Pd_Fc_Type":null,"Cr_Slope":null,"Path_Width":null,"Operation":2,"Speed_Lim":999,"Op_Dir_SL":999,"Speed_Reg":15,"T_Exc_Type":null,"T_Exc_Time":null,"Trk_Permit":null,"Trk_Netwrk":null,"Truck_Rte":null,"ROW_Width":45,"Toll_Road":null,"MHS":null,"City":272,"Mun_Type":2,"County":11,"Hwy_Dist":2,"RPA":"FRCOG","RTA":"FRTA","MPO":5,"St_Name":"LAKEVIEW ROAD","City_Maint":272,"Length":0.066804500000000003,"created_user":"RH","created_date":1785555425000,"last_edited_user":"RH","last_edited_date":1785555425000,"Record_ID":"123866.917957.NE.10.3864","GlobalID":"{1C462D67-B10A-4E3E-8F71-E99D25BAD512}","Local_Priority":1,"Oneway":null,"SHAPE.STLength()":107.51162376821428}},{"type":"Feature","id":434390,"geometry":{"type":"LineString","coordinates":[[-72.425745832731607,42.50849452608788],[-72.425727503551514,42.508509858613841],[-72.425719262718815,42.508517952752037],[-72.425707818716475,42.50853007803974],[-72.425694080136708,42.508547370558993],[-72.425686473428641,42.508559955693478],[-72.425682347073007,42.508567662972411],[-72.425678702661301,42.50857562476692],[-72.425676904089201,42.508580428797288],[-72.425675082381346,42.508586061288099],[-72.425671866422647,42.508602327596577],[-72.425670027861145,42.508615189619569],[-72.425662750187485,42.50868322329508],[-72.425659923324034,42.50872734351406]]},"properties":{"OBJECTID":434390,"route_id":"N3864 NB","from_measure":6.4003652999999998,"to_measure":6.4175173000000001,"Route_System":"N","Route_Number":"3864","Route_Direction":"NB","Rd_Seg_ID":null,"Facility":1,"Mile_Count":1,"Urban_Area":"0","Urban_Type":5,"F_F_Class":5,"Jurisdictn":"2","NHS":0,"Fd_Aid_Rd":3,"Control":0,"Num_Lanes":2,"Opp_Lanes":0,"Surface_Tp":6,"Surface_Wd":20,"Shldr_Lt_W":0,"Shldr_Lt_T":0,"Shldr_Rt_W":0,"Shldr_Rt_T":0,"Shldr_UL_W":0,"Shldr_UL_T":0,"Med_Width":0,"Med_Type":0,"Curb":0,"Lt_Sidewlk":0,"Rt_Sidewlk":0,"Pd_Sf_Type":null,"Pd_Fc_Type":null,"Cr_Slope":null,"Path_Width":null,"Operation":2,"Speed_Lim":999,"Op_Dir_SL":999,"Speed_Reg":15,"T_Exc_Type":null,"T_Exc_Time":null,"Trk_Permit":null,"Trk_Netwrk":null,"Truck_Rte":null,"ROW_Width":38,"Toll_Road":null,"MHS":null,"City":272,"Mun_Type":2,"County":11,"Hwy_Dist":2,"RPA":"FRCOG","RTA":"FRTA","MPO":5,"St_Name":"WENDELL ROAD","City_Maint":272,"Length":0.017152000000000001,"created_user":"RH","created_date":1785555425000,"last_edited_user":"RH","last_edited_date":1785555425000,"Record_ID":"123924.917975.NE.27.3864","GlobalID":"{91FC4542-9FA1-49F7-BD57-31B26FC9EBA6}","Local_Priority":1,"Oneway":null,"SHAPE.STLength()":27.603453130299098}},{"type":"Feature","id":434391,"geometry":{"type":"LineString","coordinates":[[-72.425659923324034,42.50872734351406],[-72.425659696676121,42.508730888908758]]},"properties":{"OBJECTID":434391,"route_id":"N3864 NB","from_measure":6.4175173000000001,"to_measure":6.4177622999999997,"Route_System":"N","Route_Number":"3864","Route_Direction":"NB","Rd_Seg_ID":null,"Facility":1,"Mile_Count":1,"Urban_Area":"0","Urban_Type":5,"F_F_Class":5,"Jurisdictn":"2","NHS":0,"Fd_Aid_Rd":3,"Control":0,"Num_Lanes":2,"Opp_Lanes":0,"Surface_Tp":6,"Surface_Wd":20,"Shldr_Lt_W":0,"Shldr_Lt_T":0,"Shldr_Rt_W":0,"Shldr_Rt_T":0,"Shldr_UL_W":0,"Shldr_UL_T":0,"Med_Width":0,"Med_Type":0,"Curb":0,"Lt_Sidewlk":0,"Rt_Sidewlk":0,"Pd_Sf_Type":null,"Pd_Fc_Type":null,"Cr_Slope":null,"Path_Width":null,"Operation":2,"Speed_Lim":999,"Op_Dir_SL":999,"Speed_Reg":35,"T_Exc_Type":null,"T_Exc_Time":null,"Trk_Permit":null,"Trk_Netwrk":null,"Truck_Rte":null,"ROW_Width":38,"Toll_Road":null,"MHS":null,"City":272,"Mun_Type":2,"County":11,"Hwy_Dist":2,"RPA":"FRCOG","RTA":"FRTA","MPO":5,"St_Name":"WENDELL ROAD","City_Maint":272,"Length":0.00024499999999999999,"created_user":"RH","created_date":1785555425000,"last_edited_user":"RH","last_edited_date":1785555425000,"Record_ID":"123925.917988.NE.39.3864","GlobalID":"{9E58CE16-14A2-4985-9C6A-96FA41C45C6D}","Local_Priority":1,"Oneway":null,"SHAPE.STLength()":0.39426560844182185}},{"type":"Feature","id":289766,"geometry":{"type":"LineString","coordinates":[[-72.387169366042528,42.463730342535825],[-72.386783813805039,42.463712061274641],[-72.386702416993074,42.463707060034963],[-72.386581183839724,42.463698990093071],[-72.386460234566343,42.463690351547712],[-72.386339249490774,42.463680025980032],[-72.386218635958556,42.463669139238391],[-72.386098672910904,42.463657119285365],[-72.385978241207098,42.463644539221491],[-72.385858073417921,42.463630832522014],[-72.385738170828745,42.463616003679483],[-72.385618717465746,42.463599475084976],[-72.385605862731296,42.463597328550605],[-72.385487038160633,42.463578550526563],[-72.385368853114926,42.463557507700571],[-72.385250840851285,42.46353533984589],[-72.385132841470124,42.46351373806344],[-72.38501465800563,42.463492703866471],[-72.384984927259524,42.463486746281752],[-72.3848657287039,42.463461208304686],[-72.384746505571144,42.463433995827145],[-72.384627671753719,42.463414082607478],[-72.384510374354363,42.463408797321044],[-72.384403681710012,42.463421431188067],[-72.384287145717067,42.463450462138312],[-72.384173422546041,42.463489598905532],[-72.384064868773009,42.463532074729606],[-72.383990144073294,42.463568663054772],[-72.38389643487389,42.463627333817392],[-72.383803605873879,42.463687135733359],[-72.38370370711074,42.4637368552794],[-72.383652500410335,42.463756373254654],[-72.383541467138102,42.463792115313503],[-72.383427427150892,42.463823370697725],[-72.383312044934712,42.463853517181676],[-72.3829517028732,42.463971200809169],[-72.382949659586146,42.463971949318008]]},"properties":{"OBJECTID":289766,"route_id":"L208137 EB","from_measure":1.1971071,"to_measure":1.4248097,"Route_System":"L","Route_Number":"208137","Route_Direction":"EB","Rd_Seg_ID":null,"Facility":1,"Mile_Count":1,"Urban_Area":"0","Urban_Type":5,"F_F_Class":7,"Jurisdictn":"2","NHS":0,"Fd_Aid_Rd":0,"Control":0,"Num_Lanes":1,"Opp_Lanes":0,"Surface_Tp":2,"Surface_Wd":14,"Shldr_Lt_W":0,"Shldr_Lt_T":0,"Shldr_Rt_W":0,"Shldr_Rt_T":0,"Shldr_UL_W":0,"Shldr_UL_T":0,"Med_Width":0,"Med_Type":0,"Curb":0,"Lt_Sidewlk":0,"Rt_Sidewlk":0,"Pd_Sf_Type":null,"Pd_Fc_Type":null,"Cr_Slope":null,"Path_Width":null,"Operation":2,"Speed_Lim":null,"Op_Dir_SL":null,"Speed_Reg":null,"T_Exc_Type":null,"T_Exc_Time":null,"Trk_Permit":null,"Trk_Netwrk":null,"Truck_Rte":null,"ROW_Width":40,"Toll_Road":null,"MHS":null,"City":272,"Mun_Type":2,"County":11,"Hwy_Dist":2,"RPA":"FRCOG","RTA":"FRTA","MPO":5,"St_Name":"COOLEYVILLE ROAD","City_Maint":272,"Length":0.2277026,"created_user":"RH","created_date":1785555425000,"last_edited_user":"RH","last_edited_date":1785555425000,"Record_ID":"127206.912930.NE.36.208137","GlobalID":"{109B4994-737A-4E52-89F2-A676B79ED3B8}","Local_Priority":1,"Oneway":null,"SHAPE.STLength()":366.45251708845819}},{"type":"Feature","id":460257,"geometry":{"type":"LineString","coordinates":[[-72.442967770005552,42.412501277470625],[-72.442966053715551,42.412508801121312],[-72.44295876085171,42.412548258980181],[-72.442951852891753,42.412587701080348],[-72.442944854969653,42.412627710219553],[-72.44294311454378,42.412650799742458],[-72.442941456604302,42.412673880486572],[-72.44294000280901,42.412696963159441],[-72.442937983923727,42.412745934731824],[-72.442936906341032,42.412795455891796],[-72.442936404899442,42.412844423134636],[-72.442935886364552,42.412911382559962],[-72.442936031387134,42.412977783750307],[-72.442937696049654,42.413044734291546],[-72.442939816425991,42.413104361477636],[-72.442943161475625,42.413163415928572],[-72.442949459744753,42.41322244168353],[-72.442958786850895,42.413274698309593],[-72.442970378521991,42.413326941784035],[-72.442983578628528,42.413378599474683],[-72.442996497076223,42.413423511555187],[-72.443010647329487,42.413468409040426],[-72.443024217149173,42.413512757580811],[-72.443032368693451,42.41354419847471],[-72.443040440119645,42.413575643625514],[-72.443048875983109,42.413606514085096],[-72.443062810503534,42.413650302332442],[-72.443077807702082,42.413694059362847],[-72.44309269455789,42.413737829899659],[-72.443106641151857,42.413781609038651],[-72.443120489281455,42.413825383580509],[-72.443134324147408,42.413869163631013],[-72.443147891764411,42.41391294586937],[-72.443161552863543,42.413956721937865],[-72.443175786259687,42.414000498716902],[-72.443191518796411,42.41404426230924],[-72.443207926802828,42.414087449559794],[-72.443223671545496,42.414131213947456],[-72.44323826358206,42.41417442957902],[-72.443252217447423,42.414218194232646],[-72.443264842448528,42.414262551382286],[-72.443276307299712,42.414306349934321],[-72.443286649391865,42.414350711384053],[-72.44329557882628,42.414395098814573],[-72.443302514425042,42.414440055381661],[-72.443308218213261,42.414485025644161],[-72.443314102971129,42.414529990821556],[-72.443320849332707,42.414574396139415],[-72.443327784821307,42.414619342800712],[-72.44333451297905,42.414663748266129],[-72.443341063507731,42.414708707083918],[-72.443347351714152,42.414753673452751],[-72.443353226992528,42.41479808140403],[-72.443358732838277,42.414843054183329],[-72.443363870504498,42.414888024577444],[-72.443368236813228,42.414933006694604],[-72.443371390615212,42.414977994246954],[-72.443373758636938,42.415022434540717],[-72.443375475113086,42.415067424868724],[-72.443376713265764,42.415112441624494],[-72.443377105662762,42.4151574518065],[-72.443375873833176,42.415202479801351],[-72.443372285066076,42.415247522610827],[-72.443366972376865,42.415292579548201],[-72.443360508077575,42.415337083221701],[-72.443352824160712,42.415381605892861],[-72.443343708897984,42.415426126788603],[-72.443334226942042,42.415470665093316],[-72.44332406077703,42.415515194598783],[-72.443313419952261,42.415559183297873],[-72.443301935605291,42.415603723602864],[-72.443289298567578,42.415647720554617],[-72.443276007901815,42.415691722860721],[-72.44326290301521,42.415735718240363],[-72.44325084421196,42.415779710447616],[-72.443238971270446,42.415823701130002],[-72.443227478358835,42.415867674291349],[-72.443215980732973,42.415912228197115],[-72.443204873058605,42.415956208101768],[-72.443193960845903,42.416000748203949],[-72.443183695076883,42.416045292010843],[-72.443173819262086,42.416089261816943],[-72.443163572768455,42.416133796459661],[-72.443152553652098,42.416178341933083],[-72.443141160452541,42.416222328669171],[-72.443129374824395,42.416266318618824],[-72.443116550224275,42.416310302674191],[-72.443103359055272,42.41635431313923],[-72.443092060295982,42.416398851891778],[-72.443083610671565,42.416443380804516],[-72.443076958959722,42.416487885982633],[-72.443070620575511,42.416532951293753],[-72.443063968992874,42.416577466372523],[-72.443057415593373,42.41662196624079],[-72.443051357879312,42.416667032851038],[-72.44304556616791,42.416712093679848],[-72.443040164690899,42.416756598513352],[-72.443035138343518,42.416801652169923],[-72.443030283427404,42.4168461435209],[-72.443026028535314,42.416891190855843],[-72.443023099335718,42.416936242634918],[-72.443022719874079,42.416981249216306],[-72.443023957812898,42.417026265955094],[-72.443025014529553,42.417071270673269],[-72.443025686186274,42.41711628304715],[-72.443026258153495,42.417161291735603],[-72.443026164346279,42.417206305877855],[-72.443025039139613,42.417251332970906],[-72.443023240784996,42.417296360176131],[-72.443021548206545,42.417341391916231],[-72.443020036581942,42.417386417671771],[-72.443018525022254,42.417431447927832],[-72.443016528638779,42.417476477653594],[-72.44301377681289,42.417520959869897],[-72.443010566712772,42.417565999537572],[-72.443007338451295,42.417611043855082],[-72.443003829469973,42.417656085969988],[-72.443000420174869,42.417701131769263],[-72.442998062922612,42.417746163547548],[-72.44299721712018,42.417791188345298],[-72.442997601974014,42.417836198559272],[-72.442997894694997,42.417881223032403],[-72.442997900356687,42.417926227348602],[-72.44299818700371,42.417971251870483],[-72.442998392049049,42.418016263555579],[-72.442998577722918,42.418061279900449],[-72.442998782768825,42.418106291584536],[-72.442999075277072,42.418151301651328],[-72.442999360576749,42.418196317178612],[-72.442999752724148,42.418241327328509],[-72.442999758588599,42.418286345143954],[-72.442999578500164,42.418331359980655],[-72.44299901820203,42.418376382433145],[-72.442998163996549,42.418420844592056],[-72.442996453145909,42.418465876468886],[-72.442994660824553,42.418510904510917],[-72.442992962118453,42.418555936287213],[-72.442992116220935,42.418600955674826],[-72.442991457504519,42.418645978930527],[-72.442990610403214,42.418690999227366],[-72.442989485144778,42.418736026303904],[-72.44298805972528,42.418781051337199],[-72.442986361141536,42.418826092112539],[-72.442984650070144,42.418871110481611],[-72.442982672042731,42.41891615354502],[-72.442979461849575,42.418961193196679],[-72.442974328490706,42.41900568590107],[-72.442968069967733,42.419050750522366],[-72.442961703548832,42.41909526232913],[-72.442955644260664,42.419140325316576],[-72.442949657971056,42.419184825004521],[-72.442943014271279,42.419229892777359],[-72.442935050146602,42.419274417667893],[-72.442926412721931,42.419318934567684],[-72.442917677088275,42.419363466675776],[-72.442909314220358,42.41940798132417],[-72.442900864064853,42.419452510191192],[-72.442892425845614,42.419497025454369],[-72.442883777627287,42.419541555941244],[-72.442874960315308,42.419586074307148],[-72.44286584432443,42.419630609523267],[-72.442856542417374,42.419675145360557],[-72.442847047116146,42.419719669275629],[-72.442836612846392,42.419764215285106],[-72.442824919683389,42.419808189996445],[-72.442812479512881,42.419852185229232],[-72.442799835196638,42.419896181231721],[-72.442787295296498,42.419940172775789],[-72.442774569542067,42.419984169441307],[-72.442761750230304,42.420028167771306],[-72.44274853961214,42.420072164802306],[-72.442735247626004,42.420116166098822],[-72.442722241153987,42.420160165955345],[-72.442710081421581,42.420204153473648],[-72.442698207272429,42.420248144053318],[-72.442686422755372,42.420292686694097],[-72.442675034564573,42.420336673290628],[-72.442663816396447,42.420381224794916],[-72.442652426744189,42.420425196994834],[-72.44264122678257,42.420469749246905],[-72.442629820223104,42.420513730585043],[-72.442618424663237,42.420557717233329],[-72.442607124810706,42.420602255893115],[-72.442595718284124,42.420646242627704],[-72.442584151304359,42.420690796976125],[-72.442572657199733,42.420734779922732],[-72.442561149633619,42.420778757575931],[-72.442549482976247,42.420823312735173],[-72.44253817471666,42.42086729415486],[-72.442526668451706,42.420911280795359],[-72.442514714819751,42.420955825694378],[-72.442502076150362,42.420999821602699],[-72.442489150738567,42.421043820756957],[-72.44247614382374,42.421087815174538],[-72.4424635172644,42.421131811877935],[-72.442450778908054,42.421175809494642],[-72.442437586044946,42.421219805428308],[-72.442423501483944,42.421263246859866],[-72.442408877397298,42.421307259907842],[-72.44237962075924,42.421394722464989],[-72.442369983562457,42.421423496371901],[-72.442350544954479,42.421482175428963],[-72.442335999789563,42.421525620616571],[-72.442321470338001,42.421569631974656],[-72.442306923850794,42.421613072666567],[-72.442017301799723,42.422371723807558]]},"properties":{"OBJECTID":460257,"route_id":"N5239 NB","from_measure":5.9534202000000001,"to_measure":6.6441961000000003,"Route_System":"N","Route_Number":"5239","Route_Direction":"NB","Rd_Seg_ID":null,"Facility":1,"Mile_Count":1,"Urban_Area":"0","Urban_Type":5,"F_F_Class":6,"Jurisdictn":"2","NHS":0,"Fd_Aid_Rd":4,"Control":0,"Num_Lanes":2,"Opp_Lanes":0,"Surface_Tp":5,"Surface_Wd":20,"Shldr_Lt_W":0,"Shldr_Lt_T":0,"Shldr_Rt_W":3,"Shldr_Rt_T":1,"Shldr_UL_W":0,"Shldr_UL_T":0,"Med_Width":0,"Med_Type":0,"Curb":0,"Lt_Sidewlk":0,"Rt_Sidewlk":0,"Pd_Sf_Type":null,"Pd_Fc_Type":null,"Cr_Slope":null,"Path_Width":null,"Operation":2,"Speed_Lim":999,"Op_Dir_SL":999,"Speed_Reg":35,"T_Exc_Type":null,"T_Exc_Time":null,"Trk_Permit":null,"Trk_Netwrk":null,"Truck_Rte":null,"ROW_Width":48,"Toll_Road":null,"MHS":null,"City":272,"Mun_Type":2,"County":11,"Hwy_Dist":2,"RPA":"FRCOG","RTA":"FRTA","MPO":5,"St_Name":"WEST PELHAM ROAD","City_Maint":272,"Length":0.6907759,"created_user":"RH","created_date":1785555425000,"last_edited_user":"RH","last_edited_date":1785555425000,"Record_ID":"122387.907864.NE.11.5239","GlobalID":"{627C1F0E-45DE-4F11-95AB-2D0482B6BC7C}","Local_Priority":1,"Oneway":null,"SHAPE.STLength()":1111.2622619678903}},{"type":"Feature","id":460258,"geometry":{"type":"LineString","coordinates":[[-72.442017301799723,42.422371723807558],[-72.442009064361486,42.422392603916954],[-72.441990909115745,42.422435520390017],[-72.441972086732349,42.422478437816849],[-72.441954783099334,42.422521342812914],[-72.441939571658367,42.422564797888647],[-72.441925706255418,42.422608800146776],[-72.441912693846675,42.422652799925011],[-72.441899674049125,42.422696794359673],[-72.441887326222755,42.422740788696288],[-72.441877348814117,42.422784758235011],[-72.44187071011342,42.422829830358083],[-72.441866441854913,42.422874878584594],[-72.441862837182384,42.422919363182807],[-72.441859612689569,42.422964407369989],[-72.441857248366347,42.423009440017466],[-72.441855070006639,42.42305447564457],[-72.441853463856816,42.423099502087972],[-72.441852137229205,42.423144530745553],[-72.441849300312967,42.423189571758932],[-72.44184857313158,42.423198017308437],[-72.441846320855447,42.423218852935243]]},"properties":{"OBJECTID":460258,"route_id":"N5239 NB","from_measure":6.6441961000000003,"to_measure":6.7036572000000003,"Route_System":"N","Route_Number":"5239","Route_Direction":"NB","Rd_Seg_ID":null,"Facility":1,"Mile_Count":1,"Urban_Area":"0","Urban_Type":5,"F_F_Class":6,"Jurisdictn":"2","NHS":0,"Fd_Aid_Rd":4,"Control":0,"Num_Lanes":2,"Opp_Lanes":0,"Surface_Tp":5,"Surface_Wd":20,"Shldr_Lt_W":0,"Shldr_Lt_T":0,"Shldr_Rt_W":3,"Shldr_Rt_T":1,"Shldr_UL_W":0,"Shldr_UL_T":0,"Med_Width":0,"Med_Type":0,"Curb":0,"Lt_Sidewlk":0,"Rt_Sidewlk":0,"Pd_Sf_Type":null,"Pd_Fc_Type":null,"Cr_Slope":null,"Path_Width":null,"Operation":2,"Speed_Lim":999,"Op_Dir_SL":999,"Speed_Reg":35,"T_Exc_Type":null,"T_Exc_Time":null,"Trk_Permit":null,"Trk_Netwrk":null,"Truck_Rte":null,"ROW_Width":48,"Toll_Road":null,"MHS":null,"City":272,"Mun_Type":2,"County":11,"Hwy_Dist":2,"RPA":"FRCOG","RTA":"FRTA","MPO":5,"St_Name":"WEST PELHAM ROAD","City_Maint":272,"Length":0.059461100000000003,"created_user":"RH","created_date":1785555425000,"last_edited_user":"RH","last_edited_date":1785555425000,"Record_ID":"122487.908457.NE.95.5239","GlobalID":"{DAB3DDCF-4392-4CF8-9D9B-671BF1106E40}","Local_Priority":1,"Oneway":null,"SHAPE.STLength()":95.65592471796451}},{"type":"Feature","id":460259,"geometry":{"type":"LineString","coordinates":[[-72.441846320855447,42.423218852935243],[-72.441842668259454,42.423254335620882],[-72.44183910805458,42.423289250348546],[-72.441835546711218,42.423324170487071],[-72.441823039701248,42.423669769701206],[-72.441823342844557,42.423683831118971],[-72.441824392809366,42.423728840326405],[-72.441825635967803,42.42377384795283],[-72.441827159723033,42.423818847881272],[-72.441828402885221,42.423863855506681],[-72.441829001026406,42.423885235011412],[-72.44182941927393,42.42390661148616],[-72.441829925058798,42.423927990845947],[-72.441831454317878,42.423998879425639],[-72.441833187432323,42.424133914125491],[-72.441830353151374,42.424268985287014],[-72.441825055884081,42.424404072992424],[-72.441819764723022,42.424539164244308],[-72.441810092158505,42.424673729535513],[-72.441800520283138,42.424808856697275],[-72.44178876379577,42.424943439025242],[-72.44177595500777,42.425078029955493],[-72.441754982145923,42.425212120463108],[-72.441747755357966,42.425249882263763],[-72.441717366804966,42.425446514850485],[-72.441713309695473,42.425480309119692],[-72.441699556520504,42.425614907746649],[-72.441674866514404,42.425748466825254],[-72.441650757147158,42.425882587445102],[-72.441629877381629,42.426016681639432],[-72.44160224533691,42.426150264750099],[-72.441566139562255,42.426282234454966],[-72.441557871588216,42.426306165938826],[-72.441520908445966,42.426413148870722],[-72.441473671151385,42.42654351786976],[-72.441413375742016,42.42667061922603],[-72.441347656117912,42.426796639497397],[-72.441285655420444,42.426923754718267],[-72.441224313062179,42.42705086451754],[-72.441167749096138,42.427179622413142],[-72.441108412210539,42.427307273941935],[-72.44104058457296,42.427432186741328],[-72.440973632512424,42.427558217737229],[-72.440909522270516,42.427684220061074],[-72.440845421432499,42.427810789467308],[-72.440783983762898,42.427937899769084],[-72.440727317379626,42.428066095544246],[-72.440664927777448,42.428193213548802],[-72.440592906313071,42.42831703130804],[-72.44051611313968,42.428439200799637],[-72.440434269836913,42.428560286987441],[-72.440323726925783,42.428666980939177],[-72.44020562750967,42.428769790391925],[-72.44008330236008,42.428869265230077],[-72.439936950706169,42.42894980071749],[-72.439781533700582,42.429020278727585],[-72.439624860244834,42.429089646781946],[-72.439466921971288,42.429156769642169],[-72.439307340932629,42.429222219388031],[-72.439153371853337,42.429294376419698],[-72.43900460663501,42.429372114187863],[-72.438864802974365,42.429458786366247],[-72.438735182308989,42.429553253128276],[-72.438609885074115,42.429651057985261],[-72.438482667810518,42.42974775385364],[-72.438356030854322,42.42984500754531],[-72.438230446903944,42.429942815209969],[-72.438105530739648,42.430041179089514],[-72.437979473297929,42.430138989427057],[-72.437855802964293,42.430237905573847],[-72.437732612146988,42.430337384877028],[-72.437607794072022,42.430435747395542],[-72.437482207775915,42.430533553329738],[-72.437357869974392,42.430632474354304],[-72.437231997346615,42.430730283235995],[-72.437101031448819,42.430824196339714],[-72.436972560645373,42.430919776179572],[-72.436845625105448,42.431016467875253],[-72.436728188687582,42.431119830923905],[-72.436613907286031,42.431224859878391],[-72.43650164834952,42.431331563959979],[-72.436401818557414,42.431444352923045],[-72.436307155763842,42.431559911466621],[-72.436216792752901,42.431677126659885],[-72.43614074531969,42.43179928696668],[-72.436065244475898,42.431939411309159],[-72.436012707882099,42.432052415012421],[-72.435956499629214,42.43218060447709],[-72.435895615378826,42.432307707420897],[-72.435822728015125,42.432431528995608],[-72.435753552552228,42.432556449348581],[-72.435687529955558,42.432682469428364],[-72.435618740323832,42.432807382051159],[-72.435551183761433,42.432932851807465],[-72.435504221950481,42.433024951391815],[-72.43538503108681,42.433247623743547],[-72.435316721361986,42.433373099459729],[-72.435248496557151,42.433498008140141],[-72.435180086641239,42.433623484576934],[-72.435113874559192,42.433749500413533],[-72.435050701415236,42.433876058726625],[-72.434987726116191,42.434002616292879],[-72.434924652116649,42.434129173719718],[-72.434859579930844,42.434255742828249],[-72.434792879494111,42.434381205119031],[-72.434726178792388,42.434506667367323],[-72.434659585733357,42.434632686893508],[-72.434592884501598,42.434758149056861],[-72.434526383324666,42.434884171349353],[-72.434459681496321,42.435009628926665],[-72.434392979469578,42.435135090962575],[-72.434319367312852,42.435274672869838]]},"properties":{"OBJECTID":460259,"route_id":"N5239 NB","from_measure":6.7036572000000003,"to_measure":7.6581713999999996,"Route_System":"N","Route_Number":"5239","Route_Direction":"NB","Rd_Seg_ID":null,"Facility":1,"Mile_Count":1,"Urban_Area":"0","Urban_Type":5,"F_F_Class":6,"Jurisdictn":"2","NHS":0,"Fd_Aid_Rd":4,"Control":0,"Num_Lanes":2,"Opp_Lanes":0,"Surface_Tp":5,"Surface_Wd":20,"Shldr_Lt_W":0,"Shldr_Lt_T":0,"Shldr_Rt_W":3,"Shldr_Rt_T":1,"Shldr_UL_W":0,"Shldr_UL_T":0,"Med_Width":0,"Med_Type":0,"Curb":0,"Lt_Sidewlk":0,"Rt_Sidewlk":0,"Pd_Sf_Type":null,"Pd_Fc_Type":null,"Cr_Slope":null,"Path_Width":null,"Operation":2,"Speed_Lim":999,"Op_Dir_SL":999,"Speed_Reg":35,"T_Exc_Type":null,"T_Exc_Time":null,"Trk_Permit":null,"Trk_Netwrk":null,"Truck_Rte":null,"ROW_Width":48,"Toll_Road":null,"MHS":null,"City":272,"Mun_Type":2,"County":11,"Hwy_Dist":2,"RPA":"FRCOG","RTA":"FRTA","MPO":5,"St_Name":"WEST PELHAM ROAD","City_Maint":272,"Length":0.95451419999999998,"created_user":"RH","created_date":1785555425000,"last_edited_user":"RH","last_edited_date":1785555425000,"Record_ID":"122763.909214.NE.15.5239","GlobalID":"{9B32BD28-A093-4AA4-B14B-5369578263AD}","Local_Priority":1,"Oneway":null,"SHAPE.STLength()":1535.5421222883006}},{"type":"Feature","id":460260,"geometry":{"type":"LineString","coordinates":[[-72.434319367312852,42.435274672869838],[-72.4342596825268,42.435386572227422],[-72.434192988010906,42.435512595865873],[-72.434126470794084,42.435638051722194],[-72.434055289538989,42.435762425375522],[-72.433978955736308,42.435885149078622],[-72.433902721276723,42.436007871018987],[-72.433818453466444,42.436127284567959],[-72.433729606728917,42.436245047987939],[-72.433637897988433,42.436361705542829],[-72.433545231313573,42.436478374386368],[-72.433461928163752,42.436598342526587],[-72.433381199491265,42.436719413326088],[-72.433366074343311,42.436749922498564],[-72.43331859225917,42.436845962355484],[-72.433261329117599,42.436974158824611],[-72.433216826693368,42.437105068028053],[-72.433172422471287,42.437235972811429],[-72.433127919611977,42.437366877470993],[-72.433083421509252,42.437497787470967],[-72.433038918281213,42.437628692087671],[-72.432994428038711,42.43776015927363],[-72.432953069551431,42.437891605564126],[-72.43291504060403,42.438023583054459],[-72.432872719443012,42.4381544744069],[-72.432819553103002,42.438283762802463],[-72.43276238122597,42.438411958219824],[-72.432699400187033,42.438539071660927],[-72.432627923806848,42.43866288398678],[-72.432546997673271,42.438783956604944],[-72.432465404212437,42.438904471866778],[-72.432373210420209,42.439021131315158],[-72.432280829204657,42.439137797602932],[-72.432183652875196,42.439251685541727],[-72.432110021134747,42.439334079744434],[-72.432106885872315,42.439337587543172]]},"properties":{"OBJECTID":460260,"route_id":"N5239 NB","from_measure":7.6581713999999996,"to_measure":7.9625928999999998,"Route_System":"N","Route_Number":"5239","Route_Direction":"NB","Rd_Seg_ID":null,"Facility":1,"Mile_Count":1,"Urban_Area":"0","Urban_Type":5,"F_F_Class":6,"Jurisdictn":"2","NHS":0,"Fd_Aid_Rd":4,"Control":0,"Num_Lanes":2,"Opp_Lanes":0,"Surface_Tp":5,"Surface_Wd":20,"Shldr_Lt_W":0,"Shldr_Lt_T":0,"Shldr_Rt_W":3,"Shldr_Rt_T":1,"Shldr_UL_W":0,"Shldr_UL_T":0,"Med_Width":0,"Med_Type":0,"Curb":0,"Lt_Sidewlk":0,"Rt_Sidewlk":0,"Pd_Sf_Type":null,"Pd_Fc_Type":null,"Cr_Slope":null,"Path_Width":null,"Operation":2,"Speed_Lim":999,"Op_Dir_SL":999,"Speed_Reg":35,"T_Exc_Type":null,"T_Exc_Time":null,"Trk_Permit":null,"Trk_Netwrk":null,"Truck_Rte":null,"ROW_Width":48,"Toll_Road":null,"MHS":null,"City":272,"Mun_Type":2,"County":11,"Hwy_Dist":2,"RPA":"FRCOG","RTA":"FRTA","MPO":5,"St_Name":"WEST PELHAM ROAD","City_Maint":272,"Length":0.30442150000000001,"created_user":"RH","created_date":1785555425000,"last_edited_user":"RH","last_edited_date":1785555425000,"Record_ID":"123223.910060.NE.48.5239","GlobalID":"{AD0DD016-2976-4686-92AC-2B2C6498719D}","Local_Priority":1,"Oneway":null,"SHAPE.STLength()":489.72783199746226}},{"type":"Feature","id":460261,"geometry":{"type":"LineString","coordinates":[[-72.432106885872315,42.439337587543172],[-72.432082856105211,42.439364478204169],[-72.431982051903944,42.439476709035723],[-72.431882495066318,42.439590053271928],[-72.431785898052652,42.439704498859726],[-72.43168920710653,42.439818945120408],[-72.431628081611478,42.439892027580399],[-72.431308599597742,42.440263178376604],[-72.430733023032403,42.440971202997972],[-72.430349488159706,42.441533623708416],[-72.43023519837125,42.441717424320785],[-72.430134074231702,42.441892115319661],[-72.430037478475995,42.442071831213099],[-72.429989506324816,42.442167315260399],[-72.429933830893063,42.442314064174766],[-72.429885350486529,42.442484956306792],[-72.429825051860945,42.44266606606903],[-72.429720892626818,42.443009027379723],[-72.429621392451239,42.443372206215585],[-72.4296049751499,42.443424671305017],[-72.4295123907944,42.443721959605369],[-72.429417247329198,42.444116614005651],[-72.429400031821885,42.444179213126986],[-72.429358087898578,42.44431065804568],[-72.42931614386697,42.444442107445823],[-72.429274299261209,42.44457355152116],[-72.429232362107214,42.444704996322287],[-72.429190417552178,42.444836445663746],[-72.429148571208131,42.444967889690211],[-72.429111383370028,42.445099863309196],[-72.429077634580949,42.445232929156006],[-72.429069816309294,42.445263378717421],[-72.428946299952301,42.445704966096464],[-72.4288825198513,42.44594012296713],[-72.428819689174119,42.446162333723038],[-72.428704758759253,42.446503693408992],[-72.428559570900134,42.446828412432204],[-72.428390434342063,42.447300753276537],[-72.428310371730191,42.447521262325033],[-72.428309366945015,42.447524029883851]]},"properties":{"OBJECTID":460261,"route_id":"N5239 NB","from_measure":7.9625928999999998,"to_measure":8.5664397000000001,"Route_System":"N","Route_Number":"5239","Route_Direction":"NB","Rd_Seg_ID":null,"Facility":1,"Mile_Count":1,"Urban_Area":"0","Urban_Type":5,"F_F_Class":6,"Jurisdictn":"2","NHS":0,"Fd_Aid_Rd":4,"Control":0,"Num_Lanes":2,"Opp_Lanes":0,"Surface_Tp":5,"Surface_Wd":20,"Shldr_Lt_W":0,"Shldr_Lt_T":0,"Shldr_Rt_W":0,"Shldr_Rt_T":0,"Shldr_UL_W":0,"Shldr_UL_T":0,"Med_Width":0,"Med_Type":0,"Curb":0,"Lt_Sidewlk":0,"Rt_Sidewlk":0,"Pd_Sf_Type":null,"Pd_Fc_Type":null,"Cr_Slope":null,"Path_Width":null,"Operation":2,"Speed_Lim":999,"Op_Dir_SL":999,"Speed_Reg":35,"T_Exc_Type":null,"T_Exc_Time":null,"Trk_Permit":null,"Trk_Netwrk":null,"Truck_Rte":null,"ROW_Width":48,"Toll_Road":null,"MHS":null,"City":272,"Mun_Type":2,"County":11,"Hwy_Dist":2,"RPA":"FRCOG","RTA":"FRTA","MPO":5,"St_Name":"WEST PELHAM ROAD","City_Maint":272,"Length":0.60384680000000002,"created_user":"RH","created_date":1785555425000,"last_edited_user":"RH","last_edited_date":1785555425000,"Record_ID":"123520.910729.NE.97.5239","GlobalID":"{2685B0FE-411B-4E40-9C8D-C451067B490C}","Local_Priority":1,"Oneway":null,"SHAPE.STLength()":971.41794240661466}},{"type":"Feature","id":460262,"geometry":{"type":"LineString","coordinates":[[-72.428309366945015,42.447524029883851],[-72.428198843055739,42.447828418946898],[-72.428017803137379,42.448344180773908]]},"properties":{"OBJECTID":460262,"route_id":"N5239 NB","from_measure":8.5664397000000001,"to_measure":8.6250000999999994,"Route_System":"N","Route_Number":"5239","Route_Direction":"NB","Rd_Seg_ID":null,"Facility":1,"Mile_Count":1,"Urban_Area":"0","Urban_Type":5,"F_F_Class":6,"Jurisdictn":"2","NHS":0,"Fd_Aid_Rd":4,"Control":0,"Num_Lanes":2,"Opp_Lanes":0,"Surface_Tp":5,"Surface_Wd":22,"Shldr_Lt_W":0,"Shldr_Lt_T":0,"Shldr_Rt_W":3,"Shldr_Rt_T":1,"Shldr_UL_W":0,"Shldr_UL_T":0,"Med_Width":0,"Med_Type":0,"Curb":0,"Lt_Sidewlk":0,"Rt_Sidewlk":0,"Pd_Sf_Type":null,"Pd_Fc_Type":null,"Cr_Slope":null,"Path_Width":null,"Operation":2,"Speed_Lim":999,"Op_Dir_SL":999,"Speed_Reg":35,"T_Exc_Type":null,"T_Exc_Time":null,"Trk_Permit":null,"Trk_Netwrk":null,"Truck_Rte":null,"ROW_Width":48,"Toll_Road":null,"MHS":null,"City":272,"Mun_Type":2,"County":11,"Hwy_Dist":2,"RPA":"FRCOG","RTA":"FRTA","MPO":5,"St_Name":"WEST PELHAM ROAD","City_Maint":272,"Length":0.058560399999999999,"created_user":"RH","created_date":1785555425000,"last_edited_user":"RH","last_edited_date":1785555425000,"Record_ID":"123646.911238.NE.94.5239","GlobalID":"{5E38FD6A-4124-429A-A979-EB4E8EE59ACC}","Local_Priority":1,"Oneway":null,"SHAPE.STLength()":94.206949502974382}},{"type":"Feature","id":460263,"geometry":{"type":"LineString","coordinates":[[-72.428017803137379,42.448344180773908],[-72.427824092033617,42.448857231731644]]},"properties":{"OBJECTID":460263,"route_id":"N5239 NB","from_measure":8.6250000999999994,"to_measure":8.6617841999999996,"Route_System":"N","Route_Number":"5239","Route_Direction":"NB","Rd_Seg_ID":null,"Facility":1,"Mile_Count":1,"Urban_Area":"0","Urban_Type":5,"F_F_Class":6,"Jurisdictn":"2","NHS":0,"Fd_Aid_Rd":4,"Control":0,"Num_Lanes":2,"Opp_Lanes":0,"Surface_Tp":5,"Surface_Wd":22,"Shldr_Lt_W":0,"Shldr_Lt_T":0,"Shldr_Rt_W":3,"Shldr_Rt_T":1,"Shldr_UL_W":0,"Shldr_UL_T":0,"Med_Width":0,"Med_Type":0,"Curb":0,"Lt_Sidewlk":0,"Rt_Sidewlk":0,"Pd_Sf_Type":null,"Pd_Fc_Type":null,"Cr_Slope":null,"Path_Width":null,"Operation":2,"Speed_Lim":999,"Op_Dir_SL":999,"Speed_Reg":25,"T_Exc_Type":null,"T_Exc_Time":null,"Trk_Permit":null,"Trk_Netwrk":null,"Truck_Rte":null,"ROW_Width":48,"Toll_Road":null,"MHS":null,"City":272,"Mun_Type":2,"County":11,"Hwy_Dist":2,"RPA":"FRCOG","RTA":"FRTA","MPO":5,"St_Name":"WEST PELHAM ROAD","City_Maint":272,"Length":0.0367841,"created_user":"RH","created_date":1785555425000,"last_edited_user":"RH","last_edited_date":1785555425000,"Record_ID":"123667.911311.NE.59.5239","GlobalID":"{C1B93913-DB5E-4CAE-86A7-A0DE559930DB}","Local_Priority":1,"Oneway":null,"SHAPE.STLength()":59.175261947033242}},{"type":"Feature","id":278768,"geometry":{"type":"LineString","coordinates":[[-72.425683685651734,42.508404913359364],[-72.425597796153667,42.508388718816079],[-72.425524709428316,42.508370737863558],[-72.425451093630528,42.508355010958418],[-72.425383337720092,42.508343741160907],[-72.425314940968704,42.508334158225232],[-72.425246721002978,42.50832401654543],[-72.42515093806054,42.50830734289157],[-72.425055703427716,42.508288973097628],[-72.42496092570984,42.508269478687559],[-72.424903605867897,42.508256994998369],[-72.424846565017432,42.508243951757741],[-72.424790453261807,42.508229208474525],[-72.42474431948321,42.508214386023333],[-72.424698930875294,42.508198432203315],[-72.424654012212144,42.50818191280986],[-72.424600182379137,42.50816096067868],[-72.424547002845856,42.508138878834259],[-72.424494946899429,42.508115663481846],[-72.424441321944883,42.50808908636958],[-72.424388811062229,42.508060808638177],[-72.424336307592611,42.508032535325086],[-72.4242990338646,42.508012574774085],[-72.424261750782406,42.507992057001339],[-72.424223453329915,42.507973230006996],[-72.424194162861752,42.507959396770389],[-72.424164408353889,42.507946696220799],[-72.424133537539049,42.507935124583852],[-72.42411597963202,42.507930766544895],[-72.424098226055847,42.507925842883694],[-72.424080382236852,42.507921487131284],[-72.424054904891491,42.507914938218363],[-72.424029521248045,42.507908389449042],[-72.424003873009028,42.507902966367467],[-72.42396538651451,42.507897647081229],[-72.423926273581017,42.507894586249996],[-72.423887085582081,42.507893213166525],[-72.423856076021607,42.507891774526733],[-72.423824983155271,42.507891461019007],[-72.423793813077793,42.50789227349474],[-72.423760658321143,42.507893663652204],[-72.42372732780052,42.507896180581525],[-72.423694197732516,42.507899257681316],[-72.423658508793736,42.507902922462364],[-72.42362282313951,42.507907144490744],[-72.423587530260761,42.507911931449527],[-72.423549325936548,42.507918989767667],[-72.423511416700933,42.507927171982388],[-72.423473607209033,42.507935352485241],[-72.423349721408172,42.507959977679889],[-72.423225447678831,42.507984043160761],[-72.423100963905142,42.508006982114843],[-72.423021886880562,42.508021120679523],[-72.422942707921621,42.508034698219554],[-72.422863629557511,42.508048833084544],[-72.422793080953852,42.508061216057492],[-72.422722554792941,42.508074719678689],[-72.422652603862261,42.508088785840435],[-72.422579933372646,42.508105685355744],[-72.422507674393131,42.508124267790478],[-72.422435299182354,42.508141727537279],[-72.422323292163682,42.50816625656887],[-72.422210896030407,42.50819022681754],[-72.42209830543969,42.508213635824887],[-72.422050618325528,42.508222456652938],[-72.422002831443905,42.508231279159439],[-72.421956619615855,42.508243467868297],[-72.42193684533693,42.508249811962735],[-72.421917373463813,42.508257282609165],[-72.421898275118338,42.508264751165399],[-72.421876547831161,42.508273927000388],[-72.421855202341419,42.508283666965866],[-72.4218340502307,42.508293400879523],[-72.421808844161049,42.508305417051126],[-72.421798442198451,42.508311123490451]]},"properties":{"OBJECTID":278768,"route_id":"L203214 EB","from_measure":0,"to_measure":0.21071609999999999,"Route_System":"L","Route_Number":"203214","Route_Direction":"EB","Rd_Seg_ID":null,"Facility":1,"Mile_Count":1,"Urban_Area":"0","Urban_Type":5,"F_F_Class":7,"Jurisdictn":"2","NHS":0,"Fd_Aid_Rd":0,"Control":0,"Num_Lanes":1,"Opp_Lanes":0,"Surface_Tp":2,"Surface_Wd":14,"Shldr_Lt_W":0,"Shldr_Lt_T":0,"Shldr_Rt_W":0,"Shldr_Rt_T":0,"Shldr_UL_W":0,"Shldr_UL_T":0,"Med_Width":0,"Med_Type":0,"Curb":0,"Lt_Sidewlk":0,"Rt_Sidewlk":0,"Pd_Sf_Type":null,"Pd_Fc_Type":null,"Cr_Slope":null,"Path_Width":null,"Operation":2,"Speed_Lim":null,"Op_Dir_SL":null,"Speed_Reg":null,"T_Exc_Type":null,"T_Exc_Time":null,"Trk_Permit":null,"Trk_Netwrk":null,"Truck_Rte":null,"ROW_Width":39,"Toll_Road":null,"MHS":null,"City":272,"Mun_Type":2,"County":11,"Hwy_Dist":2,"RPA":"FRCOG","RTA":"FRTA","MPO":5,"St_Name":"JENNISON ROAD","City_Maint":272,"Length":0.21071609999999999,"created_user":"RH","created_date":1785555425000,"last_edited_user":"RH","last_edited_date":1785555425000,"Record_ID":"124086.917894.SE.33.203214","GlobalID":"{2B9261A9-006A-47AD-8222-DB82BCC8003D}","Local_Priority":1,"Oneway":null,"SHAPE.STLength()":339.11539107671689}},{"type":"Feature","id":287800,"geometry":{"type":"LineString","coordinates":[[-72.369226851184948,42.464500342056859],[-72.369166371194837,42.464505798673621],[-72.369044593473788,42.464506154729989],[-72.369013500260138,42.464504140334505],[-72.368961002657102,42.464497549097381]]},"properties":{"OBJECTID":287800,"route_id":"L207235 EB","from_measure":0.28427560000000002,"to_measure":0.29788160000000002,"Route_System":"L","Route_Number":"207235","Route_Direction":"EB","Rd_Seg_ID":null,"Facility":1,"Mile_Count":1,"Urban_Area":"0","Urban_Type":5,"F_F_Class":7,"Jurisdictn":"2","NHS":0,"Fd_Aid_Rd":0,"Control":0,"Num_Lanes":1,"Opp_Lanes":0,"Surface_Tp":2,"Surface_Wd":15,"Shldr_Lt_W":0,"Shldr_Lt_T":0,"Shldr_Rt_W":0,"Shldr_Rt_T":0,"Shldr_UL_W":0,"Shldr_UL_T":0,"Med_Width":0,"Med_Type":0,"Curb":0,"Lt_Sidewlk":0,"Rt_Sidewlk":0,"Pd_Sf_Type":null,"Pd_Fc_Type":null,"Cr_Slope":null,"Path_Width":null,"Operation":2,"Speed_Lim":null,"Op_Dir_SL":null,"Speed_Reg":null,"T_Exc_Type":null,"T_Exc_Time":null,"Trk_Permit":null,"Trk_Netwrk":null,"Truck_Rte":null,"ROW_Width":30,"Toll_Road":null,"MHS":null,"City":272,"Mun_Type":2,"County":11,"Hwy_Dist":2,"RPA":"FRCOG","RTA":"FRTA","MPO":5,"St_Name":"COOLEYVILLE ROAD","City_Maint":204,"Length":0.013606,"created_user":"RH","created_date":1785555425000,"last_edited_user":"RH","last_edited_date":1785555425000,"Record_ID":"128524.913027.SE.21.207235","GlobalID":"{6C1FDDE3-E683-455B-8972-220FB1F58746}","Local_Priority":1,"Oneway":null,"SHAPE.STLength()":21.972573527099996}},{"type":"Feature","id":502781,"geometry":{"type":"LineString","coordinates":[[-72.399288101968992,42.417860183161686],[-72.399290679847951,42.417944000481228],[-72.399300668528483,42.418078968995054],[-72.39931739213597,42.418213318588393],[-72.399341647914625,42.418334505225673]]},"properties":{"OBJECTID":502781,"route_id":"US202 NB","from_measure":44.421899199999999,"to_measure":44.454783599999999,"Route_System":"US","Route_Number":"202","Route_Direction":"NB","Rd_Seg_ID":null,"Facility":1,"Mile_Count":1,"Urban_Area":"0","Urban_Type":5,"F_F_Class":4,"Jurisdictn":"1","NHS":15,"Fd_Aid_Rd":2,"Control":0,"Num_Lanes":2,"Opp_Lanes":0,"Surface_Tp":6,"Surface_Wd":24,"Shldr_Lt_W":0,"Shldr_Lt_T":0,"Shldr_Rt_W":2,"Shldr_Rt_T":3,"Shldr_UL_W":2,"Shldr_UL_T":3,"Med_Width":0,"Med_Type":0,"Curb":0,"Lt_Sidewlk":0,"Rt_Sidewlk":0,"Pd_Sf_Type":null,"Pd_Fc_Type":null,"Cr_Slope":null,"Path_Width":null,"Operation":2,"Speed_Lim":45,"Op_Dir_SL":45,"Speed_Reg":45,"T_Exc_Type":null,"T_Exc_Time":null,"Trk_Permit":null,"Trk_Netwrk":null,"Truck_Rte":null,"ROW_Width":60,"Toll_Road":null,"MHS":null,"City":272,"Mun_Type":2,"County":11,"Hwy_Dist":2,"RPA":"FRCOG","RTA":"FRTA","MPO":5,"St_Name":"DANIEL SHAYS HIGHWAY","City_Maint":230,"Length":0.032884400000000001,"created_user":"RH","created_date":1785555425000,"last_edited_user":"RH","last_edited_date":1785555425000,"Record_ID":"125985.907898.NW.52.202","GlobalID":"{8EBA228B-D2A8-41FD-871D-CFD5545F73E8}","Local_Priority":1,"Oneway":null,"SHAPE.STLength()":52.922372082637672}},{"type":"Feature","id":502782,"geometry":{"type":"LineString","coordinates":[[-72.399341647914625,42.418334505225673],[-72.399344155484357,42.418347031541821],[-72.399377755248082,42.418479565677373],[-72.399411169905704,42.418612658541981],[-72.399446275292746,42.418745181787713],[-72.399482989978438,42.418877133348438],[-72.399519822108132,42.419009642172711],[-72.399556538316006,42.419141593692004],[-72.399588712018911,42.419274697087275],[-72.399593618867755,42.419299300392588],[-72.399615391343104,42.419408410607986],[-72.399635717702026,42.419542173768548],[-72.399647795922675,42.419677126778247],[-72.399648288838762,42.419774488499712]]},"properties":{"OBJECTID":502782,"route_id":"US202 NB","from_measure":44.454783599999999,"to_measure":44.555574200000002,"Route_System":"US","Route_Number":"202","Route_Direction":"NB","Rd_Seg_ID":null,"Facility":1,"Mile_Count":1,"Urban_Area":"0","Urban_Type":5,"F_F_Class":4,"Jurisdictn":"1","NHS":15,"Fd_Aid_Rd":2,"Control":0,"Num_Lanes":2,"Opp_Lanes":0,"Surface_Tp":6,"Surface_Wd":24,"Shldr_Lt_W":0,"Shldr_Lt_T":0,"Shldr_Rt_W":2,"Shldr_Rt_T":3,"Shldr_UL_W":2,"Shldr_UL_T":3,"Med_Width":0,"Med_Type":0,"Curb":0,"Lt_Sidewlk":0,"Rt_Sidewlk":0,"Pd_Sf_Type":null,"Pd_Fc_Type":null,"Cr_Slope":null,"Path_Width":null,"Operation":2,"Speed_Lim":45,"Op_Dir_SL":45,"Speed_Reg":45,"T_Exc_Type":null,"T_Exc_Time":null,"Trk_Permit":null,"Trk_Netwrk":null,"Truck_Rte":null,"ROW_Width":60,"Toll_Road":null,"MHS":null,"City":272,"Mun_Type":2,"County":11,"Hwy_Dist":2,"RPA":"FRCOG","RTA":"FRTA","MPO":5,"St_Name":"DANIEL SHAYS HIGHWAY","City_Maint":272,"Length":0.10079059999999999,"created_user":"RH","created_date":1785555425000,"last_edited_user":"RH","last_edited_date":1785555425000,"Record_ID":"125968.908004.NW.16.202","GlobalID":"{259B2BF5-81B8-467A-BD7D-C2259618F862}","Local_Priority":1,"Oneway":null,"SHAPE.STLength()":162.2070408251362}},{"type":"Feature","id":502783,"geometry":{"type":"LineString","coordinates":[[-72.399648288838762,42.419774488499712],[-72.399648478942581,42.419812168839151],[-72.399644034759092,42.41994725096567],[-72.399629814053682,42.420081843192818],[-72.399607992901025,42.420215935713571],[-72.399579800163636,42.420348960724347],[-72.39954009604449,42.420480933174915],[-72.39949497037783,42.420611831577624],[-72.39944611062954,42.420741633738039],[-72.399384612418487,42.420868725629369],[-72.399354804992996,42.420922412949153],[-72.399315183102971,42.42099361964901],[-72.39924166617547,42.421117430060278],[-72.399163375408335,42.421239583312399],[-72.399082812057486,42.421356443292808]]},"properties":{"OBJECTID":502783,"route_id":"US202 NB","from_measure":44.555574200000002,"to_measure":44.6697615,"Route_System":"US","Route_Number":"202","Route_Direction":"NB","Rd_Seg_ID":null,"Facility":1,"Mile_Count":1,"Urban_Area":"0","Urban_Type":5,"F_F_Class":4,"Jurisdictn":"1","NHS":15,"Fd_Aid_Rd":2,"Control":0,"Num_Lanes":2,"Opp_Lanes":0,"Surface_Tp":6,"Surface_Wd":24,"Shldr_Lt_W":0,"Shldr_Lt_T":0,"Shldr_Rt_W":2,"Shldr_Rt_T":3,"Shldr_UL_W":2,"Shldr_UL_T":3,"Med_Width":0,"Med_Type":0,"Curb":1,"Lt_Sidewlk":0,"Rt_Sidewlk":0,"Pd_Sf_Type":null,"Pd_Fc_Type":null,"Cr_Slope":null,"Path_Width":null,"Operation":2,"Speed_Lim":45,"Op_Dir_SL":45,"Speed_Reg":45,"T_Exc_Type":null,"T_Exc_Time":null,"Trk_Permit":null,"Trk_Netwrk":null,"Truck_Rte":null,"ROW_Width":60,"Toll_Road":null,"MHS":null,"City":272,"Mun_Type":2,"County":11,"Hwy_Dist":2,"RPA":"FRCOG","RTA":"FRTA","MPO":5,"St_Name":"DANIEL SHAYS HIGHWAY","City_Maint":272,"Length":0.11418730000000001,"created_user":"RH","created_date":1785555425000,"last_edited_user":"RH","last_edited_date":1785555425000,"Record_ID":"125972.908175.NE.18.202","GlobalID":"{FD23A1EC-AD25-41EF-BDF3-AAFC22A0C097}","Local_Priority":1,"Oneway":null,"SHAPE.STLength()":183.76703242917668}},{"type":"Feature","id":502784,"geometry":{"type":"LineString","coordinates":[[-72.399082812057486,42.421356443292808],[-72.39908069046426,42.421359520935624],[-72.398995810112311,42.421478907539111],[-72.398909788699243,42.421598313787939],[-72.398823854867729,42.4217171511836],[-72.398784195539179,42.421772046955624],[-72.39873783036272,42.421836556415769],[-72.39865189575589,42.421955384674064],[-72.398565877117747,42.422074222521317],[-72.398479851651928,42.422193628450593],[-72.398392486677608,42.422311917568372],[-72.398304355794764,42.422430204487654],[-72.398216418986522,42.422548489819214],[-72.398132114555111,42.422668440231902],[-72.398047801846374,42.422787830645468],[-72.397964347300203,42.422907774293449],[-72.397884052469479,42.423029384022634],[-72.397809477237544,42.42315262457015],[-72.397739657835601,42.42327697137663],[-72.397677860759075,42.423404054659208],[-72.39762187235101,42.423532787904911],[-72.397573213042591,42.423662586667724],[-72.397531028168174,42.423794019416839],[-72.397498553698085,42.423927078037877],[-72.397475769680938,42.424060610291988],[-72.397460960190301,42.424195205763525],[-72.397454694921691,42.424295420925212],[-72.397452536566377,42.424330319545533],[-72.397444867436221,42.424465425640001],[-72.397446494883155,42.424600468261467],[-72.397457335347752,42.424734864657481],[-72.397474711722026,42.424869209196338],[-72.39749892354719,42.42500294224552],[-72.397507215699818,42.425038332889855],[-72.397541750766322,42.42517085915221],[-72.397587475946821,42.425301607365768],[-72.397635649174418,42.425431785478573],[-72.397683738516378,42.425561947116776],[-72.39773466113212,42.425691537447044],[-72.397785865857813,42.425821125552346],[-72.397822599282392,42.425914237710238],[-72.397837080386324,42.425950704552839],[-72.397888097832265,42.426080852263269],[-72.397939315211175,42.426210431191123],[-72.397990337296733,42.426340020620188],[-72.398041552665063,42.426469599513339],[-72.398092757435521,42.426599187467076],[-72.398142832237127,42.426728775207614],[-72.398192052704857,42.426858945790272],[-72.398241370341225,42.426989098485258],[-72.398291835936831,42.427118692107612],[-72.398328788046641,42.427211694342226],[-72.398343321095666,42.427248268746609],[-72.398394818719254,42.427377852465405],[-72.398446231418674,42.427507431419556],[-72.398497813321015,42.427637015330028],[-72.398514759977303,42.427679736225294]]},"properties":{"OBJECTID":502784,"route_id":"US202 NB","from_measure":44.6697615,"to_measure":45.132227800000003,"Route_System":"US","Route_Number":"202","Route_Direction":"NB","Rd_Seg_ID":null,"Facility":1,"Mile_Count":1,"Urban_Area":"0","Urban_Type":5,"F_F_Class":4,"Jurisdictn":"1","NHS":15,"Fd_Aid_Rd":2,"Control":0,"Num_Lanes":2,"Opp_Lanes":0,"Surface_Tp":6,"Surface_Wd":24,"Shldr_Lt_W":0,"Shldr_Lt_T":0,"Shldr_Rt_W":2,"Shldr_Rt_T":3,"Shldr_UL_W":2,"Shldr_UL_T":3,"Med_Width":0,"Med_Type":0,"Curb":0,"Lt_Sidewlk":0,"Rt_Sidewlk":0,"Pd_Sf_Type":null,"Pd_Fc_Type":null,"Cr_Slope":null,"Path_Width":null,"Operation":2,"Speed_Lim":45,"Op_Dir_SL":45,"Speed_Reg":45,"T_Exc_Type":null,"T_Exc_Time":null,"Trk_Permit":null,"Trk_Netwrk":null,"Truck_Rte":null,"ROW_Width":60,"Toll_Road":null,"MHS":null,"City":272,"Mun_Type":2,"County":11,"Hwy_Dist":2,"RPA":"FRCOG","RTA":"FRTA","MPO":5,"St_Name":"DANIEL SHAYS HIGHWAY","City_Maint":272,"Length":0.4624663,"created_user":"RH","created_date":1785555425000,"last_edited_user":"RH","last_edited_date":1785555425000,"Record_ID":"126146.908611.NE.74.202","GlobalID":"{3DAF6A5C-4111-49DC-987F-81E4FF013074}","Local_Priority":1,"Oneway":null,"SHAPE.STLength()":744.26892757850953}},{"type":"Feature","id":502785,"geometry":{"type":"LineString","coordinates":[[-72.398514759977303,42.427679736225294],[-72.398549215467852,42.427766591614692],[-72.398600433279285,42.427896180116512],[-72.398645203869478,42.428026934405942],[-72.39868154558323,42.428158888865099],[-72.398707181719715,42.428292610464844],[-72.398726944621032,42.428426936097416],[-72.398736933767239,42.428561905216888],[-72.398740276106665,42.42869692621796],[-72.398738308401164,42.428831998569301],[-72.39872465486259,42.428966584135232],[-72.398702730293437,42.429100676962953],[-72.398672720987918,42.429233707495278],[-72.398637102822136,42.429366214595326],[-72.398592819680687,42.42949711472432],[-72.398542248635863,42.429626920505569],[-72.398482350841263,42.429754567166057],[-72.398410439325247,42.429878353358099],[-72.398333664210782,42.43000105205563],[-72.398251824923776,42.43012155022555],[-72.398162531471044,42.430239287599782],[-72.398065608220818,42.430353709137236],[-72.397964764033105,42.430465908583358],[-72.397859607072263,42.430576449878821],[-72.397754257105262,42.430686434383027],[-72.397646425171459,42.430795312743889],[-72.397538690081149,42.430904190242998],[-72.397430857404245,42.431013068396133],[-72.397323024355771,42.431121946445423],[-72.397215373214848,42.431230822970356],[-72.397142633543069,42.431304279137578],[-72.397107551575445,42.431339700717302],[-72.396999717412442,42.431448578455054],[-72.396891882877824,42.43155745608891],[-72.396784047971593,42.431666333618885],[-72.396749132522245,42.431701613337324]]},"properties":{"OBJECTID":502785,"route_id":"US202 NB","from_measure":45.132227800000003,"to_measure":45.4396956,"Route_System":"US","Route_Number":"202","Route_Direction":"NB","Rd_Seg_ID":null,"Facility":1,"Mile_Count":1,"Urban_Area":"0","Urban_Type":5,"F_F_Class":4,"Jurisdictn":"1","NHS":15,"Fd_Aid_Rd":2,"Control":0,"Num_Lanes":2,"Opp_Lanes":0,"Surface_Tp":6,"Surface_Wd":24,"Shldr_Lt_W":0,"Shldr_Lt_T":0,"Shldr_Rt_W":2,"Shldr_Rt_T":3,"Shldr_UL_W":2,"Shldr_UL_T":3,"Med_Width":0,"Med_Type":0,"Curb":2,"Lt_Sidewlk":0,"Rt_Sidewlk":0,"Pd_Sf_Type":null,"Pd_Fc_Type":null,"Cr_Slope":null,"Path_Width":null,"Operation":2,"Speed_Lim":45,"Op_Dir_SL":45,"Speed_Reg":45,"T_Exc_Type":null,"T_Exc_Time":null,"Trk_Permit":null,"Trk_Netwrk":null,"Truck_Rte":null,"ROW_Width":60,"Toll_Road":null,"MHS":null,"City":272,"Mun_Type":2,"County":11,"Hwy_Dist":2,"RPA":"FRCOG","RTA":"FRTA","MPO":5,"St_Name":"DANIEL SHAYS HIGHWAY","City_Maint":272,"Length":0.30746780000000001,"created_user":"RH","created_date":1785555425000,"last_edited_user":"RH","last_edited_date":1785555425000,"Record_ID":"126074.909210.NE.49.202","GlobalID":"{F7051EA7-ABE3-4476-B978-7D0C030F02F7}","Local_Priority":1,"Oneway":null,"SHAPE.STLength()":494.82240561456251}},{"type":"Feature","id":502786,"geometry":{"type":"LineString","coordinates":[[-72.396749132522245,42.431701613337324],[-72.396676297758106,42.43177521038244],[-72.39656847426086,42.431884087610079],[-72.396460638239915,42.431992964828396],[-72.396352801847343,42.432101841942817],[-72.396245051363337,42.432210718281759],[-72.396137213012423,42.43231959519791],[-72.396070114309282,42.43238820807656],[-72.395963136352691,42.432497636318111],[-72.395856059720288,42.432607074225359],[-72.395749084046855,42.43271594404473],[-72.395642006661006,42.432825380846815],[-72.39553484252103,42.43293481101577],[-72.395423265794179,42.433041465519608],[-72.395296316887013,42.433161338988533],[-72.395193416533132,42.433250883776182],[-72.395073704510168,42.433353098711592],[-72.394949873247853,42.43345197026315],[-72.39485158991036,42.433521746697117]]},"properties":{"OBJECTID":502786,"route_id":"US202 NB","from_measure":45.4396956,"to_measure":45.5986051,"Route_System":"US","Route_Number":"202","Route_Direction":"NB","Rd_Seg_ID":null,"Facility":1,"Mile_Count":1,"Urban_Area":"0","Urban_Type":5,"F_F_Class":4,"Jurisdictn":"1","NHS":15,"Fd_Aid_Rd":2,"Control":0,"Num_Lanes":2,"Opp_Lanes":0,"Surface_Tp":6,"Surface_Wd":24,"Shldr_Lt_W":0,"Shldr_Lt_T":0,"Shldr_Rt_W":2,"Shldr_Rt_T":3,"Shldr_UL_W":2,"Shldr_UL_T":3,"Med_Width":0,"Med_Type":0,"Curb":0,"Lt_Sidewlk":0,"Rt_Sidewlk":0,"Pd_Sf_Type":null,"Pd_Fc_Type":null,"Cr_Slope":null,"Path_Width":null,"Operation":2,"Speed_Lim":45,"Op_Dir_SL":45,"Speed_Reg":45,"T_Exc_Type":null,"T_Exc_Time":null,"Trk_Permit":null,"Trk_Netwrk":null,"Truck_Rte":null,"ROW_Width":60,"Toll_Road":null,"MHS":null,"City":272,"Mun_Type":2,"County":11,"Hwy_Dist":2,"RPA":"FRCOG","RTA":"FRTA","MPO":5,"St_Name":"DANIEL SHAYS HIGHWAY","City_Maint":272,"Length":0.15890950000000001,"created_user":"RH","created_date":1785555425000,"last_edited_user":"RH","last_edited_date":1785555425000,"Record_ID":"126288.909509.NE.25.202","GlobalID":"{2147CBE1-C4BE-4C60-B1B8-0EB4ECFB6F12}","Local_Priority":1,"Oneway":null,"SHAPE.STLength()":255.74054851677622}},{"type":"Feature","id":502787,"geometry":{"type":"LineString","coordinates":[[-72.39485158991036,42.433521746697117],[-72.394818451731197,42.433545273711637],[-72.394680312028939,42.433633569452041],[-72.394537645712788,42.433717389624547],[-72.394391043789653,42.433797873018619],[-72.39423835464244,42.433871642152539],[-72.394082004438246,42.43394094695023],[-72.393920815854727,42.434004094947426],[-72.393754483173581,42.434059404913569],[-72.393587861597211,42.434114159585242],[-72.393420642776874,42.434167782453116],[-72.393251971865354,42.434218609167218],[-72.393083115460882,42.434270003366549],[-72.392914440930042,42.434321386001649],[-72.3927457716064,42.434372210153022],[-72.392576998130679,42.43442359575635],[-72.392430510797993,42.434467738229152],[-72.392408328389891,42.434474428414326],[-72.392242963606492,42.43453141225239],[-72.392079443469584,42.434590632337979],[-72.391919019473889,42.434654905063347],[-72.391839255855331,42.434687989947726]]},"properties":{"OBJECTID":502787,"route_id":"US202 NB","from_measure":45.5986051,"to_measure":45.773384999999998,"Route_System":"US","Route_Number":"202","Route_Direction":"NB","Rd_Seg_ID":null,"Facility":1,"Mile_Count":1,"Urban_Area":"0","Urban_Type":5,"F_F_Class":4,"Jurisdictn":"1","NHS":15,"Fd_Aid_Rd":2,"Control":0,"Num_Lanes":2,"Opp_Lanes":0,"Surface_Tp":6,"Surface_Wd":24,"Shldr_Lt_W":0,"Shldr_Lt_T":0,"Shldr_Rt_W":2,"Shldr_Rt_T":3,"Shldr_UL_W":2,"Shldr_UL_T":3,"Med_Width":0,"Med_Type":0,"Curb":2,"Lt_Sidewlk":0,"Rt_Sidewlk":0,"Pd_Sf_Type":null,"Pd_Fc_Type":null,"Cr_Slope":null,"Path_Width":null,"Operation":2,"Speed_Lim":45,"Op_Dir_SL":45,"Speed_Reg":45,"T_Exc_Type":null,"T_Exc_Time":null,"Trk_Permit":null,"Trk_Netwrk":null,"Truck_Rte":null,"ROW_Width":60,"Toll_Road":null,"MHS":null,"City":272,"Mun_Type":2,"County":11,"Hwy_Dist":2,"RPA":"FRCOG","RTA":"FRTA","MPO":5,"St_Name":"DANIEL SHAYS HIGHWAY","City_Maint":272,"Length":0.17477989999999999,"created_user":"RH","created_date":1785555425000,"last_edited_user":"RH","last_edited_date":1785555425000,"Record_ID":"126491.909679.NE.28.202","GlobalID":"{BBB2B673-DE66-4C77-B164-4FDA7DB32877}","Local_Priority":1,"Oneway":null,"SHAPE.STLength()":281.28156383689009}},{"type":"Feature","id":502788,"geometry":{"type":"LineString","coordinates":[[-72.391839255855331,42.434687989947726],[-72.391760051605459,42.434720842664866],[-72.391604186300043,42.434791257577658],[-72.391455735635574,42.434869499800939],[-72.391312870225974,42.434953316538731],[-72.391174335395675,42.435041044743166],[-72.391042046449982,42.435133793196854],[-72.390914759939321,42.435230435348736],[-72.390794359644133,42.435332084731982],[-72.390678271020377,42.435435960413621],[-72.390567830693172,42.435543159451761],[-72.390465529674231,42.435655364187134],[-72.390370767514071,42.435770328505541],[-72.390283947647106,42.435889165692444],[-72.390202665633751,42.436010210772515],[-72.390132438971008,42.436134546493697],[-72.390068041899596,42.43626108788213],[-72.390012868197232,42.436389250522559],[-72.389963340522257,42.436519611267826],[-72.389921035237236,42.436651042456425],[-72.389887204248751,42.436783541623996],[-72.389860402356376,42.436917101940693],[-72.389842927334243,42.437051158265554],[-72.389838592487038,42.437094523737649],[-72.389836628846751,42.437116479493511],[-72.389834192924283,42.437146325623964],[-72.389832348209552,42.437176725378286],[-72.389830299967031,42.437206568512259],[-72.389828350035984,42.437236401883148],[-72.389826299928004,42.437266803223864],[-72.389824094307514,42.437298331154878],[-72.389821956692955,42.437328733171221],[-72.389819897375901,42.437358567386319],[-72.389818044787219,42.437388409006672],[-72.389816277142089,42.437418240967297],[-72.3898145309782,42.437448648960689],[-72.389812859339685,42.437478480178903],[-72.389811287355556,42.437508310626747],[-72.389809615853409,42.437538151746793],[-72.389807953400478,42.437568549188839],[-72.3898069221258,42.437586976620331]]},"properties":{"OBJECTID":502788,"route_id":"US202 NB","from_measure":45.773384999999998,"to_measure":46.010739100000002,"Route_System":"US","Route_Number":"202","Route_Direction":"NB","Rd_Seg_ID":null,"Facility":1,"Mile_Count":1,"Urban_Area":"0","Urban_Type":5,"F_F_Class":4,"Jurisdictn":"1","NHS":15,"Fd_Aid_Rd":2,"Control":0,"Num_Lanes":2,"Opp_Lanes":0,"Surface_Tp":6,"Surface_Wd":24,"Shldr_Lt_W":0,"Shldr_Lt_T":0,"Shldr_Rt_W":2,"Shldr_Rt_T":3,"Shldr_UL_W":2,"Shldr_UL_T":3,"Med_Width":0,"Med_Type":0,"Curb":0,"Lt_Sidewlk":0,"Rt_Sidewlk":0,"Pd_Sf_Type":null,"Pd_Fc_Type":null,"Cr_Slope":null,"Path_Width":null,"Operation":2,"Speed_Lim":45,"Op_Dir_SL":45,"Speed_Reg":45,"T_Exc_Type":null,"T_Exc_Time":null,"Trk_Permit":null,"Trk_Netwrk":null,"Truck_Rte":null,"ROW_Width":60,"Toll_Road":null,"MHS":null,"City":272,"Mun_Type":2,"County":11,"Hwy_Dist":2,"RPA":"FRCOG","RTA":"FRTA","MPO":5,"St_Name":"DANIEL SHAYS HIGHWAY","City_Maint":272,"Length":0.23735410000000001,"created_user":"RH","created_date":1785555425000,"last_edited_user":"RH","last_edited_date":1785555425000,"Record_ID":"126750.909871.NE.38.202","GlobalID":"{78AB10DA-5E06-4B85-AACF-061554C1B017}","Local_Priority":1,"Oneway":null,"SHAPE.STLength()":381.98511540979143}},{"type":"Feature","id":502789,"geometry":{"type":"LineString","coordinates":[[-72.3898069221258,42.437586976620331],[-72.389806282971037,42.437598380396665],[-72.389804709904965,42.437628220755279],[-72.389802761164162,42.437658054113221],[-72.389800903177573,42.43768846296863],[-72.389799038290249,42.43771829567806],[-72.389797003256149,42.437748129702015],[-72.389796283011776,42.437758263765694],[-72.389795584110416,42.437768963959996],[-72.389794777577691,42.437779098690378],[-72.389792828954327,42.43780894104917],[-72.389791061285521,42.437838773006312],[-72.389789204376541,42.437869172848664],[-72.389787253190306,42.437899006223333],[-72.389785303344354,42.437928848590524],[-72.389783166905133,42.437959250592023],[-72.389780732013392,42.437989087703585],[-72.389778209742673,42.438018934493257],[-72.389775117493741,42.43804878658716],[-72.38977174679232,42.438078630928977],[-72.389767888740892,42.438108479036266],[-72.389763568974914,42.438138338813708],[-72.389762688103531,42.438143972563054],[-72.389761818169859,42.438149606227867],[-72.389760958527205,42.438155798005866],[-72.389755969120642,42.43818566385724],[-72.389750681270783,42.438214965718664],[-72.389745121737562,42.438244826971292],[-72.389739369075428,42.438274697818471],[-72.389733140010264,42.438304573246434],[-72.389726624514267,42.438333874688091],[-72.389719630992516,42.438363756021545],[-72.389712349937838,42.43839307147983],[-72.389704614921939,42.438422949537923],[-72.389696385917404,42.438452274119648],[-72.389687865351434,42.438481609956327],[-72.389678973253368,42.438510370663153],[-72.389674709768514,42.438524466457942],[-72.389670245322975,42.438538015515924],[-72.389665877836265,42.438551544918035],[-72.389655927286071,42.438580322803304],[-72.38964589951253,42.438609659476697],[-72.389635377633496,42.438638434571239],[-72.389624491257138,42.438667220583348],[-72.389613322263841,42.438696566970201],[-72.389601670076118,42.438725349892877],[-72.389589810168644,42.438754142521617],[-72.389577592284354,42.438782373419563],[-72.38956497884314,42.438811171866512],[-72.389551995118751,42.438839397873757],[-72.389538718738578,42.438867644146214],[-72.389524869666161,42.438895876834657],[-72.389513584298143,42.438917913586018],[-72.389502031546556,42.43893995240154],[-72.389490186977312,42.438961984466815],[-72.389474435280803,42.438989673652586],[-72.38945800727231,42.439016809867297],[-72.389441210476804,42.43904451612368],[-72.389424127380394,42.439071658293294],[-72.389406556889469,42.439098802424063],[-72.389388705663549,42.439125950520726],[-72.38937065317252,42.439152531172525],[-72.38935251694663,42.439179122371357],[-72.389333997207004,42.439206273821185],[-72.389320870863898,42.439224381408991],[-72.389307835026401,42.439243047389056],[-72.389294417123423,42.439261167128677],[-72.389274856303146,42.439287759412551],[-72.389254802697636,42.439313798206136],[-72.389234653062772,42.439339837737478],[-72.389214222664762,42.43936587943309],[-72.389193600761999,42.439391356308249],[-72.389172793545455,42.439417399105068],[-72.389152063569313,42.439442885809896],[-72.389131353572409,42.439468929648569],[-72.388680683214375,42.440023281481778],[-72.388659972959516,42.440049334234033],[-72.388639443523843,42.440075367580718],[-72.388619004792119,42.440100851034202],[-72.388598476664825,42.440126893365985],[-72.388592231084331,42.440134819275961],[-72.388586167820009,42.440142744679022],[-72.388579915462131,42.440150102544806],[-72.388559288857934,42.440176145628939],[-72.388538473296876,42.440201631974716],[-72.388517750644496,42.440227675791917],[-72.388496942899252,42.440253720261659],[-72.388476128388902,42.440279198484376],[-72.388455696133846,42.440305238248328],[-72.388435459701284,42.44033128820152],[-72.388415210832449,42.440357319340343],[-72.388395545452312,42.440383354976845],[-72.388376264796705,42.440409954837058],[-72.388357445979423,42.440436552031144],[-72.388350137185128,42.44044710062991]]},"properties":{"OBJECTID":502789,"route_id":"US202 NB","from_measure":46.010739100000002,"to_measure":46.2255805,"Route_System":"US","Route_Number":"202","Route_Direction":"NB","Rd_Seg_ID":null,"Facility":1,"Mile_Count":1,"Urban_Area":"0","Urban_Type":5,"F_F_Class":4,"Jurisdictn":"1","NHS":15,"Fd_Aid_Rd":2,"Control":0,"Num_Lanes":2,"Opp_Lanes":0,"Surface_Tp":6,"Surface_Wd":24,"Shldr_Lt_W":0,"Shldr_Lt_T":0,"Shldr_Rt_W":2,"Shldr_Rt_T":3,"Shldr_UL_W":2,"Shldr_UL_T":3,"Med_Width":0,"Med_Type":0,"Curb":2,"Lt_Sidewlk":0,"Rt_Sidewlk":0,"Pd_Sf_Type":null,"Pd_Fc_Type":null,"Cr_Slope":null,"Path_Width":null,"Operation":2,"Speed_Lim":45,"Op_Dir_SL":45,"Speed_Reg":45,"T_Exc_Type":null,"T_Exc_Time":null,"Trk_Permit":null,"Trk_Netwrk":null,"Truck_Rte":null,"ROW_Width":60,"Toll_Road":null,"MHS":null,"City":272,"Mun_Type":2,"County":11,"Hwy_Dist":2,"RPA":"FRCOG","RTA":"FRTA","MPO":5,"St_Name":"DANIEL SHAYS HIGHWAY","City_Maint":272,"Length":0.21484139999999999,"created_user":"RH","created_date":1785555425000,"last_edited_user":"RH","last_edited_date":1785555425000,"Record_ID":"126826.910226.NE.34.202","GlobalID":"{422AEC86-097D-4BAA-937A-507243459344}","Local_Priority":1,"Oneway":null,"SHAPE.STLength()":345.7544543377274}},{"type":"Feature","id":502790,"geometry":{"type":"LineString","coordinates":[[-72.388350137185128,42.44044710062991],[-72.388339028067875,42.440463135325452],[-72.388334468122494,42.440469922828875],[-72.388329908188766,42.440476711232343],[-72.388325349444159,42.440483497825845],[-72.388307691796982,42.440510642445076],[-72.38829003537532,42.440537788852488],[-72.388272937986088,42.440564929143996],[-72.388256035067769,42.440592069733214],[-72.388239432875409,42.44061976529197],[-72.388223294387856,42.440646899079006],[-72.388207444612334,42.440674597831979],[-72.388192076667536,42.44070285105834],[-72.388177271963855,42.440730532742705],[-72.388162950560442,42.440758786895714],[-72.388149004443619,42.440787020145997],[-72.388135726900359,42.440815257240956],[-72.38813130253439,42.440824861660253],[-72.38812705493217,42.440833897520733],[-72.388122824898076,42.440843491437725],[-72.38811050328917,42.440872287451597],[-72.388098368195671,42.440900517530999],[-72.388086714898677,42.440929299384464],[-72.388075341268419,42.440958088983074],[-72.388064364396627,42.440987433712678],[-72.388053563065469,42.441016209891913],[-72.388042856663745,42.441044995241171],[-72.388032633288276,42.441074333255834],[-72.388022584378405,42.44110311263195],[-72.388012652563177,42.441132440293103],[-72.388002805942364,42.441161776299218],[-72.387993153901007,42.441191119806803],[-72.387983590983566,42.441219886427767],[-72.387974023875088,42.441249220275175],[-72.387964749666722,42.441278551862965],[-72.387956949129418,42.441303938632103],[-72.387949137495553,42.441329314682434],[-72.387941605408074,42.441354689476725],[-72.38793319299576,42.441384022518605],[-72.387925059888147,42.441413337200338],[-72.387917109195911,42.441442658577508],[-72.387909257069524,42.441471988196945],[-72.387901604686121,42.441501865464524],[-72.387894141345029,42.44153118308158],[-72.387886663424922,42.441560501710597],[-72.387879207914224,42.441590377457914],[-72.387871646092478,42.441619694931696],[-72.387864071046195,42.441649023310404],[-72.387856614299025,42.441678899064961],[-72.387848857992495,42.441708218035956],[-72.387848136074723,42.441710474376542],[-72.387840291600554,42.441740353118831],[-72.387832340954233,42.441769683489873],[-72.387824206534759,42.441798998171052],[-72.387816171871833,42.441828319284802],[-72.387807940445668,42.441857651818076],[-72.387799808434394,42.441886966478172],[-72.387791779288122,42.441916854742047],[-72.387783732453769,42.441946176846585],[-72.387775889812346,42.441975498276392],[-72.387768315742576,42.442004815834309],[-72.387760860123464,42.442034691570612],[-72.387753576533996,42.442064007787991],[-72.387746788297761,42.442093888281335],[-72.387740174371032,42.44212319843453],[-72.387733937226898,42.442152506582794],[-72.387728429847428,42.442180116522501],[-72.38772320753344,42.442207166072158],[-72.387718185218844,42.44223478127477],[-72.387712709576277,42.442264650745749],[-72.387707518759001,42.442293942722685],[-72.387702722507768,42.442323806055171],[-72.387698111006998,42.442353668863326],[-72.387693496944593,42.442383522687699],[-72.387689359319211,42.442413372838999],[-72.38768531661853,42.442443231261279],[-72.387681736986252,42.442473086113615],[-72.387678274454018,42.442503489251841],[-72.387675084962893,42.442533341096116],[-72.387672184737468,42.442563190710295],[-72.387669565143682,42.442593029157869],[-72.387667635985537,42.442618369738042],[-72.387665817302178,42.442643700463393],[-72.387664178499065,42.442669029801934],[-72.387662600097144,42.442699436420817],[-72.387661220219215,42.442729265311101],[-72.387660022652739,42.442759092795804],[-72.387659124754649,42.442789485165399],[-72.387658595793241,42.442819316498969],[-72.387658159753173,42.442849705308021],[-72.387658019598959,42.442879524641029],[-72.387658244197382,42.442909350165365],[-72.387658769555188,42.442939731563051],[-72.387659565402686,42.442969552683607],[-72.387660554376765,42.442999363312246],[-72.387661833298992,42.443029738900655],[-72.387662214342654,42.44303704647681],[-72.387662706116402,42.443044362202542],[-72.387663003296012,42.44305167042512],[-72.387664937460727,42.443082049965447],[-72.387667167388003,42.443111851027687],[-72.387669676865428,42.44314164993478],[-72.38767236878553,42.443171456438421],[-72.38767536025324,42.443201818824669],[-72.38767844098895,42.443231613327534],[-72.387681898636629,42.443261413927864],[-72.387685453521897,42.443291213778323],[-72.387689190598294,42.44332100322103],[-72.387693032882041,42.443351359047384],[-72.387697062884342,42.44338114623141],[-72.387701187820511,42.443410941686388],[-72.387705217830444,42.44344072886971],[-72.38770942786725,42.44347052456834],[-72.387713748373272,42.443500309511649],[-72.387717633836118,42.443526729750666],[-72.387721518099511,42.443553150898936],[-72.387725576711503,42.443579003508034],[-72.387730564506157,42.443608783306146],[-72.38773554258205,42.443638563178737],[-72.387740896371383,42.443668350058033],[-72.387746151690152,42.443698135895374],[-72.387751699820413,42.443727911372278],[-72.387757054701211,42.443757688338451],[-72.387762602968223,42.443787472816524],[-72.387768247260141,42.443817256553828],[-72.387773795411263,42.443847032028771],[-72.387779246332329,42.44387680825281],[-72.38778478676393,42.443906033697374],[-72.387790238910725,42.443935809911117],[-72.387794964865492,42.443961658271327],[-72.387799598975562,42.443986939244063],[-72.3878041371959,42.444012229958844],[-72.387809769385768,42.444042014686389],[-72.387815317576113,42.444071790157643],[-72.387820857914974,42.444101006596952],[-72.387826503351306,42.444130781317597],[-72.387832136765098,42.444160565133608],[-72.387837782212074,42.444190339853265],[-72.387843330555157,42.444220124324204],[-72.387848977367355,42.444249908935817],[-72.38785452437898,42.444279684413047],[-72.387857500536555,42.444295974171233],[-72.387860482233791,42.444311706595165],[-72.387863555769414,42.444328005505724],[-72.387869104010221,42.444357780972283],[-72.387874553944073,42.444387567099731],[-72.387880103524637,42.444417350657822],[-72.38788573564716,42.444447125476373],[-72.387891283908971,42.444476900940955],[-72.387896832302459,42.444506685407219],[-72.387902380701192,42.444536469872951],[-72.387907831742439,42.444566246085799],[-72.387913372192756,42.444595464317452],[-72.387918920581726,42.444625246981303],[-72.387924468874729,42.444655022442973],[-72.387929919936624,42.44468479865391],[-72.387935468379254,42.444714584016971],[-72.387941103111856,42.444744367813904],[-72.387946651425779,42.444774143273655],[-72.387950857230265,42.444796618574003],[-72.387955073989531,42.444819094689862],[-72.387959279787367,42.444841569089448],[-72.387964925355121,42.444871343797814],[-72.387970475046103,42.444901129148413],[-72.387976107254346,42.444930903958898],[-72.387981754154751,42.444960685858121],[-72.387987204054525,42.444990462073406],[-72.387992849787935,42.445020246681672],[-72.387998398150472,42.445050022136854],[-72.388003926517897,42.445079239554147],[-72.388009475017398,42.445109024010499],[-72.388014938313106,42.445138800120297],[-72.388020390813978,42.445168586216276],[-72.388026144085359,42.445200051769945],[-72.388026666787908,42.445203423898377],[-72.388032116856252,42.445233209111862],[-72.388037289676973,42.445262987459778],[-72.388042545154249,42.445292765169832],[-72.388047718123886,42.445322553419118],[-72.388052791404704,42.44535234063612],[-72.388057865791907,42.445382119741417],[-72.388062928029186,42.445411898939959],[-72.388068099790104,42.445441686296633],[-72.388073272771322,42.445471473643423],[-72.388078528282918,42.445501251350336],[-72.388083789335795,42.44553047172279],[-72.388089143411676,42.445560255871214],[-72.388093063028123,42.445582167975651],[-72.388096972331709,42.445603519266875],[-72.388101065187044,42.4456248700427],[-72.388106613653676,42.44565464548819],[-72.38811224855084,42.445684429269797],[-72.38811789305052,42.445714203973751],[-72.388123540125733,42.445743988560835],[-72.388129184636057,42.445773763263816],[-72.388134818326392,42.445803546152625],[-72.388140561301086,42.445833320095346],[-72.388146208384896,42.445863103780219],[-72.388151832914602,42.445892320443946],[-72.388157479882523,42.445922095125688],[-72.388163124563988,42.44595187972805],[-72.3881686730886,42.445981655168076],[-72.388172147366632,42.445999642654698],[-72.388175544296502,42.446018180826442],[-72.388178836142401,42.446036161616881],[-72.388184384681836,42.446065937055593],[-72.388189740104011,42.446095723886586],[-72.388195190199752,42.446125500083603],[-72.388202180913382,42.446164384527201],[-72.388205898473984,42.446185062059335],[-72.388211362081904,42.446214847153954],[-72.388216890649758,42.446244064552523],[-72.388222354141405,42.446273840644011],[-72.388227902861431,42.446303625981145],[-72.388233537747084,42.446333400749872],[-72.388239182463295,42.446363182644816],[-72.388245011837597,42.446392955912543],[-72.38824929819603,42.446414315090585],[-72.388253488267893,42.44643565610459],[-72.388257780015067,42.4464564471457],[-72.38826408357447,42.446486225757639],[-72.388270299497833,42.446515996041953],[-72.388276504487777,42.446545766410011],[-72.388282905304251,42.446575544270267],[-72.388289296936151,42.44660475500627],[-72.388295707361962,42.446634523788241],[-72.388299599903206,42.446653203981107]]},"properties":{"OBJECTID":502790,"route_id":"US202 NB","from_measure":46.2255805,"to_measure":46.660929799999998,"Route_System":"US","Route_Number":"202","Route_Direction":"NB","Rd_Seg_ID":null,"Facility":1,"Mile_Count":1,"Urban_Area":"0","Urban_Type":5,"F_F_Class":4,"Jurisdictn":"1","NHS":15,"Fd_Aid_Rd":2,"Control":0,"Num_Lanes":2,"Opp_Lanes":0,"Surface_Tp":6,"Surface_Wd":24,"Shldr_Lt_W":0,"Shldr_Lt_T":0,"Shldr_Rt_W":2,"Shldr_Rt_T":3,"Shldr_UL_W":2,"Shldr_UL_T":3,"Med_Width":0,"Med_Type":0,"Curb":0,"Lt_Sidewlk":0,"Rt_Sidewlk":0,"Pd_Sf_Type":null,"Pd_Fc_Type":null,"Cr_Slope":null,"Path_Width":null,"Operation":2,"Speed_Lim":45,"Op_Dir_SL":45,"Speed_Reg":45,"T_Exc_Type":null,"T_Exc_Time":null,"Trk_Permit":null,"Trk_Netwrk":null,"Truck_Rte":null,"ROW_Width":60,"Toll_Road":null,"MHS":null,"City":272,"Mun_Type":2,"County":11,"Hwy_Dist":2,"RPA":"FRCOG","RTA":"FRTA","MPO":5,"St_Name":"DANIEL SHAYS HIGHWAY","City_Maint":272,"Length":0.43534929999999999,"created_user":"RH","created_date":1785555425000,"last_edited_user":"RH","last_edited_date":1785555425000,"Record_ID":"126968.910719.NE.70.202","GlobalID":"{641AAA5C-90F6-4478-820D-9C43077711D8}","Local_Priority":1,"Oneway":null,"SHAPE.STLength()":700.62808843785081}},{"type":"Feature","id":105452,"geometry":{"type":"LineString","coordinates":[[-72.416109332832704,42.469704821521987],[-72.416141209005815,42.469878441558265],[-72.416146035353364,42.469962241528066],[-72.416131381600806,42.470025943106833],[-72.416077936821708,42.470068572656835],[-72.416020084549885,42.470094915568126],[-72.415818193169443,42.47011452586176],[-72.415522389251734,42.470156828002573],[-72.415442090894558,42.470166440334935]]},"properties":{"OBJECTID":105452,"route_id":"L127529 EB","from_measure":0,"to_measure":0.059784200000000003,"Route_System":"L","Route_Number":"127529","Route_Direction":"EB","Rd_Seg_ID":null,"Facility":1,"Mile_Count":1,"Urban_Area":"0","Urban_Type":5,"F_F_Class":7,"Jurisdictn":"0","NHS":0,"Fd_Aid_Rd":0,"Control":0,"Num_Lanes":1,"Opp_Lanes":0,"Surface_Tp":2,"Surface_Wd":10,"Shldr_Lt_W":0,"Shldr_Lt_T":0,"Shldr_Rt_W":0,"Shldr_Rt_T":0,"Shldr_UL_W":0,"Shldr_UL_T":0,"Med_Width":0,"Med_Type":0,"Curb":0,"Lt_Sidewlk":0,"Rt_Sidewlk":0,"Pd_Sf_Type":null,"Pd_Fc_Type":null,"Cr_Slope":null,"Path_Width":null,"Operation":2,"Speed_Lim":null,"Op_Dir_SL":null,"Speed_Reg":null,"T_Exc_Type":null,"T_Exc_Time":null,"Trk_Permit":null,"Trk_Netwrk":null,"Truck_Rte":null,"ROW_Width":34,"Toll_Road":null,"MHS":null,"City":272,"Mun_Type":2,"County":11,"Hwy_Dist":2,"RPA":"FRCOG","RTA":"FRTA","MPO":5,"St_Name":"PLAZA ROAD","City_Maint":272,"Length":0.059784200000000003,"created_user":"RH","created_date":1785555425000,"last_edited_user":"RH","last_edited_date":1785555425000,"Record_ID":"124688.913690.NE.96.127529","GlobalID":"{CFBA0612-B66F-4D79-8C07-D0FCA9454271}","Local_Priority":1,"Oneway":null,"SHAPE.STLength()":96.213469325520734}},{"type":"Feature","id":105453,"geometry":{"type":"LineString","coordinates":[[-72.415442090894558,42.470166440334935],[-72.415275701013314,42.470186358175532],[-72.414936186963061,42.470234633868401],[-72.414500752917434,42.470292673052803],[-72.414199592534857,42.470332765335165],[-72.413893585308372,42.470359387980388],[-72.413497152348725,42.470407544618048],[-72.412986165771756,42.470483619622065],[-72.412551821510874,42.470498317345694]]},"properties":{"OBJECTID":105453,"route_id":"L127529 EB","from_measure":0.059784200000000003,"to_measure":0.20943010000000001,"Route_System":"L","Route_Number":"127529","Route_Direction":"EB","Rd_Seg_ID":null,"Facility":1,"Mile_Count":1,"Urban_Area":"0","Urban_Type":5,"F_F_Class":7,"Jurisdictn":"2","NHS":0,"Fd_Aid_Rd":0,"Control":0,"Num_Lanes":1,"Opp_Lanes":0,"Surface_Tp":2,"Surface_Wd":12,"Shldr_Lt_W":0,"Shldr_Lt_T":0,"Shldr_Rt_W":0,"Shldr_Rt_T":0,"Shldr_UL_W":0,"Shldr_UL_T":0,"Med_Width":0,"Med_Type":0,"Curb":0,"Lt_Sidewlk":0,"Rt_Sidewlk":0,"Pd_Sf_Type":null,"Pd_Fc_Type":null,"Cr_Slope":null,"Path_Width":null,"Operation":2,"Speed_Lim":null,"Op_Dir_SL":null,"Speed_Reg":null,"T_Exc_Type":null,"T_Exc_Time":null,"Trk_Permit":null,"Trk_Netwrk":null,"Truck_Rte":null,"ROW_Width":34,"Toll_Road":null,"MHS":null,"City":272,"Mun_Type":2,"County":11,"Hwy_Dist":2,"RPA":"FRCOG","RTA":"FRTA","MPO":5,"St_Name":"PLAZA ROAD","City_Maint":272,"Length":0.1496459,"created_user":"RH","created_date":1785555425000,"last_edited_user":"RH","last_edited_date":1785555425000,"Record_ID":"124838.913715.NE.24.127529","GlobalID":"{D584AF80-D7A8-41DF-BF64-DDC76C4BA6CF}","Local_Priority":1,"Oneway":null,"SHAPE.STLength()":240.83228278228435}},{"type":"Feature","id":110082,"geometry":{"type":"LineString","coordinates":[[-72.435482269174784,42.499129155515654],[-72.435116804188198,42.499240828057431],[-72.434966646079985,42.499329788704053],[-72.434269393953343,42.499742847885059]]},"properties":{"OBJECTID":110082,"route_id":"L129579 EB","from_measure":0,"to_measure":0.075638499999999997,"Route_System":"L","Route_Number":"129579","Route_Direction":"EB","Rd_Seg_ID":null,"Facility":1,"Mile_Count":1,"Urban_Area":"0","Urban_Type":5,"F_F_Class":7,"Jurisdictn":"0","NHS":0,"Fd_Aid_Rd":0,"Control":0,"Num_Lanes":1,"Opp_Lanes":0,"Surface_Tp":2,"Surface_Wd":12,"Shldr_Lt_W":0,"Shldr_Lt_T":0,"Shldr_Rt_W":0,"Shldr_Rt_T":0,"Shldr_UL_W":0,"Shldr_UL_T":0,"Med_Width":0,"Med_Type":0,"Curb":0,"Lt_Sidewlk":0,"Rt_Sidewlk":0,"Pd_Sf_Type":null,"Pd_Fc_Type":null,"Cr_Slope":null,"Path_Width":null,"Operation":2,"Speed_Lim":null,"Op_Dir_SL":null,"Speed_Reg":null,"T_Exc_Type":null,"T_Exc_Time":null,"Trk_Permit":null,"Trk_Netwrk":null,"Truck_Rte":null,"ROW_Width":30,"Toll_Road":null,"MHS":null,"City":272,"Mun_Type":2,"County":11,"Hwy_Dist":2,"RPA":"FRCOG","RTA":"FRTA","MPO":5,"St_Name":"STEBBINS ROW","City_Maint":272,"Length":0.075638499999999997,"created_user":"RH","created_date":1785555425000,"last_edited_user":"RH","last_edited_date":1785555425000,"Record_ID":"123160.916961.NE.12.129579","GlobalID":"{56A8774A-08EA-49B7-96E2-52BC509BA995}","Local_Priority":1,"Oneway":null,"SHAPE.STLength()":121.72851147282627}},{"type":"Feature","id":110083,"geometry":{"type":"LineString","coordinates":[[-72.434269393953343,42.499742847885059],[-72.433979219857036,42.499906487670223]]},"properties":{"OBJECTID":110083,"route_id":"L129579 EB","from_measure":0.075638499999999997,"to_measure":0.094272400000000006,"Route_System":"L","Route_Number":"129579","Route_Direction":"EB","Rd_Seg_ID":null,"Facility":1,"Mile_Count":1,"Urban_Area":"0","Urban_Type":5,"F_F_Class":7,"Jurisdictn":"0","NHS":0,"Fd_Aid_Rd":0,"Control":0,"Num_Lanes":1,"Opp_Lanes":0,"Surface_Tp":2,"Surface_Wd":12,"Shldr_Lt_W":0,"Shldr_Lt_T":0,"Shldr_Rt_W":0,"Shldr_Rt_T":0,"Shldr_UL_W":0,"Shldr_UL_T":0,"Med_Width":0,"Med_Type":0,"Curb":0,"Lt_Sidewlk":0,"Rt_Sidewlk":0,"Pd_Sf_Type":null,"Pd_Fc_Type":null,"Cr_Slope":null,"Path_Width":null,"Operation":2,"Speed_Lim":null,"Op_Dir_SL":null,"Speed_Reg":null,"T_Exc_Type":null,"T_Exc_Time":null,"Trk_Permit":null,"Trk_Netwrk":null,"Truck_Rte":null,"ROW_Width":30,"Toll_Road":null,"MHS":null,"City":272,"Mun_Type":2,"County":11,"Hwy_Dist":2,"RPA":"FRCOG","RTA":"FRTA","MPO":5,"St_Name":"STEBBINS ROW","City_Maint":272,"Length":0.018633899999999998,"created_user":"RH","created_date":1785555425000,"last_edited_user":"RH","last_edited_date":1785555425000,"Record_ID":"123219.917007.NE.29.129579","GlobalID":"{D8A22C79-3B3F-4BB0-8AE8-95D019AFDE34}","Local_Priority":1,"Oneway":null,"SHAPE.STLength()":29.988458824187681}},{"type":"Feature","id":502791,"geometry":{"type":"LineString","coordinates":[[-72.388299599903206,42.446653203981107],[-72.388301912502101,42.446664303156197],[-72.388308032563415,42.446694083179864],[-72.388314144528678,42.446723287067904],[-72.388320168590056,42.446753068731375],[-72.388325995708826,42.446782849212589],[-72.388331726707634,42.446812623232233],[-72.388336555860405,42.446837912567595],[-72.388341275483143,42.446863192844113],[-72.388346004300644,42.446889040243882],[-72.388351551917509,42.446918825579822],[-72.388357016746511,42.446948601650568],[-72.388362369754702,42.446978378583424],[-72.388367626857402,42.447008164358472],[-72.388372896132651,42.447037950939418],[-72.388377958651134,42.447067730111861],[-72.388383034544944,42.447097509180672],[-72.388387828573542,42.447127299426469],[-72.388392319946533,42.447157092006542],[-72.38839682335211,42.447186875490395],[-72.388401144436429,42.447216660380299],[-72.388405173942942,42.447246457422523],[-72.388405703316849,42.447250387687703],[-72.38840601573736,42.447252635148985],[-72.388409764466829,42.447282434356765],[-72.388413502120997,42.447312223746259],[-72.388417057566684,42.447342022643873],[-72.388420523650225,42.447372382222447],[-72.38842360494067,42.44740217667438],[-72.388426589107397,42.447431979978084],[-72.388429185542307,42.447461787172855],[-72.388431508932911,42.447492146562297],[-72.388433361467932,42.447521958594983],[-72.388434730117694,42.447551766257511],[-72.38843581393364,42.447582152314567],[-72.388436427753149,42.447611965799673],[-72.388436566693656,42.447628845513712],[-72.388436516673067,42.447645168494049],[-72.388436559588172,42.4476620489487],[-72.388436233158529,42.447692427877932],[-72.388435607294582,42.44772226082894],[-72.38843478680856,42.447752085377687],[-72.388433501589589,42.447782489708835],[-72.388432121964655,42.447812318570477],[-72.388430352157798,42.447842150441836],[-72.388428033606601,42.447872552840195],[-72.388425692642343,42.447902399020435],[-72.388422988096835,42.447932238101785],[-72.38841970142937,42.447962089776205],[-72.38841621894646,42.447991934858024],[-72.38841246795694,42.448021791013858],[-72.388412130660669,42.448024603478579],[-72.38841178131031,42.448027423238756],[-72.388411346886315,42.448030244555468],[-72.388406928445107,42.448060096856544],[-72.388402121033053,42.448089952157673],[-72.388396742448066,42.448119820867433],[-72.388391088466989,42.448149124506735],[-72.388384957336683,42.448178990017389],[-72.38837843615697,42.448208868439593],[-72.388371541097172,42.448238180750252],[-72.388364352442977,42.448268054416424],[-72.388356691602226,42.448297373532959],[-72.388349033311982,42.448326701632055],[-72.388340814404017,42.448356016048528],[-72.388332486230354,42.44838534121034],[-72.388331488339276,42.448388724163614],[-72.388330575674289,42.448392116362868],[-72.388329588608812,42.448395491129858],[-72.388322904936047,42.448417276127586],[-72.388320593087556,42.44842482053761],[-72.388311036110835,42.448454163278022],[-72.388300987242786,42.448482933614066],[-72.388290293033791,42.44851171702917],[-72.388279108195277,42.448541055215905],[-72.388267355265086,42.448569848594758],[-72.388254841923114,42.448598079742304],[-72.38824186356409,42.448626871765569],[-72.388228862897805,42.448655115671322],[-72.3881823977717,42.448748313813624],[-72.388135924673648,42.448840954704522],[-72.388104345784839,42.448899699354392]]},"properties":{"OBJECTID":502791,"route_id":"US202 NB","from_measure":46.660929799999998,"to_measure":46.8187012,"Route_System":"US","Route_Number":"202","Route_Direction":"NB","Rd_Seg_ID":null,"Facility":1,"Mile_Count":1,"Urban_Area":"0","Urban_Type":5,"F_F_Class":4,"Jurisdictn":"1","NHS":15,"Fd_Aid_Rd":2,"Control":0,"Num_Lanes":2,"Opp_Lanes":0,"Surface_Tp":6,"Surface_Wd":24,"Shldr_Lt_W":0,"Shldr_Lt_T":0,"Shldr_Rt_W":2,"Shldr_Rt_T":3,"Shldr_UL_W":2,"Shldr_UL_T":3,"Med_Width":0,"Med_Type":0,"Curb":2,"Lt_Sidewlk":0,"Rt_Sidewlk":0,"Pd_Sf_Type":null,"Pd_Fc_Type":null,"Cr_Slope":null,"Path_Width":null,"Operation":2,"Speed_Lim":45,"Op_Dir_SL":45,"Speed_Reg":45,"T_Exc_Type":null,"T_Exc_Time":null,"Trk_Permit":null,"Trk_Netwrk":null,"Truck_Rte":null,"ROW_Width":60,"Toll_Road":null,"MHS":null,"City":272,"Mun_Type":2,"County":11,"Hwy_Dist":2,"RPA":"FRCOG","RTA":"FRTA","MPO":5,"St_Name":"DANIEL SHAYS HIGHWAY","City_Maint":272,"Length":0.15777140000000001,"created_user":"RH","created_date":1785555425000,"last_edited_user":"RH","last_edited_date":1785555425000,"Record_ID":"126914.911186.NE.25.202","GlobalID":"{70B04613-BF04-4F59-AACC-299B29E9F73A}","Local_Priority":1,"Oneway":null,"SHAPE.STLength()":253.90906815426084}},{"type":"Feature","id":502792,"geometry":{"type":"LineString","coordinates":[[-72.388104345784839,42.448899699354392],[-72.388086417956202,42.448933049071123],[-72.388020999581329,42.44904272577957],[-72.3879511944846,42.44915073468519],[-72.38793480928426,42.44917449140187],[-72.387890147535671,42.44924010986918],[-72.387878237205172,42.449257640659113],[-72.387848697714716,42.449298391253784],[-72.387798951038718,42.449367413333491],[-72.387716514575857,42.449475528454855],[-72.38763398963286,42.449584201484676],[-72.387401415452999,42.449903352298541],[-72.387259289719566,42.450109267352047],[-72.387038664371715,42.450448582235225],[-72.386934032987256,42.450619321134184],[-72.386933773969872,42.450619835403955]]},"properties":{"OBJECTID":502792,"route_id":"US202 NB","from_measure":46.8187012,"to_measure":46.951720700000003,"Route_System":"US","Route_Number":"202","Route_Direction":"NB","Rd_Seg_ID":null,"Facility":1,"Mile_Count":1,"Urban_Area":"0","Urban_Type":5,"F_F_Class":4,"Jurisdictn":"1","NHS":15,"Fd_Aid_Rd":2,"Control":0,"Num_Lanes":2,"Opp_Lanes":0,"Surface_Tp":6,"Surface_Wd":24,"Shldr_Lt_W":0,"Shldr_Lt_T":0,"Shldr_Rt_W":2,"Shldr_Rt_T":3,"Shldr_UL_W":2,"Shldr_UL_T":3,"Med_Width":0,"Med_Type":0,"Curb":0,"Lt_Sidewlk":0,"Rt_Sidewlk":0,"Pd_Sf_Type":null,"Pd_Fc_Type":null,"Cr_Slope":null,"Path_Width":null,"Operation":2,"Speed_Lim":45,"Op_Dir_SL":45,"Speed_Reg":45,"T_Exc_Type":null,"T_Exc_Time":null,"Trk_Permit":null,"Trk_Netwrk":null,"Truck_Rte":null,"ROW_Width":60,"Toll_Road":null,"MHS":null,"City":272,"Mun_Type":2,"County":11,"Hwy_Dist":2,"RPA":"FRCOG","RTA":"FRTA","MPO":5,"St_Name":"DANIEL SHAYS HIGHWAY","City_Maint":272,"Length":0.13301950000000001,"created_user":"RH","created_date":1785555425000,"last_edited_user":"RH","last_edited_date":1785555425000,"Record_ID":"126993.911404.NE.21.202","GlobalID":"{D2BE7996-C569-4030-B3E7-5EE2FCAC1576}","Local_Priority":1,"Oneway":null,"SHAPE.STLength()":214.07452152116653}},{"type":"Feature","id":502793,"geometry":{"type":"LineString","coordinates":[[-72.386933773969872,42.450619835403955],[-72.386811038322747,42.450863351321154],[-72.386757835790135,42.450978379126909],[-72.386651878530714,42.451207466973472]]},"properties":{"OBJECTID":502793,"route_id":"US202 NB","from_measure":46.951720700000003,"to_measure":46.994767099999997,"Route_System":"US","Route_Number":"202","Route_Direction":"NB","Rd_Seg_ID":null,"Facility":1,"Mile_Count":1,"Urban_Area":"0","Urban_Type":5,"F_F_Class":4,"Jurisdictn":"1","NHS":15,"Fd_Aid_Rd":2,"Control":0,"Num_Lanes":2,"Opp_Lanes":0,"Surface_Tp":6,"Surface_Wd":24,"Shldr_Lt_W":0,"Shldr_Lt_T":0,"Shldr_Rt_W":2,"Shldr_Rt_T":3,"Shldr_UL_W":2,"Shldr_UL_T":3,"Med_Width":0,"Med_Type":0,"Curb":0,"Lt_Sidewlk":0,"Rt_Sidewlk":0,"Pd_Sf_Type":null,"Pd_Fc_Type":null,"Cr_Slope":null,"Path_Width":null,"Operation":2,"Speed_Lim":45,"Op_Dir_SL":45,"Speed_Reg":50,"T_Exc_Type":null,"T_Exc_Time":null,"Trk_Permit":null,"Trk_Netwrk":null,"Truck_Rte":null,"ROW_Width":60,"Toll_Road":null,"MHS":null,"City":272,"Mun_Type":2,"County":11,"Hwy_Dist":2,"RPA":"FRCOG","RTA":"FRTA","MPO":5,"St_Name":"DANIEL SHAYS HIGHWAY","City_Maint":272,"Length":0.043046399999999999,"created_user":"RH","created_date":1785555425000,"last_edited_user":"RH","last_edited_date":1785555425000,"Record_ID":"127053.911532.NE.69.202","GlobalID":"{3D358E11-D233-431D-90BD-E67CC16B9E3B}","Local_Priority":1,"Oneway":null,"SHAPE.STLength()":69.276559415174489}},{"type":"Feature","id":276110,"geometry":{"type":"LineString","coordinates":[[-72.423258568030974,42.499325148160487],[-72.423327268563511,42.499336975174458],[-72.423361663552541,42.499342327420685],[-72.423420995416947,42.499350292416729],[-72.423480519490596,42.499358254942059],[-72.423538187918226,42.499369607531676],[-72.423579435494375,42.499382220648428],[-72.423619653347544,42.499395966477223],[-72.423658656288865,42.499411409190905],[-72.423706332645963,42.499434660913096],[-72.423752039864382,42.499459614659983],[-72.423799066091092,42.499483995129481],[-72.423842987627168,42.499503898061725],[-72.423887923445605,42.499522109285422],[-72.423934259350119,42.499538055816657],[-72.423983585868484,42.499550599527872],[-72.424034392871476,42.499560885999934],[-72.424084826357586,42.499571170942758],[-72.424159229692549,42.499589142209075],[-72.424233082707801,42.499608246817189],[-72.424307023277194,42.499627345274305],[-72.424376085671213,42.499644238356829],[-72.424445340244517,42.499661125355367],[-72.424513310053882,42.499680835156305],[-72.424590692196901,42.49970778885929],[-72.424666417059399,42.499738129231858],[-72.424742420794956,42.499767901028605],[-72.424804255561156,42.499791037807356],[-72.424866087007402,42.499813612792231],[-72.424928943341826,42.499835054144299],[-72.424944598940769,42.499839432718453],[-72.425021026703888,42.499865826603639],[-72.425097354776838,42.499892221238547],[-72.425174339164187,42.499917486079937],[-72.425207181453843,42.499927353544699],[-72.425240209827507,42.499937215905206],[-72.425272788769902,42.499948206339511],[-72.425299909156479,42.499956995234889],[-72.425326572757911,42.499966908665158],[-72.425343145176598,42.499974731577609],[-72.42535117356239,42.499978525812992],[-72.425373167978591,42.499994104496089],[-72.425392820818089,42.500011956327015],[-72.425411149754524,42.500030376069788],[-72.425430355277442,42.500049914147347],[-72.425448134842227,42.500070029959794],[-72.425463931164614,42.500090719879431],[-72.42548194905163,42.500126589032369],[-72.425494286240493,42.500164191858339],[-72.425507290017094,42.500201783928588],[-72.425536843579522,42.500272446190685],[-72.42556801031543,42.500343095490713],[-72.425601154499674,42.500412603526541],[-72.425640111471537,42.500489376212208],[-72.425681238197058,42.50056501058468],[-72.425724744495298,42.500640622229547],[-72.425759716656643,42.500698863581178],[-72.42579591806313,42.5007559669722],[-72.42583448689021,42.500813050435518],[-72.425882850862848,42.500876245670703],[-72.425934416428177,42.500937728003763],[-72.425985703246624,42.500999775240544],[-72.426031456081319,42.501053984784292],[-72.426077031186026,42.501108762926833],[-72.426117582755012,42.50116470588879],[-72.426146689299159,42.501217928258043],[-72.426171734306209,42.501272871317646],[-72.426196390323071,42.50132725480929],[-72.426229847577446,42.501398447302975],[-72.426262921901923,42.501469076574473],[-72.426295998528133,42.50154027210619],[-72.426337425654751,42.501629972813411],[-72.426378854049545,42.501719668992912],[-72.426420382305977,42.501809363453361],[-72.426449323379927,42.501877218750622],[-72.426478358111282,42.501945067885281],[-72.426514299114402,42.502010612549789],[-72.426538667867888,42.502045306005208],[-72.426565111332948,42.502078853801535],[-72.426592503739315,42.502112393963557],[-72.426624502034926,42.50214871323174],[-72.426657725642258,42.502184456351557],[-72.426689445165508,42.502221340530326],[-72.426719840842779,42.502258797130906],[-72.426748631594577,42.502296824813051],[-72.426772399967675,42.50233602184521],[-72.426783485553813,42.502359566493773],[-72.426787010440862,42.502368438519902]]},"properties":{"OBJECTID":276110,"route_id":"L202025 NB","from_measure":0.034260100000000002,"to_measure":0.33261400000000002,"Route_System":"L","Route_Number":"202025","Route_Direction":"NB","Rd_Seg_ID":null,"Facility":1,"Mile_Count":1,"Urban_Area":"0","Urban_Type":5,"F_F_Class":7,"Jurisdictn":"0","NHS":0,"Fd_Aid_Rd":0,"Control":0,"Num_Lanes":1,"Opp_Lanes":0,"Surface_Tp":2,"Surface_Wd":12,"Shldr_Lt_W":0,"Shldr_Lt_T":0,"Shldr_Rt_W":0,"Shldr_Rt_T":0,"Shldr_UL_W":0,"Shldr_UL_T":0,"Med_Width":0,"Med_Type":0,"Curb":0,"Lt_Sidewlk":0,"Rt_Sidewlk":0,"Pd_Sf_Type":null,"Pd_Fc_Type":null,"Cr_Slope":null,"Path_Width":null,"Operation":2,"Speed_Lim":null,"Op_Dir_SL":null,"Speed_Reg":null,"T_Exc_Type":null,"T_Exc_Time":null,"Trk_Permit":null,"Trk_Netwrk":null,"Truck_Rte":null,"ROW_Width":30,"Toll_Road":null,"MHS":null,"City":272,"Mun_Type":2,"County":11,"Hwy_Dist":2,"RPA":"FRCOG","RTA":"FRTA","MPO":5,"St_Name":"NORTH LAUREL DRIVE","City_Maint":272,"Length":0.29835390000000001,"created_user":"RH","created_date":1785555425000,"last_edited_user":"RH","last_edited_date":1785555425000,"Record_ID":"123911.917088.NW.48.202025","GlobalID":"{092D37CD-24B2-432F-8D54-33977D510C9B}","Local_Priority":1,"Oneway":null,"SHAPE.STLength()":480.15503355334903}},{"type":"Feature","id":434628,"geometry":{"type":"LineString","coordinates":[[-72.436586424427745,42.501498984955724],[-72.436612781665247,42.501541870921464],[-72.436709593547789,42.501679503771015],[-72.436816611449615,42.501813117471968],[-72.43692334391524,42.501946733392614],[-72.437000991033457,42.502048512413289],[-72.437078637294405,42.502149725098306],[-72.437156192454566,42.502251504760537]]},"properties":{"OBJECTID":434628,"route_id":"N3872 NB","from_measure":3.9298999999999999,"to_measure":3.9899,"Route_System":"N","Route_Number":"3872","Route_Direction":"NB","Rd_Seg_ID":null,"Facility":1,"Mile_Count":1,"Urban_Area":"0","Urban_Type":5,"F_F_Class":5,"Jurisdictn":"2","NHS":0,"Fd_Aid_Rd":3,"Control":0,"Num_Lanes":2,"Opp_Lanes":0,"Surface_Tp":5,"Surface_Wd":20,"Shldr_Lt_W":0,"Shldr_Lt_T":0,"Shldr_Rt_W":2,"Shldr_Rt_T":1,"Shldr_UL_W":0,"Shldr_UL_T":0,"Med_Width":0,"Med_Type":0,"Curb":0,"Lt_Sidewlk":0,"Rt_Sidewlk":0,"Pd_Sf_Type":null,"Pd_Fc_Type":null,"Cr_Slope":null,"Path_Width":null,"Operation":2,"Speed_Lim":999,"Op_Dir_SL":999,"Speed_Reg":25,"T_Exc_Type":null,"T_Exc_Time":null,"Trk_Permit":null,"Trk_Netwrk":null,"Truck_Rte":null,"ROW_Width":40,"Toll_Road":null,"MHS":null,"City":272,"Mun_Type":2,"County":11,"Hwy_Dist":2,"RPA":"FRCOG","RTA":"FRTA","MPO":5,"St_Name":"LOCKS POND ROAD","City_Maint":272,"Length":0.059999999999999998,"created_user":"RH","created_date":1785555425000,"last_edited_user":"RH","last_edited_date":1785555425000,"Record_ID":"122996.917237.NW.95.3872","GlobalID":"{68B5F76C-B25E-4E5F-B5B1-CB1D08EE1154}","Local_Priority":1,"Oneway":null,"SHAPE.STLength()":95.851939321168757}},{"type":"Feature","id":311965,"geometry":{"type":"LineString","coordinates":[[-72.428396484058055,42.507335936639954],[-72.428294111913686,42.507408790390905],[-72.428121044922122,42.507518654653076],[-72.428117037980471,42.50752154986472]]},"properties":{"OBJECTID":311965,"route_id":"L218696 NB","from_measure":0,"to_measure":0.019185500000000001,"Route_System":"L","Route_Number":"218696","Route_Direction":"NB","Rd_Seg_ID":null,"Facility":1,"Mile_Count":0,"Urban_Area":"0","Urban_Type":5,"F_F_Class":7,"Jurisdictn":"0","NHS":0,"Fd_Aid_Rd":0,"Control":0,"Num_Lanes":0,"Opp_Lanes":0,"Surface_Tp":0,"Surface_Wd":0,"Shldr_Lt_W":0,"Shldr_Lt_T":0,"Shldr_Rt_W":0,"Shldr_Rt_T":0,"Shldr_UL_W":0,"Shldr_UL_T":0,"Med_Width":0,"Med_Type":0,"Curb":null,"Lt_Sidewlk":0,"Rt_Sidewlk":0,"Pd_Sf_Type":null,"Pd_Fc_Type":null,"Cr_Slope":null,"Path_Width":null,"Operation":2,"Speed_Lim":null,"Op_Dir_SL":null,"Speed_Reg":null,"T_Exc_Type":null,"T_Exc_Time":null,"Trk_Permit":null,"Trk_Netwrk":null,"Truck_Rte":null,"ROW_Width":null,"Toll_Road":null,"MHS":null,"City":272,"Mun_Type":2,"County":11,"Hwy_Dist":2,"RPA":"FRCOG","RTA":"FRTA","MPO":5,"St_Name":"COVE ROAD","City_Maint":272,"Length":0.019185500000000001,"created_user":"RH","created_date":1785555425000,"last_edited_user":"RH","last_edited_date":1785555425000,"Record_ID":"123710.917846.NE.30.218696","GlobalID":"{A000BFB4-FE79-43C1-8029-F2864D82665E}","Local_Priority":1,"Oneway":null,"SHAPE.STLength()":30.876034950382465}},{"type":"Feature","id":311967,"geometry":{"type":"LineString","coordinates":[[-72.484269411386933,42.429692357561329],[-72.484143999122765,42.429943268552826],[-72.484003285342979,42.430174617384516],[-72.483845972191517,42.430413419395983],[-72.483711086683556,42.430647529731715],[-72.483613481202411,42.430934218101143],[-72.483601011846346,42.43096864765387],[-72.483588537700044,42.431003082647763],[-72.483575115617455,42.431037520335998],[-72.483559698313698,42.431077603887907],[-72.48354302790284,42.431117136340205],[-72.483520155414567,42.431154471861845],[-72.483494393968883,42.431182824321972],[-72.483464237665672,42.431209527110298],[-72.483432920364919,42.431235116203659],[-72.483399990548207,42.431260722662316],[-72.483365812155697,42.431285210769879],[-72.483331538952527,42.431309699676667],[-72.483072936992286,42.431538509447478],[-72.482920558744269,42.431673338226339],[-72.48258686683053,42.431969913258001],[-72.482398916502007,42.432119510371926],[-72.482367443528602,42.432141162478104],[-72.482336062832886,42.432162810186767],[-72.48230295224775,42.432182789941869],[-72.482263093323198,42.432202260055647],[-72.48222148961483,42.432219495133033],[-72.482179691451663,42.432236731853934],[-72.48214120545434,42.432252816703112],[-72.48210253007683,42.4322694640558],[-72.482063757252178,42.432285551325208]]},"properties":{"OBJECTID":311967,"route_id":"L218698 NB","from_measure":0,"to_measure":0.2169131,"Route_System":"L","Route_Number":"218698","Route_Direction":"NB","Rd_Seg_ID":null,"Facility":1,"Mile_Count":0,"Urban_Area":"0","Urban_Type":5,"F_F_Class":7,"Jurisdictn":"0","NHS":0,"Fd_Aid_Rd":0,"Control":0,"Num_Lanes":0,"Opp_Lanes":0,"Surface_Tp":0,"Surface_Wd":0,"Shldr_Lt_W":0,"Shldr_Lt_T":0,"Shldr_Rt_W":0,"Shldr_Rt_T":0,"Shldr_UL_W":0,"Shldr_UL_T":0,"Med_Width":0,"Med_Type":0,"Curb":null,"Lt_Sidewlk":0,"Rt_Sidewlk":0,"Pd_Sf_Type":null,"Pd_Fc_Type":null,"Cr_Slope":null,"Path_Width":null,"Operation":2,"Speed_Lim":null,"Op_Dir_SL":null,"Speed_Reg":null,"T_Exc_Type":null,"T_Exc_Time":null,"Trk_Permit":null,"Trk_Netwrk":null,"Truck_Rte":null,"ROW_Width":null,"Toll_Road":null,"MHS":null,"City":272,"Mun_Type":2,"County":11,"Hwy_Dist":2,"RPA":"FRCOG","RTA":"FRTA","MPO":5,"St_Name":"ROUND HILLS ROAD","City_Maint":272,"Length":0.2169131,"created_user":"RH","created_date":1785555425000,"last_edited_user":"RH","last_edited_date":1785555425000,"Record_ID":"119068.909416.NE.34.218698","GlobalID":"{E8667C60-1C9B-4AF3-8EDF-8FD8527EE30B}","Local_Priority":1,"Oneway":null,"SHAPE.STLength()":349.08858277482943}},{"type":"Feature","id":311969,"geometry":{"type":"LineString","coordinates":[[-72.484371063520797,42.431818642206686],[-72.484330404998403,42.431738753908299],[-72.484231056943855,42.43163863826981],[-72.484165063495212,42.431617656754788],[-72.484089968130462,42.431611176176673],[-72.483986338443941,42.431624886076875],[-72.483890760486489,42.431661312457464],[-72.483764283254942,42.431689461409938],[-72.483672100404149,42.431697370572053],[-72.483564321248267,42.431691169782219],[-72.483396643922219,42.431666958159248],[-72.483280770093629,42.431635186840261],[-72.483167832309249,42.431585818727591],[-72.483072936992286,42.431538509447478]]},"properties":{"OBJECTID":311969,"route_id":"L218700 EB","from_measure":0,"to_measure":0.077514899999999998,"Route_System":"L","Route_Number":"218700","Route_Direction":"EB","Rd_Seg_ID":null,"Facility":1,"Mile_Count":0,"Urban_Area":"0","Urban_Type":5,"F_F_Class":7,"Jurisdictn":"0","NHS":0,"Fd_Aid_Rd":0,"Control":0,"Num_Lanes":0,"Opp_Lanes":0,"Surface_Tp":0,"Surface_Wd":0,"Shldr_Lt_W":0,"Shldr_Lt_T":0,"Shldr_Rt_W":0,"Shldr_Rt_T":0,"Shldr_UL_W":0,"Shldr_UL_T":0,"Med_Width":0,"Med_Type":0,"Curb":null,"Lt_Sidewlk":0,"Rt_Sidewlk":0,"Pd_Sf_Type":null,"Pd_Fc_Type":null,"Cr_Slope":null,"Path_Width":null,"Operation":2,"Speed_Lim":null,"Op_Dir_SL":null,"Speed_Reg":null,"T_Exc_Type":null,"T_Exc_Time":null,"Trk_Permit":null,"Trk_Netwrk":null,"Truck_Rte":null,"ROW_Width":null,"Toll_Road":null,"MHS":null,"City":272,"Mun_Type":2,"County":11,"Hwy_Dist":2,"RPA":"FRCOG","RTA":"FRTA","MPO":5,"St_Name":"HAWKS VIEW ROAD","City_Maint":272,"Length":0.077514899999999998,"created_user":"RH","created_date":1785555425000,"last_edited_user":"RH","last_edited_date":1785555425000,"Record_ID":"119055.909485.SE.12.218700","GlobalID":"{4A8E4526-F70E-4CB3-A8DB-4D9C0795F0D8}","Local_Priority":1,"Oneway":null,"SHAPE.STLength()":124.74830691818514}},{"type":"Feature","id":502794,"geometry":{"type":"LineString","coordinates":[[-72.386651878530714,42.451207466973472],[-72.386622985051986,42.451269937569151],[-72.386474063656664,42.451648646748801],[-72.38626216520845,42.452237168962164],[-72.386176639720659,42.452470268369915],[-72.386049742021811,42.452816125340384],[-72.385936629272749,42.4531281595984],[-72.385878476778302,42.453282224479878],[-72.385741196538319,42.453645655634539],[-72.385586488831919,42.45407392382824],[-72.385487839246707,42.454333925617597],[-72.385350720892248,42.45469526441908],[-72.385256005123011,42.454944702129382],[-72.385220922344828,42.455037252286438],[-72.385152621213052,42.455186329572875],[-72.385135291416844,42.455224158582624],[-72.38500573659941,42.455460925460713],[-72.384875534360958,42.45568643611319],[-72.384746338603421,42.455888304026466],[-72.384617536201461,42.456057551562203],[-72.384526752815489,42.456174721373444],[-72.384343499481133,42.45638263262088],[-72.384108571370518,42.456638213477774],[-72.383949823770607,42.456793042075887],[-72.383775508055308,42.456947439807358],[-72.383497709698148,42.457174639317138],[-72.383219413892988,42.457385536504752],[-72.383048544092389,42.457502193756568],[-72.382857325478682,42.457616765854716],[-72.382642287854708,42.45773376911302],[-72.38245707888143,42.457849991554347]]},"properties":{"OBJECTID":502794,"route_id":"US202 NB","from_measure":46.994767099999997,"to_measure":47.513171800000002,"Route_System":"US","Route_Number":"202","Route_Direction":"NB","Rd_Seg_ID":null,"Facility":1,"Mile_Count":1,"Urban_Area":"0","Urban_Type":5,"F_F_Class":4,"Jurisdictn":"1","NHS":15,"Fd_Aid_Rd":2,"Control":0,"Num_Lanes":2,"Opp_Lanes":0,"Surface_Tp":6,"Surface_Wd":24,"Shldr_Lt_W":0,"Shldr_Lt_T":0,"Shldr_Rt_W":2,"Shldr_Rt_T":3,"Shldr_UL_W":2,"Shldr_UL_T":3,"Med_Width":0,"Med_Type":0,"Curb":0,"Lt_Sidewlk":0,"Rt_Sidewlk":0,"Pd_Sf_Type":null,"Pd_Fc_Type":null,"Cr_Slope":null,"Path_Width":null,"Operation":2,"Speed_Lim":50,"Op_Dir_SL":50,"Speed_Reg":50,"T_Exc_Type":null,"T_Exc_Time":null,"Trk_Permit":null,"Trk_Netwrk":null,"Truck_Rte":null,"ROW_Width":60,"Toll_Road":null,"MHS":null,"City":272,"Mun_Type":2,"County":11,"Hwy_Dist":2,"RPA":"FRCOG","RTA":"FRTA","MPO":5,"St_Name":"DANIEL SHAYS HIGHWAY","City_Maint":272,"Length":0.51840470000000005,"created_user":"RH","created_date":1785555425000,"last_edited_user":"RH","last_edited_date":1785555425000,"Record_ID":"127176.911951.NE.83.202","GlobalID":"{B2C54BE9-05CF-410C-A0F5-E971A222FB70}","Local_Priority":1,"Oneway":null,"SHAPE.STLength()":834.29319959835584}},{"type":"Feature","id":502795,"geometry":{"type":"LineString","coordinates":[[-72.38245707888143,42.457849991554347],[-72.382457000539546,42.457850040771014]]},"properties":{"OBJECTID":502795,"route_id":"US202 NB","from_measure":47.513171800000002,"to_measure":47.513176799999997,"Route_System":"US","Route_Number":"202","Route_Direction":"NB","Rd_Seg_ID":null,"Facility":1,"Mile_Count":1,"Urban_Area":"0","Urban_Type":5,"F_F_Class":4,"Jurisdictn":"1","NHS":15,"Fd_Aid_Rd":2,"Control":0,"Num_Lanes":2,"Opp_Lanes":0,"Surface_Tp":6,"Surface_Wd":24,"Shldr_Lt_W":0,"Shldr_Lt_T":0,"Shldr_Rt_W":2,"Shldr_Rt_T":3,"Shldr_UL_W":2,"Shldr_UL_T":3,"Med_Width":0,"Med_Type":0,"Curb":0,"Lt_Sidewlk":0,"Rt_Sidewlk":0,"Pd_Sf_Type":null,"Pd_Fc_Type":null,"Cr_Slope":null,"Path_Width":null,"Operation":2,"Speed_Lim":50,"Op_Dir_SL":50,"Speed_Reg":50,"T_Exc_Type":null,"T_Exc_Time":null,"Trk_Permit":null,"Trk_Netwrk":null,"Truck_Rte":null,"ROW_Width":60,"Toll_Road":null,"MHS":null,"City":272,"Mun_Type":2,"County":11,"Hwy_Dist":2,"RPA":"FRCOG","RTA":"FRTA","MPO":5,"St_Name":"DANIEL SHAYS HIGHWAY","City_Maint":272,"Length":5.0000000000000004e-06,"created_user":"RH","created_date":1785555425000,"last_edited_user":"RH","last_edited_date":1785555425000,"Record_ID":"127417.912299.NE.84.202","GlobalID":"{7A670E97-D6EA-4951-ACCD-D5AC5AC63144}","Local_Priority":1,"Oneway":null,"SHAPE.STLength()":0.0084504437753291986}},{"type":"Feature","id":502799,"geometry":{"type":"LineString","coordinates":[[-72.370111152755968,42.464509623129651],[-72.369728556419147,42.464601715202697],[-72.369453372906307,42.46465512682294]]},"properties":{"OBJECTID":502799,"route_id":"US202 NB","from_measure":48.2997218,"to_measure":48.334819099999997,"Route_System":"US","Route_Number":"202","Route_Direction":"NB","Rd_Seg_ID":null,"Facility":1,"Mile_Count":1,"Urban_Area":"0","Urban_Type":5,"F_F_Class":4,"Jurisdictn":"1","NHS":15,"Fd_Aid_Rd":2,"Control":0,"Num_Lanes":2,"Opp_Lanes":0,"Surface_Tp":6,"Surface_Wd":24,"Shldr_Lt_W":0,"Shldr_Lt_T":0,"Shldr_Rt_W":2,"Shldr_Rt_T":3,"Shldr_UL_W":2,"Shldr_UL_T":3,"Med_Width":0,"Med_Type":0,"Curb":0,"Lt_Sidewlk":0,"Rt_Sidewlk":0,"Pd_Sf_Type":null,"Pd_Fc_Type":null,"Cr_Slope":null,"Path_Width":null,"Operation":2,"Speed_Lim":50,"Op_Dir_SL":50,"Speed_Reg":50,"T_Exc_Type":null,"T_Exc_Time":null,"Trk_Permit":null,"Trk_Netwrk":null,"Truck_Rte":null,"ROW_Width":50,"Toll_Road":null,"MHS":null,"City":272,"Mun_Type":2,"County":11,"Hwy_Dist":2,"RPA":"FRCOG","RTA":"FRTA","MPO":5,"St_Name":"DANIEL SHAYS HIGHWAY","City_Maint":204,"Length":0.035097299999999998,"created_user":"RH","created_date":1785555425000,"last_edited_user":"RH","last_edited_date":1785555425000,"Record_ID":"128467.913037.NE.56.202","GlobalID":"{2395A60C-F584-4A76-86EE-62980B382DB5}","Local_Priority":1,"Oneway":null,"SHAPE.STLength()":56.483781254182105}},{"type":"Feature","id":502800,"geometry":{"type":"LineString","coordinates":[[-72.369453372906307,42.46465512682294],[-72.36917658327711,42.464708849700649],[-72.368591594526649,42.464817742085465]]},"properties":{"OBJECTID":502800,"route_id":"US202 NB","from_measure":48.334819099999997,"to_measure":48.380267099999998,"Route_System":"US","Route_Number":"202","Route_Direction":"NB","Rd_Seg_ID":null,"Facility":1,"Mile_Count":1,"Urban_Area":"0","Urban_Type":5,"F_F_Class":4,"Jurisdictn":"1","NHS":15,"Fd_Aid_Rd":2,"Control":0,"Num_Lanes":2,"Opp_Lanes":0,"Surface_Tp":6,"Surface_Wd":24,"Shldr_Lt_W":0,"Shldr_Lt_T":0,"Shldr_Rt_W":2,"Shldr_Rt_T":3,"Shldr_UL_W":2,"Shldr_UL_T":3,"Med_Width":0,"Med_Type":0,"Curb":0,"Lt_Sidewlk":0,"Rt_Sidewlk":0,"Pd_Sf_Type":null,"Pd_Fc_Type":null,"Cr_Slope":null,"Path_Width":null,"Operation":2,"Speed_Lim":50,"Op_Dir_SL":50,"Speed_Reg":50,"T_Exc_Type":null,"T_Exc_Time":null,"Trk_Permit":null,"Trk_Netwrk":null,"Truck_Rte":null,"ROW_Width":60,"Toll_Road":null,"MHS":null,"City":272,"Mun_Type":2,"County":11,"Hwy_Dist":2,"RPA":"FRCOG","RTA":"FRTA","MPO":5,"St_Name":"DANIEL SHAYS HIGHWAY","City_Maint":272,"Length":0.045448000000000002,"created_user":"RH","created_date":1785555425000,"last_edited_user":"RH","last_edited_date":1785555425000,"Record_ID":"128530.913053.NE.73.202","GlobalID":"{9EA82AEA-9BD2-42DA-9A49-FD1DF4F12D50}","Local_Priority":1,"Oneway":null,"SHAPE.STLength()":73.14173449017737}},{"type":"Feature","id":460264,"geometry":{"type":"LineString","coordinates":[[-72.427824092033617,42.448857231731644],[-72.427815129386019,42.448880937145439],[-72.427779123371465,42.448983638680083],[-72.427635357738211,42.449392750901495],[-72.427508604254214,42.449738141313411],[-72.427420564134025,42.450010065824571],[-72.427362020426116,42.450143335116771],[-72.427336090101775,42.450201500614888],[-72.427294311106252,42.450260360008294],[-72.427255817314105,42.450303432968148],[-72.427159662870764,42.450411117364197]]},"properties":{"OBJECTID":460264,"route_id":"N5239 NB","from_measure":8.6617841999999996,"to_measure":8.7750000000000004,"Route_System":"N","Route_Number":"5239","Route_Direction":"NB","Rd_Seg_ID":null,"Facility":1,"Mile_Count":1,"Urban_Area":"0","Urban_Type":5,"F_F_Class":6,"Jurisdictn":"2","NHS":0,"Fd_Aid_Rd":4,"Control":0,"Num_Lanes":2,"Opp_Lanes":0,"Surface_Tp":5,"Surface_Wd":22,"Shldr_Lt_W":0,"Shldr_Lt_T":0,"Shldr_Rt_W":3,"Shldr_Rt_T":1,"Shldr_UL_W":0,"Shldr_UL_T":0,"Med_Width":0,"Med_Type":0,"Curb":0,"Lt_Sidewlk":0,"Rt_Sidewlk":0,"Pd_Sf_Type":null,"Pd_Fc_Type":null,"Cr_Slope":null,"Path_Width":null,"Operation":2,"Speed_Lim":999,"Op_Dir_SL":999,"Speed_Reg":25,"T_Exc_Type":null,"T_Exc_Time":null,"Trk_Permit":null,"Trk_Netwrk":null,"Truck_Rte":null,"ROW_Width":48,"Toll_Road":null,"MHS":null,"City":272,"Mun_Type":2,"County":11,"Hwy_Dist":2,"RPA":"FRCOG","RTA":"FRTA","MPO":5,"St_Name":"WEST PELHAM ROAD","City_Maint":272,"Length":0.11321580000000001,"created_user":"RH","created_date":1785555425000,"last_edited_user":"RH","last_edited_date":1785555425000,"Record_ID":"123699.911427.NE.18.5239","GlobalID":"{52AAC29A-49A5-4B2F-A730-43C20ED3BAFB}","Local_Priority":1,"Oneway":null,"SHAPE.STLength()":182.13203245853006}}]}