{"type": "FeatureCollection", "features": [{"type": "Feature", "properties": {"seg_id": "S000", "name": "path", "source": "massdot", "named_in_massdot": false, "jurisdiction": "unaccepted/private", "surface": "unimproved/other", "category": "trail/track", "required": false, "length_mi": 0.319}, "geometry": {"type": "LineString", "coordinates": [[-72.43162571183949, 42.45028561021626], [-72.43156772587807, 42.4505460472769], [-72.43150964797982, 42.45080704232457], [-72.43141439968905, 42.45105934020486], [-72.43140261851421, 42.451084755872685], [-72.43139044857277, 42.45110961288789], [-72.43137483797375, 42.45113280963927], [-72.43135828497994, 42.451150386154914], [-72.43133943741392, 42.45116685673258], [-72.43131894582015, 42.45118165341529], [-72.43129515470856, 42.45119760126481], [-72.4312694255593, 42.4512113112975], [-72.43124225300481, 42.451223349410604], [-72.43122060106452, 42.45123027772228], [-72.4311980852215, 42.45123608402268], [-72.43117526819292, 42.45124133455996], [-72.43113804250682, 42.451247826073626], [-72.43110020375582, 42.45125206814872], [-72.43106217688093, 42.451255754438705], [-72.43099144804104, 42.451264203926314], [-72.43092041695112, 42.45127153132296], [-72.43084947816219, 42.45127885342812], [-72.43063004745052, 42.45129581947245], [-72.4304098781599, 42.45130829310313], [-72.43018967337915, 42.45131794952121], [-72.43002755206489, 42.451324882123544], [-72.42986531357589, 42.45133013365986], [-72.42970321130251, 42.45133200409513], [-72.42957240302961, 42.45133024825928], [-72.42944146191799, 42.45132623896484], [-72.42931063584028, 42.45132335398388], [-72.42924346985477, 42.451322208729124], [-72.42917649811821, 42.451321623663], [-72.42910965916417, 42.45132328826755], [-72.4290849778465, 42.451324049165805], [-72.42906049080024, 42.45132537208716], [-72.4290360215588, 42.451327822951], [-72.42900038257909, 42.451332609285515], [-72.42896514652867, 42.451339084946135], [-72.42893020073282, 42.45134611914939], [-72.4288760610153, 42.45135893329452], [-72.42882290740899, 42.45137399204272], [-72.42876984958518, 42.45138961358912], [-72.42866461465275, 42.451421973096245], [-72.42856055168166, 42.45145657293765], [-72.42845727100533, 42.451492295368936], [-72.42827260156646, 42.45156130552509], [-72.42809065636584, 42.45163479678964], [-72.42790880920414, 42.45170828697217], [-72.42771760139087, 42.45178523113369], [-72.42752668600227, 42.451862168116], [-72.42733490029792, 42.451937987294386], [-72.42710802407122, 42.452024219828594], [-72.42688016721425, 42.45210820632014], [-72.42665212592853, 42.45219275563268]]}}, {"type": "Feature", "properties": {"seg_id": "S001", "name": "(unidentified)", "source": "massdot", "named_in_massdot": false, "jurisdiction": "unaccepted/private", "surface": "unimproved/other", "category": "other", "required": false, "length_mi": 0.894}, "geometry": {"type": "LineString", "coordinates": [[-72.42665212592853, 42.45219275563268], [-72.42640885538263, 42.452314003951514], [-72.42581545467038, 42.45270478766726], [-72.42533607644346, 42.45300855453097], [-72.42487358339328, 42.45333750861068], [-72.42473106419716, 42.453424741627465], [-72.42442585357311, 42.45359769084288], [-72.42404892105299, 42.45382185176416], [-72.42362713015868, 42.45410264509422], [-72.42331969363602, 42.45429923871011], [-72.42250923839774, 42.45462646764261], [-72.42175086915742, 42.45494370996097], [-72.42069656091655, 42.45537416389669], [-72.41987897659699, 42.45572281516964], [-72.4189369064564, 42.45612646967143], [-72.41808618357386, 42.45649675653545], [-72.41710757187357, 42.456923757502715], [-72.4165135419496, 42.45716706865852], [-72.41571288776332, 42.457507114720805], [-72.41523947986576, 42.45773032591178], [-72.41467776802021, 42.457982935520725], [-72.41406612772636, 42.4582314352142], [-72.41353023102218, 42.45844332036149], [-72.4131759859837, 42.458599180900215], [-72.41274829521389, 42.45878600956239], [-72.41258360662326, 42.458853153122845], [-72.41246517552999, 42.45890079125864], [-72.41232135425703, 42.45892669255046], [-72.41225065913245, 42.45893175129978], [-72.41216858896189, 42.458938029972536], [-72.41187411004148, 42.45895048824613], [-72.41186490539145, 42.458951123806706]]}}, {"type": "Feature", "properties": {"seg_id": "S002", "name": "service/driveway?", "source": "massdot", "named_in_massdot": false, "jurisdiction": "unaccepted/private", "surface": "unimproved/other", "category": "driveway", "required": false, "length_mi": 0.162}, "geometry": {"type": "LineString", "coordinates": [[-72.4321577867636, 42.450261230726205], [-72.43198926806757, 42.450023728918254], [-72.43195237368778, 42.44994979036611], [-72.43194730877907, 42.44984907912752], [-72.43198815285534, 42.44970557904028], [-72.43204759842166, 42.44960964678713], [-72.43210751331365, 42.449545531366255], [-72.43219283736529, 42.44950507304941], [-72.43259545912312, 42.449374547026316], [-72.43290197647461, 42.449281919804825], [-72.43328264810597, 42.449119757479174], [-72.43366878105385, 42.4489641750044], [-72.43383462835996, 42.44892173556084], [-72.43394850502915, 42.448875738854035], [-72.43401081777401, 42.44885269777194]]}}, {"type": "Feature", "properties": {"seg_id": "S003", "name": "service/driveway?", "source": "massdot", "named_in_massdot": false, "jurisdiction": "unaccepted/private", "surface": "unimproved/other", "category": "driveway", "required": false, "length_mi": 0.352}, "geometry": {"type": "LineString", "coordinates": [[-72.45212606530907, 42.44363973664706], [-72.45207010705207, 42.44365471239919], [-72.45194148866501, 42.443692020624965], [-72.45190038003015, 42.44370394481049], [-72.45173076088523, 42.443753738775236], [-72.45156064564418, 42.443802411190795], [-72.4513905277582, 42.443850521576586], [-72.45122109499424, 42.44390031324245], [-72.45105215169318, 42.443951225109345], [-72.45088312067656, 42.44400214195134], [-72.45071388759828, 42.444052493011135], [-72.45054474785229, 42.444102843949324], [-72.45037726300113, 42.444155991766706], [-72.45021017286261, 42.44421026597767], [-72.45004317480269, 42.444263972884514], [-72.44987335097554, 42.444313203073], [-72.44970294478738, 42.444361312415566], [-72.44953233665471, 42.44440886227132], [-72.4493627137371, 42.44445865183932], [-72.44919298245898, 42.444507881150834], [-72.44909408525446, 42.44453683293631], [-72.44902325698003, 42.44455710926129], [-72.44885352515934, 42.44460633717108], [-72.44868370677747, 42.44465556554104], [-72.44851397442766, 42.444704792949175], [-72.44834444351578, 42.44475458114307], [-72.44817491233678, 42.44480436908678], [-72.44800703476643, 42.44485695485241], [-72.44783985444066, 42.44491122632522], [-72.44767197629406, 42.44496381070077], [-72.44750380996932, 42.44501584080447], [-72.4473350527311, 42.44506674562421], [-72.44716375797017, 42.445113172185934], [-72.44699236086545, 42.44515903213293], [-72.4468271050526, 42.445215536181216], [-72.44671623654862, 42.44525696096602], [-72.44661734760399, 42.445306165835106], [-72.44652616715041, 42.44536262232582], [-72.44639577407581, 42.44545766621218], [-72.44626997105162, 42.445554920317775], [-72.44614657758203, 42.44565440527308], [-72.44606426869363, 42.445738926060486], [-72.44599996346074, 42.445820481809264]]}}, {"type": "Feature", "properties": {"seg_id": "S004", "name": "service/driveway", "source": "massdot", "named_in_massdot": false, "jurisdiction": "unaccepted/private", "surface": "unimproved/other", "category": "driveway", "required": false, "length_mi": 0.098}, "geometry": {"type": "LineString", "coordinates": [[-72.43880910545528, 42.502890774643454], [-72.43873192785018, 42.50285313948335], [-72.43863335332473, 42.50285281774274], [-72.43856780281487, 42.5028556004556], [-72.43845534230321, 42.50284188530656], [-72.43836647883741, 42.502817288675885], [-72.4382584144997, 42.50276077503317], [-72.43819352334245, 42.50270559706684], [-72.43808941472037, 42.50262091395121], [-72.4379764301839, 42.50255937859364], [-72.43782852272072, 42.502495306622784], [-72.43769521149456, 42.502441246816495], [-72.43755170988315, 42.502385583478585], [-72.43733390915897, 42.50229395123065], [-72.43715619245457, 42.50225150476054]]}}, {"type": "Feature", "properties": {"seg_id": "S005", "name": "(unidentified)", "source": "massdot", "named_in_massdot": false, "jurisdiction": "unaccepted/private", "surface": "unimproved/other", "category": "other", "required": false, "length_mi": 0.12}, "geometry": {"type": "LineString", "coordinates": [[-72.43830642775872, 42.497270156031234], [-72.43816473380382, 42.49729892984742], [-72.43798494814236, 42.497324294338746], [-72.43756699105094, 42.497359034495666], [-72.43705068437426, 42.497392979221274], [-72.43678169260063, 42.49745359634077], [-72.43645717624118, 42.49749713418017], [-72.43600004050433, 42.49754725621145]]}}, {"type": "Feature", "properties": {"seg_id": "S006", "name": "service/driveway", "source": "massdot", "named_in_massdot": false, "jurisdiction": "unaccepted/private", "surface": "unimproved/other", "category": "driveway", "required": false, "length_mi": 0.073}, "geometry": {"type": "LineString", "coordinates": [[-72.43600004050433, 42.49754725621145], [-72.43595538890027, 42.49753580414449], [-72.43589747265263, 42.49755315510634], [-72.43549414871285, 42.49769147472103], [-72.43513494143605, 42.497811988925044], [-72.43487334312678, 42.49790020335257], [-72.43469774045776, 42.49796127525489]]}}, {"type": "Feature", "properties": {"seg_id": "S007", "name": "service/driveway", "source": "massdot", "named_in_massdot": false, "jurisdiction": "unaccepted/private", "surface": "unimproved/other", "category": "driveway", "required": false, "length_mi": 0.015}, "geometry": {"type": "LineString", "coordinates": [[-72.43600004050433, 42.49754725621145], [-72.4360605068167, 42.49758052559542], [-72.43612430298202, 42.497632902029025], [-72.43619157310408, 42.49771450643525]]}}, {"type": "Feature", "properties": {"seg_id": "S008", "name": "service/driveway", "source": "massdot", "named_in_massdot": false, "jurisdiction": "unaccepted/private", "surface": "unimproved/other", "category": "driveway", "required": false, "length_mi": 0.371}, "geometry": {"type": "LineString", "coordinates": [[-72.43825004965416, 42.49350854798699], [-72.43806506471073, 42.49359614621214], [-72.43789913564987, 42.49362900726156], [-72.43771484226062, 42.49364119707019], [-72.43762987582555, 42.4936604553057], [-72.4375205153792, 42.493694542746695], [-72.4374249239919, 42.49376002961013], [-72.43736013080532, 42.49384496184681], [-72.43729528786405, 42.493971532578826], [-72.4372271953889, 42.49410319119835], [-72.43715870343976, 42.49423991902563], [-72.43709684651677, 42.49436871520365], [-72.43707190770287, 42.49444938257465], [-72.4370681139212, 42.4945332568577], [-72.43708209599171, 42.49461079072461], [-72.43710586596609, 42.494707380048666], [-72.43716685909487, 42.49493646231006], [-72.4371829437941, 42.495008355767865], [-72.4371833059744, 42.495064621766254], [-72.4371484233775, 42.49514762345307], [-72.43704050371699, 42.4952919831073], [-72.43690541175084, 42.49543038115712], [-72.43675789629289, 42.49557112536924], [-72.43658665856951, 42.49576551853856], [-72.43649221365587, 42.495876573973334], [-72.43642075484382, 42.49591598103766], [-72.43623192071158, 42.49598109899116], [-72.43597562255917, 42.496086716348636], [-72.43574160726665, 42.496220283075], [-72.43546774529612, 42.49634630048611], [-72.4352814349043, 42.49640914291559], [-72.43514570145615, 42.496517719695724], [-72.43490385557854, 42.496623217362114], [-72.43465511235794, 42.496745087524964], [-72.4344309641449, 42.496865066073916], [-72.43414111565242, 42.496996270473254], [-72.43378105182053, 42.49713592605782]]}}, {"type": "Feature", "properties": {"seg_id": "S009", "name": "SOUTH LAUREL DRIVE", "source": "massdot", "named_in_massdot": true, "jurisdiction": "unaccepted/private", "surface": "unimproved/other", "category": "road", "required": true, "length_mi": 0.014}, "geometry": {"type": "LineString", "coordinates": [[-72.42325856803097, 42.49932514816049], [-72.42322479127311, 42.49933610887764], [-72.42319140956775, 42.49934762820804], [-72.42312985675541, 42.49937006692192], [-72.4230690773084, 42.4993930620968], [-72.42300820749512, 42.4994166197502]]}}, {"type": "Feature", "properties": {"seg_id": "S010", "name": "service/driveway", "source": "massdot", "named_in_massdot": false, "jurisdiction": "unaccepted/private", "surface": "unimproved/other", "category": "driveway", "required": false, "length_mi": 0.462}, "geometry": {"type": "LineString", "coordinates": [[-72.4293751934263, 42.465742435323094], [-72.42925307081396, 42.46588746992758], [-72.42906689641127, 42.465947494324325], [-72.42892336933092, 42.465974534734926], [-72.42885751495972, 42.46604427428495], [-72.42884433821091, 42.466097837270375], [-72.42881324659608, 42.4663091005493], [-72.42880153847172, 42.46656578296278], [-72.42875620853938, 42.46673945516121], [-72.42870194184486, 42.466944714682505], [-72.4287008530113, 42.46714841649799], [-72.428703902391, 42.467310450170984], [-72.4286543689309, 42.46754042546157], [-72.42862737792242, 42.46780454596992], [-72.42859521239274, 42.468078835730836], [-72.42856305912355, 42.468366630888035], [-72.42852953554535, 42.46849013349206], [-72.4285003227209, 42.46870700562217], [-72.4284781803881, 42.469003723101785], [-72.42843598392297, 42.46947447507223], [-72.42839446674232, 42.46968750472405], [-72.42834573971051, 42.4700952867408], [-72.42831052346274, 42.47037522864862], [-72.42824906100434, 42.47073134816436], [-72.42822542435334, 42.47111416578751], [-72.42820158908215, 42.471367008457094], [-72.4281446639044, 42.47169551663938], [-72.42811449688527, 42.472015369725], [-72.42808942861528, 42.47218437841051]]}}, {"type": "Feature", "properties": {"seg_id": "S011", "name": "track", "source": "massdot", "named_in_massdot": false, "jurisdiction": "unaccepted/private", "surface": "unimproved/other", "category": "trail/track", "required": false, "length_mi": 0.155}, "geometry": {"type": "LineString", "coordinates": [[-72.42808942861528, 42.47218437841051], [-72.42806989067398, 42.472316203953916], [-72.4280251798213, 42.472706510621016], [-72.42801162383796, 42.47280565721395], [-72.42794334033346, 42.473240603627914], [-72.42787532087986, 42.473726189189385], [-72.42783282135153, 42.47405401811853], [-72.42780781009938, 42.47442109549874]]}}, {"type": "Feature", "properties": {"seg_id": "S012", "name": "track", "source": "massdot", "named_in_massdot": false, "jurisdiction": "unaccepted/private", "surface": "unimproved/other", "category": "trail/track", "required": false, "length_mi": 0.853}, "geometry": {"type": "LineString", "coordinates": [[-72.42780781009938, 42.47442109549874], [-72.4277150086854, 42.4751730371315], [-72.42766355593629, 42.47543454213887], [-72.42762660957429, 42.475972209173385], [-72.42756279937421, 42.47638911461557], [-72.427557370158, 42.47642685955255], [-72.42748108268553, 42.47696428129914], [-72.42739293203742, 42.47749673237213], [-72.42732976554541, 42.47783429194739], [-72.42732264989029, 42.47830757163579], [-72.4273235892137, 42.478377901374614], [-72.42730292055639, 42.47852324203693], [-72.42727349561663, 42.47871310665629], [-72.42722468882008, 42.47894814071425], [-72.42721717681013, 42.47920028856481], [-72.42717891682155, 42.479435237698254], [-72.42712649909741, 42.47974795207311], [-72.42708001901913, 42.479993099312566], [-72.42705172999977, 42.480215023532054], [-72.42705130487599, 42.48041253325127], [-72.4270210538692, 42.48064291808559], [-72.42697874737715, 42.48086158067275], [-72.42694394815005, 42.48112576349034], [-72.42692670866904, 42.48146576916933], [-72.42689061558467, 42.48175809416475], [-72.42685250371414, 42.48200373474209], [-72.42680898542103, 42.48231469087958], [-72.4267622884534, 42.482693756288505], [-72.42673392077002, 42.48300121163941], [-72.4266865313606, 42.48332007643794], [-72.42664849047421, 42.483576969169995], [-72.42660537949376, 42.483851344238694], [-72.42657397472394, 42.484068232532884], [-72.42654666722113, 42.484325038868505], [-72.42652597765253, 42.484540152892315], [-72.42649132116193, 42.48479476840733], [-72.42642420828047, 42.485065401051116], [-72.42637433355615, 42.48531226117283], [-72.4263344253262, 42.485591109969775], [-72.42629281419846, 42.48583790358876], [-72.42624768996963, 42.48601382557402], [-72.42613612661198, 42.48616946467762], [-72.42594524767901, 42.48632742456408], [-72.42576275999082, 42.48642286083354], [-72.42561392161379, 42.48651858922499]]}}, {"type": "Feature", "properties": {"seg_id": "S013", "name": "service/driveway", "source": "massdot", "named_in_massdot": false, "jurisdiction": "unaccepted/private", "surface": "unimproved/other", "category": "driveway", "required": false, "length_mi": 0.181}, "geometry": {"type": "LineString", "coordinates": [[-72.42991200156297, 42.47005564770095], [-72.42975784604836, 42.47013566973928], [-72.4295664802084, 42.47021824077682], [-72.42939714454997, 42.470300071980844], [-72.42933739004022, 42.47032587427342], [-72.42928017849518, 42.47035053153808], [-72.4291576075965, 42.470472498121026], [-72.42902957684575, 42.47059113513999], [-72.4288822496612, 42.4707420001567], [-72.4287722286736, 42.47087736703604], [-72.42869551298682, 42.47096464098653], [-72.4286989775694, 42.47109684846152], [-72.42867851964876, 42.471263004004534], [-72.42856743635681, 42.471449028730085], [-72.42843612422368, 42.47166784800045], [-72.42831556827703, 42.47186238466935], [-72.42821238956307, 42.472050028890386], [-72.42816084408427, 42.47213034644608], [-72.42808942861528, 42.47218437841051]]}}, {"type": "Feature", "properties": {"seg_id": "S014", "name": "track", "source": "massdot", "named_in_massdot": false, "jurisdiction": "unaccepted/private", "surface": "unimproved/other", "category": "trail/track", "required": false, "length_mi": 0.194}, "geometry": {"type": "LineString", "coordinates": [[-72.43136158030205, 42.47355760664423], [-72.43102205167689, 42.47370249584058], [-72.43076892537097, 42.47379175919404], [-72.43042116806464, 42.47391329157124], [-72.43012662857322, 42.474061410590934], [-72.42990027297544, 42.47414932599904], [-72.429729120961, 42.47420528925634], [-72.42953680049526, 42.47424285600761], [-72.42915279021827, 42.4742965939597], [-72.42871915122475, 42.47434172850898], [-72.42814904225129, 42.47439133972049], [-72.42780781009938, 42.47442109549874]]}}, {"type": "Feature", "properties": {"seg_id": "S015", "name": "track", "source": "massdot", "named_in_massdot": false, "jurisdiction": "unaccepted/private", "surface": "unimproved/other", "category": "trail/track", "required": false, "length_mi": 0.557}, "geometry": {"type": "LineString", "coordinates": [[-72.42780781009938, 42.47442109549874], [-72.42735699162861, 42.47448043144063], [-72.42702324060994, 42.47454051092627], [-72.42666041077861, 42.47456200209281], [-72.4262280282562, 42.47459586059504], [-72.42581873932751, 42.47462334589817], [-72.42542607655871, 42.47465126249589], [-72.42522785104804, 42.47467535854877], [-72.42484278760323, 42.474683516123626], [-72.4244759556452, 42.47474948245134], [-72.4240381889288, 42.474824455994465], [-72.42366681282238, 42.474852754047845], [-72.42331874272261, 42.47487636530487], [-72.42289826437553, 42.47492530944692], [-72.42254069966232, 42.47497543909218], [-72.42221768858852, 42.47504273448479], [-72.42191554502841, 42.47506878553182], [-72.42160720692458, 42.47508081715228], [-72.42131497907194, 42.47507640558067], [-72.42100801499896, 42.47504565737617], [-72.4207998985225, 42.47500399538129], [-72.42048861669564, 42.47491194966499], [-72.4200864135484, 42.474780678145244], [-72.41979431601638, 42.4746811668792], [-72.41947618105984, 42.47457454228332], [-72.41907512480938, 42.47445676449176], [-72.41868653209868, 42.47430062113456], [-72.4185056258397, 42.474195716642726], [-72.41833693186338, 42.47412728585438], [-72.41812491164927, 42.474071581992256], [-72.41795620345623, 42.47403466236805], [-72.4177749633662, 42.4740181010062], [-72.41752099421221, 42.47403137580085], [-72.41729960185017, 42.474062963083036]]}}, {"type": "Feature", "properties": {"seg_id": "S016", "name": "LADYSLIPPER LANE", "source": "massdot", "named_in_massdot": true, "jurisdiction": "unaccepted/private", "surface": "unimproved/other", "category": "road", "required": true, "length_mi": 0.118}, "geometry": {"type": "LineString", "coordinates": [[-72.42247838314768, 42.479798437411816], [-72.42107981048704, 42.479978731703795], [-72.42058138832003, 42.479917576894906], [-72.42023613313637, 42.47979876209039]]}}, {"type": "Feature", "properties": {"seg_id": "S017", "name": "LADYSLIPPER LANE", "source": "massdot", "named_in_massdot": true, "jurisdiction": "unaccepted/private", "surface": "unimproved/other", "category": "road", "required": true, "length_mi": 0.049}, "geometry": {"type": "LineString", "coordinates": [[-72.42023613313637, 42.47979876209039], [-72.42033390335871, 42.479778773218364], [-72.42055686590938, 42.47972972615135], [-72.42073142817188, 42.47969119654103], [-72.42085560271887, 42.479670507366194], [-72.42099188586629, 42.47965253832807], [-72.42116184095342, 42.47965680756762]]}}, {"type": "Feature", "properties": {"seg_id": "S018", "name": "service/driveway", "source": "massdot", "named_in_massdot": false, "jurisdiction": "unaccepted/private", "surface": "unimproved/other", "category": "driveway", "required": false, "length_mi": 0.117}, "geometry": {"type": "LineString", "coordinates": [[-72.42333312797976, 42.48446899846911], [-72.42283780835587, 42.48470704434068], [-72.42254618556602, 42.48483823896605], [-72.42239992514179, 42.484941815755256], [-72.42234634776939, 42.48504071892764], [-72.42226179183903, 42.4851719379229], [-72.42217996609794, 42.48524968307053], [-72.42204087516352, 42.485297495717646], [-72.42187336368791, 42.48531234136333], [-72.42172161019478, 42.485319183968734], [-72.42150736626901, 42.48532258457806]]}}, {"type": "Feature", "properties": {"seg_id": "S019", "name": "Big Loop", "source": "massdot", "named_in_massdot": false, "jurisdiction": "unaccepted/private", "surface": "unimproved/other", "category": "trail/track", "required": false, "length_mi": 0.868}, "geometry": {"type": "LineString", "coordinates": [[-72.42133602042865, 42.49559696815903], [-72.42125379697003, 42.49555711276298], [-72.42120104278732, 42.49553727494739], [-72.4210972282457, 42.49547677524682], [-72.42100996512472, 42.49541726226529], [-72.42088842960213, 42.49530850829769], [-72.42079526257014, 42.49522203509241], [-72.42071761751284, 42.49515738445633], [-72.42062533663723, 42.49509285067664], [-72.42055746777127, 42.49504668875393], [-72.4204918273183, 42.495016264264756], [-72.42040929131706, 42.495000605460454], [-72.42034027604808, 42.494993278954325], [-72.42024699806329, 42.494990649441704], [-72.42009419826785, 42.49498624158843], [-72.41995070216248, 42.49497444792623], [-72.41978077011349, 42.49498142836846], [-72.4196265775087, 42.494992223591886], [-72.41943205697216, 42.49500109047653], [-72.4192860037228, 42.49498987907513], [-72.4190940700542, 42.49495483327979], [-72.41886847549985, 42.494931311097616], [-72.41873795922056, 42.494910405833956], [-72.41862234059181, 42.49488094586309], [-72.41850950870851, 42.49485370891879], [-72.4184029949407, 42.49485568220106], [-72.41827928165904, 42.49487129873743], [-72.41806398133775, 42.494915213735396], [-72.41786211148475, 42.49495452346807], [-72.41771571429173, 42.49497200720854], [-72.41754590141491, 42.49501331007581], [-72.4173878022477, 42.495062959774], [-72.41721612164083, 42.495158857752166], [-72.4170250813533, 42.49530273978181], [-72.41677111820573, 42.49554446521248], [-72.41665060306444, 42.49568215601337], [-72.41656730229491, 42.49581673549912], [-72.41650704485942, 42.495934255547425], [-72.41644701352838, 42.49602194950697], [-72.41633913815738, 42.49611396083738], [-72.41624080099218, 42.49620139743651], [-72.41599689986977, 42.49639015111814], [-72.41561698862658, 42.49668407753829], [-72.41491784900384, 42.49723656086146], [-72.41391978838192, 42.49802605279268], [-72.41339993047849, 42.49844375061759], [-72.41331341047747, 42.49852095898577], [-72.41326836326724, 42.498560704930384], [-72.41324060292152, 42.49861944255323], [-72.41319640634212, 42.49871151343575], [-72.41313031803827, 42.49891966858264], [-72.41306772403851, 42.4991463637698], [-72.41296965733626, 42.499417231273966], [-72.41287982063884, 42.49964639104781], [-72.41284159114224, 42.49981606620422], [-72.41283221544353, 42.4998577783918], [-72.41278522651763, 42.500065782899185], [-72.41275583495371, 42.500202185886415], [-72.41272659288143, 42.50032958468617], [-72.41267345442797, 42.50042115892887], [-72.4126007066706, 42.50053089798158], [-72.41246758530828, 42.50066530596544], [-72.4124156999555, 42.50070566745673], [-72.41236391511293, 42.500746589914655], [-72.41231125995829, 42.500786395663745], [-72.41223974071481, 42.50083591455985], [-72.41216667835914, 42.50088432114836], [-72.41209774293819, 42.500935512067585], [-72.4120283174571, 42.500998516040816], [-72.41196398165097, 42.50106542481066], [-72.41189897086413, 42.501131772594334], [-72.41181938244198, 42.50120836221762], [-72.41173883405325, 42.501284964777874], [-72.41165732146293, 42.50136044502994], [-72.4115621544832, 42.50144447800665], [-72.41146555206379, 42.50152795596373], [-72.41137105205667, 42.501612545287124], [-72.41130477403252, 42.501676653790426], [-72.41123955142103, 42.50174131479591], [-72.41117193281616, 42.50180486662836], [-72.41109746655698, 42.50186791435963], [-72.41102030707233, 42.501928733480845], [-72.4109424758485, 42.50198955425566], [-72.41086462626245, 42.502048691562884], [-72.41078620347979, 42.50210782974338], [-72.41071047036061, 42.50216863287664], [-72.410642074244, 42.50223106965477], [-72.41057645460464, 42.50229460982992], [-72.41050931412994, 42.50235816197878], [-72.41046122424392, 42.5023984925705], [-72.41041265293705, 42.50243826425719], [-72.41036792876568, 42.502480818070275], [-72.4103378210844, 42.50251537792145], [-72.4103007766451, 42.502563498819605]]}}, {"type": "Feature", "properties": {"seg_id": "S020", "name": "service/driveway?", "source": "massdot", "named_in_massdot": false, "jurisdiction": "unaccepted/private", "surface": "unimproved/other", "category": "driveway", "required": false, "length_mi": 0.163}, "geometry": {"type": "LineString", "coordinates": [[-72.4103007766451, 42.502563498819605], [-72.41025519272384, 42.50261900296314], [-72.41022798481461, 42.50265072825306], [-72.41020364392894, 42.502682993583406], [-72.41017779498134, 42.502729901561594], [-72.41015681511035, 42.502777895559504], [-72.4101359418633, 42.50282645139722], [-72.41010789772832, 42.502885753088], [-72.41007986293515, 42.50294562188466], [-72.41005240791407, 42.503006043380324], [-72.4100099489764, 42.50310034809823], [-72.40996854428168, 42.50319520716092], [-72.40992817963888, 42.50329005799532], [-72.40988057300183, 42.503409724171206], [-72.40983487539995, 42.503530499726196], [-72.40978698127691, 42.503650167221814], [-72.40975086596292, 42.5037359769594], [-72.40971359527339, 42.50382123851679], [-72.4096739439662, 42.503905952558995], [-72.40962388581889, 42.504000879758664], [-72.409617946417, 42.50401105767855], [-72.40957076616321, 42.50409470571835], [-72.40951985487575, 42.50418963959754], [-72.40948060701896, 42.50427604113679], [-72.40944306589441, 42.50436242559331], [-72.4094000021722, 42.50444773273314], [-72.40936359934904, 42.50450766193456], [-72.4093244271564, 42.50456649389928], [-72.40928219953068, 42.504624220077396], [-72.40924202356953, 42.50466617484758], [-72.40920013457074, 42.50470814311431], [-72.4091691413521, 42.50476690960945]]}}, {"type": "Feature", "properties": {"seg_id": "S021", "name": "MOUNT MINERAL ROAD", "source": "massdot", "named_in_massdot": true, "jurisdiction": "unknown", "surface": "unknown", "category": "road", "required": false, "length_mi": 0.18}, "geometry": {"type": "LineString", "coordinates": [[-72.4103007766451, 42.502563498819605], [-72.41016548271779, 42.5026337794127], [-72.41003017915999, 42.50270349723297], [-72.40989159416762, 42.502769861974514], [-72.40984311909266, 42.50278993683073], [-72.40979434883029, 42.50280945581128], [-72.40974780316276, 42.50283120255691], [-72.40970530907437, 42.502857420599284], [-72.40966523515301, 42.50288643565871], [-72.40962515308574, 42.50291488808171], [-72.40957688983639, 42.50296309726663], [-72.40952853891994, 42.5030113071219], [-72.40948132988646, 42.50306007063239], [-72.40941713760358, 42.50313034748926], [-72.40935486172653, 42.50320173726284], [-72.40929429947337, 42.50327367706911], [-72.40925430844997, 42.50332182085523], [-72.40921499092858, 42.50337052109987], [-72.409177200977, 42.503419772867936], [-72.40912900007291, 42.50348486104613], [-72.40908365485393, 42.50355105655457], [-72.40904576670877, 42.50361943857818], [-72.40902556102682, 42.50366855071624], [-72.4090088769261, 42.503718197765274], [-72.40899496019355, 42.50376839017587], [-72.40898172173289, 42.50382588765328], [-72.40897199676645, 42.50388335742228], [-72.4089665586442, 42.5039413560718], [-72.40896551624738, 42.50398750545072], [-72.40896668991384, 42.504016194986384], [-72.40896741435941, 42.504033631641825], [-72.40897273835651, 42.504079727216265], [-72.40898102047665, 42.50412017890494], [-72.40899176981523, 42.50416060753582], [-72.40900441625693, 42.5042004585192], [-72.40902216787633, 42.50424476802941], [-72.40904189618132, 42.50428794197795], [-72.40905735376748, 42.504331707787294], [-72.40906387792097, 42.50437554764726], [-72.40906622300197, 42.504419416862675], [-72.40907132132446, 42.50446326886611], [-72.40908971196271, 42.50452557747593], [-72.409114072219, 42.504586719931815], [-72.40913653540798, 42.50464843912959], [-72.40914794152316, 42.50468773809009], [-72.40915858117629, 42.504727042194], [-72.4091691413521, 42.50476690960945]]}}, {"type": "Feature", "properties": {"seg_id": "S022", "name": "service/driveway?", "source": "massdot", "named_in_massdot": false, "jurisdiction": "unaccepted/private", "surface": "unimproved/other", "category": "driveway", "required": false, "length_mi": 0.343}, "geometry": {"type": "LineString", "coordinates": [[-72.40672303893174, 42.49845764293137], [-72.40671532515294, 42.498483023616636], [-72.40670751649475, 42.498508405947845], [-72.40670502752569, 42.49853374553053], [-72.40671199098847, 42.49856182688941], [-72.40672521733168, 42.49858929269158], [-72.40673995506553, 42.49861618841707], [-72.40675839465246, 42.49864924097096], [-72.40677882001938, 42.498681716112856], [-72.40679980907562, 42.49871362412959], [-72.40683787817399, 42.49877015507859], [-72.40687784551727, 42.4988261092929], [-72.4069194086328, 42.4988809264639], [-72.40695841094006, 42.49892957241559], [-72.40699864484671, 42.498977646876085], [-72.40703839829753, 42.49902572510331], [-72.40713545135273, 42.49915156671988], [-72.40722928262358, 42.499278558085344], [-72.4073231191381, 42.49940554933183], [-72.40738530705808, 42.49948664844811], [-72.40744750201065, 42.49956831016161], [-72.40750723331564, 42.49965055752612], [-72.4076138428659, 42.49981964856057], [-72.40770995758317, 42.49999276274818], [-72.40780522121148, 42.50016587995371], [-72.40788260232559, 42.50030538123861], [-72.40795941882718, 42.50044544510163], [-72.40803917085692, 42.50058436581404], [-72.40810232706485, 42.5006862781081], [-72.40816718697761, 42.50078760975503], [-72.40823099487399, 42.50088895505549], [-72.40830955266463, 42.50102394347724], [-72.40838621257124, 42.5011595094866], [-72.40846598842056, 42.50129336372544], [-72.40855267011483, 42.50142490912684], [-72.40864256963091, 42.5015553091243], [-72.40872915230881, 42.50168685607034], [-72.40880207843519, 42.50181344824624], [-72.40887216823755, 42.50194118811098], [-72.40895000866743, 42.50206605518186], [-72.40903273200799, 42.50217343591197], [-72.40912178956796, 42.50227852218049], [-72.40920762792265, 42.502384191956835], [-72.40927448865156, 42.502479321232165], [-72.40933908716508, 42.502575593686934], [-72.40940802580852, 42.50266958201837], [-72.40947803483704, 42.502752304535186], [-72.40962515308574, 42.50291488808171]]}}, {"type": "Feature", "properties": {"seg_id": "S023", "name": "MOUNT MINERAL ROAD", "source": "massdot", "named_in_massdot": true, "jurisdiction": "unaccepted/private", "surface": "unimproved/other", "category": "road", "required": false, "length_mi": 0.356}, "geometry": {"type": "LineString", "coordinates": [[-72.39431255509857, 42.49538105295124], [-72.39435260584865, 42.49550453586953], [-72.39444058449142, 42.495676595144275], [-72.3945084711857, 42.495772287648954], [-72.3945483506642, 42.49583668615885], [-72.39458979474213, 42.4958971364073], [-72.39465472837155, 42.49595233923273], [-72.39475884739758, 42.49602242945306], [-72.39489523202687, 42.496095644279116], [-72.39507035492306, 42.49617981364025], [-72.39522926277364, 42.496252853158495], [-72.39554701897463, 42.496328036233265], [-72.39589658804961, 42.49636076698426], [-72.39592579286528, 42.49636278981529], [-72.39599902240818, 42.496365599376055], [-72.39607242515712, 42.496367840355894], [-72.39614583284103, 42.496370085752154], [-72.3962282805915, 42.496372818992114], [-72.39631072105038, 42.49637555222981], [-72.39639291564049, 42.49638110345346], [-72.39644506066034, 42.4963852011832], [-72.39649711873105, 42.49638985775054], [-72.39654770857784, 42.49639846722071], [-72.39658988531335, 42.49640995734736], [-72.39663104179155, 42.496423705240815], [-72.39667126787461, 42.49643858573063], [-72.39684007633632, 42.49652617586306], [-72.39699075377983, 42.4966352916381], [-72.39714509511946, 42.49674099897877], [-72.3971935081984, 42.49677044540598], [-72.39724240054284, 42.496799883580564], [-72.39729343102009, 42.496825936173344], [-72.3973604995957, 42.49685017131675], [-72.39743093288243, 42.496870439617815], [-72.39750033490748, 42.49689184578061], [-72.39756743562297, 42.49691833039917], [-72.39763349222216, 42.49694539029836], [-72.39770003538547, 42.49697244096849], [-72.39777360374606, 42.496999442281464], [-72.39784754363833, 42.497025873465745], [-72.39792045958927, 42.497053442454096], [-72.3979929523114, 42.49708495079762], [-72.39806423561514, 42.497118155678116], [-72.39813683014427, 42.497150224924525], [-72.39820473734609, 42.49717332857252], [-72.39827358108829, 42.49719530040939], [-72.39833594886491, 42.497223508628515], [-72.39838886105309, 42.497261359785774], [-72.39843530223543, 42.49730545271062], [-72.39847739856458, 42.49735182302927], [-72.39850985392984, 42.49739489957422], [-72.39853910119554, 42.497439688278384], [-72.39857145005286, 42.497482199348454], [-72.39862332129317, 42.49753355938422], [-72.39868066641816, 42.497582632273414], [-72.3987391353938, 42.497630567397046], [-72.39880400407662, 42.497686892880395], [-72.39887008913975, 42.497742083468566], [-72.39894180816293, 42.497792726787175], [-72.39899567311652, 42.497824379786145], [-72.39905235872011, 42.49785376091349], [-72.39911110583796, 42.497880872485645], [-72.399167661383, 42.49790068980428], [-72.39922589351526, 42.497918803255246], [-72.3992823573953, 42.4979391839194], [-72.39934446137163, 42.497968518127095], [-72.3994042334072, 42.49800068753106], [-72.39946258857621, 42.49803399693494], [-72.39949795634041, 42.49805453671979], [-72.39953275247107, 42.49807508725717], [-72.39956613770276, 42.49809677236771], [-72.39960543413298, 42.49812628443872], [-72.39964237526846, 42.49815750654024], [-72.39967715254102, 42.49818987089291], [-72.39969850801297, 42.49821446239551]]}}, {"type": "Feature", "properties": {"seg_id": "S024", "name": "track", "source": "massdot", "named_in_massdot": false, "jurisdiction": "unaccepted/private", "surface": "unimproved/other", "category": "trail/track", "required": false, "length_mi": 0.797}, "geometry": {"type": "LineString", "coordinates": [[-72.39969850801297, 42.49821446239551], [-72.39973521411949, 42.49825581825644], [-72.39978553905003, 42.49832575758886], [-72.3998345381846, 42.498395711750774], [-72.39990146428288, 42.49848972143732], [-72.39996621571142, 42.49858487253643], [-72.40002973867705, 42.498680033190865], [-72.40009892935376, 42.49878640147344], [-72.40016651406017, 42.49889334944332], [-72.40023495291396, 42.49900028619958], [-72.40029104903577, 42.49908818979117], [-72.40034770904434, 42.49917552626375], [-72.40040891384479, 42.49926170273255], [-72.40046821013799, 42.499333825122896], [-72.40053100381007, 42.499404796586155], [-72.40059379882696, 42.499475767104165], [-72.40065685039738, 42.49955123527176], [-72.40071980849855, 42.49962670773613], [-72.40078652767944, 42.499699897327275], [-72.4009426705853, 42.49984441176977], [-72.4011153006502, 42.499978669657494], [-72.40129996690109, 42.500103831094094], [-72.40138777888075, 42.500156038715616], [-72.40147812446872, 42.50020597300993], [-72.40156687637273, 42.50025761045856], [-72.40165284601747, 42.50031376839162], [-72.40173712584587, 42.500371627539046], [-72.4018227162411, 42.50042778831302], [-72.40189713548956, 42.50047390988455], [-72.40197248767075, 42.50051889963596], [-72.40204813063275, 42.500563881661016], [-72.40211925480617, 42.50060553008884], [-72.40219047146559, 42.500647173247714], [-72.4022615101197, 42.500689379541974], [-72.40234384089642, 42.50073712605535], [-72.40242599248317, 42.500785435698994], [-72.40250428669755, 42.50083659251872], [-72.40258502049163, 42.500898981203505], [-72.40266114945948, 42.50096478110939], [-72.4027361547717, 42.501031714237236], [-72.4027940663485, 42.50108021796178], [-72.40285132420063, 42.501129284962396], [-72.40290397030793, 42.50118119968931], [-72.40295097738404, 42.50123822994348], [-72.40299281255346, 42.50129866960908], [-72.40303359358914, 42.50135855933303], [-72.40308967960348, 42.501445336261426], [-72.4031433053963, 42.501532691523096], [-72.40319815813514, 42.5016194780601], [-72.40326344541752, 42.50171800190993], [-72.40333043040695, 42.5018159461299], [-72.40340129171956, 42.50191217187156], [-72.40349194438431, 42.5020228740778], [-72.40358807251054, 42.50213128254575], [-72.40368628535767, 42.50223910920211], [-72.40378863137008, 42.50234971859769], [-72.40389324345726, 42.50245974834653], [-72.40400219405453, 42.50256693144555], [-72.40408797980527, 42.50264334390497], [-72.4041761200551, 42.502718055175805], [-72.40426039963806, 42.50279504110722], [-72.40432842741686, 42.50286596943607], [-72.40439372640152, 42.502938605391826], [-72.40445873848911, 42.50301124806295], [-72.40453140507313, 42.503087201345366], [-72.40460378477094, 42.5031631604344], [-72.40466755992118, 42.50324199863787], [-72.4047111725945, 42.503313680139044], [-72.40474863859029, 42.503387659711535], [-72.40478487226076, 42.50346164804358], [-72.40482157928093, 42.50353563354822], [-72.40485723896998, 42.50360963176324], [-72.4048920458362, 42.503683631259456], [-72.4049248781279, 42.503759334303105], [-72.40495705679159, 42.50383560875499], [-72.40499433921858, 42.50391015146865], [-72.40503808165569, 42.50397733303554], [-72.40508618241535, 42.50404391317743], [-72.40508860245932, 42.5040467103056], [-72.40513399540276, 42.504109933773066], [-72.40517320938581, 42.5041732093442], [-72.40521214241288, 42.50423648710785], [-72.40525795247262, 42.504295774751476], [-72.40530797484837, 42.50434377287818], [-72.40536338255922, 42.50438947884317], [-72.4054207673959, 42.50443347759349], [-72.4055061509208, 42.50449470323787], [-72.40559576738076, 42.50455251764954], [-72.4056882817522, 42.50460749669476], [-72.40580647116073, 42.50466902704458], [-72.40592906431517, 42.50472658116374], [-72.40604978772824, 42.504785842408474], [-72.40615479521756, 42.504843534512425], [-72.40625822325656, 42.504903493283], [-72.40636173504215, 42.50496232233014], [-72.40644923853671, 42.505012278696924], [-72.40653683501534, 42.505061667979525], [-72.406626300451, 42.50510935533961], [-72.40673809758074, 42.50516249472963], [-72.40685269202216, 42.50521223319021], [-72.4069683179948, 42.50526083895036], [-72.40711802816472, 42.50531987101296], [-72.40726932431573, 42.50537663605559], [-72.40741743874415, 42.5054373665479], [-72.40753036086396, 42.50548936734627], [-72.40764140912512, 42.505543636233035], [-72.40775002584488, 42.5056007366898], [-72.40784548020801, 42.50565456639237], [-72.40793897547928, 42.5057106612896], [-72.40803236992352, 42.50576675600543], [-72.4082207819539, 42.50587950051059], [-72.40840929434358, 42.50599223851712], [-72.40859948197048, 42.50610271407065], [-72.40877830260807, 42.506202589697004], [-72.40895871190854, 42.50630019817688], [-72.40913781593484, 42.506400071014625], [-72.40924842181785, 42.506462782138456], [-72.40935864913538, 42.50652605882891], [-72.40946748237802, 42.506591033570025], [-72.40953354519252, 42.506630463035386], [-72.40959905045847, 42.50667045954826], [-72.40966202109675, 42.50671272496755], [-72.40969408904293, 42.50673498023866]]}}, {"type": "Feature", "properties": {"seg_id": "S025", "name": "track", "source": "massdot", "named_in_massdot": false, "jurisdiction": "unaccepted/private", "surface": "unimproved/other", "category": "trail/track", "required": false, "length_mi": 0.628}, "geometry": {"type": "LineString", "coordinates": [[-72.40405306572795, 42.495958904653115], [-72.40404852111895, 42.49591392354441], [-72.40404387728971, 42.495868385027876], [-72.40404304526132, 42.495823374797205], [-72.40404904900592, 42.49577155870384], [-72.40405998954434, 42.495719144799644], [-72.4040726508116, 42.49566727648187], [-72.40408804574157, 42.49560751270172], [-72.40410572023646, 42.49554773103662], [-72.40412530884014, 42.49548849253778], [-72.40413842332933, 42.49545519202608], [-72.40415219634907, 42.49542132365945], [-72.40416312367051, 42.49538804030194], [-72.40416997425993, 42.495355350711655], [-72.4041742594086, 42.49532268214681], [-72.40417644294469, 42.49528946197985], [-72.40417680527251, 42.495255137027996], [-72.40417487874184, 42.4952202673449], [-72.40416992156497, 42.49518597872212], [-72.40416434118909, 42.495161264269115], [-72.40415715103249, 42.49513712513136], [-72.40414806570587, 42.49511300176055], [-72.40413399730647, 42.49508666673134], [-72.4041174793476, 42.495061476290175], [-72.40410105308959, 42.49503572244013], [-72.4040740130636, 42.49499260494357], [-72.40404736072064, 42.49495005158813], [-72.40402439866443, 42.494906339405006], [-72.40400950872632, 42.49486875976281], [-72.40399716926885, 42.49483003023806], [-72.4039859776676, 42.49479185439569], [-72.40397741796666, 42.494745217602315], [-72.40397047732803, 42.49469856810909], [-72.40395425854021, 42.49465424573512], [-72.4039417057701, 42.494634085650816], [-72.40392698008594, 42.49461450889554], [-72.40390971436857, 42.494596639220354], [-72.40387966322739, 42.49457549189006], [-72.40384462892752, 42.49455832424169], [-72.40380883675695, 42.49454115802441], [-72.40377060077523, 42.494525706223286], [-72.40373170941194, 42.49451138132166], [-72.40370103004125, 42.49449248691886], [-72.40368271914029, 42.49446168270075], [-72.40367469231037, 42.49442573546138], [-72.4036677188491, 42.4943897763608], [-72.40365762582344, 42.494348779335205], [-72.40364904650889, 42.49430720955345], [-72.40363990717205, 42.49426620504812], [-72.4036311051929, 42.49422913490625], [-72.4036219286482, 42.49419207310194], [-72.40361217911006, 42.494155010387246], [-72.40360425715804, 42.49411287185913], [-72.40359566977918, 42.494070734045565], [-72.4035753785288, 42.494034321163554], [-72.40354482922206, 42.4940114904901], [-72.40350634503483, 42.493992099937074], [-72.40346766861529, 42.49397270637672], [-72.40340319731172, 42.4939372024722], [-72.40333826209176, 42.49390225945342], [-72.40327445143811, 42.493866750299276], [-72.40322700140071, 42.49383842242532], [-72.40318020070102, 42.493808965869626], [-72.40313396816747, 42.49377950934427], [-72.40309066244473, 42.49374833730357], [-72.40304791753678, 42.493717161752706], [-72.40300161553883, 42.49368938837863], [-72.40296125583649, 42.49367169950083], [-72.40291874247258, 42.493656277329976], [-72.40287539251862, 42.49364198617142], [-72.40283042356191, 42.493627707679224], [-72.40278452516392, 42.49361512811283], [-72.40273781431067, 42.493605367427726], [-72.40268518995525, 42.49360071362375], [-72.40263138171127, 42.49359944789183], [-72.40257759029329, 42.49359986916434], [-72.40251165951557, 42.49360150994717], [-72.40244594578901, 42.4936053988411], [-72.4023806462142, 42.49361153790444], [-72.4023284103009, 42.493620949876146], [-72.40227647628407, 42.49363148303426], [-72.4022240461883, 42.49364033379142], [-72.40216776783427, 42.493645840325726], [-72.40211107165781, 42.493649095753106], [-72.40205469678855, 42.493647849841494], [-72.40201385696867, 42.49364310889697], [-72.40197336323101, 42.49363610997948], [-72.40193277901356, 42.49362967444305], [-72.4018893645167, 42.493624386414666], [-72.4018457719443, 42.49361966155028], [-72.40180202498433, 42.49361775401401], [-72.40178587003655, 42.49361788041932], [-72.40176982482687, 42.49361913133798], [-72.40175377034959, 42.49361981873954], [-72.40173239780376, 42.493620548647954], [-72.40171121258227, 42.49362127708678], [-72.40169014201415, 42.49362313360017], [-72.40161619406513, 42.49363608853533], [-72.40154483158501, 42.493656905319334], [-72.40147600503187, 42.493682201919356], [-72.40143980281256, 42.49369655315744], [-72.40140438417977, 42.493712022729326], [-72.4013702279253, 42.4937291704785], [-72.40132821768482, 42.4937559435194], [-72.4012889139739, 42.4937855124156], [-72.40124661586933, 42.493811725890204], [-72.40120715017342, 42.49383003958218], [-72.40116594888245, 42.493846678770005], [-72.4011235757128, 42.4938610790582], [-72.40106078424913, 42.49387676253941], [-72.40099595086166, 42.49388908402624], [-72.40093180014887, 42.49390252911518], [-72.4008853007949, 42.493914144532944], [-72.40083910460505, 42.49392688653748], [-72.40079339763527, 42.49394075007362], [-72.40074011772451, 42.49395691722295], [-72.40068762710393, 42.49397477434285], [-72.40063995622145, 42.49399765075532], [-72.4006198919104, 42.494010188460415], [-72.40060070435983, 42.49402440647148], [-72.40058342485045, 42.494039172256734], [-72.40055357343783, 42.49407822731201], [-72.40053271105846, 42.49412171992083], [-72.40051232906669, 42.494165204270125], [-72.40048032766057, 42.4942273507694], [-72.40044910858121, 42.49429061651998], [-72.40041281088918, 42.49435110490138], [-72.4003683820141, 42.494408286972266], [-72.40031890144998, 42.494463813223604], [-72.40026854796874, 42.49451878808534], [-72.40022435195016, 42.49456527452578], [-72.40017948126015, 42.494611204431095], [-72.4001388190196, 42.49465878770967], [-72.40010634657932, 42.494707994172856], [-72.40007770311159, 42.49475885878397], [-72.4000479129944, 42.4948091687543], [-72.40000813654281, 42.4948589958124], [-72.39996711252519, 42.49490827351174], [-72.39994277104852, 42.4949607907525], [-72.39994065223496, 42.49498556551598], [-72.39994188001523, 42.495011438621354], [-72.39994423476169, 42.49503674474152], [-72.39995146887651, 42.49509070258513], [-72.39996307003408, 42.495144630829245], [-72.39997685520214, 42.49519798023113], [-72.4000082795892, 42.49528888830156], [-72.40004596923585, 42.49537918925044], [-72.40007740183566, 42.49547065992177], [-72.40008653278792, 42.495531360581296], [-72.40009329967104, 42.495592637886794], [-72.4001123657592, 42.49564988213209], [-72.40015456204104, 42.495696256480755], [-72.40020773239762, 42.49573917078149], [-72.40024510657042, 42.49578726901952], [-72.40025026004041, 42.49580185952086], [-72.40025427558854, 42.49581701709539], [-72.40025667940927, 42.49583219086003], [-72.40025679360014, 42.49586032700349], [-72.4002515894408, 42.49588849928613], [-72.40024112136052, 42.495914468239135], [-72.40022379153547, 42.4959387991246], [-72.40020083908563, 42.49596204944946], [-72.40017624339953, 42.495983620042], [-72.4001295580501, 42.496015495108374], [-72.40007778604885, 42.49604403645983], [-72.40002946542275, 42.496074795280386], [-72.39998665111143, 42.49611170603856], [-72.39994757411476, 42.496150837444574], [-72.39991031952131, 42.49619107908036], [-72.39986671558367, 42.49624600102802], [-72.3998263677208, 42.496302584696664], [-72.39978027376642, 42.49635583348749], [-72.39973818612839, 42.49639048952931], [-72.39969321495566, 42.49642291371652], [-72.39965180299873, 42.49645812173591], [-72.39958040936381, 42.49653745600153], [-72.39952424588932, 42.496624548968626], [-72.39949464977589, 42.49671537067542], [-72.39949454018758, 42.49676095093808], [-72.39950100447908, 42.496807599867346], [-72.39950489602246, 42.496854272475396], [-72.39950372656682, 42.49689198339721], [-72.39950103967475, 42.49693026794726], [-72.39949691785336, 42.49696800100887], [-72.39949129263896, 42.49700686667405], [-72.39948424665431, 42.49704574792777], [-72.39947671457341, 42.49708407028774], [-72.39946212758254, 42.4971410145546], [-72.39944620053157, 42.49719740748993], [-72.39943569960866, 42.497254320765], [-72.39943395422765, 42.49730497886392], [-72.39943638249375, 42.49735560079141], [-72.39944070893986, 42.49740564431868], [-72.39946767318911, 42.49755679743518], [-72.39951181761596, 42.497706691090656], [-72.3995586126824, 42.49785543506373], [-72.39958025186165, 42.497940233613434], [-72.39960274313188, 42.49802446282068], [-72.39963480037875, 42.4981063630112], [-72.39969850801297, 42.49821446239551]]}}, {"type": "Feature", "properties": {"seg_id": "S026", "name": "track", "source": "massdot", "named_in_massdot": false, "jurisdiction": "unaccepted/private", "surface": "unimproved/other", "category": "trail/track", "required": false, "length_mi": 1.764}, "geometry": {"type": "LineString", "coordinates": [[-72.4185430682358, 42.48505140077493], [-72.41843074969336, 42.4850646769817], [-72.41831833130752, 42.4850779493727], [-72.418206720067, 42.485094032271164], [-72.41814321783525, 42.48510579473557], [-72.41808002497663, 42.48511867467723], [-72.41801642904676, 42.485130437817816], [-72.41792796863282, 42.4851440816541], [-72.41783880296414, 42.4851554856832], [-72.41774932355811, 42.485164638682726], [-72.41767120535378, 42.485170884990765], [-72.41759279111095, 42.485176012725574], [-72.41751425132458, 42.4851794497368], [-72.41742724813183, 42.48518239228526], [-72.4173400270891, 42.485183652935234], [-72.41725281416531, 42.485185472542824], [-72.41716636744874, 42.48518728508582], [-72.41707982099634, 42.48518909835761], [-72.41699337426978, 42.48519091077079], [-72.41689037168562, 42.48519173037061], [-72.4167873751799, 42.48519254982997], [-72.41668429527994, 42.4851944952395], [-72.41661429863726, 42.48519730548923], [-72.41654440861929, 42.485200673936546], [-72.41647442822077, 42.485204603948965], [-72.41639969607674, 42.485208577108416], [-72.41632489469448, 42.48521423343624], [-72.41625048099415, 42.48522045382382], [-72.41616727007218, 42.485228993061455], [-72.41608445820698, 42.485239216234284], [-72.41600214397242, 42.485251127061105], [-72.4159128312275, 42.485265337909475], [-72.41582403033853, 42.48528179897898], [-72.41573640379076, 42.48530106769547], [-72.41563075244976, 42.48532835181436], [-72.41552676360139, 42.48535956415344], [-72.41542597205196, 42.485394688023185], [-72.41532869384062, 42.485435974379506], [-72.41523431861921, 42.48548117822163], [-72.41514187435496, 42.485528612005616], [-72.41502570733017, 42.485591431195594], [-72.41491244105448, 42.485657601570246], [-72.41479909032526, 42.48572433969158], [-72.41477282843816, 42.48573523746076], [-72.41474666956132, 42.48574669709532], [-72.41472089628893, 42.48575815816455], [-72.41469883090298, 42.4857701479841], [-72.41467705139078, 42.48578214003178], [-72.41465450143129, 42.48579300831051], [-72.41462660559775, 42.48580279453651], [-72.41459746627703, 42.48581146614671], [-72.41456831271611, 42.48581957517332], [-72.41452893849402, 42.48583058145148], [-72.41448936753812, 42.485841022986904], [-72.41444960438952, 42.485851465133365], [-72.4143996173042, 42.485864243650894], [-72.41434943795387, 42.4858770182702], [-72.41429845976813, 42.48588754934917], [-72.41423853362456, 42.48589646962935], [-72.4141777067374, 42.48590257637568], [-72.41411674553135, 42.48590587611141], [-72.4140355003664, 42.485906520557684], [-72.41395400878973, 42.48590266358737], [-72.41387240934623, 42.48589824472582], [-72.41373670675816, 42.485892004956376], [-72.41360109466157, 42.485885207923005], [-72.4134655671171, 42.48587727477844], [-72.41329767769231, 42.48586622902707], [-72.41313004275548, 42.48585292665744], [-72.41296232237507, 42.48584018741049], [-72.41278602139609, 42.48582582871972], [-72.41263912253628, 42.485814053054995], [-72.41260982021629, 42.485811468069194], [-72.41243325681202, 42.48579880258652], [-72.41237305785778, 42.48579533859478], [-72.41231286101187, 42.48579244084515], [-72.4122525623255, 42.4857889766798], [-72.41218578008599, 42.48579063070724], [-72.41211909148072, 42.48579228305454], [-72.41205240172073, 42.485793939873844], [-72.41196958251956, 42.48579684517821], [-72.41188684965105, 42.48579974883945], [-72.41180504049188, 42.48580714934527], [-72.41173201670703, 42.4858172919295], [-72.41165979940763, 42.48583080692179], [-72.41159078820257, 42.48584935800632], [-72.41152212473037, 42.485878600089656], [-72.41145724827432, 42.48591343546675], [-72.41139313760362, 42.48594882833915], [-72.41133938672516, 42.48597738968031], [-72.41128601602641, 42.486006506176764], [-72.4112338003864, 42.4860361807048], [-72.41117446575024, 42.48607322645381], [-72.4111164741348, 42.48611138152888], [-72.41105992338963, 42.48615009327317], [-72.41101272664325, 42.48618535130664], [-72.41096639062019, 42.486221169706376], [-72.41091823128738, 42.48625530993123], [-72.41084493462299, 42.48629978172501], [-72.41076819374273, 42.486342026335166], [-72.41068970052282, 42.486382034886155], [-72.41058612806262, 42.486428991120235], [-72.41047956836317, 42.486472600130234], [-72.41037426688047, 42.48651844445356], [-72.41028575372286, 42.48656191071351], [-72.41019811528142, 42.486606490871196], [-72.41010766148587, 42.486647156174655], [-72.41001122677966, 42.48668167815929], [-72.40991208458968, 42.48671284710834], [-72.40981303595409, 42.48674401523251], [-72.40971109814835, 42.486779142197996], [-72.40960946354589, 42.48681539655772], [-72.40950654766898, 42.48684884479452], [-72.40943273083842, 42.48687024413826], [-72.4093582292901, 42.48688996617318], [-72.40928334207433, 42.48690968670101], [-72.40911100334148, 42.486952684451666], [-72.40893670100046, 42.48699119772172], [-72.4087598898648, 42.487020729293185], [-72.40867109729638, 42.48703155695727], [-72.40858161510592, 42.48704070192413], [-72.40849199149362, 42.48704703719421], [-72.40829261154535, 42.4870463544806], [-72.40809266687812, 42.4870333039265], [-72.40789256119552, 42.487022499646976], [-72.40777820543074, 42.48702002619025], [-72.40766356944437, 42.48701811301424], [-72.40754904456246, 42.487017327827516], [-72.40744168377347, 42.48701929775616], [-72.40733444574218, 42.48702295378339], [-72.40722708301017, 42.48702436624062], [-72.40711425440617, 42.48702243828958], [-72.40700149407215, 42.48701882702721], [-72.4068885657381, 42.48701689873999], [-72.4067674052643, 42.48701729037275], [-72.40664627830127, 42.48701993056766], [-72.40652558616894, 42.487026507834265], [-72.40644225688948, 42.48703391647123], [-72.40635904424764, 42.487043011295384], [-72.40627623526304, 42.48705378914941], [-72.40622334613923, 42.48706320808685], [-72.40617074486934, 42.48707319102598], [-72.40611742651517, 42.48707923355812], [-72.40608313537207, 42.48708062855769], [-72.40604853340125, 42.48707977523727], [-72.4060142011307, 42.48707779620993], [-72.40595258149341, 42.4870687158451], [-72.40589165543346, 42.48705456399915], [-72.40583119445597, 42.48703984577704], [-72.40569853264965, 42.48700037581551], [-72.4055671556252, 42.486957520376215], [-72.40543305400816, 42.486936628340885], [-72.40536256440011, 42.4869383066312], [-72.4052913884795, 42.48694505626577], [-72.40522355104399, 42.4869596581692], [-72.40517949989548, 42.48697575496188], [-72.40513720486913, 42.48699522127668], [-72.40509470829906, 42.487014121968706], [-72.4050485812828, 42.48703136399236], [-72.40500225401814, 42.487048045781826], [-72.40496073518756, 42.487068631311665], [-72.40492090157827, 42.487100454658375], [-72.4048873130436, 42.48713729044704], [-72.40485735982288, 42.4871757893471], [-72.40483119814674, 42.48721369668065], [-72.40480838467795, 42.487253263983376], [-72.4047867181261, 42.48729282227614], [-72.40468749392134, 42.48751755209941], [-72.40462468863622, 42.48775043446304], [-72.4045917437972, 42.48798477045191], [-72.4046093230647, 42.488263163990865], [-72.404669497065, 42.48854291030474], [-72.40471067371764, 42.48882336839857], [-72.40471214408672, 42.48885992887722], [-72.4047133267086, 42.48889593342795], [-72.40471357111036, 42.48893250803185], [-72.40471324333359, 42.4889696453138], [-72.4047120690719, 42.48900679374221], [-72.40470850956655, 42.4890439563939], [-72.40469297617068, 42.48911385254948], [-72.40466849526588, 42.48918269446462], [-72.40463723954232, 42.489249897888755], [-72.40460879255194, 42.48929401355053], [-72.40457710443623, 42.48933758745539], [-72.40455133233674, 42.489382806580956], [-72.40453940361404, 42.48942566269238], [-72.40453223386385, 42.4894690441376], [-72.40451962937004, 42.48951134826365], [-72.40448480111448, 42.48956789040807], [-72.40443871798658, 42.48962170382885], [-72.40438831359042, 42.48967218221634], [-72.40430614366872, 42.48974090955423], [-72.40421458649584, 42.489804649894516], [-72.40412474854989, 42.48986893845932], [-72.40403414637063, 42.48995292522002], [-72.40394545197297, 42.49003746413108], [-72.40384047008853, 42.490106370050086], [-72.40378661558857, 42.490128176341905], [-72.40372976748048, 42.49014718904334], [-72.40367155329395, 42.490163400789925], [-72.40360042485288, 42.49018027645165], [-72.40352762914685, 42.49019379081459], [-72.40345400875864, 42.490202808293674], [-72.4033940044296, 42.49020665300148], [-72.40333357312107, 42.49020769298787], [-72.40327326563758, 42.490210415533774], [-72.40319060027791, 42.49021837836119], [-72.40310835144209, 42.49022858771562], [-72.40302578457337, 42.49023655055294], [-72.40295046462299, 42.490239952348766], [-72.40287484686118, 42.49024166926568], [-72.40279936087131, 42.490240011675375], [-72.40272763928503, 42.49023550750913], [-72.4026562501741, 42.490227626368714], [-72.40258539452147, 42.490217492056054], [-72.40250716436014, 42.49020291124889], [-72.40242973866073, 42.49018495066439], [-72.40235295732232, 42.49016585510594], [-72.4022930590516, 42.49015056882951], [-72.40223343374014, 42.490134717697465], [-72.40217417188383, 42.49011773921444], [-72.4021121253739, 42.4900985335487], [-72.40205063637693, 42.4900787553965], [-72.40198858994293, 42.49005954966406], [-72.40190967468456, 42.490037096188075], [-72.40183001535439, 42.490015773856264], [-72.40174918704719, 42.489998963918445], [-72.40167140311594, 42.48998944504473], [-72.4015926274391, 42.48998330820274], [-72.40151358201126, 42.4899782987924], [-72.40143559752674, 42.48997440910558], [-72.40135735125222, 42.48997220497498], [-72.40127908899426, 42.48996888094284], [-72.40120888823088, 42.489964363940736], [-72.40113886554346, 42.48995928281587], [-72.40106885024247, 42.48995420699259], [-72.40100491966511, 42.489949640841424], [-72.40094099031334, 42.4899450746453], [-72.40087724519779, 42.489939949687745], [-72.40079686677639, 42.48993494930648], [-72.40071648716422, 42.48992994977884], [-72.40063672717622, 42.489921570127606], [-72.40056864005756, 42.489911975631024], [-72.40050110170586, 42.48990068424206], [-72.40043521252451, 42.48988544381613], [-72.40037269360943, 42.48986624000938], [-72.40031172529876, 42.48984308344164], [-72.40025207893997, 42.489818791140095], [-72.40021039062275, 42.48980111258526], [-72.40016926711635, 42.48978286151438], [-72.40012841544197, 42.489764051019996], [-72.40006565864631, 42.489734717828284], [-72.40000336774683, 42.48970538006398], [-72.39994155063667, 42.48967548218094], [-72.39989636196599, 42.4896522012707], [-72.39985145552743, 42.489628919039404], [-72.3998056164205, 42.48960676854771], [-72.3997725332448, 42.48959239607254], [-72.39973917105252, 42.48957858845391], [-72.39970560752545, 42.48956422421143], [-72.39967244069419, 42.48955097773601], [-72.39963927264759, 42.48953773036026], [-72.3996067563497, 42.489523353412636], [-72.39953936308223, 42.48948899464158], [-72.39947523913834, 42.48945066880049], [-72.39941299113266, 42.48941064202119], [-72.39935053256426, 42.489369491476495], [-72.3992902522759, 42.48932719852505], [-72.39923438782067, 42.489281493159886], [-72.39917535506353, 42.48922061902261], [-72.39912310253803, 42.489155194056664], [-72.39907085740587, 42.48908976810871], [-72.39901590254968, 42.489028299387925], [-72.39896103953818, 42.488966268137], [-72.3989106237494, 42.48890251500834], [-72.3988671065416, 42.4888364591004], [-72.39882793793515, 42.4887686766946], [-72.39879046794962, 42.48870032374138], [-72.39874231205663, 42.48860841672895], [-72.39869699327814, 42.488515929384455], [-72.39865347275828, 42.488422860808996], [-72.39861675528599, 42.488340433835546], [-72.39858126923893, 42.48825743005832], [-72.39854559796746, 42.48817499490251], [-72.3985061578685, 42.488088084916484], [-72.3984663304016, 42.488000616148476], [-72.3984282162853, 42.48791369669593], [-72.39835820885965, 42.487735308653676], [-72.39829500961311, 42.48755517673008], [-72.39823779903755, 42.487374440801716], [-72.39821866507438, 42.487312130692324], [-72.3982002044429, 42.487250377118485], [-72.39818495949795, 42.48718747490274], [-72.3981772545924, 42.487133515122245], [-72.39817211367401, 42.48707954075883], [-72.39816261063801, 42.487026157678386], [-72.39813862691761, 42.48695657040754], [-72.3981072345137, 42.48688760715909], [-72.39807415170269, 42.48681977794921], [-72.3980387276029, 42.48674802995989], [-72.39800131134604, 42.48667629748287], [-72.39796446195174, 42.48660456057593], [-72.3979297046076, 42.48653280735545], [-72.39789542654803, 42.486461050389345], [-72.39785990920092, 42.486389303068016], [-72.39782049383597, 42.486317586104505], [-72.39777984649534, 42.486245878724766], [-72.39774194849075, 42.4861735872239], [-72.39770252674975, 42.486087802168484], [-72.39766697312568, 42.486000299803514], [-72.39763608390965, 42.48591276109327], [-72.3976168618201, 42.485844265587914], [-72.39760047701962, 42.485774618100955], [-72.3975826816006, 42.485706106973986], [-72.39756249740954, 42.485636494474925], [-72.39754089453463, 42.48556745030726], [-72.39751682952333, 42.485498987998994], [-72.3974852865114, 42.48541933196506], [-72.39745024713555, 42.485340832128124], [-72.39740970692353, 42.48526349509215], [-72.39735951513559, 42.4851884830516], [-72.39730363053069, 42.485114645194514], [-72.39725096766999, 42.48503965684867], [-72.39720650822096, 42.48496741624792], [-72.39716489103098, 42.484894029025234], [-72.39712753727923, 42.48482004230602], [-72.39710041772773, 42.4847504828085], [-72.39707708845741, 42.484680327508144], [-72.39704921560957, 42.48461133294808], [-72.39700432509764, 42.48452840634694], [-72.39695270859019, 42.48444721474343], [-72.39689826230334, 42.48436717411847], [-72.3968665478405, 42.484321845915396], [-72.39683379731756, 42.48427764664152], [-72.39680075918248, 42.484232891409874], [-72.39675497961481, 42.48417416271714], [-72.39670863413527, 42.48411600559941], [-72.39666606536619, 42.48405612650922], [-72.39662686441429, 42.48399228508189], [-72.39659181727563, 42.483926725057536], [-72.39656293255433, 42.48385999079945], [-72.39654508923168, 42.48380160735121], [-72.39653180243712, 42.48374263026253], [-72.39651889443064, 42.48368308753645], [-72.39648760632124, 42.4835409699298], [-72.39645906072718, 42.48339770649877], [-72.39643051715785, 42.4832550048285], [-72.39641766179504, 42.48319264553308], [-72.39640488603497, 42.48312972292785], [-72.39639183058866, 42.48306680339635], [-72.39638081747451, 42.48301399906614], [-72.39636962622588, 42.48296175430669], [-72.39635861314864, 42.4829089499729], [-72.39635593980499, 42.48285438909909], [-72.39635345254278, 42.48279982677699], [-72.39633893507109, 42.48274760698554], [-72.39632868226055, 42.4827285571339], [-72.39631654384227, 42.482710084636736], [-72.39630297999757, 42.48269161872409], [-72.39628022175584, 42.48266816643182], [-72.39625434845588, 42.48264642192715], [-72.39622819545137, 42.48262467959214], [-72.39619321150185, 42.48259681906166], [-72.39615785917816, 42.482570082260686], [-72.39612646335635, 42.48254050303897], [-72.39610292691268, 42.48250917552511], [-72.39608354222703, 42.48247556586754], [-72.39606405106578, 42.48244139434616], [-72.39603592812146, 42.482394908997286], [-72.39600798940259, 42.482347860420774], [-72.39597712231452, 42.482301959083266], [-72.39595650766243, 42.48226892075522], [-72.39593438202397, 42.4822364577602], [-72.39590391886641, 42.482212499010096], [-72.3958757582672, 42.48220371583769], [-72.39584395391435, 42.48219889710423], [-72.3958119973653, 42.48219689568812], [-72.39577826671571, 42.48219715790795], [-72.3957442981989, 42.48220080079826], [-72.39571052975259, 42.48220500031021], [-72.39568597632251, 42.48220913178561], [-72.39566153365112, 42.48221438327009], [-72.39563853628212, 42.48221399933272], [-72.3956221110391, 42.48220849921382], [-72.39560659817066, 42.482200179459674], [-72.39559430195274, 42.482190710226625], [-72.39558606966486, 42.48217276908119], [-72.39558528719061, 42.482151392103546], [-72.3955836650751, 42.482130587941214], [-72.39558017824795, 42.48211260541131], [-72.39557584571338, 42.48209519664398], [-72.39556716618227, 42.482079508826175], [-72.3955610967529, 42.48207393181435], [-72.3955541796003, 42.482068357789394]]}}, {"type": "Feature", "properties": {"seg_id": "S027", "name": "track", "source": "massdot", "named_in_massdot": false, "jurisdiction": "unaccepted/private", "surface": "unimproved/other", "category": "trail/track", "required": false, "length_mi": 0.528}, "geometry": {"type": "LineString", "coordinates": [[-72.3955541796003, 42.482068357789394], [-72.3955473500007, 42.48206278218325], [-72.39551293669948, 42.48204166657188], [-72.3954785295533, 42.482020554503656], [-72.3954422504173, 42.4820022641122], [-72.39540319547929, 42.48198850398862], [-72.39536236030229, 42.481977003036455], [-72.39532237096503, 42.48196493641071], [-72.39527783533039, 42.48194671101966], [-72.39523423001025, 42.48192735750854], [-72.39519081073988, 42.481907998934474], [-72.39514435963432, 42.48188866749766], [-72.39509780201946, 42.481868770579986], [-72.3950521894488, 42.48184886990419], [-72.39500092613319, 42.48182563516944], [-72.3949505055322, 42.48180126939046], [-72.39490488106661, 42.481773486610024], [-72.39486427729851, 42.481737792585676], [-72.39482892560787, 42.48169755355341], [-72.39479321168295, 42.48165844269991], [-72.39474377403417, 42.48160987269621], [-72.3946937868916, 42.481562432314604], [-72.39464737995067, 42.48151271426111], [-72.39462251968227, 42.481481959411866], [-72.39459889869458, 42.48145119403558], [-72.39457583650173, 42.48141986252809], [-72.3945553783746, 42.48139075975292], [-72.39453539530744, 42.48136222047612], [-72.39451588338996, 42.48133311034833], [-72.39447937075094, 42.48127768763251], [-72.39444428472919, 42.48122225383097], [-72.3944110843541, 42.481166242693504], [-72.39438554211857, 42.48112029959707], [-72.39436131269417, 42.48107378361679], [-72.39433851478239, 42.48102726102199], [-72.39431661636667, 42.48097734810792], [-72.3942963287908, 42.48092686540076], [-72.39427689376932, 42.480876376073056], [-72.39425319958544, 42.48081353794814], [-72.3942307294512, 42.48075012853015], [-72.3942081669221, 42.480686718923806], [-72.3941900378391, 42.48062777911707], [-72.39417201155386, 42.480569396696154], [-72.394144916921, 42.48051446257272], [-72.39412145993553, 42.48048200955781], [-72.39409460030662, 42.480450706517], [-72.39406539197691, 42.48042111426091], [-72.39402731040411, 42.480389336488265], [-72.393985924738, 42.4803587097149], [-72.39394416275259, 42.480328646734186], [-72.39390383410174, 42.48029913620781], [-72.39386312416812, 42.480269065936625], [-72.39382194988004, 42.48024012823143], [-72.39377332097159, 42.480208432190956], [-72.39372403053311, 42.480176741261026], [-72.39367625966095, 42.480144476736434], [-72.39364283884237, 42.48011997764046], [-72.39361037078291, 42.48009490485626], [-72.393579784071, 42.480068697497785], [-72.39352284243468, 42.480006679734295], [-72.39347618156567, 42.47993895804028], [-72.39343776048902, 42.47986948167112], [-72.39341420351793, 42.4798167697969], [-72.39339520217159, 42.479762902620536], [-72.39337989902872, 42.47970900136556], [-72.39337217176012, 42.479673047406095], [-72.39336605227157, 42.479637084581675], [-72.39335984639406, 42.479601118825215], [-72.39334890307215, 42.47953987331155], [-72.39333749393228, 42.47947862690594], [-72.3933228555319, 42.47941797362484], [-72.39330633530778, 42.4793652071695], [-72.39328735068484, 42.47931302160495], [-72.39326714220016, 42.47926141361514], [-72.39324867664303, 42.47921204106383], [-72.39322897309374, 42.47916267720585], [-72.39320464976525, 42.47911559991063], [-72.39318163496336, 42.47908088891671], [-72.39315589811284, 42.47904788978481], [-72.39312891599971, 42.4790149011997], [-72.39309032711515, 42.47897356224099], [-72.3930497469483, 42.47893280139141], [-72.39301304849668, 42.478890880564684], [-72.39298731183705, 42.47885169181767], [-72.3929646032215, 42.4788113542207], [-72.39294094242037, 42.4787710239981], [-72.3929046290994, 42.47871616191264], [-72.39286660847606, 42.478661316646516], [-72.39282613329657, 42.47860817395168], [-72.39278706383736, 42.47856627592555], [-72.39274628274805, 42.47852494933494], [-72.39271420460562, 42.478480748161225], [-72.392706580075, 42.478465613737164], [-72.39270008831173, 42.47844990874804], [-72.39269472688308, 42.478433633212816], [-72.3926906346161, 42.47841284273339], [-72.39268890588781, 42.47839147755573], [-72.39268699102047, 42.478370108418225], [-72.39268056974954, 42.47831276481446], [-72.39267406093107, 42.47825542188779], [-72.39266659985456, 42.47819808183591], [-72.39265536002014, 42.478128960895454], [-72.39264260919597, 42.47806040984586], [-72.39262900663788, 42.47799243258256], [-72.39261052301482, 42.47790816975238], [-72.39259061425707, 42.477823923359665], [-72.39256985851793, 42.47774024081021], [-72.39255370726875, 42.477673407754324], [-72.39253681118487, 42.47760713865225], [-72.39251715588577, 42.47754089452112], [-72.39250131300693, 42.4774954385424], [-72.39248413858842, 42.477449996476196], [-72.39246506526332, 42.477405127302625], [-72.39244051130248, 42.47735523997696], [-72.39241368515268, 42.477305931132506], [-72.39238619386069, 42.47725662833333], [-72.39235577015496, 42.47720172044881], [-72.39232441749881, 42.47714794422759], [-72.3922916304847, 42.47709361641648], [-72.39225444115348, 42.47703707283135], [-72.39221516697205, 42.47698110806689], [-72.39217466098867, 42.4769251537272], [-72.39215174108199, 42.47689663136175], [-72.39212833298586, 42.47686755638488], [-72.3921074919664, 42.47683845612557], [-72.39208638126351, 42.476796981494864], [-72.39206972613592, 42.47675434338471], [-72.39205353805303, 42.47671170525712], [-72.39205186077191, 42.47670721943224], [-72.39204000822902, 42.47667523792573], [-72.39202694347205, 42.476638200701856], [-72.39201122224635, 42.47660174493045], [-72.39199055594165, 42.47656477105282], [-72.39196705987041, 42.476528938153585], [-72.39194147290576, 42.47649368862602], [-72.3919075756516, 42.476454562798736], [-72.3918709289885, 42.476416582721114], [-72.39183693087328, 42.47637745675335], [-72.39176264899514, 42.47625086398431], [-72.3917110512019, 42.476116217063726], [-72.39166049636927, 42.47598100025704], [-72.39163368394001, 42.475919315559075], [-72.39160715054336, 42.475857061504534], [-72.39158061598306, 42.47579480745227], [-72.39156941607054, 42.47576844863356], [-72.3915582008756, 42.47574152364167], [-72.39154604760975, 42.47571517309781], [-72.39152410731147, 42.47566863877492], [-72.39149961711826, 42.47562325315667], [-72.39146862490422, 42.47558128857319], [-72.39122898933803, 42.47537870894411]]}}, {"type": "Feature", "properties": {"seg_id": "S028", "name": "track", "source": "massdot", "named_in_massdot": false, "jurisdiction": "unaccepted/private", "surface": "unimproved/other", "category": "trail/track", "required": false, "length_mi": 1.017}, "geometry": {"type": "LineString", "coordinates": [[-72.39122898933803, 42.47537870894411], [-72.39138203544488, 42.4752629128904], [-72.3914277558414, 42.475230485886215], [-72.39147230686082, 42.475196380743974], [-72.39152437798845, 42.475156026914675], [-72.39157460659933, 42.475113437462404], [-72.39162474945249, 42.475071411340025], [-72.39168345207689, 42.4750231284688], [-72.39174186090916, 42.47497428605131], [-72.39179902863049, 42.47492488961984], [-72.39184153964648, 42.47488742128281], [-72.39188336712657, 42.47484883374243], [-72.3919231947431, 42.47480969897831], [-72.39195885324573, 42.474771163665935], [-72.39199258228506, 42.47473095161057], [-72.39202594590826, 42.47469130506292], [-72.39205591691474, 42.47465393372838], [-72.39208570248606, 42.47461712651042], [-72.39211683487206, 42.47458087514628], [-72.39214290400916, 42.47455647855315], [-72.39216964808834, 42.47453320030536], [-72.39218819960395, 42.47450773653477], [-72.39219375492766, 42.474484060566944], [-72.39219387020913, 42.474458738656715], [-72.39219152856592, 42.474433999361416], [-72.39218055087274, 42.4743969450746], [-72.39216332412666, 42.474361064554095], [-72.39215007563196, 42.474324594138075], [-72.3921431936481, 42.47428131765003], [-72.3921415198879, 42.47423688085609], [-72.39214689857727, 42.47419407662047], [-72.3921660982538, 42.47414047066456], [-72.39219690004236, 42.47408790024022], [-72.39223660774127, 42.474040326843635], [-72.39227980696766, 42.474004544669434], [-72.39232970423132, 42.47397208493856], [-72.39237940688076, 42.473939626692776], [-72.39244895847769, 42.473892383853894], [-72.39251811412126, 42.47384458224986], [-72.39258218643408, 42.473793444747976], [-72.3926172650253, 42.473761099689106], [-72.39265042827185, 42.47372764498001], [-72.39268139227357, 42.47369364461106], [-72.39272623824003, 42.473626334393636], [-72.39276334027642, 42.47355570982645], [-72.39280846580328, 42.47348840190848], [-72.39284672548497, 42.473445904614174], [-72.39288871292926, 42.47340506558506], [-72.39293550692737, 42.473368126313844], [-72.39296497143245, 42.47334876831164], [-72.39299597978547, 42.47333108550382], [-72.39302785451463, 42.47331395416019], [-72.39306907454849, 42.47329281784439], [-72.39311182918446, 42.473272789594866], [-72.39315657081221, 42.47325894091229], [-72.39322051804831, 42.473252254680894], [-72.3932881179205, 42.4732556676053], [-72.39335480672396, 42.473261903702976], [-72.39343380187519, 42.47327142227042], [-72.39351172921938, 42.473286006968685], [-72.39358566156949, 42.473307379375235], [-72.39364139733195, 42.47333170542256], [-72.39369444625014, 42.47336055470112], [-72.39374823195936, 42.473388270159965], [-72.39380114024954, 42.47341430883352], [-72.39385470815594, 42.47343977607471], [-72.39391159749331, 42.47345846434653], [-72.39394066017162, 42.47346442934018], [-72.39397055260885, 42.47346870072001], [-72.39400044311313, 42.47347240581628], [-72.39407420055382, 42.47348139829778], [-72.3941485068664, 42.473488699304184], [-72.39422254950105, 42.473497131289626], [-72.39433563036116, 42.4735120043778], [-72.39444817782498, 42.47352914035735], [-72.3945593454913, 42.473549656775816], [-72.3946209064108, 42.47356268423277], [-72.39468210390466, 42.47357683985831], [-72.39474134822225, 42.4735938222669], [-72.39480277184164, 42.47361697910595], [-72.39486177433213, 42.47364409534484], [-72.39491710957178, 42.4736734844949], [-72.39502031181641, 42.47374864773223], [-72.3951063215389, 42.4738374462964], [-72.39517457313637, 42.47393369863541], [-72.39519168265912, 42.47396788886324], [-72.39520681635409, 42.47400322252034], [-72.39522591707163, 42.4740368345819], [-72.39529644159308, 42.47409874602431], [-72.39538772424994, 42.47415092678217], [-72.39547609192053, 42.47420482179384], [-72.39548223224482, 42.474209277387054], [-72.39548838656556, 42.47421429105915], [-72.39549472023926, 42.47421874514893], [-72.39552895309878, 42.47424098755702], [-72.39556497265, 42.47426152439733], [-72.39559994840832, 42.47428263653115], [-72.39565649120463, 42.4743232724334], [-72.39571001307755, 42.47436561896158], [-72.39576071541903, 42.474410241745105], [-72.39578641577218, 42.474433675792774], [-72.39581145773097, 42.474457676742986], [-72.39583471594015, 42.47448281603558], [-72.39586049037942, 42.47451806777134], [-72.39588304974757, 42.47455446447778], [-72.39590541585686, 42.47459086718394], [-72.39594985261022, 42.47470249685521], [-72.39599418182193, 42.47481356465413], [-72.39604477119629, 42.474923459270144], [-72.39607549145407, 42.47497948930196], [-72.39610803286457, 42.475036067850596], [-72.39614046663289, 42.475092084537415], [-72.39616845689741, 42.47514306977097], [-72.39619655617552, 42.47519462044012], [-72.39622653773114, 42.47524502838092], [-72.39626471143114, 42.475297058855965], [-72.39630525776055, 42.47534907536251], [-72.3963391707951, 42.47540226883739], [-72.39635507342811, 42.47543815454416], [-72.39636823221667, 42.47547462878594], [-72.39637958581736, 42.47551167525798], [-72.39638749046244, 42.47554650320543], [-72.3963937905593, 42.475581901823254], [-72.39640131453362, 42.47561672822935], [-72.39641653942363, 42.47566500556836], [-72.39643432406113, 42.47571325848787], [-72.39645277199843, 42.475760943554086], [-72.39647524036405, 42.4758176003656], [-72.39649855323555, 42.47587368791191], [-72.39651988100952, 42.47593035268817], [-72.39654607941631, 42.47600892624606], [-72.39656848689805, 42.476088091084755], [-72.39658387359832, 42.47616787323988], [-72.39658841309343, 42.47623986214986], [-72.39658725846972, 42.47631245805685], [-72.39658609585402, 42.47638449133535], [-72.39658679092439, 42.47643343899547], [-72.39658748600864, 42.47648238755515], [-72.39658760831361, 42.476531339671006], [-72.39658627606966, 42.47657130097673], [-72.39658438026116, 42.47661182935663], [-72.39658561391988, 42.47665177069493], [-72.3965882789833, 42.47667200857084], [-72.39658996682499, 42.47668381011074], [-72.39659621802087, 42.47671583475448], [-72.39660313076571, 42.47674785424975], [-72.39661203578599, 42.476786048723135], [-72.396622088267, 42.47682479695547], [-72.39663345145264, 42.47686240510695], [-72.39666354252417, 42.476933632470725], [-72.39669883587794, 42.47700369486145], [-72.39672721608231, 42.47707493642209], [-72.396740438449, 42.47712997705865], [-72.39674959254361, 42.47718561294541], [-72.39675666052898, 42.477241825955296], [-72.39676135905619, 42.47731831331562], [-72.39676187918249, 42.47739483679581], [-72.3967665637069, 42.477470765174075], [-72.39677262740331, 42.477516293101054], [-72.396780109651, 42.477561251799], [-72.39678911073892, 42.47760619417314], [-72.39680024547022, 42.477654502376446], [-72.39681318727648, 42.47770279291195], [-72.3968292493653, 42.47774993017956], [-72.39685440724756, 42.4778082567306], [-72.39688410097568, 42.47786541898953], [-72.39691786850847, 42.47792142505122], [-72.39695201323437, 42.477970674996925], [-72.39698937442199, 42.47801877541489], [-72.39702919200359, 42.47806573131901], [-72.39705851710175, 42.47809701450395], [-72.39708908263584, 42.47812828712345], [-72.39711888015722, 42.478159003925775], [-72.39717437665418, 42.47822609180942], [-72.3972275962878, 42.47829376548665], [-72.39728751737576, 42.47835800721687], [-72.3973116153338, 42.478382015184465], [-72.39733646607803, 42.47840601728447], [-72.39736636568617, 42.47842378957852], [-72.39738678326448, 42.47842982104372], [-72.39740879550217, 42.47843415291857], [-72.39743079969458, 42.47843791856163], [-72.39749466468079, 42.478445298771966], [-72.3975595282683, 42.47844985952347], [-72.3976224490712, 42.47845780970718], [-72.39772016931627, 42.47848742910813], [-72.39781281740599, 42.47852778804407], [-72.39789974155028, 42.47857324760988], [-72.3980917577113, 42.47871917837379], [-72.39824433154469, 42.47889748507737], [-72.39838898093849, 42.47907979398709], [-72.39843737669403, 42.47913568554659], [-72.39848484847673, 42.479192708768245], [-72.39853155425418, 42.47924974244497], [-72.39857547103878, 42.47930453989391], [-72.39861882002224, 42.47935934535531], [-72.39866057251946, 42.47941528862947], [-72.39869999196846, 42.47946787575143], [-72.39873809391666, 42.47952103582504], [-72.39876926901127, 42.479575369892096], [-72.39880687366082, 42.47969380394236], [-72.39881604570891, 42.47981752667002], [-72.39879963111319, 42.47993919462234], [-72.39878795845047, 42.47998711423131], [-72.39877229250162, 42.480034503197665], [-72.3987482101972, 42.48007857807281], [-72.39871463595048, 42.48011597920991], [-72.39867351385503, 42.48015118484698], [-72.39862979973815, 42.48018416172839], [-72.39857635417837, 42.480221155104665], [-72.39851916412367, 42.48025536150897], [-72.398459563225, 42.480287336827075], [-72.39840577003079, 42.48031307635438], [-72.39835004032021, 42.480336581999026], [-72.39829257109899, 42.48035785132213], [-72.39825349118036, 42.48036940795244], [-72.39821362715863, 42.48037928351536], [-72.39817445363349, 42.48039084534977], [-72.39810216188557, 42.480418978779156], [-72.3980330748942, 42.480452152285665], [-72.39796640545246, 42.4804881239552], [-72.39792286693243, 42.48051322154933], [-72.3978802973007, 42.480539997842456], [-72.39783830242145, 42.480567336831335], [-72.39779921099554, 42.48059127074738], [-72.39776050024483, 42.48061520528508], [-72.39772534051738, 42.480641928288556], [-72.39770131477157, 42.48066293225088], [-72.39767930632482, 42.48068561215973], [-72.39766291786849, 42.48070937366018], [-72.39765622330118, 42.48073305874012], [-72.39765411205458, 42.4807583952803], [-72.39765161823287, 42.48078317211189], [-72.39764681956082, 42.480813595586376], [-72.39764097308938, 42.480843465434475], [-72.39762940488518, 42.48087168728682], [-72.39760937598463, 42.48089998044739], [-72.3975830513117, 42.4809266300782], [-72.39755090219498, 42.48094432295238], [-72.39752303241443, 42.48094904334613], [-72.39749234160254, 42.480949282395414], [-72.39746136187425, 42.48094896189838], [-72.39738619811483, 42.480948984601966], [-72.39731090069077, 42.48094619215305], [-72.39723571783723, 42.48094452864173], [-72.3971844096022, 42.480944928146656], [-72.39713311056474, 42.48094588934551], [-72.3970823214512, 42.48094909730632], [-72.39700967243088, 42.480958669494875], [-72.39693823545575, 42.48097385188703], [-72.3968709855594, 42.480995758410174], [-72.39684143081894, 42.48100893208288], [-72.3968129378784, 42.4810232183597], [-72.39678454659884, 42.48103806922771], [-72.39669432648554, 42.48108828704429], [-72.39660689960782, 42.48114130009828], [-72.39651907907208, 42.481193753458285], [-72.39645770829176, 42.48122799044238], [-72.39639605044428, 42.481262230526426], [-72.39633554316907, 42.48129758610351], [-72.39627225881401, 42.481337467458026], [-72.39621049647265, 42.48137789872732], [-72.39615065642569, 42.481420002177906], [-72.3960917937783, 42.48146378966227], [-72.39603495308388, 42.48150924405628], [-72.39598212965402, 42.48155692063926], [-72.39593700326444, 42.48160453825106], [-72.39589533222384, 42.48165437793259], [-72.39585566244959, 42.48170476832869], [-72.39582396534767, 42.48174777817751], [-72.39579370030616, 42.48179133867216], [-72.39576344447288, 42.48183546537613], [-72.39573803843987, 42.48187336479874], [-72.39571253987064, 42.48191125953266], [-72.39568377684779, 42.48194693518332], [-72.39564159025856, 42.48198721396987], [-72.39559441992708, 42.48202471533195], [-72.3955473500007, 42.48206278218325]]}}, {"type": "Feature", "properties": {"seg_id": "S029", "name": "NET Trail (white)", "source": "massdot", "named_in_massdot": false, "jurisdiction": "unaccepted/private", "surface": "unimproved/other", "category": "trail", "required": false, "length_mi": 0.707}, "geometry": {"type": "LineString", "coordinates": [[-72.37887875584333, 42.50363612941399], [-72.37887473643433, 42.50363285507879], [-72.37882090776525, 42.5035904978911], [-72.37877039348042, 42.50354586647541], [-72.3787378942326, 42.50351234958595], [-72.37870699268709, 42.503477705043146], [-72.37867722491045, 42.50344304284657], [-72.37864821404617, 42.50340725040483], [-72.37862033603264, 42.50337146192492], [-72.37859293842682, 42.503335657172364], [-72.37856480369834, 42.50329479567523], [-72.37853734179016, 42.503253929943405], [-72.37850684484565, 42.5032147699864], [-72.37842759022362, 42.50314166326766], [-72.37833523707914, 42.503075404011554], [-72.3782392901002, 42.50301142730115], [-72.37819823137335, 42.5029841704005], [-72.37815649551395, 42.50295747682647], [-72.37811487891459, 42.50293078232891], [-72.37809822077821, 42.50290164785426], [-72.37808156894053, 42.50287252773386], [-72.37806415214408, 42.50284395631565], [-72.3780468977805, 42.502819887831244], [-72.37802908445833, 42.50279639528896], [-72.37801447572004, 42.50277174936492], [-72.37800295200881, 42.50273639434368], [-72.37799722283863, 42.502699857212036], [-72.37799298837872, 42.50266275051207], [-72.37799023537373, 42.50262788236382], [-72.37798879761135, 42.502593013200084], [-72.37798525991074, 42.50255815012777], [-72.37798136116469, 42.502530043815554], [-72.37797601834079, 42.502501947601964], [-72.37796587049952, 42.50247558054043], [-72.37794217476231, 42.50244650414581], [-72.37791082452338, 42.50242029406405], [-72.37787937293395, 42.50239353106449], [-72.37785440033245, 42.50236895864725], [-72.37782926486805, 42.5023443973682], [-72.37780184869669, 42.50232153970384], [-72.3777688559651, 42.50230039814656], [-72.3777335068518, 42.50228041789736], [-72.37769956838937, 42.502259859710435], [-72.37767020469624, 42.50223982486326], [-72.37764214534691, 42.50221865470915], [-72.37761749403693, 42.50219521416574], [-72.37759587580717, 42.50216555019502], [-72.37757890703469, 42.502134169071645], [-72.3775610764291, 42.50210223182275], [-72.37753242502738, 42.50205912506683], [-72.37750198154548, 42.502016022943316], [-72.3774682422151, 42.501975204740546], [-72.37744014210027, 42.501943912833816], [-72.37741015731665, 42.501913755232835], [-72.37737622632379, 42.50188644828478], [-72.37734565276821, 42.50186810971648], [-72.37731272301848, 42.501851470823965], [-72.37727867708365, 42.50183654647578], [-72.37720653893881, 42.50180952575819], [-72.37712991378149, 42.50178872506511], [-72.37705181399984, 42.5017769384889], [-72.3769901002641, 42.501775725392925], [-72.37692734401885, 42.50178012993153], [-72.3768647637292, 42.50178511468772], [-72.37677940537338, 42.50179251620784], [-72.37669427002137, 42.501801608522534], [-72.37660892969652, 42.5018089971748], [-72.37652361516024, 42.501812462083464], [-72.37643809842895, 42.501814246715874], [-72.37635298665053, 42.501818820920036], [-72.37627800421987, 42.501826144081825], [-72.37620332972344, 42.50183628097551], [-72.3761308313201, 42.501851462736745], [-72.37608277089578, 42.501867583183106], [-72.37603578245245, 42.5018865160851], [-72.3759869297194, 42.501899817388114], [-72.37594860106744, 42.50190573730627], [-72.37590928689585, 42.50190885218023], [-72.3758719775136, 42.50190519419615], [-72.37585251477122, 42.50189971434294], [-72.37583376125244, 42.50189142107884], [-72.37581671894077, 42.50188255302588], [-72.37579420158136, 42.50186246478485], [-72.37578625328084, 42.50185126429075], [-72.37577694049457, 42.501837829728785], [-72.37576016678923, 42.5018137707568], [-72.37573559298697, 42.50178243814401], [-72.37571167997388, 42.50175111310984], [-72.37568925870899, 42.50171865317003], [-72.37566103290766, 42.50167103944868], [-72.37563574411277, 42.50162227804064], [-72.37560855067937, 42.501574089277725], [-72.37557926151332, 42.501531554072535], [-72.37554825315026, 42.50148901391261], [-72.37551865692559, 42.501445913838424], [-72.37548202574095, 42.501381487892026], [-72.37544833805926, 42.501316468790776], [-72.37541170703392, 42.50125204371999], [-72.3753741940577, 42.50119999178282], [-72.37533442278621, 42.501148538573155], [-72.37529918796771, 42.501095903025245], [-72.37527472478342, 42.50104601529832], [-72.37525377152046, 42.500994971944166], [-72.37523120073301, 42.500944499050654], [-72.3752039967974, 42.500894632118495], [-72.3751752689594, 42.50084533043138], [-72.37514816467962, 42.50079544922432], [-72.3751261888343, 42.5007461052628], [-72.37510591202204, 42.500696185713245], [-72.37508365509991, 42.5006468348738], [-72.37505912320542, 42.50059863567213], [-72.37503299081709, 42.50055100589757], [-72.375003062661, 42.500504529399585], [-72.37496612160953, 42.50045865890931], [-72.37492530041371, 42.50041452391831], [-72.37488504477399, 42.500370371115636], [-72.37486811070772, 42.5003485585625], [-72.3748512673309, 42.500326178132795], [-72.37483074959, 42.50030607452473], [-72.37480828520624, 42.5002910615496], [-72.37478302051697, 42.500277747071955], [-72.37475589315108, 42.50026838371424], [-72.3747282595951, 42.5002629656825], [-72.3746991351623, 42.50026093686408], [-72.37467093460553, 42.50026227533271], [-72.37464432053555, 42.50026923039916], [-72.37461879384348, 42.500280114197786], [-72.37459493695431, 42.50029323335682], [-72.37457222356912, 42.500307483607656], [-72.37455144615498, 42.50032394919527], [-72.3745305703907, 42.50034042992993], [-72.37449280720912, 42.50037278944134], [-72.37445139882094, 42.500401807691006], [-72.37438840389673, 42.50043210424602], [-72.37431916386691, 42.50045625771044], [-72.37424905426674, 42.500479297761494], [-72.3741799782365, 42.50050177174793], [-72.3741101322103, 42.500523118060734], [-72.37403929690988, 42.500542789181395], [-72.37397250544247, 42.500558484505355], [-72.37390503778346, 42.50057305954863], [-72.37383764388602, 42.5005870767105], [-72.37373304976984, 42.5006114978371], [-72.37362862620161, 42.50063479760886], [-72.37352320670834, 42.50065585499655], [-72.37342951033472, 42.50067062852783], [-72.37333519777196, 42.50068316671832], [-72.37324048093043, 42.50069401173914], [-72.37316929817064, 42.500700736916606], [-72.37309799739165, 42.50070746294402], [-72.37302649206069, 42.50071250782593], [-72.37295972855857, 42.50071582959934], [-72.37289294517751, 42.50071859420225], [-72.3728260540047, 42.50072077889269], [-72.3727116265686, 42.50072164531814], [-72.37259696979368, 42.50072026803165], [-72.37248265365757, 42.50071607193156], [-72.37239865492998, 42.50071050828896], [-72.37231481428935, 42.500703265239956], [-72.3722307896945, 42.50069714798991], [-72.3721064019215, 42.50069302773049], [-72.37198178577974, 42.50069227886668], [-72.37185731382075, 42.50068928434355], [-72.37175518139881, 42.50068499536541], [-72.37165311375401, 42.50067958133927], [-72.37155113926775, 42.500673599333005], [-72.37146333153916, 42.50066919728127], [-72.3713755432254, 42.50066479051454], [-72.37128819115456, 42.500658140451], [-72.37116698808283, 42.50064330591068], [-72.37104640457511, 42.50062452057107], [-72.37092580822194, 42.500606297886875], [-72.37075347484452, 42.500585091625595], [-72.37058075652729, 42.50056445970177], [-72.37040888718839, 42.50054212495443], [-72.37026133183912, 42.500518476511736], [-72.37011450203032, 42.50049370243778], [-72.36996759646813, 42.50046836696561], [-72.36981172588504, 42.50044253177379], [-72.36965586881136, 42.500416696270115], [-72.36950019811857, 42.50039086815345], [-72.36942903500008, 42.50037959039009], [-72.36935816331206, 42.50036773959837], [-72.3692873643165, 42.50035533453404], [-72.36924238975443, 42.500347233450235], [-72.3691975992924, 42.500338010994625], [-72.3691534481034, 42.50032820751293], [-72.36910954423583, 42.50031560043396], [-72.36906631087753, 42.50030185301185], [-72.36902361730365, 42.50028754422189], [-72.36897778147953, 42.50027158185748], [-72.36893258973139, 42.50025503302946], [-72.36889105352698, 42.50023508772654], [-72.36885421780654, 42.50021005452571], [-72.36882093683741, 42.50018216849523], [-72.36879126395739, 42.50015256450701], [-72.36875980493029, 42.500111725697415], [-72.36873402486424, 42.50006802885736], [-72.36870746034944, 42.50002435052753], [-72.36867205950715, 42.49997228592283], [-72.36863561294632, 42.49992079097117], [-72.36859623845613, 42.499871010625114], [-72.36856505702525, 42.499836355591434], [-72.36853245768437, 42.49980227931918], [-72.36849478936868, 42.499760123278186], [-72.36847885477798, 42.499740657439794]]}}, {"type": "Feature", "properties": {"seg_id": "S030", "name": "track", "source": "massdot", "named_in_massdot": false, "jurisdiction": "unaccepted/private", "surface": "unimproved/other", "category": "trail/track", "required": false, "length_mi": 0.986}, "geometry": {"type": "LineString", "coordinates": [[-72.39359800230906, 42.48673359640097], [-72.39343633079051, 42.486852453437294], [-72.39327455398771, 42.48697130565273], [-72.39311565753955, 42.48709182787366], [-72.3930936573692, 42.48710831631163], [-72.39307145648974, 42.487124805400356], [-72.39305156420274, 42.487142402869466], [-72.39302802053112, 42.48717128418084], [-72.39300897050568, 42.48720181782737], [-72.39299127061886, 42.48723346548281], [-72.39296544887944, 42.48728937163016], [-72.39294383616208, 42.487346932318836], [-72.39291619834066, 42.48740172805021], [-72.39288851020638, 42.48743963993967], [-72.39285767183762, 42.487476455355825], [-72.39282654882352, 42.48751327296846], [-72.39279204722969, 42.48755349107039], [-72.3927573595009, 42.48759371060324], [-72.39272524482205, 42.48763447287986], [-72.3926963158092, 42.48767858389288], [-72.39267004871823, 42.48772324236747], [-72.39264656202624, 42.48776899837118], [-72.39262538836586, 42.48781755349116], [-72.39260708282539, 42.4878672153671], [-72.3925905821623, 42.48791685875831], [-72.39257103757016, 42.48799297022591], [-72.39255550076808, 42.48807018052381], [-72.39253538200946, 42.48814629732888], [-72.39251486057009, 42.48820047514388], [-72.39249195816512, 42.4882541096067], [-72.39247020333076, 42.4883082969637], [-72.39244883409025, 42.4883562908693], [-72.39242832661127, 42.48840484078388], [-72.39242111257443, 42.4884527250648], [-72.39242750049652, 42.48848080725858], [-72.39243825501188, 42.48850886103881], [-72.39244690826857, 42.48853636390153], [-72.39245140179163, 42.488592035139014], [-72.39244820343467, 42.48864776594233], [-72.39244375957863, 42.48870350638989], [-72.39244102707232, 42.48873841235669], [-72.39243761406958, 42.488772766307385], [-72.39243695957714, 42.4888070943944], [-72.39243741861736, 42.48881271861184], [-72.39243797920342, 42.48881890022856], [-72.39243844741412, 42.48882508706213], [-72.39243365578614, 42.488889270507435], [-72.39241802011567, 42.48895297523858], [-72.39239895256513, 42.48901614475466], [-72.39238753963082, 42.48905562123229], [-72.39237488727532, 42.48909510820593], [-72.39235813462679, 42.48913350155294], [-72.39231523893633, 42.489198542716686], [-72.39225955752028, 42.48925974134448], [-72.39219533274735, 42.48931481922766], [-72.3921419595344, 42.489350684408144], [-72.39208377228928, 42.48938264171612], [-72.39202559298658, 42.489415165220755], [-72.39197233532987, 42.489445963441696], [-72.39191887627716, 42.48947620050904], [-72.3918665855627, 42.48950811567004], [-72.39181773284685, 42.48954169226292], [-72.39176995601412, 42.48957694676959], [-72.3917195668984, 42.48960940983416], [-72.39168635779737, 42.489626551001244], [-72.39165209342836, 42.48964313403499], [-72.39161820974984, 42.489659714113024], [-72.39149805656076, 42.48974504399438], [-72.39138309951798, 42.489834836851976], [-72.39124869612351, 42.489887084456406], [-72.39120804051745, 42.4898885233337], [-72.39116621225058, 42.489887722317405], [-72.39112527751924, 42.489889725110544], [-72.39108299363465, 42.48989680520428], [-72.39104150962743, 42.489906690732], [-72.39100388774912, 42.48992104968118], [-72.39097526084012, 42.48993983877166], [-72.39094953265463, 42.489961983367195], [-72.39092293587358, 42.48998300569651], [-72.39087124407261, 42.49001717011334], [-72.39081646672898, 42.49004853771991], [-72.3907576241303, 42.49007431705463], [-72.39071107967472, 42.490089303056], [-72.39066238763051, 42.490100373129756], [-72.3906127958964, 42.49010863400029], [-72.39057131800756, 42.490112328853414], [-72.39052951339933, 42.4901132145825], [-72.39048742109733, 42.4901135398325], [-72.39044301951485, 42.490112195749546], [-72.39039860207485, 42.49010972729859], [-72.39035420042086, 42.49010837778018], [-72.39033017803474, 42.490109693243305], [-72.39030614827347, 42.49011100335662], [-72.3902822972667, 42.49011118761059], [-72.39024956076248, 42.490108061676835], [-72.39021699393068, 42.490103251764445], [-72.39018441303749, 42.49009787566345], [-72.39008983452956, 42.49000238672237], [-72.38907334904344, 42.48940984616588], [-72.38852956526748, 42.48885641641774], [-72.38850573067975, 42.48875644370959], [-72.38845288975625, 42.488627996685416], [-72.38842086572595, 42.48845943748081], [-72.38838433321638, 42.48832861034378], [-72.38837191027112, 42.48825611948818], [-72.38833867232967, 42.4881832272972], [-72.38829146976072, 42.48811775766823], [-72.38813360332527, 42.4880289462863], [-72.38796940592725, 42.48798294498351], [-72.38780694676456, 42.48793242676027], [-72.38771545733172, 42.487907249747494], [-72.38763726136301, 42.48788140668398], [-72.38754902489758, 42.487844385356176], [-72.38748395858957, 42.487785800720744], [-72.38743221708147, 42.48775525589252], [-72.38730869539098, 42.48774326342386], [-72.38710987665837, 42.48775604601481], [-72.38701119465186, 42.48776018443622], [-72.38686342882795, 42.48775400586561], [-72.38677673703123, 42.48772541236719], [-72.38662672678737, 42.487701808369266], [-72.386367459782, 42.48773418878997], [-72.38621496238495, 42.48780401121623], [-72.38609822718246, 42.48786905516846], [-72.38605153531797, 42.487934684954865], [-72.3860340962716, 42.48800571848315], [-72.38603027613935, 42.48806539086143], [-72.38598838295202, 42.48816812285519], [-72.38585733673544, 42.48831767689548], [-72.38573455573211, 42.488358008714826], [-72.38524024981311, 42.4884028829527], [-72.38513410557243, 42.488417203639635], [-72.38499183961392, 42.488471190598965], [-72.38493558889348, 42.48850594554677], [-72.38485915230235, 42.48854423338089], [-72.3847335764961, 42.48863016050349], [-72.38436676559115, 42.488685870323835], [-72.38419352754305, 42.48875415752267], [-72.38403868646206, 42.48883355976696], [-72.38391205811736, 42.48887110840366], [-72.38387847350515, 42.48888205523671], [-72.3838392124057, 42.488881231877436], [-72.38370492896604, 42.488792795397835], [-72.38363021990799, 42.488757916300614], [-72.38354918439386, 42.48867863611908], [-72.38344191824596, 42.48853766413948], [-72.38332713505872, 42.488471018908875], [-72.3832550568173, 42.48840686330193], [-72.38297370780448, 42.48832180198656], [-72.38288424306657, 42.488074342619385], [-72.38287673491989, 42.48797255295585], [-72.38282480822768, 42.48786772925404], [-72.38278457242797, 42.48775662461765], [-72.38272986262162, 42.48764282010239], [-72.38261057250263, 42.487437226866206], [-72.38250304020387, 42.48725011482464], [-72.38235120567965, 42.486966556168916], [-72.38222444890894, 42.486770588962145], [-72.38210061191003, 42.48655883953013], [-72.38197749013918, 42.48635721644992], [-72.38191713111192, 42.4861522958918]]}}, {"type": "Feature", "properties": {"seg_id": "S031", "name": "NET TRAIL", "source": "massdot", "named_in_massdot": true, "jurisdiction": "unaccepted/private", "surface": "unimproved/other", "category": "trail", "required": false, "length_mi": 1.322}, "geometry": {"type": "LineString", "coordinates": [[-72.41078254758115, 42.459020459680616], [-72.41051471327975, 42.459082220757], [-72.4102489459512, 42.45912933846159], [-72.41007699267067, 42.45912113228503], [-72.40974992158736, 42.45910626887423], [-72.40949667581542, 42.4591060188553], [-72.4091893073216, 42.45911407408692], [-72.40891082886274, 42.45915566029747], [-72.40819206052304, 42.45925642557986], [-72.40747866155826, 42.459340258778475], [-72.40663140223292, 42.459423458541266], [-72.40601497348048, 42.45950708655525], [-72.40545886413393, 42.45957054018813], [-72.4050030580924, 42.45964727132516], [-72.40473724400083, 42.459691564962114], [-72.40445907681213, 42.45980178367011], [-72.40378176984021, 42.46013852825426], [-72.40279963391313, 42.460622265608094], [-72.40195758311363, 42.46104469138781], [-72.40139656085955, 42.461311298166564], [-72.40079320484732, 42.461606927789106], [-72.40020475537257, 42.46189625168828], [-72.39950237824213, 42.46225004273678], [-72.39887183201043, 42.46256557130183], [-72.39838592856704, 42.462785435331945], [-72.39789283082588, 42.463040800202975], [-72.39744261618542, 42.463272763898814], [-72.39715309959206, 42.46342187965415], [-72.39713449211149, 42.463429339554864], [-72.39676434107592, 42.46360665682801], [-72.3965677437431, 42.46368359042077], [-72.39634448655299, 42.46378942566219], [-72.39619191257182, 42.463862637200144], [-72.39598256872256, 42.463964984636355], [-72.39569735046771, 42.46410281210408], [-72.39547367599987, 42.46421990088733], [-72.39528414797118, 42.46431309443536], [-72.39519947477338, 42.46437789923021], [-72.39513373096216, 42.46455846940229], [-72.39506798706051, 42.46481275473231], [-72.39499811503556, 42.46509745918174], [-72.39490226413966, 42.46534578777565], [-72.39482953380363, 42.465456073842496], [-72.39467895963764, 42.46562999120915], [-72.39454059366338, 42.46576779956246], [-72.39440213333295, 42.46583133420376], [-72.39428814775977, 42.46586597965858], [-72.39408682295988, 42.465911434917594], [-72.3933345310766, 42.466066943198676], [-72.39261814012805, 42.46620135151725], [-72.3920067412951, 42.46632425402582], [-72.3915032837708, 42.46644181377427], [-72.39103503476505, 42.46653659497464], [-72.39065637635558, 42.46661154747284], [-72.39023529935014, 42.466676694494154], [-72.38990926276068, 42.466730983720076], [-72.38940079424674, 42.46680355590558], [-72.38886657587015, 42.466855507683135], [-72.38848403081181, 42.4668898729677]]}}, {"type": "Feature", "properties": {"seg_id": "S032", "name": "NET TRAIL", "source": "massdot", "named_in_massdot": true, "jurisdiction": "unaccepted/private", "surface": "unimproved/other", "category": "trail", "required": false, "length_mi": 1.513}, "geometry": {"type": "LineString", "coordinates": [[-72.38848403081181, 42.4668898729677], [-72.38834576612916, 42.466942243067884], [-72.38816086234212, 42.46704157591911], [-72.38792835323575, 42.46715984686804], [-72.3877628054662, 42.467237084065445], [-72.38749949823686, 42.46736853062854], [-72.38722261204869, 42.467493332476046], [-72.38682067085546, 42.46764272574302], [-72.3865964843628, 42.467718724541655], [-72.38634551336655, 42.46780843623075], [-72.38620662430475, 42.46788321618517], [-72.38608497862359, 42.46801582309345], [-72.38587170996648, 42.46819246065148], [-72.3856639967004, 42.46839999852204], [-72.3854166861281, 42.46864273069021], [-72.38521428515021, 42.46881590911093], [-72.38494867680832, 42.469027831089555], [-72.38474687063407, 42.46920944442667], [-72.38447796717482, 42.46943039361087], [-72.3841630351651, 42.46970234104634], [-72.38391830695213, 42.46992704035417], [-72.38358068257185, 42.47010518931094], [-72.38315635583616, 42.470347585810075], [-72.3827229560011, 42.47057317134883], [-72.38246839268375, 42.47075405486354], [-72.38206086671642, 42.47104358531549], [-72.38199041102993, 42.47109364044851], [-72.38198626622734, 42.471096488325216], [-72.38144112611803, 42.47152605231469], [-72.38073235804431, 42.472084033165345], [-72.38001624289649, 42.47263362526767], [-72.37935030156616, 42.473123749313025], [-72.37926901057087, 42.47318795443407], [-72.37885925955732, 42.473517436511045], [-72.37845173953559, 42.47380976532469], [-72.37795898038766, 42.474183773834966], [-72.37765052273431, 42.4744123228054], [-72.37733066329777, 42.474675848011934], [-72.37717696958663, 42.474870020281344], [-72.3768942328958, 42.47515182849087], [-72.37647249738312, 42.47560574879035], [-72.37617562990899, 42.47589722742129], [-72.37585704582538, 42.47620518917795], [-72.37551288705319, 42.47655386056553], [-72.37543640129068, 42.47662927830502], [-72.37522700571819, 42.47683625102986], [-72.37516064797065, 42.476902026850375], [-72.37481576932521, 42.47726082447904], [-72.37480085924037, 42.47727500577468], [-72.37447175340724, 42.47760667535057], [-72.37439731286958, 42.477686017452264], [-72.37406721905715, 42.47802894615274], [-72.37377559073613, 42.47832263195361], [-72.37350447199935, 42.47858127307442], [-72.3732892454418, 42.47880066360111], [-72.37302508306404, 42.47905418932401], [-72.37278904439522, 42.47929399058948], [-72.37255808435027, 42.47948874150965], [-72.37233561975599, 42.47970031184662], [-72.37217484544897, 42.4798995911687], [-72.37202502263251, 42.480094293074984], [-72.37192157567866, 42.48030945607243], [-72.37186020537919, 42.480461845940866], [-72.37179502817354, 42.48057937977782], [-72.37165897877493, 42.48067043804161], [-72.37121122914691, 42.48085613570426], [-72.37050443088762, 42.48108148981154], [-72.37012427569158, 42.4812492256261], [-72.36971213731773, 42.481391886065275], [-72.3695120726862, 42.48147892159167], [-72.36937955108702, 42.481550258249406], [-72.36924397721276, 42.48169701598882], [-72.36897310373779, 42.482051862628786], [-72.36863670942613, 42.48247247864102], [-72.36853421245758, 42.48259716920749]]}}, {"type": "Feature", "properties": {"seg_id": "S033", "name": "service/driveway", "source": "massdot", "named_in_massdot": false, "jurisdiction": "unaccepted/private", "surface": "unimproved/other", "category": "driveway", "required": false, "length_mi": 0.051}, "geometry": {"type": "LineString", "coordinates": [[-72.44612477871601, 42.449797722833125], [-72.44600902173079, 42.44981161754442], [-72.44588179279488, 42.44981434972409], [-72.44575275125861, 42.449810343388044], [-72.44563298689653, 42.44976574747957], [-72.44555353327623, 42.4497241984807], [-72.44543165520382, 42.44966555590396], [-72.44531325635988, 42.449597876094074], [-72.44522680465612, 42.449555122970935]]}}, {"type": "Feature", "properties": {"seg_id": "S034", "name": "service/driveway", "source": "massdot", "named_in_massdot": false, "jurisdiction": "unaccepted/private", "surface": "unimproved/other", "category": "driveway", "required": false, "length_mi": 0.033}, "geometry": {"type": "LineString", "coordinates": [[-72.44522680465612, 42.449555122970935], [-72.44521364590915, 42.449548615455804], [-72.44512299982671, 42.44950153015339], [-72.44502095889483, 42.44943540749629], [-72.44494760404127, 42.44938874286927], [-72.4448789145361, 42.44934935497635], [-72.44479776698039, 42.449296000927994], [-72.44474566717507, 42.449235092587884]]}}, {"type": "Feature", "properties": {"seg_id": "S035", "name": "LEVERETT ROAD", "source": "massdot", "named_in_massdot": true, "jurisdiction": "unknown", "surface": "unknown", "category": "road", "required": true, "length_mi": 0.108}, "geometry": {"type": "LineString", "coordinates": [[-72.44573071469297, 42.44911841014732], [-72.44581949575408, 42.4492566653577], [-72.44597847620498, 42.44946524459849], [-72.44604903028865, 42.44963572755093], [-72.44608293632349, 42.449737293522965], [-72.44612477871601, 42.449797722833125], [-72.44625067460105, 42.449953682691735], [-72.44636340352534, 42.45007992228317], [-72.44645427850837, 42.45015457957141], [-72.44654304480993, 42.45022812422385], [-72.44664381646058, 42.45027287620521], [-72.44671610082428, 42.450324047431764], [-72.44677341468112, 42.450383787531564], [-72.44681617023463, 42.450422824811206], [-72.44682363562998, 42.450426700514]]}}, {"type": "Feature", "properties": {"seg_id": "S036", "name": "SES DRIVEWAY", "source": "massdot", "named_in_massdot": false, "jurisdiction": "unaccepted/private", "surface": "unimproved/other", "category": "other", "required": true, "length_mi": 0.062}, "geometry": {"type": "LineString", "coordinates": [[-72.42896849301295, 42.44913216502247], [-72.42892259431181, 42.44912409570618], [-72.42832630234373, 42.44897922940286], [-72.42782409203362, 42.448857231731644]]}}, {"type": "Feature", "properties": {"seg_id": "S037", "name": "service/driveway", "source": "massdot", "named_in_massdot": false, "jurisdiction": "unaccepted/private", "surface": "unimproved/other", "category": "driveway", "required": false, "length_mi": 0.034}, "geometry": {"type": "LineString", "coordinates": [[-72.41027487937065, 42.45373199525898], [-72.40999356325705, 42.453754753380245], [-72.4096162219638, 42.45379244008338]]}}, {"type": "Feature", "properties": {"seg_id": "S038", "name": "service/driveway", "source": "massdot", "named_in_massdot": false, "jurisdiction": "unaccepted/private", "surface": "unimproved/other", "category": "driveway", "required": false, "length_mi": 0.172}, "geometry": {"type": "LineString", "coordinates": [[-72.41047991600163, 42.45034274204489], [-72.4108687202687, 42.45042632350425], [-72.41111705430217, 42.450477254253364], [-72.41136358047893, 42.45050118676], [-72.41159640171064, 42.45052297734122], [-72.41193384807224, 42.45054436852355], [-72.41201769043946, 42.45057620673745], [-72.4120665248384, 42.45061482147203], [-72.41211176149018, 42.451316471305645], [-72.4121877061757, 42.45187762656995]]}}, {"type": "Feature", "properties": {"seg_id": "S039", "name": "service/driveway", "source": "massdot", "named_in_massdot": false, "jurisdiction": "unaccepted/private", "surface": "unimproved/other", "category": "driveway", "required": false, "length_mi": 0.28}, "geometry": {"type": "LineString", "coordinates": [[-72.40338540048054, 42.44886470501176], [-72.40340108291643, 42.449177443296755], [-72.40340957903778, 42.44934674654573], [-72.40342622069187, 42.449872731838695], [-72.40342139032366, 42.45034486961718], [-72.40340033039126, 42.450785061116484], [-72.40340271217396, 42.45119749851399], [-72.40341290931438, 42.45153841251192], [-72.4034142458109, 42.45170495565452], [-72.40342447460134, 42.451769022458805], [-72.4034727793545, 42.4518327905846], [-72.40358160276317, 42.451950666067376], [-72.40364442010285, 42.45204639378151], [-72.40369638203686, 42.452166401546584], [-72.40372483934209, 42.45231641826173], [-72.40373908737075, 42.452502557027564], [-72.40379361363736, 42.45268219370007], [-72.40381728407432, 42.45285644374648]]}}, {"type": "Feature", "properties": {"seg_id": "S040", "name": "Gate 16A Road", "source": "massdot", "named_in_massdot": false, "jurisdiction": "unaccepted/private", "surface": "unimproved/other", "category": "trail/track", "required": false, "length_mi": 0.33}, "geometry": {"type": "LineString", "coordinates": [[-72.38634001809228, 42.44882384101949], [-72.38635398391459, 42.44893908370795], [-72.38633351841253, 42.44905797023372], [-72.3862821298326, 42.44924686949217], [-72.3862556696999, 42.44931065736185], [-72.3861804425949, 42.449492983188236], [-72.38605935760745, 42.44968973358067], [-72.3858143811828, 42.45007312075804], [-72.38563914039659, 42.450526313063385], [-72.38551035245857, 42.450939754031005], [-72.3854151338613, 42.451274726128524], [-72.38527458445272, 42.45154027183241], [-72.38518372261402, 42.451861141982455], [-72.38516690618654, 42.45206384305523], [-72.38517908803182, 42.45217403346348], [-72.38524142421716, 42.45237950142846], [-72.38533472685266, 42.4526190537312], [-72.38549243699974, 42.45293407600204], [-72.38558624186845, 42.453161804989485], [-72.38563833505611, 42.453205297105036], [-72.38569123772919, 42.45322570720337], [-72.38573166035371, 42.453243401593255], [-72.38577625581595, 42.453253752484365], [-72.3858784779813, 42.45328222357032]]}}, {"type": "Feature", "properties": {"seg_id": "S041", "name": "PRESCOTT ROAD (gate section)", "source": "massdot", "named_in_massdot": false, "jurisdiction": "unaccepted/private", "surface": "unimproved/other", "category": "other", "required": false, "length_mi": 0.195}, "geometry": {"type": "LineString", "coordinates": [[-72.38358971313635, 42.4447671391428], [-72.3835349396828, 42.44476868387144], [-72.38348116554835, 42.44476684655059], [-72.38329956256881, 42.44467033284052], [-72.38307476250819, 42.44456064276581], [-72.38288549857369, 42.4444726266461], [-72.38268393887141, 42.44436107135992], [-72.38252129299268, 42.44427509959149], [-72.38235531254468, 42.444195344567134], [-72.38216965201474, 42.44409998376138], [-72.38196926082904, 42.44392933282261], [-72.38177399212418, 42.44377158515164], [-72.38155894218447, 42.443611739609324], [-72.3813098150636, 42.44339813503987], [-72.38120271145584, 42.4433044213346], [-72.38111025204915, 42.443245485149546], [-72.3810464951468, 42.443243156787965], [-72.3809800444787, 42.443251542866165], [-72.38090574704692, 42.44329712846571], [-72.38086051272623, 42.44335599274243], [-72.38080310552631, 42.44351623753301]]}}, {"type": "Feature", "properties": {"seg_id": "S042", "name": "PRESCOTT ROAD", "source": "massdot", "named_in_massdot": true, "jurisdiction": "unaccepted/private", "surface": "unimproved/other", "category": "road", "required": false, "length_mi": 0.646}, "geometry": {"type": "LineString", "coordinates": [[-72.38005145419464, 42.43333892032869], [-72.38004934089693, 42.43453016100112], [-72.38007287262, 42.434876598904], [-72.38015077719643, 42.43511120774586], [-72.38041795712576, 42.43553906426728], [-72.38057251267398, 42.43592558125574], [-72.38069024745704, 42.43634051253825], [-72.38069217677473, 42.436478918680606], [-72.38065795710769, 42.436700883590284], [-72.38066442728503, 42.437165055610606], [-72.38066471742782, 42.437185870360906], [-72.38069153193817, 42.43776749241587], [-72.3808059842076, 42.43794667627689], [-72.3811531493793, 42.43823943527825], [-72.38117118366792, 42.43825280282223], [-72.38118930978668, 42.43826560786725], [-72.38120715687894, 42.438278973236855], [-72.38134197975407, 42.43840679734594], [-72.3814559779594, 42.43854659997686], [-72.38156989823092, 42.438686965784235], [-72.38169180541979, 42.43882163708484], [-72.38181343428556, 42.43895688208402], [-72.38192977243986, 42.43909385015436], [-72.38199991122137, 42.439186717384715], [-72.38206778540628, 42.43928016821366], [-72.38214046428598, 42.43937133322103], [-72.38217284654307, 42.439405407653766], [-72.38220608024717, 42.43943891376094], [-72.382233731171, 42.43947415431311], [-72.38224932922121, 42.43950329217269], [-72.38226181229078, 42.439533582884636], [-72.38227220495729, 42.439563889611435], [-72.38228396616176, 42.43961725268635], [-72.38228946768403, 42.43967123001592], [-72.38229440585378, 42.43972577435455], [-72.38230055771004, 42.43977862221266], [-72.3823063303206, 42.439831468474104], [-72.38231096542307, 42.43988432795196], [-72.38231438308495, 42.439972643747765], [-72.38231485893051, 42.44006154567608], [-72.38231866366029, 42.44015042119575], [-72.38233066734344, 42.440254990208985], [-72.3823471236269, 42.440358962407636], [-72.38236386679287, 42.44046293240348], [-72.38238051035316, 42.44056690315788], [-72.38239754708927, 42.44067143268792], [-72.3824132391167, 42.44077541072439], [-72.38242337805762, 42.44085523549369], [-72.38243256416311, 42.440935067562314], [-72.38244175151982, 42.44101490051953], [-72.38246336667098, 42.44118917072216], [-72.38248488835626, 42.441363441630365], [-72.38250887198423, 42.44153713096722], [-72.382535847044, 42.44170741850605], [-72.38256529195877, 42.44187768800367], [-72.38259568266791, 42.44204795384016], [-72.38261686811197, 42.4421642671655], [-72.38263111799787, 42.44224075084785]]}}, {"type": "Feature", "properties": {"seg_id": "S043", "name": "track", "source": "massdot", "named_in_massdot": false, "jurisdiction": "unaccepted/private", "surface": "unimproved/other", "category": "trail/track", "required": false, "length_mi": 0.504}, "geometry": {"type": "LineString", "coordinates": [[-72.37849996864801, 42.42040447024966], [-72.37855121721087, 42.42047253897942], [-72.37860798486629, 42.42054750517915], [-72.37866163819587, 42.42061687086323], [-72.37871518535529, 42.420685671035265], [-72.37876524601549, 42.42075618858567], [-72.37881335904191, 42.42083684950887], [-72.37885722133419, 42.42091923365206], [-72.378903550823, 42.42100103264398], [-72.37895471491495, 42.4210827938028], [-72.3790086269555, 42.421163972160116], [-72.379067526506, 42.42124230072719], [-72.37912489871049, 42.421312763185504], [-72.3791863197435, 42.42138094481004], [-72.37925527449866, 42.42144456549302], [-72.37931910988435, 42.42148852818264], [-72.37938756640708, 42.421530211055156], [-72.37945243905163, 42.42157360305183], [-72.37951262000416, 42.421627725679585], [-72.37956846561059, 42.42168413128351], [-72.37962789520228, 42.42173882138744], [-72.37968998778311, 42.42178673876123], [-72.37975507817721, 42.42183238330897], [-72.37982290024507, 42.421875753458394], [-72.37988596101914, 42.42191184851544], [-72.3798979094312, 42.42191794774445], [-72.37995107910771, 42.42194567432809], [-72.38001611396207, 42.421980062536], [-72.38010927372916, 42.42202999567551], [-72.38020205450647, 42.422079928036624], [-72.38029249752414, 42.42213213168415], [-72.38037659867196, 42.42218607004756], [-72.38045844773913, 42.422241713661826], [-72.38053822939774, 42.42229906021884], [-72.38057823710253, 42.422329140672744], [-72.38061777876253, 42.42235978287215], [-72.38065749979712, 42.42238986549155], [-72.38070930948462, 42.42242885784836], [-72.38076121280578, 42.422467850365905], [-72.38081320852075, 42.422506841252954], [-72.38087114478184, 42.422549723731365], [-72.38092898762693, 42.422592611397135], [-72.3809856998338, 42.42263606498041], [-72.38105089347356, 42.422688461259895], [-72.38111458411848, 42.42274199439796], [-72.38117657193453, 42.4227961023305], [-72.38123849942892, 42.422853022369914], [-72.38129863661342, 42.42291051787718], [-72.38135556909114, 42.42296972597539], [-72.38140333396977, 42.4230250671659], [-72.38144836377572, 42.42308155466969], [-72.3814899878512, 42.423139197226426], [-72.38153142122765, 42.423210342325525], [-72.38156814619214, 42.42328377334775], [-72.38161005240437, 42.4233549147966], [-72.38166051376645, 42.42341980015679], [-72.3817156898352, 42.42348240040262], [-72.38176860591432, 42.423546142423284], [-72.38182617763383, 42.4236239170515], [-72.38188063030017, 42.423702836433634], [-72.38192989417773, 42.423783490829585], [-72.38195511019826, 42.423835625653275], [-72.38197835784207, 42.423888905444315], [-72.38200669431382, 42.42393989185847], [-72.38202798710863, 42.4239689907004], [-72.38205107515324, 42.42399750858624], [-72.38207481641993, 42.4240254632682], [-72.3821084139286, 42.42406515723315], [-72.38214322963368, 42.42410428005833], [-72.38217927566191, 42.42414282984903], [-72.38221333132856, 42.42417520522843], [-72.38224833664393, 42.42420701062444], [-72.38227946641159, 42.42424053289794], [-72.38230493388505, 42.42427635204259], [-72.38232654574499, 42.42431444611253], [-72.38234407807101, 42.424353138642395], [-72.38235240727239, 42.4243783952094], [-72.38235903237133, 42.42440423203394], [-72.3823657521881, 42.42443006363046], [-72.38237977617263, 42.42447553539178], [-72.38239436634886, 42.424520999210074], [-72.38240904231253, 42.42456590417457], [-72.38241902719336, 42.42461478126239], [-72.38242890946982, 42.42466309734003], [-72.38243861369969, 42.4247119765764], [-72.38245449056953, 42.424801885277475], [-72.38246875028209, 42.42489181087235], [-72.38248215820326, 42.4249817384916], [-72.38249764971194, 42.425084593034555], [-72.38251200453487, 42.42518801988256], [-72.38252293593591, 42.425290909373835], [-72.38252660576612, 42.42536346896813], [-72.38252856298134, 42.425435478994075], [-72.38253260529075, 42.42550747303487], [-72.38254071750256, 42.42557155813773], [-72.38255024109748, 42.42563506972401], [-72.38255635573402, 42.425699170137335], [-72.38255734260589, 42.425755994817514], [-72.38255548793177, 42.42581340307537], [-72.38255115510954, 42.42587026763423], [-72.38254302147399, 42.42592716222891], [-72.38253223647088, 42.42598407624658], [-72.38252220603648, 42.42604098537837], [-72.38251475885328, 42.426099003698404], [-72.38250806615788, 42.426157010831574], [-72.38249872211267, 42.42621503918754], [-72.38247611190747, 42.42630243119314], [-72.38244732347063, 42.42638930695234], [-72.38241805316855, 42.42647562099892], [-72.38239275438815, 42.42655403046204], [-72.38236687537211, 42.426631881669394], [-72.38234847089348, 42.42668716776969]]}}, {"type": "Feature", "properties": {"seg_id": "S044", "name": "track", "source": "massdot", "named_in_massdot": false, "jurisdiction": "unaccepted/private", "surface": "unimproved/other", "category": "trail/track", "required": false, "length_mi": 0.212}, "geometry": {"type": "LineString", "coordinates": [[-72.38234847089348, 42.42668716776969], [-72.38234100238034, 42.426709733723044], [-72.38231768335419, 42.42678024575466], [-72.38229435040732, 42.42685019969281], [-72.3822710313401, 42.4269207162136], [-72.38225927329053, 42.4270170272173], [-72.38224742042598, 42.42711333894383], [-72.38223528804761, 42.42720965280852], [-72.38222165075967, 42.42732117097338], [-72.38220745503084, 42.427433256107676], [-72.38218983568869, 42.427544805675616], [-72.3821731334937, 42.42762708535782], [-72.38215453145614, 42.427708817797885], [-72.38213621798329, 42.427791115218646], [-72.38211137960515, 42.42792972764325], [-72.38208710614403, 42.428068334828446], [-72.38205170509747, 42.42820534097065], [-72.38202329135355, 42.42829165190695], [-72.3819903183173, 42.42837799776153], [-72.38194455192898, 42.42845937554992], [-72.38190676197829, 42.428506932314676], [-72.38186383078049, 42.42855340305601], [-72.38181850394699, 42.42859820044267], [-72.38177175418669, 42.42864301411036], [-72.38172251697048, 42.42868671601603], [-72.38166905980988, 42.42872707764685], [-72.38162246186607, 42.428756133727475], [-72.3815730819858, 42.428782394013965], [-72.38152167299688, 42.42880642173583], [-72.3814683345073, 42.42882821342689], [-72.38141324699559, 42.42884720320724], [-72.3813567884176, 42.428863390882], [-72.38129499242042, 42.42887793220039], [-72.38123183260717, 42.4288896677483], [-72.38116856406657, 42.42890084139855], [-72.3810965157563, 42.42891546197609], [-72.38102407921225, 42.428929521883866], [-72.38095102320807, 42.42894020851529], [-72.38089203802929, 42.42894516319467], [-72.38083245395403, 42.42894786894499], [-72.38077306362239, 42.42895113497688], [-72.3806780367176, 42.428958615143245], [-72.38058330372999, 42.428967217472525], [-72.38048837817306, 42.42897525850144]]}}, {"type": "Feature", "properties": {"seg_id": "S045", "name": "track", "source": "massdot", "named_in_massdot": false, "jurisdiction": "unaccepted/private", "surface": "unimproved/other", "category": "trail/track", "required": false, "length_mi": 0.986}, "geometry": {"type": "LineString", "coordinates": [[-72.39711007498674, 42.42424183635561], [-72.39708339150478, 42.424241477988424], [-72.39702986601301, 42.424236270800584], [-72.39697667776078, 42.42422768297952], [-72.39692339109027, 42.42421909500046], [-72.39686302652562, 42.42421337472027], [-72.39680257032171, 42.424208217819036], [-72.39674238491337, 42.424201933383415], [-72.39667456237643, 42.42419233402152], [-72.39660718124053, 42.42418104039107], [-72.39653989304726, 42.424169186902134], [-72.39648829215352, 42.424158899304736], [-72.39643677800568, 42.42414804381059], [-72.39638482197802, 42.42413944612207], [-72.39632307343014, 42.42413655252], [-72.39626041215602, 42.424136477673336], [-72.39619875711247, 42.42413357877515], [-72.39614376781616, 42.42412556728788], [-72.3960893176976, 42.42411530079102], [-72.39603708995973, 42.42410107629388], [-72.39598525321306, 42.42408065816668], [-72.39593590920248, 42.42405572174452], [-72.39588779539721, 42.4240302130313], [-72.39585600808252, 42.42401133051083], [-72.39582458388125, 42.42399131616151], [-72.39579131089056, 42.42397469507035], [-72.3957598980649, 42.42396199567143], [-72.39572699040917, 42.42395099958599], [-72.39569328869676, 42.42394450854146], [-72.39565070475238, 42.42394090277507], [-72.39560696966473, 42.423942930213876], [-72.39556760673504, 42.42395223958068], [-72.39554695753533, 42.423961965156465], [-72.39552785976393, 42.42397449484418], [-72.39551163513474, 42.42398868486724], [-72.39550267861564, 42.4239994493746], [-72.39549504156834, 42.42401019821571], [-72.39548903580734, 42.42402149706385], [-72.39548518503629, 42.42405135083842], [-72.39549189637799, 42.42408281054483], [-72.39549813384089, 42.42411427303648], [-72.39549993381829, 42.42414070397517], [-72.39550135356018, 42.42416714327323], [-72.39550172827504, 42.42419358529815], [-72.39550093079883, 42.42423129397412], [-72.3954982285609, 42.424268449367666], [-72.39549144500243, 42.42430564190942], [-72.3954858097386, 42.424329881696444], [-72.39547864159319, 42.42435357070983], [-72.39546595017134, 42.42437561639537], [-72.39544844888047, 42.42439319521788], [-72.39542654147114, 42.42440855842226], [-72.39540220695909, 42.424419438026945], [-72.3953740764067, 42.42442416018896], [-72.39534312628349, 42.42442440089949], [-72.39531270855953, 42.424421821277484], [-72.39527922379851, 42.42441702011455], [-72.39524627022982, 42.42440939862742], [-72.3952145168104, 42.424399513411], [-72.39517916978365, 42.42438403276485], [-72.39514568762081, 42.42436628772174], [-72.3951122971549, 42.424347980159794], [-72.39506546332362, 42.424325835532095], [-72.39501862034112, 42.424303128260085], [-72.39497328758561, 42.42427928473584], [-72.39491071037777, 42.424238132552055], [-72.39485197360136, 42.42419357160263], [-72.39479324427458, 42.42414901596738], [-72.39476156869591, 42.4241380055291], [-72.39472979963251, 42.42412700031033], [-72.3946971189938, 42.42411881384944], [-72.39466687075304, 42.424114545551426], [-72.39463598059896, 42.42411197302455], [-72.39460512230823, 42.42411165102799], [-72.39457265351189, 42.424111903333944], [-72.39454030944628, 42.424113841850854], [-72.39451087114149, 42.4241202611538], [-72.3944774244347, 42.424137963723624], [-72.3944492950718, 42.42416294092579], [-72.394427368806, 42.42419011891259], [-72.39441180974836, 42.42422456698351], [-72.3944050254915, 42.42426175496058], [-72.39440100500224, 42.42429948776272], [-72.39440212678568, 42.424338306006874], [-72.39440580627972, 42.42437710437956], [-72.39439718579133, 42.42441205673477], [-72.39438245782533, 42.42443130553735], [-72.39436335178937, 42.42444945935571], [-72.39434173085213, 42.42446482012576], [-72.3943138131365, 42.424477976320084], [-72.39428271892938, 42.424487787305914], [-72.39425249233437, 42.42449871243528], [-72.39422879834108, 42.424507898725054], [-72.39420548654304, 42.42451764473771], [-72.39419085680927, 42.42453070219023], [-72.39418857694658, 42.42454365921607], [-72.39419144009679, 42.42455826798571], [-72.39419658028498, 42.424572859068896], [-72.39420831001796, 42.4245896479539], [-72.39422419949192, 42.42460584273086], [-72.39423611514391, 42.4246226301689], [-72.3942412334711, 42.42464228748853], [-72.39424218592423, 42.42466253446146], [-72.39423846881365, 42.42468169771476], [-72.39421596810544, 42.42470831832168], [-72.39418041108827, 42.42473166595628], [-72.39414924486836, 42.42475666576571], [-72.3941306682977, 42.4247787561061], [-72.39411456262587, 42.42480138994944], [-72.39410765674927, 42.42482338604321], [-72.39412723065358, 42.42485812390057], [-72.39417295983677, 42.4248892797297], [-72.39422503760403, 42.4249130711752], [-72.39425266983052, 42.424920171593065], [-72.3942818893262, 42.424925568884305], [-72.39430914246122, 42.42493267223344], [-72.39436784247863, 42.42496147824012], [-72.39441727809447, 42.42499992113245], [-72.39443278190193, 42.425042001110846], [-72.39442616766354, 42.42505780889809], [-72.39441519249735, 42.42507364966507], [-72.39440219586042, 42.425087818946785], [-72.3943760066367, 42.42510883947308], [-72.39434397858015, 42.42512653097443], [-72.3943097100938, 42.425140303696914], [-72.39426958679027, 42.42514961761626], [-72.39422693563755, 42.42515445228646], [-72.39418378180147, 42.425157599154716], [-72.39413398270764, 42.42516079851863], [-72.39408386628614, 42.42516175404145], [-72.39403364950591, 42.42516214402421], [-72.39398418899884, 42.42516196181471], [-72.39393480012279, 42.42516065813658], [-72.3938855176163, 42.42515991540744], [-72.39380497644426, 42.425157729058505], [-72.39372461129443, 42.42515441229277], [-72.39364442228555, 42.425149973212655], [-72.39356535706852, 42.42514439636032], [-72.39348636222536, 42.4251376935149], [-72.39340729703763, 42.42513211655397], [-72.39332233807063, 42.425126022576], [-72.39323738901456, 42.42512105835276], [-72.39315380529877, 42.42512508121357], [-72.39310930381147, 42.425133304201516], [-72.3930652162895, 42.425144335641725], [-72.39302101936484, 42.425154247922855], [-72.39293389222952, 42.42516955023486], [-72.39284597512, 42.42518261322387], [-72.39275865411066, 42.42519735871138], [-72.39268377006272, 42.4252125703926], [-72.39260918863283, 42.425228905070966], [-72.39253519655091, 42.425246358723506], [-72.3924708825489, 42.42526373730229], [-72.39240706623063, 42.42528280007564], [-72.39234194751457, 42.42529681044278], [-72.39228567717159, 42.425305687026885], [-72.39222850733687, 42.42531119167621], [-72.39217155951239, 42.42531219480749], [-72.39212300581492, 42.42530919759132], [-72.3920744888176, 42.425302257595526], [-72.39202652218702, 42.42529418882285], [-72.39197092649769, 42.42528336835916], [-72.39191585606959, 42.42526972581671], [-72.39186135919623, 42.425256079705115], [-72.39179360308475, 42.42523803741001], [-72.39172669013085, 42.42521885865037], [-72.39166041998881, 42.42519855488292], [-72.39158412027376, 42.425173825381655], [-72.39150884293743, 42.42514739622316], [-72.39143721004342, 42.425117001723414], [-72.39136381833374, 42.425076494066346], [-72.39129500778671, 42.425030883928876], [-72.39122770647758, 42.42498414297677], [-72.39115690296683, 42.42493179583124], [-72.3910879828786, 42.42487830957224], [-72.39101595736031, 42.4248271007928], [-72.39095639766401, 42.42479098469146], [-72.39089496272662, 42.424756574761105], [-72.39083325023334, 42.42472272874177], [-72.39075825419755, 42.42468222861409], [-72.39068268665098, 42.42464229915694], [-72.39060928620479, 42.424600666597705], [-72.3905351537121, 42.42454778212928], [-72.39046364700593, 42.42449262831921], [-72.39038514275184, 42.42444597262976], [-72.39029067627621, 42.424412376040316], [-72.39018864598835, 42.42438728190542], [-72.39008498418322, 42.424367824555816], [-72.3899951842691, 42.42435501680678], [-72.3899042028948, 42.42434615519333], [-72.38981295669873, 42.424338420047114], [-72.38975041711676, 42.42433327554917], [-72.38968788729979, 42.4243292554339], [-72.38962526336371, 42.42432467781748], [-72.38954464296157, 42.42431686034692], [-72.38946411424433, 42.42430847581427], [-72.38938344787336, 42.4243040374642], [-72.38934442792423, 42.42430377620917], [-72.38930530835287, 42.42430351661078], [-72.3892666056024, 42.42430550276341], [-72.38918955082437, 42.42431453748627], [-72.38911361410509, 42.424329193184825], [-72.38903934327186, 42.42434720944407], [-72.38896127309492, 42.42437200734632], [-72.38888525459612, 42.42440072732626], [-72.38881019722707, 42.424430568828335], [-72.38874327697438, 42.424458093077675], [-72.38867721822533, 42.42448673963068], [-72.38861154454206, 42.42451537957166], [-72.3885273673612, 42.42455148093635], [-72.38844377815172, 42.42458869949179], [-72.38836451161151, 42.42462982890349], [-72.38831168580856, 42.424660618511275], [-72.38826117536338, 42.424694206410756], [-72.38821459206777, 42.42473001837377], [-72.38817981730182, 42.42476179854272], [-72.38814781590851, 42.424795243592335], [-72.38812087710062, 42.42483033676534], [-72.38810152767876, 42.42486537588675], [-72.38808665452599, 42.42490150136434], [-72.38807549955627, 42.42493872715069], [-72.38806915254273, 42.424973661461955], [-72.38806623514893, 42.425009136514234], [-72.38806341914395, 42.42504516807805], [-72.38806053202282, 42.425076139527675], [-72.38805774635435, 42.425107671989934], [-72.38805239687827, 42.425139225129016], [-72.38804820513336, 42.42515838732511], [-72.38804315377105, 42.42517699795743], [-72.38803485868922, 42.425195067313254], [-72.38802376645957, 42.425209783869214], [-72.38801001008784, 42.42522395377625], [-72.38799491231919, 42.42523701403815], [-72.3879821455858, 42.42524723923734], [-72.38796851195522, 42.425256913827454], [-72.38795332105137, 42.42526377974492], [-72.3879370372109, 42.42526672152057], [-72.38791948232418, 42.42526741961236], [-72.38790200518697, 42.42526699171], [-72.38788205597135, 42.42526602107483], [-72.38786216986072, 42.42526279556455], [-72.38784229050549, 42.42526013719629], [-72.3878233576373, 42.4252574670239], [-72.38780442178937, 42.42525423867703], [-72.38778548898779, 42.42525157299949], [-72.38776778517307, 42.425248330644216], [-72.38775027462127, 42.42524509129759], [-72.38773248029273, 42.42524241233082], [-72.38768092072817, 42.4252349366548], [-72.38762917459017, 42.425228019688284], [-72.38757707428165, 42.425222793516895], [-72.38749866625648, 42.42521664473913], [-72.3874197267033, 42.425213316185726], [-72.38734094932583, 42.42520829553964], [-72.38728665644223, 42.42520252344071], [-72.38723226332257, 42.42519618939282], [-72.3871780002829, 42.425192108701744], [-72.38704442952007, 42.42519257525258], [-72.38691094070815, 42.42520598032121], [-72.38677984559212, 42.425227249940455], [-72.38672040918195, 42.42524064705235], [-72.38666147521049, 42.425255731052175], [-72.38660206067513, 42.425270257827286], [-72.3865529232762, 42.425280201162444], [-72.38650359692133, 42.42528958323567], [-72.3864551399782, 42.42530065028201], [-72.38637546431383, 42.42532602236637], [-72.38629879339646, 42.42535587012833], [-72.38622482716595, 42.42538907499346], [-72.38616345041066, 42.425419933922555], [-72.38610420359451, 42.42545302630725], [-72.38604849807878, 42.42548890758547], [-72.38599550993898, 42.42552870409268], [-72.38594637104697, 42.42557184532686], [-72.38589990283275, 42.42561609137958], [-72.38585836120821, 42.42565974130996], [-72.3858193073157, 42.42570505476828], [-72.38578159003083, 42.42575036243011], [-72.38573662985196, 42.42580753971186], [-72.38569358820057, 42.42586582760639], [-72.3856509195669, 42.42592411711535], [-72.38560562610783, 42.425984671278954], [-72.38556091282072, 42.42604578815772], [-72.38551706026756, 42.42610745659113], [-72.38547401324423, 42.426172501286715], [-72.38543201106867, 42.426237534327406], [-72.38538677968747, 42.42630202948979], [-72.38534182542676, 42.426359769254], [-72.3852941991132, 42.426416405055654], [-72.38524093411058, 42.426470271615834], [-72.38520761147889, 42.42649753632364], [-72.38517246982494, 42.4265236887157], [-72.38513933918547, 42.426550956428365], [-72.38511035486631, 42.42658325291269], [-72.38508347566227, 42.42661609500071], [-72.38505227436947, 42.426645592334474], [-72.38500927385834, 42.42667349767806], [-72.38496100286241, 42.42669750194848], [-72.38490991411581, 42.426717024491616], [-72.38486422742699, 42.42672919495188], [-72.38481660449042, 42.426738563196075], [-72.38476857880394, 42.42674624732937], [-72.38471494653369, 42.426753970925894], [-72.38466082709624, 42.42676057735131], [-72.38460658137534, 42.4267649348399], [-72.38457080422907, 42.426765772429896], [-72.38453501313047, 42.42676604742046], [-72.38449920449297, 42.42676463534846], [-72.3844536931906, 42.42676216881278], [-72.3844080665662, 42.426758582255694], [-72.38436272364883, 42.42675442720446], [-72.38429447537588, 42.426748760886916], [-72.38422613482972, 42.4267430997392], [-72.3841577930177, 42.42673743405921], [-72.38409622168388, 42.42673396532797], [-72.38403446330524, 42.42673050340204], [-72.38397280507711, 42.426727597967584], [-72.38234847089348, 42.42668716776969]]}}, {"type": "Feature", "properties": {"seg_id": "S046", "name": "track", "source": "massdot", "named_in_massdot": false, "jurisdiction": "unaccepted/private", "surface": "unimproved/other", "category": "trail/track", "required": false, "length_mi": 0.348}, "geometry": {"type": "LineString", "coordinates": [[-72.39935480622081, 42.42092241383992], [-72.39926157585596, 42.42088206616313], [-72.39916834561022, 42.420841718410415], [-72.3990726071244, 42.4208047636553], [-72.39904932683642, 42.42079650501432], [-72.39902585338328, 42.4207882487776], [-72.39900211768492, 42.420781118178056], [-72.39893895690501, 42.42076585588879], [-72.39887377770489, 42.4207551127047], [-72.39880815980504, 42.420747184594966], [-72.39872845781616, 42.42074330348524], [-72.39864815283768, 42.42074393040654], [-72.39856784108535, 42.42074399552771], [-72.39848170667761, 42.42074185524945], [-72.39839546945652, 42.42073914941062], [-72.39830967220196, 42.420733628388355], [-72.3982347376426, 42.4207246481601], [-72.39816015820578, 42.420713977921125], [-72.39808515411107, 42.42070668532983], [-72.39801675912099, 42.42070384000991], [-72.39794785203124, 42.42070437752839], [-72.39788083785443, 42.42071165350857], [-72.39782699880317, 42.42072445456667], [-72.3977744617266, 42.42074174522267], [-72.39772183904648, 42.420759598318895], [-72.39763760384933, 42.42078388846724], [-72.39755356247264, 42.42080873973931], [-72.3974710796997, 42.4208363904836], [-72.39739912538491, 42.420863401798194], [-72.39732842810744, 42.42089208505797], [-72.39726091534014, 42.42092468503371], [-72.39722302878036, 42.42094411473245], [-72.39718610943925, 42.42096465687266], [-72.39715387743075, 42.42098797955768], [-72.397117185899, 42.4210315913831], [-72.39709139869665, 42.421080750594044], [-72.39706857009608, 42.42113100763572], [-72.39704476047554, 42.42118577569407], [-72.39702456606756, 42.421241072871105], [-72.39700645664787, 42.42129635919917], [-72.39698403750536, 42.42138206564737], [-72.39696664477492, 42.42146773202445], [-72.3969497399117, 42.42155395729254], [-72.39693478742473, 42.421624407325304], [-72.39692013577174, 42.42169542220939], [-72.39690642138065, 42.42176586709077], [-72.3969027291917, 42.421786717447766], [-72.39688387297599, 42.421889834310164], [-72.39686417983891, 42.42201378377764], [-72.39685074511766, 42.42213767907879], [-72.39684617984794, 42.422217055817924], [-72.39684408417628, 42.42229697511242], [-72.39684473740589, 42.42237631029299], [-72.39685546120646, 42.42253659537391], [-72.39687680859794, 42.42269623498562], [-72.3969040417226, 42.42285582873249], [-72.39692343404148, 42.42295133611433], [-72.3969450942118, 42.42304626402509], [-72.39696629098503, 42.423141757337135], [-72.39700669477108, 42.42331925382418], [-72.39704614011247, 42.42349675775953], [-72.39707753984521, 42.423675453365114], [-72.39708968935862, 42.42376876365441], [-72.39709965066065, 42.42386209549393], [-72.39710668317818, 42.42395601195008], [-72.39710973779911, 42.42405108479561], [-72.39710985561916, 42.42414617962402], [-72.39711007498674, 42.42424183635561]]}}, {"type": "Feature", "properties": {"seg_id": "S047", "name": "service/driveway", "source": "massdot", "named_in_massdot": false, "jurisdiction": "unaccepted/private", "surface": "unimproved/other", "category": "driveway", "required": false, "length_mi": 0.26}, "geometry": {"type": "LineString", "coordinates": [[-72.42897385525806, 42.433726614864085], [-72.4289773006112, 42.43376710129698], [-72.42898065457841, 42.43380815026404], [-72.4289814517631, 42.43384922526125], [-72.42897968983493, 42.433877934355166], [-72.42897669571626, 42.43390665789199], [-72.42897236135067, 42.43393482504256], [-72.42896854490459, 42.43395961452938], [-72.42896396551713, 42.43398384747373], [-72.42895529098926, 42.43400755075968], [-72.42894454321552, 42.43402564739673], [-72.42893112935782, 42.43404319834285], [-72.42891570231491, 42.43405964103402], [-72.42889761046658, 42.434075542523644], [-72.42887730879632, 42.4340897746451], [-72.42885595270148, 42.43410288627258], [-72.4288295640955, 42.434116605691955], [-72.42880163883297, 42.43412864490639], [-72.42877438177527, 42.4341412459231], [-72.42874705594433, 42.43415553558069], [-72.42872058190963, 42.43416981295928], [-72.42869661159347, 42.4341863245289], [-72.42867675640042, 42.43420505639397], [-72.4286594047939, 42.4342260134514], [-72.42864424409767, 42.43424752003496], [-72.42862916724808, 42.43427464931436], [-72.42861742825379, 42.43430288066803], [-72.42860740372919, 42.434331660890756], [-72.4286002446217, 42.43435478562597], [-72.42859431904151, 42.43437790401364], [-72.42858895856202, 42.43440101874376], [-72.42858304829632, 42.43442526240209], [-72.42857770433352, 42.43444950149289], [-72.42857502298536, 42.434473719110336], [-72.42857426773227, 42.434486669044745], [-72.42857435822893, 42.43449960765681], [-72.42857748351729, 42.43451196359849], [-72.42858284261445, 42.4345209226391], [-72.4285898994359, 42.43452986888809], [-72.42859845659532, 42.43453711494421], [-72.42861718276535, 42.43454484168482], [-72.42863994138767, 42.43454916151569], [-72.42866296900534, 42.43455235017615], [-72.42869275180325, 42.434556613343815], [-72.42872298248848, 42.434559182097665], [-72.42875331281383, 42.434561749139576], [-72.42882539354395, 42.43456904546817], [-72.42889729055251, 42.43457690593143], [-72.42896883813765, 42.43458645996265], [-72.42900766784327, 42.43459233815073], [-72.42904639782573, 42.43459821172843], [-72.42908477352944, 42.43460577984576], [-72.42913258359313, 42.43461552531185], [-72.42917975246853, 42.43462695952353], [-72.42922507402206, 42.43464178661021], [-72.42924674366287, 42.4346494903949], [-72.4292678479569, 42.434657759635115], [-72.42928670918283, 42.43466829776498], [-72.42930055341327, 42.434680004479574], [-72.42931242232781, 42.43469284802877], [-72.42932306731855, 42.43470626865424], [-72.42933932711823, 42.434733712299305], [-72.4293510486171, 42.43476231256529], [-72.42936174160907, 42.43479205012785], [-72.42937053063761, 42.43481505068671], [-72.4293786536969, 42.43483805571993], [-72.42938582516064, 42.43486106483214], [-72.42939379165158, 42.43489251159069], [-72.42940014185308, 42.43492397139477], [-72.42940421467335, 42.43495545048105], [-72.42940526017864, 42.43498132882839], [-72.42940460403342, 42.43500778000714], [-72.42940489334936, 42.43503422265379], [-72.42940603140691, 42.4350595348551], [-72.42940772968896, 42.43508484163399], [-72.42941274715713, 42.43510956342493], [-72.4294206511879, 42.435130316730984], [-72.42943091679456, 42.435150493678364], [-72.42944212074364, 42.435170094951005], [-72.42946574746965, 42.43520085349426], [-72.42949210879937, 42.435231027260144], [-72.42951033103425, 42.43526239121883], [-72.42951525962599, 42.435281481345505], [-72.42951781747455, 42.43530002881308], [-72.42951705260322, 42.43531916940262], [-72.42950959384098, 42.435341738413605], [-72.429496819647, 42.435363783133916], [-72.42948118014641, 42.43538529368688], [-72.42945299084461, 42.43541196621754], [-72.42941898131765, 42.43543643673172], [-72.42938361721102, 42.43545979367442], [-72.42935137094352, 42.43548143734892], [-72.42931796327599, 42.43550196229183], [-72.42928213721554, 42.43551969865753], [-72.4292498685403, 42.435533460218124], [-72.42921603462999, 42.435544428116486], [-72.42918133957652, 42.43554808158539], [-72.42916745920337, 42.43554706910109], [-72.42915327670605, 42.43554493455859], [-72.4291401239454, 42.4355416618086], [-72.4291231916248, 42.4355327952822], [-72.4291081172043, 42.43552166477278], [-72.42909295036227, 42.43551053050552], [-72.42906946787475, 42.43549552715272], [-72.42904551612284, 42.43548109388014], [-72.42901998472921, 42.435468918735495], [-72.42898127209479, 42.43545797892857], [-72.42893948194067, 42.43545100011799], [-72.42889747843293, 42.43544852279214], [-72.42886614995125, 42.43544877552382], [-72.42883466137988, 42.43545128392924], [-72.42880367026753, 42.435455470103285], [-72.42876163898961, 42.43546424960076], [-72.42872041690725, 42.435476401441306], [-72.42868017108475, 42.43549022718297], [-72.42863748772746, 42.43550632695997], [-72.42859567400848, 42.435523545102306], [-72.4285531838355, 42.43553964328958], [-72.42847845590305, 42.43555938030414], [-72.42840139162485, 42.43557463272817], [-72.4283252975803, 42.435591564469696], [-72.42822877449281, 42.43562047479337], [-72.42813390536642, 42.43565218879115], [-72.42803962723019, 42.43568558423776], [-72.42794469616055, 42.435719548465734], [-72.42785025333902, 42.43575407497854], [-72.42775637884003, 42.43578915412894], [-72.42770908085319, 42.43580754062732], [-72.42766196051541, 42.435825362977496], [-72.42762288771804, 42.43584013953105]]}}, {"type": "Feature", "properties": {"seg_id": "S049", "name": "service/driveway", "source": "massdot", "named_in_massdot": false, "jurisdiction": "unaccepted/private", "surface": "unknown", "category": "driveway", "required": false, "length_mi": 0.029}, "geometry": {"type": "LineString", "coordinates": [[-72.42761483407473, 42.43584318535731], [-72.42760577785725, 42.43584044662906], [-72.42759096290378, 42.43583381271022], [-72.4275758694079, 42.43582774373066], [-72.42755380241897, 42.4358251098093], [-72.42753053712042, 42.435825297222216], [-72.42750777660956, 42.435827166855404], [-72.42746751536761, 42.43583368262994], [-72.42742836649163, 42.435844687407496], [-72.42739240382994, 42.435859045393734], [-72.42736317258687, 42.43587334915456], [-72.42733607192332, 42.43588988563742], [-72.42731850846181, 42.43590971968889], [-72.42731617683484, 42.43591929531636], [-72.4273143885355, 42.4359266373868], [-72.42731542883097, 42.435945758913824], [-72.42731958805071, 42.43596373082835], [-72.42732531747261, 42.43597887841149], [-72.42733351755271, 42.43599400519624], [-72.42734377709775, 42.43600742910302], [-72.42736530053793, 42.43602469847064], [-72.42739200357889, 42.436039114431665], [-72.4274192707055, 42.436052958644446]]}}, {"type": "Feature", "properties": {"seg_id": "S050", "name": "service/driveway", "source": "massdot", "named_in_massdot": false, "jurisdiction": "unaccepted/private", "surface": "unknown", "category": "driveway", "required": false, "length_mi": 0.025}, "geometry": {"type": "LineString", "coordinates": [[-72.4274192707055, 42.436052958644446], [-72.42743843420229, 42.43606462363541], [-72.42745796975132, 42.43607571752733], [-72.42747915137201, 42.436082862877775], [-72.42749465156173, 42.43608442521577], [-72.42751078348687, 42.43608373257439], [-72.42752565836062, 42.436081363765645], [-72.42753402009373, 42.43607744485918], [-72.4275500844526, 42.436069914859885], [-72.4275702365751, 42.436052304406964], [-72.42758694688193, 42.436032478090695], [-72.42760049568656, 42.43601098464748], [-72.4276100241257, 42.43598727460246], [-72.42761935932793, 42.43596356611319], [-72.42762702205576, 42.43594887785394], [-72.42763458895293, 42.435933623167344], [-72.42763949317971, 42.43591839083178], [-72.4276409228761, 42.43590599817349], [-72.42764074116327, 42.43589362209852], [-72.4276384679009, 42.435881259272335], [-72.4276292299137, 42.43586614087001], [-72.42761751396301, 42.43585104152947], [-72.42761483407473, 42.43584318535731]]}}, {"type": "Feature", "properties": {"seg_id": "S051", "name": "service/driveway", "source": "massdot", "named_in_massdot": false, "jurisdiction": "unaccepted/private", "surface": "unimproved/other", "category": "driveway", "required": false, "length_mi": 0.122}, "geometry": {"type": "LineString", "coordinates": [[-72.41830769574617, 42.42213395131689], [-72.41811490928778, 42.42212254515137], [-72.41791250745257, 42.42210277935774], [-72.41776663271592, 42.422072993996], [-72.41763109774529, 42.42202905676901], [-72.41748647290636, 42.421973939661065], [-72.4173436962808, 42.4219351258997], [-72.41721653034983, 42.4218860599125], [-72.41710762930661, 42.421845851452595], [-72.41702155221151, 42.42182177843392], [-72.4169763178672, 42.42180525870405], [-72.41690640582044, 42.421796246092384], [-72.41683558561716, 42.42179624744725], [-72.4167071000132, 42.42180627294439], [-72.41664835538215, 42.4218208099829], [-72.41657526096337, 42.421854027591394], [-72.41650209919784, 42.42190187764745], [-72.41643804062417, 42.42196878873255], [-72.41637708463227, 42.42204017036715], [-72.41634610253222, 42.422090500743124], [-72.41633021484223, 42.42219922528639]]}}, {"type": "Feature", "properties": {"seg_id": "S052", "name": "service/driveway", "source": "massdot", "named_in_massdot": false, "jurisdiction": "unaccepted/private", "surface": "unimproved/other", "category": "driveway", "required": false, "length_mi": 0.067}, "geometry": {"type": "LineString", "coordinates": [[-72.42255194695639, 42.4214596653168], [-72.42257920564572, 42.4215838051138], [-72.42269497000648, 42.42211350139624], [-72.4227294638104, 42.42223927034795], [-72.42273323495478, 42.42231520175452], [-72.42273003512939, 42.42234955112714], [-72.42271039549536, 42.422382911373475], [-72.42267331400328, 42.42241190352001]]}}, {"type": "Feature", "properties": {"seg_id": "S053", "name": "LADYSLIPPER LANE", "source": "massdot", "named_in_massdot": true, "jurisdiction": "unaccepted/private", "surface": "gravel", "category": "road", "required": true, "length_mi": 0.133}, "geometry": {"type": "LineString", "coordinates": [[-72.42023613313637, 42.47979876209039], [-72.42017351166875, 42.47981156575566], [-72.41999804109301, 42.479839974238836], [-72.4197965660351, 42.479864091215525], [-72.41954669417375, 42.4798857815213], [-72.41918182586656, 42.47991964159777], [-72.41881563879619, 42.479947320537214], [-72.41848712267516, 42.47997807147621], [-72.41819320151818, 42.47999616932194], [-72.41799930641929, 42.48001234508001], [-72.4178804925892, 42.48004255329362], [-72.41779106788033, 42.48007421356997], [-72.4176747372607, 42.480118465444924]]}}, {"type": "Feature", "properties": {"seg_id": "S054", "name": "TOWN FARM ROAD", "source": "massdot", "named_in_massdot": true, "jurisdiction": "DCR", "surface": "unimproved", "category": "road", "required": true, "length_mi": 1.004}, "geometry": {"type": "LineString", "coordinates": [[-72.39762233578577, 42.434016939271274], [-72.39749792683611, 42.434158206588926], [-72.39722015153637, 42.435367454515635], [-72.39703558245948, 42.43564193835638], [-72.39666366601195, 42.43669618718226], [-72.39650950430533, 42.43744928658961], [-72.39647770640008, 42.43817742173006], [-72.39647582657946, 42.44039264610309], [-72.3963531379563, 42.44078601524516], [-72.39638233232441, 42.4424343345055], [-72.39666011041082, 42.443503413633266], [-72.39678254412412, 42.44377619063691], [-72.39687607457297, 42.44416547038138], [-72.39712172793921, 42.44476555119964], [-72.39718284645787, 42.44482956337969], [-72.3972454050833, 42.445011218638456], [-72.39730618875546, 42.445084493950766], [-72.39730662450695, 42.44514760499609], [-72.39792282891449, 42.44586381991873], [-72.39903462938997, 42.446726750456214], [-72.3993732853205, 42.44713949844423], [-72.39937410287688, 42.44722970671155], [-72.39946663287566, 42.447303761109374], [-72.39969261899478, 42.447742722773555]]}}, {"type": "Feature", "properties": {"seg_id": "S055", "name": "TOWN FARM ROAD", "source": "massdot", "named_in_massdot": true, "jurisdiction": "town", "surface": "gravel", "category": "road", "required": true, "length_mi": 0.319}, "geometry": {"type": "LineString", "coordinates": [[-72.39969261899478, 42.447742722773555], [-72.39967754013657, 42.447779597517766], [-72.39966317435083, 42.44781797380775], [-72.3996509989049, 42.44785633298515], [-72.39963950885452, 42.44790312721065], [-72.3996308723111, 42.447950460937435], [-72.39962481337126, 42.44799833722162], [-72.39962037412378, 42.44807996156686], [-72.39962277653377, 42.44816209516076], [-72.39962794375413, 42.44824476894908], [-72.39964629877099, 42.44839993168552], [-72.39967482485717, 42.448555573151445], [-72.39970324346078, 42.44871065725307], [-72.39971778235515, 42.449031278949015], [-72.39970232600992, 42.44920639735189], [-72.39969136714562, 42.449330273711034], [-72.39971733117744, 42.44956640390233], [-72.39972921383648, 42.44976043938065], [-72.39977317574873, 42.4499395933072], [-72.39985786705991, 42.45012461951674], [-72.39988952920649, 42.45024028874785], [-72.39990616132428, 42.45038758262939], [-72.39989484289426, 42.4507264159985], [-72.39990626951386, 42.45103524257963], [-72.3999040376737, 42.45129184719662], [-72.3998805246295, 42.45146815386037], [-72.39989538943117, 42.451611525358075], [-72.39991912935193, 42.45173119349396], [-72.399953966102, 42.45184289721086], [-72.39996209435272, 42.45200714186936], [-72.39994632531997, 42.45216031758939], [-72.39993286729022, 42.452335420270295]]}}, {"type": "Feature", "properties": {"seg_id": "S056", "name": "LAKE DRIVE", "source": "massdot", "named_in_massdot": true, "jurisdiction": "unaccepted/private", "surface": "gravel", "category": "road", "required": true, "length_mi": 0.138}, "geometry": {"type": "LineString", "coordinates": [[-72.43638777092504, 42.50098326136886], [-72.43589938127322, 42.500719952677876], [-72.43548560653171, 42.500481914649754], [-72.43489937800838, 42.5001389313164], [-72.43475654965675, 42.500054679891946], [-72.43426939395334, 42.49974284788506]]}}, {"type": "Feature", "properties": {"seg_id": "S057", "name": "WATSONS STRAIGHTS", "source": "massdot", "named_in_massdot": true, "jurisdiction": "unknown", "surface": "unknown", "category": "road", "required": true, "length_mi": 0.165}, "geometry": {"type": "LineString", "coordinates": [[-72.42538803949746, 42.50561129364443], [-72.4257379866776, 42.50547428612139], [-72.42593110489473, 42.50533982568027], [-72.42609333440573, 42.505172829563726], [-72.42616022013559, 42.505049578679554], [-72.42618664174863, 42.50465632805179], [-72.42615641119174, 42.50446187036442], [-72.4260491219672, 42.50402684237821], [-72.42597743545086, 42.50350149197961]]}}, {"type": "Feature", "properties": {"seg_id": "S058", "name": "COOLEYVILLE ROAD", "source": "massdot", "named_in_massdot": true, "jurisdiction": "town", "surface": "gravel", "category": "road", "required": true, "length_mi": 0.201}, "geometry": {"type": "LineString", "coordinates": [[-72.38133516054975, 42.46462684791365], [-72.38114180744437, 42.46471474268859], [-72.38103738832486, 42.46476111111471], [-72.38093239305199, 42.464806372875394], [-72.38083613394892, 42.464845935439456], [-72.38072851361805, 42.46488783374128], [-72.38062070700693, 42.464929725262266], [-72.38051356907818, 42.46497275315495], [-72.38040837307999, 42.46501744967325], [-72.3803876946191, 42.46502716353054], [-72.3802879300109, 42.46507969608575], [-72.380190579995, 42.465136141729936], [-72.38009137554545, 42.465188668930686], [-72.37998593125744, 42.465229992614525], [-72.37997523817063, 42.4652328904463], [-72.37986041481166, 42.46526190468192], [-72.3797397634632, 42.46528195126952], [-72.37961708613706, 42.465294135543274], [-72.37949590324273, 42.46529619426631], [-72.37941530956422, 42.46529343069542], [-72.3792932697038, 42.46528311027123], [-72.37917173415063, 42.465266038094164], [-72.37905311553504, 42.4652416087581], [-72.37894009903428, 42.465209840498105], [-72.37892863955562, 42.465205990902994], [-72.37882037499632, 42.46516686590248], [-72.37871402070665, 42.46512266022175], [-72.37861027513839, 42.46507393122885], [-72.37850923310471, 42.46502181168983], [-72.3784114792211, 42.464967418031854], [-72.37831713052806, 42.46491129675538], [-72.37825726754656, 42.46486955232924], [-72.37817878850274, 42.46480038069197], [-72.37810689524609, 42.46472665548253], [-72.3779885513825, 42.46459646610478], [-72.37798458560779, 42.46459196960373]]}}, {"type": "Feature", "properties": {"seg_id": "S059", "name": "NEW BOSTON ROAD", "source": "massdot", "named_in_massdot": true, "jurisdiction": "DCR", "surface": "gravel", "category": "road", "required": true, "length_mi": 0.231}, "geometry": {"type": "LineString", "coordinates": [[-72.38716936604253, 42.463730342535825], [-72.38717987296353, 42.46414146679976], [-72.38728408442208, 42.464516716929325], [-72.38746587135748, 42.46477903833991], [-72.38768179446647, 42.46512412430497], [-72.38777021708279, 42.465313910438034], [-72.3879655364522, 42.46560054841163], [-72.3881533585398, 42.466334094600214], [-72.38826377427796, 42.46663849234851], [-72.38848403081181, 42.4668898729677]]}}, {"type": "Feature", "properties": {"seg_id": "S060", "name": "NEW BOSTON ROAD", "source": "massdot", "named_in_massdot": true, "jurisdiction": "DCR", "surface": "gravel", "category": "road", "required": true, "length_mi": 0.612}, "geometry": {"type": "LineString", "coordinates": [[-72.38848403081181, 42.4668898729677], [-72.38865964596955, 42.46706361228286], [-72.38867295428001, 42.46710458510073], [-72.38868786818513, 42.4671449837412], [-72.38870126224907, 42.46718539410391], [-72.38871329607326, 42.46723707056045], [-72.38872304520862, 42.46728876103905], [-72.3887345124776, 42.46734044276321], [-72.38874849694866, 42.467382534833845], [-72.3887638128537, 42.46742461753112], [-72.388775239186, 42.467466733834776], [-72.3887789672586, 42.46749539956515], [-72.38878089102273, 42.46752408461708], [-72.38878347980734, 42.467552759136396], [-72.3887977760422, 42.467630300967414], [-72.38881710979142, 42.46770780483057], [-72.38883700896885, 42.46778530342645], [-72.38885186050672, 42.467848206521076], [-72.38886709027042, 42.46791111029593], [-72.38888431294278, 42.46797399959161], [-72.38889846075534, 42.46802059459957], [-72.38891383359666, 42.46806661746313], [-72.3889314911479, 42.4681126226952], [-72.38895166735308, 42.46815579233887], [-72.38897402857205, 42.46819894511813], [-72.38899761306679, 42.46824096847508], [-72.38902056143002, 42.46827848801391], [-72.3890442539978, 42.46831488182684], [-72.38906549048943, 42.46835241996883], [-72.38907950235695, 42.46838269349092], [-72.38909182420757, 42.46841410903493], [-72.38910223282663, 42.468444977553276], [-72.38911276293688, 42.46849103776117], [-72.38911920759087, 42.46853712949802], [-72.38912498714859, 42.468583226367066], [-72.38913054812822, 42.46862088097235], [-72.38913545684466, 42.4686591069022], [-72.38913788690091, 42.46869678927159], [-72.38913540553882, 42.46874294989447], [-72.38912902587315, 42.46878913610142], [-72.38912312048303, 42.46883532404889], [-72.38911796993757, 42.4688944444358], [-72.38911356417974, 42.46895300088514], [-72.38910916444269, 42.46901155368572], [-72.38910514266759, 42.46906335399095], [-72.38910112205107, 42.469115150685184], [-72.3890966272167, 42.46916695103828], [-72.38909281031769, 42.469199620106245], [-72.38908889973762, 42.46923228629551], [-72.38908689328444, 42.46926493688936], [-72.3890868847768, 42.469284629298], [-72.38908744781924, 42.46930432179726], [-72.3890893373775, 42.46932399955774], [-72.38911264684427, 42.469400347282765], [-72.38915557591102, 42.46947372743192], [-72.38920860935708, 42.469542529858124], [-72.38925370685001, 42.46958775694325], [-72.38930429254702, 42.469631258978985], [-72.38935307928081, 42.46967533216777], [-72.38939896866901, 42.469722806542954], [-72.38944297588432, 42.46977141991011], [-72.38948575941006, 42.4698206098994], [-72.38953013172575, 42.46987484461093], [-72.38957298731737, 42.4699296582078], [-72.38961679443501, 42.46998390175133], [-72.38965599586068, 42.470028616018574], [-72.38969575598092, 42.47007275876659], [-72.38973401272867, 42.470117480302434], [-72.38977477538718, 42.470171747297066], [-72.38981336768772, 42.470227155519034], [-72.38985186156417, 42.470282564488016], [-72.38987753725768, 42.47031781382237], [-72.3899032062666, 42.470352500512774], [-72.38992765095716, 42.47038832653559], [-72.39002796113162, 42.47058955545224], [-72.39009657852526, 42.470800037572076], [-72.39016871407739, 42.47101048705836], [-72.39020743731464, 42.471102466256546], [-72.39024693408199, 42.47119444396476], [-72.39028623027914, 42.471286419606834], [-72.39031344265665, 42.47134979324604], [-72.39034056331252, 42.47141373027664], [-72.3903671185969, 42.4714776716695], [-72.39039568313873, 42.4715494751814], [-72.39042330171834, 42.47162128599637], [-72.39045081150057, 42.47169253495518], [-72.390524678879, 42.47187765517486], [-72.39059768507225, 42.47206221480768], [-72.39066064898486, 42.47224910187982], [-72.3906877973901, 42.47234849074355], [-72.39071219524955, 42.47244789636206], [-72.3907351754567, 42.47254844191377], [-72.39075410513931, 42.472637199595816], [-72.39077170401501, 42.472726531152006], [-72.39079054202807, 42.4728158522229], [-72.39081641530466, 42.472925940202295], [-72.39084380681426, 42.47303545374487], [-72.3908594283727, 42.47309891775778], [-72.39087082082064, 42.473145528385466], [-72.39089065563086, 42.47322471511682], [-72.39091038890723, 42.473303339039006], [-72.39092642686862, 42.47338311781072], [-72.39093692152849, 42.473480381013374], [-72.39094210046328, 42.47357824800828], [-72.39095099073634, 42.47367608990223], [-72.39096281722699, 42.47374689820051], [-72.39097664402624, 42.47381768652631], [-72.39098980331397, 42.473888483612654], [-72.391004209786, 42.47398009325537], [-72.39101738319157, 42.47407170792881], [-72.39103017000379, 42.47416333009013], [-72.3910382779394, 42.47423303725085], [-72.39104619747255, 42.474302750368395], [-72.39105763621605, 42.47437243716789], [-72.39107005453519, 42.474424668522246], [-72.39108466422152, 42.47447688742821], [-72.39110012753373, 42.47452909612858], [-72.39111183288554, 42.47456389502802], [-72.39112381908974, 42.47459868725231], [-72.3911332535655, 42.474634066402025], [-72.39113878343268, 42.474689729860195], [-72.39113758564088, 42.47474600804145], [-72.39113524112632, 42.47480229509107], [-72.39113324189942, 42.47484901015242], [-72.39113029056385, 42.47489573617836], [-72.39112952931984, 42.47494244616497], [-72.3911316166804, 42.47498969680809], [-72.39113571600463, 42.475037493678144], [-72.39114321838639, 42.47508470153766], [-72.39115784538386, 42.47513804567142], [-72.39117674794626, 42.47519135223105], [-72.39119602513267, 42.475244659490635], [-72.39121032827528, 42.47528168813751], [-72.39122833270213, 42.475332189089286], [-72.39122898933803, 42.47537870894411]]}}, {"type": "Feature", "properties": {"seg_id": "S061", "name": "NEW BOSTON ROAD", "source": "massdot", "named_in_massdot": true, "jurisdiction": "DCR", "surface": "gravel", "category": "road", "required": true, "length_mi": 0.806}, "geometry": {"type": "LineString", "coordinates": [[-72.39122898933803, 42.47537870894411], [-72.39122954788002, 42.4754385270253], [-72.39122057788384, 42.47549655248276], [-72.39121085078175, 42.475561340564866], [-72.39120026994142, 42.47562613164728], [-72.39119386742028, 42.475690889508726], [-72.39119390900481, 42.475740967610264], [-72.39119661374684, 42.47579102511217], [-72.39119854565335, 42.47584052590213], [-72.39119822589609, 42.47590524211262], [-72.39119685417252, 42.47596996105687], [-72.39119614699767, 42.47603411307123], [-72.39119720944605, 42.47610275020771], [-72.3911993177726, 42.4761713837549], [-72.39120124670806, 42.47624057687581], [-72.39120265344566, 42.476319905136435], [-72.39120386562908, 42.476399235800585], [-72.39120717186988, 42.47647854936566], [-72.39121004971969, 42.47653423330848], [-72.3912139752551, 42.47659047183561], [-72.3912214030175, 42.47664555879502], [-72.39123861556556, 42.47671351281228], [-72.39123912037196, 42.476715758762815], [-72.39126281168565, 42.47678534982799], [-72.39128753601781, 42.47685436660647], [-72.39130885273275, 42.47691047059616], [-72.3913309124317, 42.47696544345605], [-72.39134767014902, 42.47702158270508], [-72.39135422533137, 42.47708230418998], [-72.39135499743472, 42.477143628599165], [-72.39135918127926, 42.477204368426676], [-72.39137101952892, 42.4772622328928], [-72.3913862842036, 42.47732063713929], [-72.39140106785563, 42.477378478814494], [-72.39141422143516, 42.477428455455076], [-72.3914270892426, 42.477478433404315], [-72.3914353043978, 42.47752845274954], [-72.39143680317964, 42.477580768509306], [-72.39143326499946, 42.47763312863946], [-72.3914269735092, 42.47768550466822], [-72.39142043868276, 42.47772719329275], [-72.3914120839911, 42.477768337808435], [-72.39140268826262, 42.477809486775676], [-72.39137361579681, 42.477917183433384], [-72.3913367309507, 42.47802381513755], [-72.39128955214942, 42.47812771481086], [-72.39126587306251, 42.47816672439328], [-72.39124076746096, 42.478205745004196], [-72.39122013527981, 42.47824529279678], [-72.39120716049115, 42.47828871837838], [-72.39119906059346, 42.4783337979202], [-72.39119094544597, 42.47837831489015], [-72.39117841827655, 42.47843355166527], [-72.39116609730257, 42.47848935313311], [-72.3911554825045, 42.47854514140291], [-72.39114767811166, 42.478591343129], [-72.39114130814376, 42.47863809644873], [-72.39113750480175, 42.47868539260593], [-72.39113651161512, 42.47872928729614], [-72.39113788991985, 42.478773169046704], [-72.39114288121866, 42.47881701745215], [-72.39115518918723, 42.4788675678344], [-72.39117242780877, 42.47891751289012], [-72.3911902319382, 42.47896745266862], [-72.39121644404581, 42.47904039944301], [-72.39124426998944, 42.47911333282751], [-72.39127096328365, 42.47918684215553], [-72.3912912904684, 42.479246889893204], [-72.39131086440628, 42.479307510643444], [-72.3913302461708, 42.47936812837466], [-72.39135281617465, 42.47943885343281], [-72.39137519286524, 42.47950957998111], [-72.3913974838951, 42.47958086897499], [-72.39141994638403, 42.47965103216056], [-72.39144232136154, 42.47972119601785], [-72.39146373801441, 42.47979136278262], [-72.39148586748391, 42.479871093332314], [-72.3915068526276, 42.47995083273016], [-72.39152755081626, 42.48003057434318], [-72.39155197392536, 42.48012491792914], [-72.39157611131476, 42.48021926371901], [-72.39160063494155, 42.48031416920182], [-72.39162610415211, 42.48040850467234], [-72.39165194608229, 42.4805022700615], [-72.39167769515892, 42.48059660335151], [-72.391696344412, 42.480665671501754], [-72.39171480634279, 42.48073473569579], [-72.39173364174832, 42.48080380239752], [-72.3917525530913, 42.48087118134294], [-72.39177157208266, 42.48093911763808], [-72.39179057713783, 42.48100649494992], [-72.39180699052716, 42.4810654483904], [-72.39182330358425, 42.48112384081638], [-72.39183858363958, 42.48118280752405], [-72.39185325762858, 42.481253026383065], [-72.39186632581747, 42.48132382485778], [-72.39188242527487, 42.48139403717946], [-72.3918969986822, 42.481443440044394], [-72.39191299810723, 42.48149339455745], [-72.39193080297345, 42.4815427769061], [-72.39195442475788, 42.48160054914637], [-72.39198021494786, 42.48165718102008], [-72.3920072536116, 42.48171436501084], [-72.39202513958271, 42.48174967860996], [-72.3920433113098, 42.481784985492446], [-72.39206063052237, 42.481820298971684], [-72.39207590391233, 42.481852253957754], [-72.39209052493783, 42.48188478028154], [-72.39210162754357, 42.48191733024147], [-72.39210918035751, 42.48196791190373], [-72.39210943744958, 42.482019675424716], [-72.39210854831606, 42.4820708896324], [-72.3921079559419, 42.482123221516375], [-72.39210612921124, 42.48217556745745], [-72.3921053416052, 42.482227339063584], [-72.39210470472158, 42.48226954920569], [-72.39210462656276, 42.48231118783213], [-72.39210845541393, 42.482353357998214], [-72.39211588418543, 42.48238818534781], [-72.39212598076755, 42.482423559231975], [-72.39213738826328, 42.48245779398829], [-72.39215485086451, 42.48250323742567], [-72.39217467032513, 42.48254753453505], [-72.39219458837532, 42.48259183447856], [-72.39221523163054, 42.482640627607026], [-72.39223625250995, 42.48268885601967], [-72.39225821961512, 42.48273707710136], [-72.39228527381323, 42.48278919940438], [-72.39231366701675, 42.48284130683037], [-72.39233930996372, 42.48289400273619], [-72.39235823982892, 42.48294281000535], [-72.39237479813603, 42.48299163473639], [-72.39239145620927, 42.48304045959234], [-72.39241781278736, 42.483116782849905], [-72.39244434870623, 42.483192537521894], [-72.39246709331799, 42.483268889640044], [-72.39248546074668, 42.48335146072071], [-72.39249984588679, 42.48343462983021], [-72.39251119171173, 42.48351781797522], [-72.39251904732728, 42.483589781191654], [-72.39252453808626, 42.483662324510696], [-72.39252822093081, 42.483734320043595], [-72.3925300977727, 42.48380013909569], [-72.3925304537131, 42.48386540813901], [-72.39252948589657, 42.48393125282307], [-72.39252498912236, 42.48401006486018], [-72.39251840525141, 42.484088888559036], [-72.39251504617229, 42.484167129092704], [-72.39251502812837, 42.48424646912343], [-72.39251815100289, 42.484326346612946], [-72.39252734028975, 42.48440505173906], [-72.39254349626657, 42.48447863781235], [-72.39256504801423, 42.48455162030137], [-72.3925899242965, 42.48462401344605], [-72.39260049887086, 42.48465263041625], [-72.39261145292951, 42.48468124534621], [-72.39262306733207, 42.484709849758055], [-72.39264879577404, 42.4847619822271], [-72.39267689639571, 42.484813529124565], [-72.39270167263048, 42.484865669857676], [-72.3927154934576, 42.484908887949594], [-72.39272722725316, 42.48495212220769], [-72.3927421786159, 42.484994773351204], [-72.39277879532848, 42.48505751160351], [-72.39282346396644, 42.48511849489468], [-72.39286510930002, 42.48518063147023], [-72.39289211661463, 42.485228813357836], [-72.39291742619699, 42.48527813286905], [-72.39293989971017, 42.48532860332713], [-72.39296448783182, 42.4854004368274], [-72.39298367665884, 42.48547399932426], [-72.39300248484707, 42.48554756476655], [-72.39302434350434, 42.48563461287075], [-72.3930461949117, 42.485721660125144], [-72.39307410132562, 42.485806974186104], [-72.39311036569916, 42.485884903122155], [-72.3931523124462, 42.485961668031145], [-72.39319331426854, 42.486038440248066], [-72.39322004378657, 42.48609393914538], [-72.39324620171271, 42.486149442466626], [-72.39327369269917, 42.48620493544822], [-72.39337571469738, 42.486370134724346], [-72.3934882540655, 42.48653300611367], [-72.39358441560002, 42.4866999423013], [-72.39359800230906, 42.48673359640097]]}}, {"type": "Feature", "properties": {"seg_id": "S062", "name": "NEW BOSTON ROAD", "source": "massdot", "named_in_massdot": true, "jurisdiction": "DCR", "surface": "gravel", "category": "road", "required": true, "length_mi": 0.61}, "geometry": {"type": "LineString", "coordinates": [[-72.39359800230906, 42.48673359640097], [-72.39362459000093, 42.48679922377512], [-72.39365946974957, 42.48690023885673], [-72.39369521066475, 42.48700124274597], [-72.39372349101069, 42.48707248474335], [-72.39375224389504, 42.48714316128088], [-72.39377900524362, 42.48721441504368], [-72.39381118682242, 42.487312634860004], [-72.39383966565748, 42.48741144967399], [-72.3938658792465, 42.48751083933519], [-72.39389293859652, 42.487629920090725], [-72.39391630795414, 42.48775015393468], [-72.39394081030959, 42.48786981629454], [-72.39397599088275, 42.488025409606585], [-72.39401288600388, 42.48818154868803], [-72.39405376461195, 42.488336535975456], [-72.39407584641674, 42.488412887442934], [-72.3940989676022, 42.48848867265532], [-72.39412219041621, 42.48856501615958], [-72.39414645935604, 42.4886413551426], [-72.3941709284361, 42.48871825075236], [-72.39419178642112, 42.48879517797626], [-72.39420936479465, 42.48888901216233], [-72.39422191134456, 42.48898288448771], [-72.39423227404923, 42.48907733194108], [-72.39424422297381, 42.48920947253127], [-72.39425208021652, 42.48934164126493], [-72.39425643400716, 42.48947440346779], [-72.39425628762247, 42.48959819759068], [-72.39425319836057, 42.48972257363115], [-72.39425201390074, 42.4898469384881], [-72.3942534794197, 42.48990994447701], [-72.39425551977105, 42.48997351229275], [-72.39425689357905, 42.49003708527952], [-72.39425703127961, 42.49011361146146], [-72.39425610883309, 42.49018957957982], [-72.39425529292873, 42.49026611315824], [-72.39425260029049, 42.49041805956656], [-72.39424953489595, 42.49057057154807], [-72.3942499822788, 42.49072305626608], [-72.39425462797107, 42.490849625699006], [-72.39426165473022, 42.49097673843843], [-72.39426991180216, 42.49110327984], [-72.39427715881806, 42.49119888039138], [-72.39428477733591, 42.49129391176916], [-72.39429106280407, 42.491388957089555], [-72.39429662516628, 42.491499764152664], [-72.39430000053665, 42.49161058818306], [-72.39429815286896, 42.49172145273981], [-72.39429174967516, 42.4918199708306], [-72.39428126800635, 42.49191852146595], [-72.39426440827776, 42.49201656250214], [-72.39424817017814, 42.49208420911916], [-72.39422897079474, 42.49215132052404], [-72.3942071055817, 42.492217886320184], [-72.39418150604104, 42.49228954616556], [-72.39415277429627, 42.49236123120468], [-72.39411888663308, 42.49243126367328], [-72.39408508678017, 42.49248723188101], [-72.39404746490217, 42.49254210525367], [-72.39401060927615, 42.492596972668814], [-72.39397889026584, 42.49264560977262], [-72.39394745219009, 42.49269424468761], [-72.39391944734629, 42.49274341475013], [-72.39389540277574, 42.49279030514242], [-72.39387431408564, 42.49283829707633], [-72.39386103034276, 42.49288679115877], [-72.39385776539707, 42.49292451738915], [-72.3938590662055, 42.49296277089478], [-72.39386321263578, 42.49300043604204], [-72.39386858140678, 42.49303078038309], [-72.39387567689087, 42.49306167311781], [-72.39388437249005, 42.493091991655064], [-72.39390136606507, 42.493137434770055], [-72.39392176372948, 42.493182293293884], [-72.39394284325778, 42.49322770831132], [-72.39399320855904, 42.4933280358501], [-72.39404689782808, 42.49342778029552], [-72.3940981253968, 42.49352866828488], [-72.39414300048367, 42.493630162818626], [-72.39418532146846, 42.49373280702409], [-72.3942289665791, 42.49383487825197], [-72.39426667374127, 42.493913924486264], [-72.39430523182038, 42.49399240231832], [-72.39434018644695, 42.49407146988511], [-72.39437603091713, 42.49416628215674], [-72.39440675027268, 42.49426170047632], [-72.394429602095, 42.49435830431548], [-72.39443790467178, 42.4944145130344], [-72.3944435469044, 42.494470737896535], [-72.39444824277695, 42.49452697010208], [-72.39445275644594, 42.49459051864489], [-72.39445603054463, 42.494654073205325], [-72.39445713162398, 42.494718210016295], [-72.39445757727981, 42.49476322327443], [-72.39445688801683, 42.49480824533991], [-72.39445277446595, 42.49485328947819], [-72.39444331833175, 42.49489725510661], [-72.39443026582202, 42.49494180592792], [-72.39441729784598, 42.49498579880649], [-72.3943967438232, 42.49505798217161], [-72.39437591793485, 42.49513072942709], [-72.39435603839154, 42.49520347023387], [-72.39434138664178, 42.49526266419622], [-72.39432730056795, 42.49532185826765], [-72.39431255509857, 42.49538105295124]]}}, {"type": "Feature", "properties": {"seg_id": "S063", "name": "NEW BOSTON ROAD", "source": "massdot", "named_in_massdot": true, "jurisdiction": "DCR", "surface": "gravel", "category": "road", "required": true, "length_mi": 0.7}, "geometry": {"type": "LineString", "coordinates": [[-72.39431255509857, 42.49538105295124], [-72.39429122784816, 42.49545887095181], [-72.39428210237173, 42.49549270113727], [-72.39424937603313, 42.49560436785207], [-72.3942156891378, 42.49571547931962], [-72.39418170103235, 42.49583221637147], [-72.39414658102935, 42.495949529377626], [-72.39410344544497, 42.49606465020363], [-72.39406015731231, 42.49614882895188], [-72.39401218610134, 42.49623135144631], [-72.39397165852448, 42.496316071429156], [-72.39394429370805, 42.496403500034035], [-72.39392426481345, 42.49649255979173], [-72.39390681053501, 42.49658216136125], [-72.39389180097514, 42.49666330367343], [-72.3938787006666, 42.49674499386056], [-72.39386731188125, 42.49682667077074], [-72.39385660755846, 42.496910034029014], [-72.39384742858647, 42.49699338095335], [-72.39384158464881, 42.49707726919894], [-72.39384076424015, 42.49714029639964], [-72.39384184998056, 42.4972033052157], [-72.39384102957052, 42.49726633241432], [-72.39383986851989, 42.49731192078734], [-72.39383776105485, 42.497357516499314], [-72.3938306008434, 42.49740258330692], [-72.39380313470804, 42.49746975953891], [-72.39376348104442, 42.49753533771067], [-72.3937225809618, 42.49760036284581], [-72.39369978669994, 42.49763542522064], [-72.39367671267462, 42.497670493360864], [-72.39365935366662, 42.497706637155], [-72.39365084035653, 42.49774946549396], [-72.39364946185445, 42.49779336838658], [-72.39364952431481, 42.49783782189197], [-72.39365088350844, 42.49794077927709], [-72.39365938660679, 42.498044247557], [-72.39367138890276, 42.49814712691706], [-72.39369036098454, 42.49827189788163], [-72.39371446422703, 42.49839662455185], [-72.39374017272898, 42.498520780582034], [-72.39375668525508, 42.49859942945877], [-72.39377367103855, 42.49867807466202], [-72.39379170297408, 42.4987567063473], [-72.39381418877694, 42.49884769068052], [-72.39383780645994, 42.49893809814247], [-72.39386237192863, 42.49902850274935], [-72.39389045872049, 42.49912562956872], [-72.39391940631154, 42.49922331058864], [-72.39394578717625, 42.49932101240661], [-72.39396379569224, 42.4993979624812], [-72.39398028476799, 42.49947491983506], [-72.39399488171412, 42.49955245814778], [-72.39400902723457, 42.499645193372714], [-72.39402071671444, 42.49973906851366], [-72.39403314945959, 42.49983181701644], [-72.39404703189729, 42.49992624142795], [-72.39406157427595, 42.500020098031136], [-72.39407773582464, 42.500113937569445], [-72.39409582445595, 42.50019651564541], [-72.39411513742733, 42.50027851613243], [-72.39412799988023, 42.50036112933848], [-72.39412695862991, 42.50047536618985], [-72.39411365346352, 42.500589693668616], [-72.39410291998722, 42.50070400029322], [-72.39410034410642, 42.50079742787268], [-72.39409948103788, 42.500890837662084], [-72.3940978576812, 42.500984256947795], [-72.39409521997658, 42.50107993484117], [-72.39409192354361, 42.501176178726425], [-72.39408615322091, 42.501271880913535], [-72.39407387906918, 42.50137157324388], [-72.39405912484499, 42.50147071942026], [-72.39405054941827, 42.50156981676657], [-72.39405046736324, 42.50165815811002], [-72.39405552592908, 42.501747023164484], [-72.39406598832107, 42.501834720931484], [-72.39408078412242, 42.50190606720807], [-72.3940992868213, 42.501977385628514], [-72.39411588441766, 42.50204871792236], [-72.39413248263924, 42.50214705820319], [-72.39414557793405, 42.50224599193859], [-72.39415629847177, 42.50234493959017], [-72.3941652534494, 42.50244052662323], [-72.39417201918843, 42.50253556885104], [-72.39417641451143, 42.50263119124924], [-72.39417824981687, 42.502707142221425], [-72.39417838738594, 42.5027836636454], [-72.3941768977868, 42.50285963950654], [-72.39417196016186, 42.50296095844609], [-72.3941640900728, 42.50306286641663], [-72.39415516695726, 42.503164220767175], [-72.3941467148827, 42.50327907230268], [-72.39413674017074, 42.503393373859964], [-72.39411877299003, 42.503507174723104], [-72.39409528430294, 42.503594011322974], [-72.39406694798352, 42.503680322830036], [-72.3940400313498, 42.50376662331647], [-72.3940166750015, 42.50384220246421], [-72.39399427435845, 42.503918341379745], [-72.39398176640192, 42.50399496085021], [-72.39398067804109, 42.50406586760455], [-72.39398743276051, 42.504133340121605], [-72.39398776767132, 42.504136711833695], [-72.39400453404802, 42.50420635654244], [-72.39402678503487, 42.50426076531503], [-72.39405519796433, 42.50431399641899], [-72.39408655696138, 42.5043666473818], [-72.39412353994297, 42.50442094186719], [-72.3941638380611, 42.50447408165383], [-72.39420262594452, 42.50452779942776], [-72.39423305325512, 42.50457539161153], [-72.39426224885973, 42.50462355602738], [-72.3942904979739, 42.50467172687817], [-72.39432548254969, 42.50473222813589], [-72.39435867516436, 42.50479386235349], [-72.39438769681503, 42.50485609610954], [-72.39441264500122, 42.50492623905312], [-72.39443238935347, 42.50499810952287], [-72.39444985502658, 42.50506999766939], [-72.39446211205018, 42.50512335852755], [-72.39447313417479, 42.505176725364905], [-72.39448225845418, 42.505230111428716], [-72.39448861426064, 42.505282956288916], [-72.39449317129139, 42.50533637238917], [-72.3944925130746, 42.50533877948594]]}}, {"type": "Feature", "properties": {"seg_id": "S064", "name": "service/driveway", "source": "massdot", "named_in_massdot": false, "jurisdiction": "unaccepted/private", "surface": "unimproved/other", "category": "driveway", "required": false, "length_mi": 0.098}, "geometry": {"type": "LineString", "coordinates": [[-72.47795536929301, 42.41788270107669], [-72.47790971684216, 42.41789547019698], [-72.47787140387149, 42.41792224183457], [-72.47783211609517, 42.41794789633278], [-72.47778509288304, 42.41797024210466], [-72.47773699863032, 42.417990905242696], [-72.47768843182264, 42.41801157777583], [-72.47764062209518, 42.418026052320265], [-72.47759252562253, 42.41804052927981], [-72.47755584610958, 42.418062783509505], [-72.47754664498062, 42.41807524292276], [-72.47753915702783, 42.418088245988386], [-72.47753177016496, 42.41810181449966], [-72.47751995280507, 42.418123299381655], [-72.47750794219351, 42.41814478140165], [-72.47749679807335, 42.418166822366814], [-72.47747537260939, 42.41821145967053], [-72.47745670392618, 42.41825663176226], [-72.47744374324311, 42.41830232258719], [-72.47743934621131, 42.41834343636667], [-72.47743941790414, 42.418385074903995], [-72.47743930256645, 42.41842671953064], [-72.47744089997556, 42.418474535748736], [-72.47744239027517, 42.418521790172456], [-72.47743321501056, 42.41856688164483], [-72.47741765253281, 42.418604154005486], [-72.4773954391858, 42.418640915630064], [-72.47736092638586, 42.4186620304888], [-72.4773450027311, 42.41866385289713], [-72.47732763515023, 42.41866400035304], [-72.47731026756938, 42.41866414780632], [-72.47676765771097, 42.418689575143006]]}}, {"type": "Feature", "properties": {"seg_id": "S065", "name": "service/driveway", "source": "massdot", "named_in_massdot": false, "jurisdiction": "unaccepted/private", "surface": "unimproved/other", "category": "driveway", "required": false, "length_mi": 0.11}, "geometry": {"type": "LineString", "coordinates": [[-72.48167229759333, 42.410915736413486], [-72.48184175626534, 42.41144941947679], [-72.48194931835047, 42.41171297663396], [-72.48210532320886, 42.412119601901004], [-72.4821197497839, 42.41213805165428], [-72.48213398920186, 42.41215649760071], [-72.48215085655958, 42.412172672103765], [-72.48218218511681, 42.41219153942733], [-72.48221867609887, 42.41220641745455], [-72.48225728148402, 42.41221678209225], [-72.48228362497352, 42.41221993170215], [-72.48231080386185, 42.41222195416939], [-72.48233807499392, 42.41222397044098], [-72.482368120036, 42.41222708844015], [-72.4823981753385, 42.41223133535438], [-72.4824281355916, 42.412235016766154], [-72.48245475978977, 42.41223816844274], [-72.48248130518581, 42.41224187808838], [-72.48250802171562, 42.41224502896454]]}}, {"type": "Feature", "properties": {"seg_id": "S066", "name": "BAKER ROAD", "source": "massdot", "named_in_massdot": true, "jurisdiction": "town", "surface": "gravel", "category": "road", "required": true, "length_mi": 0.371}, "geometry": {"type": "LineString", "coordinates": [[-72.44201730179972, 42.42237172380756], [-72.44194286742487, 42.42237176567532], [-72.44186852916913, 42.422371244908746], [-72.44179431204363, 42.42237298110631], [-72.44171026242495, 42.422377043087714], [-72.44162643226794, 42.42238335671406], [-72.44154240775987, 42.422389105567326], [-72.44143926913996, 42.42239276527621], [-72.44133620238861, 42.42239529530343], [-72.44123296297138, 42.42239838935013], [-72.4411294452325, 42.422402051880916], [-72.4410261229058, 42.42240627091962], [-72.44092273219455, 42.42241218212589], [-72.44086735677257, 42.422416570920156], [-72.44081189016825, 42.42242152853489], [-72.44075642833478, 42.4224264806819], [-72.44069581879616, 42.42243035486838], [-72.44063530881472, 42.42243422370782], [-72.4405749008101, 42.42243865798352], [-72.44051470145064, 42.42244421142129], [-72.4404547059936, 42.42245089216311], [-72.44039471889656, 42.42245813550527], [-72.44033503404634, 42.422466500846866], [-72.44027565265488, 42.42247598817853], [-72.44021656636141, 42.42248603576926], [-72.44015748112967, 42.42249664602082], [-72.44009870549175, 42.422508382714895], [-72.44004000887695, 42.422519551531884], [-72.4399812186982, 42.42253072198302], [-72.4399223433641, 42.4225424594005], [-72.43986355920498, 42.422553628841634], [-72.43980506291444, 42.42256536310411], [-72.43974638292873, 42.42257765703458], [-72.43968779303749, 42.42258939200112], [-72.43962900271814, 42.42260056137199], [-72.43957011882128, 42.4226117314764], [-72.43951123498383, 42.422622906951936], [-72.43945245067721, 42.42263407618299], [-72.43939356793297, 42.422645246187074], [-72.43933468401966, 42.42265642067201], [-72.43927588401125, 42.42266702814085], [-72.4392169076481, 42.42267819881782], [-72.43915760273678, 42.42268656044581], [-72.43909741144468, 42.42269268027495], [-72.43903680148215, 42.422696549086695], [-72.43897619765413, 42.42270042231805], [-72.43891568730886, 42.42270429025337], [-72.43885506775004, 42.42270759634768], [-72.43879444719684, 42.422710345120116], [-72.43873373528395, 42.42271365190355], [-72.43867310629545, 42.42271583347932], [-72.43861255414598, 42.42271688899696], [-72.43855196859613, 42.422715695756196], [-72.43849144320919, 42.42271225299438], [-72.43843136412592, 42.42270711396148], [-72.4383715373552, 42.422699162042385], [-72.43831223609418, 42.422688955009626], [-72.43825451633, 42.42267591975708], [-72.4381989935331, 42.422657804073076], [-72.438145232073, 42.4226368587091], [-72.43809258179172, 42.42261365346598], [-72.43804143471235, 42.42258987505115], [-72.43799150072522, 42.42256439863], [-72.43794251093786, 42.42253834729305], [-72.437893877595, 42.42251117393401], [-72.43784609366848, 42.42248342553283], [-72.4377998959455, 42.42245398239302], [-72.43777245648448, 42.42243450872492], [-72.43775643003073, 42.42242282438064], [-72.43771455860299, 42.42239052976483], [-72.43767221334748, 42.42235823809305], [-72.43762911831236, 42.422326515212475], [-72.43758555295132, 42.42229535884627], [-72.43754124265692, 42.422264770330045], [-72.43749560909474, 42.42223475527301], [-72.43744904089823, 42.42220587230839], [-72.43740256638067, 42.42217699396419], [-72.43735619145654, 42.42214810938854], [-72.4373099017992, 42.42211866230051], [-72.4372645551955, 42.42208864481617], [-72.43722108257255, 42.42205749115927], [-72.43717855184217, 42.422025197215916], [-72.43713639421718, 42.421992903820886], [-72.43709452339112, 42.42196060897623], [-72.43705302940988, 42.42192774744881], [-72.43701161462342, 42.42189432346239], [-72.43697068693629, 42.42186145819643], [-72.43692975095, 42.421828030283635], [-72.43688684254526, 42.42179630560815], [-72.43684160661125, 42.42176741245741], [-72.43679450019206, 42.42174078711049], [-72.43674814254625, 42.42171302755081], [-72.43670260331461, 42.421683011414146], [-72.43665781516492, 42.42165242644857], [-72.43661294190892, 42.42162240935959], [-72.4365678731931, 42.42159182754228], [-72.43652280798557, 42.42156180747851], [-72.43647726896992, 42.42153179125162], [-72.43643108083755, 42.421502904786514], [-72.43638442139351, 42.42147402663837], [-72.4363818327432, 42.42147236049549], [-72.43633786034042, 42.4214451431695], [-72.43629100652826, 42.421416262963454], [-72.43624416236277, 42.421387948961154], [-72.43619835247672, 42.421358496627235], [-72.43615431463883, 42.42132734356573], [-72.43611122106863, 42.421295620109035], [-72.43606802791182, 42.42126389744609], [-72.43602540706193, 42.421232170113576], [-72.43598287755128, 42.42119987932287], [-72.43593838394915, 42.42116985438445], [-72.43589060319046, 42.42114211055405], [-72.43584084993833, 42.421116065436976], [-72.43579090967134, 42.421090025420135], [-72.43574153564599, 42.42106398167937], [-72.43569188219954, 42.421037939288425], [-72.43565265916763, 42.42101720591587]]}}, {"type": "Feature", "properties": {"seg_id": "S067", "name": "BAKER ROAD", "source": "massdot", "named_in_massdot": true, "jurisdiction": "town", "surface": "paved (bituminous)", "category": "road", "required": true, "length_mi": 0.173}, "geometry": {"type": "LineString", "coordinates": [[-72.43565265916763, 42.42101720591587], [-72.43559322558542, 42.420985283756984], [-72.43554395133933, 42.42095923822089], [-72.43549485464536, 42.42093262491978], [-72.43544604601223, 42.42090601375878], [-72.43539741977897, 42.420878833893596], [-72.43534776055814, 42.42085279230267], [-72.43529633647586, 42.42082901402845], [-72.43524379062748, 42.42080636934446], [-72.4351907744374, 42.420784291157574], [-72.43513767312258, 42.42076278083942], [-72.43508409793216, 42.42074126984463], [-72.43506815681673, 42.42073520783301], [-72.43502996837026, 42.42072088782736], [-72.43497500262411, 42.42070164157738], [-72.43491939503609, 42.420683525913766], [-72.43486424563159, 42.420664838400754], [-72.43480965075084, 42.420645027261], [-72.43475533425203, 42.42062464663355], [-72.43470018502731, 42.42060596444297], [-72.43464403022821, 42.420589535788096], [-72.4345872107309, 42.42057367880357], [-72.43452985738327, 42.420559517825914], [-72.43447184873465, 42.42054648213715], [-72.43441346813921, 42.42053401213831], [-72.43435518017174, 42.42052098406026], [-72.43429706973593, 42.420507387310536], [-72.43423933838663, 42.42049378655476], [-72.43418123631795, 42.42048075237882], [-72.43412277795989, 42.42046885006583], [-72.43406412860303, 42.42045750657096], [-72.43400529344139, 42.420446169055545], [-72.4339463801624, 42.42043595754363], [-72.43388726655425, 42.420425180425454], [-72.43382843855339, 42.42041440546181], [-72.43377015905044, 42.42040193431823], [-72.43371196360938, 42.42038890066406], [-72.43365367590697, 42.420375871330144], [-72.43359484792543, 42.420365091745914], [-72.43353591210398, 42.42035375570842], [-72.43347736258761, 42.42034241110638], [-72.43342230317826, 42.42032935547751], [-72.4333675065775, 42.420315169591014], [-72.43331346104075, 42.42030041398909], [-72.43327609688112, 42.420290027421714], [-72.4332390902634, 42.420278508042536], [-72.43320321041735, 42.420265859519475], [-72.43318066025365, 42.420255910126166], [-72.43315866804879, 42.42024539890765], [-72.43313649705232, 42.42023545183402], [-72.4331108940649, 42.420224401773964], [-72.43308509921286, 42.420213359565714], [-72.43306060978269, 42.42020061416969], [-72.43303722679697, 42.42018560990164], [-72.43301523559198, 42.420168908049654], [-72.43299401103569, 42.420152199079595], [-72.43297114101854, 42.420133254443066], [-72.43294893068051, 42.42011429995398], [-72.43292737792302, 42.420094781933216], [-72.43290715552347, 42.42007524952581], [-72.43288750058281, 42.420055716117446], [-72.43286793799238, 42.42003618195737], [-72.43285231085211, 42.42001942399969], [-72.43283668498817, 42.42000266963082], [-72.43282097268293, 42.41998647956041], [-72.43280863319255, 42.419973640156584], [-72.43279629242585, 42.41996079626017], [-72.43278292466483, 42.41994908968517], [-72.43276841721149, 42.41993738874219], [-72.43275296801254, 42.41992626172928], [-72.43273687440274, 42.41991625993343], [-72.4327270973533, 42.4199101530564], [-72.43270700083468, 42.41989905919091]]}}, {"type": "Feature", "properties": {"seg_id": "S068", "name": "BAKER ROAD", "source": "massdot", "named_in_massdot": true, "jurisdiction": "town", "surface": "gravel", "category": "road", "required": true, "length_mi": 0.443}, "geometry": {"type": "LineString", "coordinates": [[-72.43270700083468, 42.41989905919091], [-72.43267075273012, 42.419880784688324], [-72.43264718996384, 42.41987309779612], [-72.43262307884802, 42.41986654074134], [-72.43260297407976, 42.41986163752294], [-72.4325822179545, 42.41985730677934], [-72.43256140369074, 42.419855788201396], [-72.43255694353229, 42.41985582433369], [-72.43255238374608, 42.41985586127291], [-72.43254792358752, 42.41985589740485], [-72.43248556984416, 42.41985696431673], [-72.43242339148794, 42.419856906175184], [-72.43236092152549, 42.419856849461546], [-72.43232342164825, 42.41985659048219], [-72.43228583651872, 42.41985689488082], [-72.43224815176116, 42.419857200074034], [-72.43218752751362, 42.419859940917576], [-72.4321270111739, 42.41986324265478], [-72.43206649489424, 42.41986654886127], [-72.43200598562461, 42.419870413177314], [-72.43194538400972, 42.41987427820909], [-72.43188487600654, 42.41987814695274], [-72.43182446977848, 42.419882573038734], [-72.43176407067557, 42.41988756533639], [-72.43170367271172, 42.41989255309142], [-72.43164326652354, 42.419896983583456], [-72.43158286732617, 42.41990197128491], [-72.4315223758477, 42.41990696420295], [-72.43146216987822, 42.419911954778954], [-72.43140188200458, 42.41991806688385], [-72.43134179442987, 42.4199247436376], [-72.43128221040196, 42.41993310348497], [-72.43122262977572, 42.41994202507319], [-72.43116323989686, 42.41995094598778], [-72.43110396133503, 42.419960990470315], [-72.43104468282063, 42.41997103942332], [-72.4309852880295, 42.41997996028537], [-72.43092540175438, 42.419987193390895], [-72.4308653140635, 42.41999386989581], [-72.43080512673208, 42.42000054717495], [-72.43074513256883, 42.420007222860654], [-72.43068504483996, 42.420013899271424], [-72.43062486347901, 42.42002057190608], [-72.43056476745306, 42.420026686521645], [-72.43050467261723, 42.420032800195756], [-72.43044459312239, 42.420040039113644], [-72.43038480734982, 42.420047833824206], [-72.43032513300196, 42.420056760204844], [-72.43026544301229, 42.42006512037997], [-72.43020565840888, 42.42007291498759], [-72.43014577202271, 42.42008015218845], [-72.43008587831977, 42.420087388516826], [-72.4300259005582, 42.420095189092976], [-72.42996611594974, 42.420102987176996], [-72.42993409364738, 42.420107182963235], [-72.42990633133985, 42.420110786130195], [-72.42984653941205, 42.420118584211], [-72.42978676303733, 42.420126944834536], [-72.42972717253818, 42.420135303925704], [-72.42966748847013, 42.42014366374152], [-72.42964305388725, 42.42014723546846], [-72.42960771204797, 42.42015202427204], [-72.42954802796147, 42.42016038492611], [-72.42948824323244, 42.420168182761834], [-72.42942846068847, 42.420176543248296], [-72.42936867472764, 42.42018434193196], [-72.4293087963343, 42.42019213592869], [-72.42924881010427, 42.42019937346699], [-72.42918882384728, 42.42020661007383], [-72.42912873577767, 42.42021328657221], [-72.42906864768203, 42.42021996213896], [-72.42900865306092, 42.42022663241832], [-72.42894866676377, 42.42023386980016], [-72.42888888189128, 42.42024166732448], [-72.42882939298809, 42.42025058782856], [-72.42877021218762, 42.420260630314566], [-72.42871132861823, 42.42027179937223], [-72.42865204111123, 42.420281280858845], [-72.42859204645399, 42.420287955422], [-72.42853155430377, 42.420292942266954], [-72.42847125636824, 42.420298494714686], [-72.42841126167566, 42.42030516918359], [-72.42835138311595, 42.42031296718316], [-72.42829159196714, 42.42032076084531], [-72.42823200716242, 42.42032911911314], [-72.42817243284706, 42.420338606265524], [-72.42811293548836, 42.42034696376633], [-72.42805297156114, 42.42035532499771], [-72.42799317207349, 42.420362555871954], [-72.42793329340772, 42.420370353653986], [-72.42787340745059, 42.42037815236377], [-72.42781361406175, 42.420385387596845], [-72.42775363572372, 42.420393186088354], [-72.42769364086547, 42.42039986018315], [-72.42763356069963, 42.420407097633365], [-72.4275736736362, 42.42041432899455], [-72.4275138811335, 42.42042212586321], [-72.42745390273684, 42.42042992509869], [-72.42739431067668, 42.42043772029009], [-72.42733463427058, 42.42044664152868], [-72.42727505140127, 42.42045556198271], [-72.42721546026009, 42.42046391977301], [-72.42715547351919, 42.42047115531991], [-72.4270955946604, 42.420478953566196], [-72.42703570145851, 42.42048618919741], [-72.42697572292883, 42.42049398728342], [-72.42691593757995, 42.42050178468289], [-72.42685645421516, 42.42051070321774], [-72.42679726678269, 42.42052074473776], [-72.42673828197987, 42.420531347295174], [-72.42667988692902, 42.420543636773935], [-72.42662227587833, 42.42055760170771], [-72.42661202455112, 42.4205603023521], [-72.42656496688844, 42.42057269408126], [-72.42654880312888, 42.4205773275764], [-72.42650814602622, 42.420588344296306], [-72.42645123255348, 42.420604558827954], [-72.42639451343615, 42.42062077086672], [-72.42633759164457, 42.42063642180896], [-72.42628047569822, 42.420651512486096], [-72.42622326131053, 42.420666603926634], [-72.4261660516895, 42.42068169079855], [-72.42610922334065, 42.42069734087492], [-72.42605259639146, 42.42071355200204], [-72.42599597887248, 42.42073032572437], [-72.42593954504797, 42.4207465352418], [-72.42588301980867, 42.42076330816572], [-72.42582609777523, 42.42077895975467], [-72.42576790373067, 42.420791808949105], [-72.42570912086586, 42.42080353384917], [-72.42565053122867, 42.42081526166694], [-72.42559184673458, 42.42082698571573], [-72.42553335878235, 42.42083927085343], [-72.4254749631995, 42.420851558819805], [-72.42541637340842, 42.420863282017194], [-72.42535797779384, 42.420875570824386], [-72.42530027266, 42.42088954034853], [-72.4252441344383, 42.420906872544094], [-72.4251888798705, 42.420925883906854], [-72.42513283297878, 42.42094265261436], [-72.4250749275421, 42.42095606183535], [-72.42501604260595, 42.420967224499954], [-72.42495726551337, 42.42097894896684], [-72.42489907326764, 42.420992360403176], [-72.42484107904119, 42.42100577021898], [-72.42478336538797, 42.421019173249775], [-72.4247256600092, 42.42103314338567], [-72.42466816422773, 42.42104823540629], [-72.42461065407227, 42.421062762113344], [-72.4245531488031, 42.4210772923534], [-72.4244956447225, 42.421091822555], [-72.42443812632314, 42.42110579104379], [-72.42438042893986, 42.42112031823801], [-72.42432262981171, 42.4211342880225], [-72.42428306929597, 42.42114248344956]]}}, {"type": "Feature", "properties": {"seg_id": "S069", "name": "BAKER ROAD", "source": "massdot", "named_in_massdot": true, "jurisdiction": "town", "surface": "gravel", "category": "road", "required": true, "length_mi": 0.091}, "geometry": {"type": "LineString", "coordinates": [[-72.42428306929597, 42.42114248344956], [-72.4242052314654, 42.42115605226618], [-72.42414546037598, 42.42116497260107], [-72.42408567404328, 42.421172768529416], [-72.42402588768266, 42.42118056352651], [-72.42396600046247, 42.42118835930191], [-72.4239060126093, 42.42119558955346], [-72.42384601658291, 42.421202261641746], [-72.42378593521379, 42.42120949708256], [-72.42372603879147, 42.42121616830885], [-72.42366605917378, 42.42122396556932], [-72.42360617308312, 42.42123176114773], [-72.42354678213225, 42.42124067812049], [-72.42348799021588, 42.42125183925216], [-72.42342959987651, 42.42126412253023], [-72.42337110993702, 42.42127641017865], [-72.42331232617681, 42.42128813385354], [-72.42325354246056, 42.421299861999444], [-72.42319504418185, 42.421311583324396], [-72.42313665501113, 42.421323870945045], [-72.4230782666671, 42.42133671582624], [-72.42302025744546, 42.42134956213939], [-72.42296236541434, 42.42136352837971], [-72.42290475286053, 42.42137749595133], [-72.4228469531841, 42.42139146589434], [-72.4227889593053, 42.42140487016425], [-72.42273095817754, 42.4214182789644], [-72.4226729582402, 42.42143168772559], [-72.42261496307263, 42.42144509191744], [-72.42255194695639, 42.4214596653168]]}}, {"type": "Feature", "properties": {"seg_id": "S070", "name": "BAKER ROAD", "source": "massdot", "named_in_massdot": true, "jurisdiction": "town", "surface": "gravel", "category": "road", "required": true, "length_mi": 0.12}, "geometry": {"type": "LineString", "coordinates": [[-72.42255194695639, 42.4214596653168], [-72.42249896785606, 42.42147190385326], [-72.42244106137554, 42.4214853117477], [-72.42238316794273, 42.42149928220713], [-72.42232487283889, 42.42151212595605], [-72.42226628191679, 42.4215238520494], [-72.42220720064718, 42.42153445304191], [-72.42214820683816, 42.421545053303305], [-72.42208922035194, 42.421555657076944], [-72.42203004546751, 42.421566258727836], [-72.4219712529804, 42.42157741908403], [-72.42191275548767, 42.42158914424797], [-72.42185436664978, 42.42160198850762], [-72.4217960692905, 42.421614274708006], [-72.42173787359187, 42.421627117361524], [-72.42167957831765, 42.4216399661846], [-72.4216212890161, 42.42165280952816], [-72.42156279837842, 42.421665097156904], [-72.42150430064996, 42.42167681671176], [-72.42144580996741, 42.42168910428099], [-72.42138762233195, 42.42170250939034], [-72.4213296136459, 42.42171535484073], [-72.42127171969096, 42.42172932023935], [-72.42121401287439, 42.42174328771233], [-72.42115621248969, 42.421757256805186], [-72.42109830539731, 42.42177065952224], [-72.42104010947838, 42.421783506323656], [-72.42098142322986, 42.42179522801947], [-72.42092293355107, 42.421807515312956], [-72.42086443437022, 42.42181923545221], [-72.4208057575216, 42.421831523282684], [-72.42074736005027, 42.421843805247136], [-72.4206889626218, 42.42185609168307], [-72.42063057238202, 42.42186837262972], [-72.42057218309117, 42.421881220739266], [-72.42051408046702, 42.4218940629254], [-72.4204558843157, 42.421906909431115], [-72.42039778861071, 42.421920313301094], [-72.4203396859675, 42.42193315899999], [-72.42030289707245, 42.42194166310856]]}}, {"type": "Feature", "properties": {"seg_id": "S071", "name": "BAKER ROAD", "source": "massdot", "named_in_massdot": true, "jurisdiction": "town", "surface": "paved (bituminous)", "category": "road", "required": true, "length_mi": 0.104}, "geometry": {"type": "LineString", "coordinates": [[-72.42030289707245, 42.42194166310856], [-72.42022388420811, 42.421960530677715], [-72.42016637832843, 42.421975058713656], [-72.42010916006757, 42.42199014712039], [-72.42005224277625, 42.422005794891334], [-72.41999600037659, 42.42202256263754], [-72.41993995323686, 42.422039890593865], [-72.41988372018209, 42.422057220908535], [-72.41982660141058, 42.422072308378425], [-72.41976889396145, 42.42208627512585], [-72.41971138781042, 42.42210079933319], [-72.41965387439525, 42.42211532717091], [-72.4195963682437, 42.42212985492159], [-72.41953914970657, 42.42214494304444], [-72.41948251977516, 42.422161150934066], [-72.41942609118838, 42.42217791988602], [-72.41936975612809, 42.42219468806308], [-72.41931341494961, 42.42221145536084], [-72.4192568845453, 42.42222766324379], [-72.4192002544673, 42.42224387099424], [-72.41914312922343, 42.4222589536718], [-72.41908581689164, 42.422274041415626], [-72.41902830229576, 42.42228800714899], [-72.4189704073732, 42.42230197588944], [-72.41891240574844, 42.42231537735186], [-72.41885399934662, 42.42232710022239], [-72.41879521167904, 42.422338259806224], [-72.4187361229777, 42.422348858163566], [-72.4186765383166, 42.422357774153426], [-72.41865190913367, 42.42236134958832], [-72.41862717814718, 42.42236435863015], [-72.4186024493272, 42.422367934849476], [-72.41857062040154, 42.42237268771236], [-72.41853861260127, 42.42237800919373], [-72.41850657413478, 42.42238163921412], [-72.41846120732545, 42.4223825638725], [-72.41841562887048, 42.42238180210613], [-72.41837004226613, 42.42238047948895]]}}, {"type": "Feature", "properties": {"seg_id": "S072", "name": "CUSHMAN ROAD", "source": "massdot", "named_in_massdot": true, "jurisdiction": "town", "surface": "gravel", "category": "road", "required": true, "length_mi": 0.134}, "geometry": {"type": "LineString", "coordinates": [[-72.47379862938047, 42.41724055509211], [-72.47447615129806, 42.41731596053721], [-72.47574589261433, 42.41800408997147], [-72.47607043714704, 42.41811089636617]]}}, {"type": "Feature", "properties": {"seg_id": "S073", "name": "CUSHMAN ROAD", "source": "massdot", "named_in_massdot": true, "jurisdiction": "town", "surface": "gravel", "category": "road", "required": true, "length_mi": 0.054}, "geometry": {"type": "LineString", "coordinates": [[-72.47607043714704, 42.41811089636617], [-72.47608685540429, 42.4181382719874], [-72.47612869948766, 42.418198690914856], [-72.47617428431533, 42.41825513738109], [-72.47622468101966, 42.41830985491152], [-72.47627950424594, 42.418362281364026], [-72.4763400758012, 42.418411851821304], [-72.47640507751935, 42.41845913025508], [-72.47647128897981, 42.41850526938267], [-72.47654308114886, 42.41855586905732], [-72.47661655063922, 42.418604762746035], [-72.47669312123834, 42.418651380163695], [-72.47676765771097, 42.418689575143006]]}}, {"type": "Feature", "properties": {"seg_id": "S074", "name": "CUSHMAN ROAD", "source": "massdot", "named_in_massdot": true, "jurisdiction": "town", "surface": "gravel", "category": "road", "required": true, "length_mi": 0.353}, "geometry": {"type": "LineString", "coordinates": [[-72.47676765771097, 42.418689575143006], [-72.47684492483208, 42.41872605519107], [-72.47692208986405, 42.41876197785255], [-72.47803307065998, 42.41928429675214], [-72.47867404520184, 42.419523626806495], [-72.47872889483214, 42.41954060337381], [-72.47878374327684, 42.419557579925275], [-72.47883886492086, 42.419573992324764], [-72.47892170697271, 42.41959635870463], [-72.47900527359641, 42.419616469850546], [-72.47908930410601, 42.41963600978571], [-72.47916551807845, 42.41965337163722], [-72.4792420088204, 42.41967016387917], [-72.47931903700201, 42.41968470248589], [-72.4793999281629, 42.41969752096527], [-72.47948144291446, 42.4197080787672], [-72.47956324180579, 42.41971807319104], [-72.47963284144367, 42.419725358758335], [-72.47970272518106, 42.419732079162415], [-72.47977277131575, 42.41973767363571], [-72.4798663982933, 42.419745317258666], [-72.47996027592525, 42.41975070875886], [-72.48005408374229, 42.41975159734963], [-72.48011809754396, 42.41974767791435], [-72.48018217601663, 42.41974150437838], [-72.48024607608589, 42.41973589412878], [-72.48028751996088, 42.41973329129583], [-72.4803288729335, 42.419731251925484], [-72.48037013085728, 42.41972864704499], [-72.4814956806955, 42.41953561895925], [-72.48153045473167, 42.41953138083433], [-72.48156512041184, 42.41952658181966], [-72.4815998945083, 42.41952234817484], [-72.48165447893668, 42.419516254773214], [-72.48170926654362, 42.419510725917654], [-72.48176406424841, 42.419506316954894], [-72.48183670707141, 42.41950119845979], [-72.48190956457954, 42.4194983234996], [-72.48198227727964, 42.41949770324359], [-72.48204581950792, 42.41949997739482], [-72.4821090187799, 42.41950449984911], [-72.48217215078391, 42.419510713654304], [-72.48221635528958, 42.41951484081373], [-72.48226056966315, 42.41951952427327], [-72.48230405707615, 42.41952590653149], [-72.48237072560697, 42.41953996879965], [-72.48243603263636, 42.41955797887297], [-72.48249930737437, 42.41957938607773], [-72.48254266822254, 42.41959645889333], [-72.48258510140832, 42.41961466861943], [-72.48262622919862, 42.41963457308213], [-72.48267267004073, 42.419660059210855], [-72.48271732816248, 42.41968725315224], [-72.48276114695986, 42.41971501244386], [-72.48281189383954, 42.41974890680988], [-72.48286132660647, 42.41978393327924], [-72.48291066587605, 42.4198189605259], [-72.4831052195794, 42.41993153427545]]}}, {"type": "Feature", "properties": {"seg_id": "S075", "name": "CUSHMAN ROAD", "source": "massdot", "named_in_massdot": true, "jurisdiction": "town", "surface": "gravel", "category": "road", "required": true, "length_mi": 0.35}, "geometry": {"type": "LineString", "coordinates": [[-72.4831052195794, 42.41993153427545], [-72.48427299145986, 42.420608613679164], [-72.48487637257064, 42.420985530532114], [-72.48494057196915, 42.42103618007677], [-72.48497920612371, 42.42106680361155], [-72.4850046854451, 42.421086845626576], [-72.48506672202312, 42.42113920621991], [-72.48513552867333, 42.42120445192542], [-72.48520151661045, 42.42127197702908], [-72.485270232687, 42.421337786133094], [-72.48534696777419, 42.421400715741065], [-72.48542653462682, 42.42146249565079], [-72.48550319236203, 42.42152597771713], [-72.48557024803787, 42.4215889900409], [-72.48563459073776, 42.42165428357092], [-72.48569806705224, 42.42171957007831], [-72.48575374833176, 42.42177761805806], [-72.48579092473712, 42.42181725165888], [-72.48580878480622, 42.42183623333588], [-72.48586456470541, 42.42189428041757], [-72.48593357691463, 42.421961769299884], [-72.48600365585551, 42.42202869170275], [-72.48607080157147, 42.422097329999694], [-72.48613477331494, 42.42216993347066], [-72.48619584105901, 42.422244257097084], [-72.48625691880221, 42.422319134305496], [-72.48732607929311, 42.4235282216195], [-72.4875175058715, 42.42374722605444]]}}, {"type": "Feature", "properties": {"seg_id": "S076", "name": "CARVER ROAD WEST", "source": "massdot", "named_in_massdot": true, "jurisdiction": "unaccepted/private", "surface": "gravel", "category": "road", "required": true, "length_mi": 0.214}, "geometry": {"type": "LineString", "coordinates": [[-72.43518924385369, 42.47230196528303], [-72.43478774424015, 42.47244420687517], [-72.43447594859504, 42.47254858449687], [-72.43407319896431, 42.472670579474034], [-72.43380790702516, 42.47275882374211], [-72.43361702394688, 42.472822825065535], [-72.43295419707765, 42.47303245435017], [-72.43253868274077, 42.47315904609979], [-72.4321446778371, 42.47327533475127], [-72.43182000813806, 42.47337080707674], [-72.43141586438324, 42.47353444225172], [-72.43136158030205, 42.47355760664423]]}}, {"type": "Feature", "properties": {"seg_id": "S077", "name": "MONTAGUE ROAD", "source": "massdot", "named_in_massdot": true, "jurisdiction": "town", "surface": "gravel", "category": "road", "required": true, "length_mi": 1.098}, "geometry": {"type": "LineString", "coordinates": [[-72.43518924385369, 42.47230196528303], [-72.4352865495945, 42.472379953268124], [-72.43541039004995, 42.47247910445697], [-72.43553508112379, 42.4725776913155], [-72.43566098764062, 42.472675138282156], [-72.4357486439664, 42.472743077576624], [-72.43578699773144, 42.47277314696329], [-72.43591299873806, 42.472870598290335], [-72.43603900126955, 42.47296804406606], [-72.43616491769733, 42.473066053997194], [-72.43629045639474, 42.47316407046238], [-72.43641448374815, 42.47326265636583], [-72.43653842628206, 42.47336181092031], [-72.43666246275717, 42.4734609591765], [-72.43678639998969, 42.47356011350861], [-72.43691034482737, 42.47365926224428], [-72.43703380981141, 42.47375842015175], [-72.43715634451968, 42.473858704577374], [-72.43727877284876, 42.473958432447915], [-72.43740121599745, 42.474058722760915], [-72.4375239320138, 42.47415844352992], [-72.43765041750925, 42.4742558845225], [-72.43777699221789, 42.47435332825208], [-72.43790356377045, 42.474450205575216], [-72.43803014527253, 42.47454764447129], [-72.43815653389768, 42.47464509020137], [-72.43828189027495, 42.47474310149048], [-72.43840724217736, 42.47484111268034], [-72.43853269425026, 42.474939127420086], [-72.43865805407914, 42.47503770096635], [-72.43879195525103, 42.47512889338114], [-72.4389266217093, 42.475220080305114], [-72.43906128239588, 42.475311261718005], [-72.43915323653734, 42.475425299687785], [-72.43922699559458, 42.47554849348755], [-72.43930823047725, 42.47566937192158], [-72.43939210949695, 42.475789666046595], [-72.43947598655835, 42.475909398333336], [-72.43958061701892, 42.47601939645024], [-72.43969148197087, 42.47612652656223], [-72.43980243979959, 42.47623366121195], [-72.43990206896974, 42.47632681905872], [-72.4399157537134, 42.47633964664856], [-72.4400293550645, 42.476445634130386], [-72.44014294836579, 42.47655105527252], [-72.44017745733382, 42.47657778112249], [-72.44026848214013, 42.476647938476056], [-72.44041150031217, 42.47673173961595], [-72.44055441299899, 42.476815536939185], [-72.4406844543979, 42.476908445850206], [-72.44079287571827, 42.4770172865344], [-72.4408975186933, 42.47712784604777], [-72.4409722352483, 42.477251025499186], [-72.44104694731095, 42.47737421033918], [-72.4411215647439, 42.47749739140056], [-72.44119628345639, 42.47762057518596], [-72.44127109482913, 42.47774375456318], [-72.44131297727982, 42.4778126253604], [-72.44152526007844, 42.47804272012529], [-72.44159913235723, 42.47812201876438], [-72.44162896707782, 42.47815384840947], [-72.44171776484873, 42.478271847159945], [-72.4417646477723, 42.47840201127434], [-72.44177995280322, 42.47853637051831], [-72.44177874184004, 42.47867142294119], [-72.4417469854564, 42.47880391695791], [-72.44168883442534, 42.47893156154846], [-72.44165394495846, 42.479064076632], [-72.44165214652229, 42.47919857564317], [-72.44167096972497, 42.479332906121854], [-72.44170667916374, 42.47946541141171], [-72.44176569539624, 42.47959322286026], [-72.44184560260985, 42.47971411031213], [-72.44193043568158, 42.479833832956466], [-72.44201517543348, 42.47995355630019], [-72.44210001643185, 42.48007327785236], [-72.44218975440033, 42.48019071123225], [-72.44228101047159, 42.48030756403309], [-72.44237443555971, 42.480423279039684], [-72.44247136242379, 42.480537836342826], [-72.44257035251893, 42.480651256704434], [-72.44267274236843, 42.48076295749029], [-72.44277853203552, 42.480872942292244], [-72.44288893896136, 42.48098063574622], [-72.443004061842, 42.48108547884118], [-72.44312247038518, 42.48118804596184], [-72.44324313437967, 42.48128890642279], [-72.44336399810265, 42.48139032781463], [-72.44348476978615, 42.48149174983378], [-72.44360807425922, 42.48159089661717], [-72.44373872073243, 42.48168548520389], [-72.44387978199114, 42.481770985263026], [-72.44402373976172, 42.48185364436024], [-72.44415653920537, 42.48194596497083], [-72.44428916136577, 42.48203884867374], [-72.44441218957138, 42.48213855955746], [-72.44450419704415, 42.48225484714675], [-72.44457088504446, 42.482380344383394], [-72.44461379376622, 42.48251109804011], [-72.44463091796102, 42.48264544190681], [-72.44462114884008, 42.482780006231], [-72.44459930424162, 42.48291410324449], [-72.44455727265063, 42.48304555766655], [-72.44450418606873, 42.48317484831247], [-72.44445986649491, 42.483305755147555], [-72.44442650073535, 42.48343826296043], [-72.44439894190702, 42.483571844048654], [-72.44438260720905, 42.48370589943159], [-72.44439071058007, 42.48384087991127], [-72.44442263239694, 42.48397397710391], [-72.44446488991225, 42.48410529879674], [-72.44449709905784, 42.48423839450731], [-72.44452712766, 42.48437150717803], [-72.44455619795883, 42.48450462409117], [-72.44458518088005, 42.484637746211156], [-72.4446240227121, 42.4847696576189], [-72.44463490470645, 42.48486804302651], [-72.44466891076945, 42.484987617542686], [-72.44468913726169, 42.485062850584924], [-72.44469797262559, 42.48514549199599], [-72.44472023960205, 42.48522352446065], [-72.44475030723173, 42.485295865152644], [-72.444782899768, 42.48534680556207], [-72.44482318726718, 42.485390925172226], [-72.44490197693366, 42.48543585895286], [-72.44490503190802, 42.48543695838544], [-72.44507746659167, 42.485505005669765]]}}, {"type": "Feature", "properties": {"seg_id": "S078", "name": "MONTAGUE ROAD", "source": "massdot", "named_in_massdot": true, "jurisdiction": "town", "surface": "gravel", "category": "road", "required": true, "length_mi": 0.137}, "geometry": {"type": "LineString", "coordinates": [[-72.42564621216792, 42.45037884087859], [-72.4256426814782, 42.45041656712459], [-72.42563896702343, 42.45045486114331], [-72.42563714181054, 42.4504925772826], [-72.4256372497303, 42.45051902218296], [-72.42563820373431, 42.45054546388443], [-72.42564105301281, 42.450571324056995], [-72.42564642519781, 42.45060110461851], [-72.42565417497823, 42.45063086246926], [-72.42566429421788, 42.450660042181646], [-72.42567420661483, 42.45068190942025], [-72.42568573077924, 42.45070375830158], [-72.42569773395057, 42.450725607833235], [-72.42571167705962, 42.45075025434597], [-72.42572637989551, 42.45077489385014], [-72.42574089555879, 42.45079953575712], [-72.42579078992206, 42.45089254387616], [-72.42583869331418, 42.4509855670772], [-72.42588990490411, 42.451077435571186], [-72.4259854504504, 42.45122015465154], [-72.42608950801642, 42.45135999353325], [-72.42618959299423, 42.451500988755704], [-72.42627084338866, 42.451633128645845], [-72.42634878944098, 42.45176698674004], [-72.42643221060592, 42.45189854725876], [-72.4265073603642, 42.45199754245071], [-72.42658563852147, 42.452095382533514], [-72.42665212592853, 42.45219275563268]]}}, {"type": "Feature", "properties": {"seg_id": "S079", "name": "MONTAGUE ROAD", "source": "massdot", "named_in_massdot": true, "jurisdiction": "town", "surface": "gravel", "category": "road", "required": true, "length_mi": 0.948}, "geometry": {"type": "LineString", "coordinates": [[-72.42665212592853, 42.45219275563268], [-72.4266835626985, 42.45225102567026], [-72.42671002993195, 42.45230708220394], [-72.42673686943942, 42.45236257304079], [-72.42676461949158, 42.45241524036892], [-72.4267926492439, 42.45246790994089], [-72.42681802999667, 42.4525211635172], [-72.42684264056771, 42.452586799871305], [-72.42686329241496, 42.45265415526117], [-72.42688327118063, 42.45272095786994], [-72.42690430454918, 42.452788871975116], [-72.42692477156965, 42.45285679603544], [-72.4269435342724, 42.452924728405875], [-72.42696150367597, 42.45299717141646], [-72.42697766792563, 42.45306962805147], [-72.42699042339724, 42.45314267571366], [-72.4269994183507, 42.453211815676774], [-72.42700556272048, 42.45328097948158], [-72.42700743875753, 42.45335073583213], [-72.42700492732025, 42.45339971409064], [-72.42700042342827, 42.45344870478344], [-72.42699649546758, 42.4534982526345], [-72.42699457792959, 42.45356185257263], [-72.42699371190024, 42.45362544404672], [-72.4269909349104, 42.45368905089989], [-72.42696488941226, 42.45384287527308], [-72.42692849270995, 42.45399678293818], [-72.42691155592581, 42.45414997218561], [-72.42694021942312, 42.45433655882684], [-72.42699813520272, 42.45452234372956], [-72.42705292321098, 42.45470871556611], [-72.427079105573, 42.45482329721934], [-72.427104342204, 42.45493788287514], [-72.42712589037075, 42.45505305910658], [-72.42713685992494, 42.45512781278088], [-72.42714631837075, 42.45520257321476], [-72.42715568201793, 42.45527733440974], [-72.42715730500838, 42.45529082781385], [-72.42716401129084, 42.45534648058546], [-72.42717234882804, 42.45541618848716], [-72.4271822046867, 42.455485880563764], [-72.4272111976987, 42.45562351091666], [-72.42724702304385, 42.45576051906024], [-72.42728228204449, 42.45589753174854], [-72.42734754941038, 42.45618960917752], [-72.42740921623222, 42.45648227373598], [-72.42747088977016, 42.45677494269184], [-72.42751506271632, 42.45698222119179], [-72.42755922770269, 42.45718893793637], [-72.42760150231445, 42.457396231673066], [-72.42761370043371, 42.45745746440816], [-72.42762581936293, 42.45751926407443], [-72.4276367848784, 42.457580511233736], [-72.42765177430815, 42.45768898779498], [-72.42766363560926, 42.45779805674046], [-72.42767682320475, 42.45790710959843], [-72.4276925906653, 42.45801051923443], [-72.42770977592504, 42.45811335385252], [-72.42772762138435, 42.45821618404876], [-72.42774311749847, 42.45830102785128], [-72.42775898462565, 42.45838530146621], [-72.42777400791053, 42.45847014906996], [-72.42778894411526, 42.458562308793354], [-72.42780283611465, 42.458654480525105], [-72.42781445816098, 42.458747233231605], [-72.42782168754971, 42.45883213909949], [-72.42782693392179, 42.45891762723369], [-72.42783445032401, 42.459002535287084], [-72.42784500405244, 42.459080661142515], [-72.42785744250875, 42.45915821452169], [-72.42787046793538, 42.459236324963726], [-72.42788510490386, 42.459321171147806], [-72.42790059323437, 42.45940545227796], [-72.42791608865699, 42.45949029604136], [-72.42792985966132, 42.45956783416994], [-72.42794393079598, 42.45964593617297], [-72.42795865384473, 42.45972347022729], [-72.42798103751164, 42.45983132533362], [-72.42800513089834, 42.45993860846688], [-72.42803035736178, 42.460045877062214], [-72.42806028458699, 42.46016886950717], [-72.42809172424187, 42.46029184435383], [-72.42812591915497, 42.46041423429512], [-72.42813958215606, 42.46045857882012], [-72.42823728870816, 42.46091469888026], [-72.4282430605148, 42.4609388482015], [-72.42825056724163, 42.46097142304793], [-72.42828205590932, 42.46110396682374], [-72.42831355777625, 42.46123706867337], [-72.4283449613648, 42.46137017580455], [-72.42837627145794, 42.46150328277689], [-72.42840834027393, 42.46163638002101], [-72.42844220645016, 42.46176890457415], [-72.42847607391816, 42.46190142460198], [-72.42850985503543, 42.462034512507785], [-72.42854381525362, 42.46216703626299], [-72.42857758831686, 42.462299557011974], [-72.42860766047025, 42.46243267387666], [-72.42863708207705, 42.46256635956828], [-72.42866649423961, 42.46269947722957], [-72.4286960938386, 42.46283259877056], [-72.42872550632899, 42.46296572180896], [-72.42875492713827, 42.46309940206089], [-72.42878443349407, 42.46323252432041], [-72.42881128439912, 42.46336622977276], [-72.42883794593392, 42.46349937044737], [-72.4288644165161, 42.463633078946614], [-72.42889108660418, 42.46376678582739], [-72.4289176571213, 42.46390049440159], [-72.42894432250554, 42.46403419679913], [-72.428970791353, 42.46416734348025], [-72.42899774274788, 42.46430104805323], [-72.42902990791323, 42.46443414427442], [-72.42906217296529, 42.46456724327884], [-72.4290944238099, 42.4646997805925], [-72.42912668908068, 42.464832875969], [-72.42915885485483, 42.46496597663711], [-72.42919111340098, 42.46509851385129], [-72.4292234714702, 42.465231607541654], [-72.42926055866117, 42.46536354398757], [-72.4293004095537, 42.46549545272205], [-72.42934044063827, 42.465627365387846], [-72.4293751934263, 42.465742435323094]]}}, {"type": "Feature", "properties": {"seg_id": "S080", "name": "MONTAGUE ROAD", "source": "massdot", "named_in_massdot": true, "jurisdiction": "town", "surface": "gravel", "category": "road", "required": true, "length_mi": 0.553}, "geometry": {"type": "LineString", "coordinates": [[-72.4293751934263, 42.465742435323094], [-72.42942031500212, 42.465890624088594], [-72.42946016534505, 42.466022532759844], [-72.42950019709743, 42.46615444535234], [-72.42953492753801, 42.466286957994534], [-72.42956898581593, 42.46641948054823], [-72.42960295061476, 42.46655200384284], [-72.42963702346093, 42.46668508354341], [-72.4296709885455, 42.46681760680893], [-72.42972039529943, 42.46694718927649], [-72.42977616153524, 42.46707615770124], [-72.4298319197277, 42.46720456436879], [-72.42990355966377, 42.46732778037629], [-72.42998958417145, 42.46744694046632], [-72.43007560291116, 42.46756609963733], [-72.43016162805488, 42.467685258691404], [-72.43024774714712, 42.467804416921624], [-72.43033404552321, 42.46792301094569], [-72.43042658727029, 42.46803986370111], [-72.43051902872695, 42.46815615900015], [-72.43061157022811, 42.46827245341618], [-72.4307040110704, 42.468388743168475], [-72.4307965471735, 42.46850503747809], [-72.43088899485606, 42.4686213324271], [-72.43098153986931, 42.468738184705984], [-72.43107398337014, 42.46885447953894], [-72.43116651954158, 42.46897076814609], [-72.43125896980324, 42.469087062774506], [-72.43136320236148, 42.46919763424847], [-72.43146904659439, 42.46930762990442], [-72.43157489118276, 42.46941762455979], [-72.43168073493727, 42.469527620024856], [-72.43178658020994, 42.46963761087874], [-72.4318939363124, 42.46974703122315], [-72.43200166385385, 42.46985588576989], [-72.43210929936899, 42.46996474186069], [-72.43221712951997, 42.470074153566856], [-72.43232513684453, 42.47018244375466], [-72.43245601415762, 42.47027647962278], [-72.43258681383791, 42.47037107866422], [-72.43271769924065, 42.470465115071626], [-72.43284848532555, 42.470559152135394], [-72.43297937027842, 42.47065318735064], [-72.43311176009318, 42.47074608124314], [-72.43324771169205, 42.470836139871324], [-72.43338367089463, 42.47092619287671], [-72.4335194371481, 42.471016247286116], [-72.43365539597653, 42.47110630447754], [-72.43378731357839, 42.471199205926986], [-72.43391453295438, 42.47129608235938], [-72.43404176001643, 42.47139295858965], [-72.43416907986882, 42.47148983302755], [-72.43429554171982, 42.47158671968526], [-72.43441947757032, 42.47168587206094], [-72.43454340778344, 42.471785027950865], [-72.4346671583686, 42.47188418156418], [-72.43479099572994, 42.47198333794229], [-72.43491492704361, 42.47208248892401], [-72.43503886490628, 42.47218164512176], [-72.43516261095357, 42.472280797341874], [-72.43518924385369, 42.47230196528303]]}}, {"type": "Feature", "properties": {"seg_id": "S081", "name": "LEONARD ROAD", "source": "massdot", "named_in_massdot": true, "jurisdiction": "town", "surface": "gravel", "category": "road", "required": true, "length_mi": 0.071}, "geometry": {"type": "LineString", "coordinates": [[-72.43431936731285, 42.43527467286984], [-72.43347740325957, 42.43497876952134], [-72.43305686465338, 42.434864015182]]}}, {"type": "Feature", "properties": {"seg_id": "S082", "name": "LEONARD ROAD", "source": "massdot", "named_in_massdot": true, "jurisdiction": "town", "surface": "gravel", "category": "road", "required": true, "length_mi": 0.23}, "geometry": {"type": "LineString", "coordinates": [[-72.43305686465338, 42.434864015182], [-72.4328745841117, 42.43481428394794], [-72.43259569268426, 42.434729886808604], [-72.43252033808497, 42.43469392446478], [-72.43242621756596, 42.43463447623269], [-72.43236826013938, 42.434593306825136], [-72.43232604074478, 42.43455088546066], [-72.43230363959857, 42.43453193241933], [-72.43227340604938, 42.43451023470381], [-72.43223440176195, 42.43448578820101], [-72.43219435952716, 42.43446191638742], [-72.43215421888726, 42.434438045356664], [-72.43211436163737, 42.434413609320096], [-72.43206834400245, 42.43438359976155], [-72.43202297550867, 42.434353018631185], [-72.43197630852359, 42.43432413428604], [-72.4319257515699, 42.43429528140659], [-72.43187378097839, 42.434267569843236], [-72.43182097384464, 42.43424098502025], [-72.43177593161002, 42.43421940791876], [-72.4317303325337, 42.43419839260163], [-72.43168397617906, 42.43417794609202], [-72.43162341877355, 42.43415367738352], [-72.43156174761604, 42.43413110574768], [-72.43149860016281, 42.43411136131188], [-72.4314402597487, 42.43409607773658], [-72.43138091470632, 42.43408305214912], [-72.43132147495236, 42.434070030898624], [-72.43125838787535, 42.43405478562509], [-72.43119539218637, 42.4340389768803], [-72.43113221767322, 42.43402373224514], [-72.43105352898806, 42.434006358634996], [-72.43097475634431, 42.4339895528495], [-72.43089726472202, 42.43396936226769], [-72.43083792106255, 42.43395014491475], [-72.43077940569977, 42.43392923454303], [-72.43072014746564, 42.433909458243086], [-72.43066712775236, 42.43389413126928], [-72.43061326325278, 42.43387937379684], [-72.43055886073502, 42.43386686963794], [-72.43049688325658, 42.43385555566667], [-72.43043397790838, 42.433845937253366], [-72.43037135222677, 42.433835748446405], [-72.430278490188, 42.43381680704254], [-72.43018589616153, 42.43379617080416], [-72.43009258754464, 42.43377891915139], [-72.43003939724406, 42.43377147103626], [-72.42998594400086, 42.433765149515516], [-72.42993285458931, 42.43375770053644], [-72.42989638675853, 42.433751241790326], [-72.42986002588931, 42.4337447830692], [-72.42982412345205, 42.43373776153809], [-72.42979819442995, 42.43373065585634], [-72.42977245133176, 42.43372354776713], [-72.42974625328581, 42.43371756874123], [-72.42971237447291, 42.43371277622385], [-72.42967788331391, 42.43371080573054], [-72.42964328763333, 42.43370883517058], [-72.42960890659481, 42.43370798826262], [-72.42957443417237, 42.43370770387959], [-72.42953985377024, 42.433706854059004], [-72.42929913689461, 42.4337121760246], [-72.42897385525806, 42.433726614864085]]}}, {"type": "Feature", "properties": {"seg_id": "S083", "name": "HIGH POINT DRIVE", "source": "massdot", "named_in_massdot": true, "jurisdiction": "unaccepted/private", "surface": "paved (surface treated)", "category": "road", "required": true, "length_mi": 0.062}, "geometry": {"type": "LineString", "coordinates": [[-72.4858344491258, 42.41660261835365], [-72.48572417099979, 42.416625191316605], [-72.48570997488433, 42.41662757180317], [-72.48565117187202, 42.416637073202544], [-72.4855782676786, 42.41664951243157], [-72.48463502368006, 42.41676788019486]]}}, {"type": "Feature", "properties": {"seg_id": "S084", "name": "STOWELL ROAD", "source": "massdot", "named_in_massdot": true, "jurisdiction": "town", "surface": "paved (bituminous)", "category": "road", "required": true, "length_mi": 0.11}, "geometry": {"type": "LineString", "coordinates": [[-72.41452460092579, 42.47672797956484], [-72.41407829690368, 42.476956597281735], [-72.41373464129765, 42.47712869199795], [-72.41361833886532, 42.47723371196985], [-72.41356101747246, 42.47734333020187], [-72.41345912241118, 42.47742628904525], [-72.41323216408276, 42.4775209338141], [-72.41281408729661, 42.477639033688675]]}}, {"type": "Feature", "properties": {"seg_id": "S085", "name": "JANUARY HILLS ROAD", "source": "massdot", "named_in_massdot": true, "jurisdiction": "town", "surface": "gravel", "category": "road", "required": true, "length_mi": 0.121}, "geometry": {"type": "LineString", "coordinates": [[-72.48796760857095, 42.425657642869936], [-72.48785096363949, 42.42570137954874], [-72.48779570007785, 42.4257192966304], [-72.48772874689726, 42.425736189472296], [-72.48766041923172, 42.42575028235175], [-72.48759199789036, 42.42576437059201], [-72.48649617952722, 42.4260005386701], [-72.48642860800469, 42.42602643839488], [-72.48636112998804, 42.426052337278186], [-72.48629394624224, 42.42607879630322], [-72.48620864914041, 42.426112725593484], [-72.48612403422842, 42.42614777888356], [-72.48604183485214, 42.42618561773356], [-72.48596922126627, 42.42622337983086], [-72.4858984619346, 42.42626393771592], [-72.48586066086527, 42.42628733314317], [-72.48583019302653, 42.42630616143911], [-72.48580140979799, 42.426325475882265]]}}, {"type": "Feature", "properties": {"seg_id": "S086", "name": "JANUARY HILLS ROAD", "source": "massdot", "named_in_massdot": true, "jurisdiction": "town", "surface": "gravel", "category": "road", "required": true, "length_mi": 0.119}, "geometry": {"type": "LineString", "coordinates": [[-72.48580140979799, 42.426325475882265], [-72.48575891862846, 42.426353988365754], [-72.48570386577512, 42.42639390025682], [-72.48564496712454, 42.426440547062164], [-72.48559025707227, 42.4264877206807], [-72.48553851741508, 42.42653655605224], [-72.48549156767243, 42.426588162110846], [-72.4854559479567, 42.42663573404844], [-72.48542415800775, 42.42668552310419], [-72.48539235803388, 42.42673475043349], [-72.48486675195099, 42.42747132600204], [-72.48459778841858, 42.42779492972739]]}}, {"type": "Feature", "properties": {"seg_id": "S087", "name": "JANUARY HILLS ROAD", "source": "massdot", "named_in_massdot": true, "jurisdiction": "town", "surface": "gravel", "category": "road", "required": true, "length_mi": 0.047}, "geometry": {"type": "LineString", "coordinates": [[-72.48459778841858, 42.42779492972739], [-72.48412611906835, 42.42836222594937], [-72.48411278027037, 42.42837753293466]]}}, {"type": "Feature", "properties": {"seg_id": "S088", "name": "service/driveway?", "source": "massdot", "named_in_massdot": false, "jurisdiction": "unaccepted/private", "surface": "unimproved/other", "category": "driveway", "required": false, "length_mi": 0.018}, "geometry": {"type": "LineString", "coordinates": [[-72.39745469612399, 42.424295420015504], [-72.39736974121911, 42.424276385171964], [-72.39728479251741, 42.424257355619595], [-72.39719831512656, 42.42424508577747], [-72.39717114185682, 42.42424361035586], [-72.39714396980332, 42.424242134918394], [-72.39711671893879, 42.4242417845817], [-72.39711007498674, 42.42424183635561]]}}, {"type": "Feature", "properties": {"seg_id": "S089", "name": "PRATT CORNER ROAD", "source": "massdot", "named_in_massdot": true, "jurisdiction": "town", "surface": "gravel", "category": "road", "required": true, "length_mi": 0.331}, "geometry": {"type": "LineString", "coordinates": [[-72.45203623445154, 42.444173634248884], [-72.45173288230878, 42.44426634260679], [-72.45156452786301, 42.44431837574507], [-72.4514659627703, 42.44434451064592], [-72.45139332328722, 42.444364240704175], [-72.45122066503544, 42.44440787292468], [-72.45104682648595, 42.44444869754125], [-72.45087109925431, 42.44448447230793], [-72.45069606933824, 42.44452192734038], [-72.45052222405856, 42.44456275121409], [-72.45034847701878, 42.444603574912726], [-72.4501752194608, 42.44464551790303], [-72.45000186931249, 42.44468746229444], [-72.44983018749204, 42.444732771549205], [-72.44966289357583, 42.444786479423406], [-72.44949541232884, 42.44483963130039], [-72.4493280315482, 42.44489333939824], [-72.44916589926727, 42.444955448956215], [-72.4491007462924, 42.44498018192772], [-72.44900395148566, 42.44501699496479], [-72.44884191815484, 42.4450790978422], [-72.44868143647395, 42.445143442997384], [-72.44852104568554, 42.44520722447914], [-72.44836056335234, 42.44527156918514], [-72.44819686877534, 42.44533087403468], [-72.44803308636448, 42.44539017847088], [-72.44786676749514, 42.44544556826727], [-72.44769791702632, 42.44549647437356], [-72.44752789365329, 42.44554513999072], [-72.44735689180851, 42.445592127111944], [-72.44718598443468, 42.44563910779775], [-72.44701301608714, 42.44568161169978], [-72.44683955889117, 42.4457229840608], [-72.44666334455165, 42.44575819815606], [-72.44648378935592, 42.44577936660429], [-72.44630252359384, 42.44579436275925], [-72.44612136582751, 42.44580991953772], [-72.44599996346074, 42.445820481809264]]}}, {"type": "Feature", "properties": {"seg_id": "S090", "name": "PRATT CORNER ROAD", "source": "massdot", "named_in_massdot": true, "jurisdiction": "town", "surface": "gravel", "category": "road", "required": true, "length_mi": 0.466}, "geometry": {"type": "LineString", "coordinates": [[-72.44599996346074, 42.445820481809264], [-72.44594030149547, 42.445825470761456], [-72.44576229681657, 42.4458550703043], [-72.44558447907227, 42.445884662633645], [-72.44540655923066, 42.44591369822977], [-72.44522895130613, 42.44594441728005], [-72.44505124348629, 42.44597513327331], [-72.44487363522971, 42.44600585267542], [-72.44469611069493, 42.446036003916504], [-72.44451850209454, 42.44606672277045], [-72.44433998346189, 42.44609406902762], [-72.44416147204836, 42.44612142034932], [-72.44398296152781, 42.446149329581026], [-72.44380514212178, 42.446178919160914], [-72.44362763468264, 42.44621019850095], [-72.44345031069645, 42.44624091246562], [-72.44327704408192, 42.44628284596107], [-72.44310545501405, 42.446328701633135], [-72.44293228152169, 42.44637063384257], [-72.44275734372938, 42.446408643154705], [-72.4425813016191, 42.44644272055889], [-72.44240075782675, 42.44646164081493], [-72.44222021392626, 42.44648056078787], [-72.442044482176, 42.44651632561902], [-72.4418691473837, 42.4465532078256], [-72.4416928187527, 42.44658728620654], [-72.44151411025481, 42.44661463051068], [-72.44133568973906, 42.44664197668367], [-72.4411675063553, 42.44669399217152], [-72.44100427186083, 42.44675272023447], [-72.44085653832056, 42.44683214300406], [-72.44070889571375, 42.44691100304039], [-72.44056203023304, 42.44699154282531], [-72.44041621692789, 42.44707206932482], [-72.44027088566918, 42.44715372609574], [-72.4401284534409, 42.44723816619358], [-72.43998601353896, 42.44732260617303], [-72.4398434725874, 42.44740648950143], [-72.43970363616288, 42.44749315686084], [-72.43956418216516, 42.447580388123505], [-72.43942462461898, 42.4476670582608], [-72.43928209650807, 42.44775149806454], [-72.43913781705727, 42.44783370208321], [-72.43899355173889, 42.44791647299908], [-72.43884821663174, 42.447998123456465], [-72.43869739091126, 42.448074189714355], [-72.43857154695853, 42.448137675562066], [-72.43837684369528, 42.44822029042993], [-72.43831130493935, 42.4482455821546], [-72.43822927371406, 42.44828563920489], [-72.43816853231944, 42.448320457601], [-72.43815407437454, 42.44833183200279], [-72.4381071732596, 42.44836485043327], [-72.43787898720812, 42.44852707644435]]}}, {"type": "Feature", "properties": {"seg_id": "S091", "name": "PELHAM HILL ROAD", "source": "massdot", "named_in_massdot": true, "jurisdiction": "town", "surface": "gravel", "category": "road", "required": true, "length_mi": 0.452}, "geometry": {"type": "LineString", "coordinates": [[-72.41710785418677, 42.415676054782075], [-72.41712294439897, 42.41572525311639], [-72.41716198150576, 42.415857740906254], [-72.41719958668392, 42.41598967288904], [-72.41723842886715, 42.41612160040139], [-72.4172821031461, 42.41625292129044], [-72.41732566868123, 42.416383685729556], [-72.4173768209116, 42.4165132606868], [-72.41743515693251, 42.41664109116612], [-72.41747106071588, 42.41677359930303], [-72.417644908474, 42.41726892470686], [-72.41771200840155, 42.417459066437544], [-72.4177799103028, 42.41770482250492], [-72.41792621521996, 42.4181803565301], [-72.4181089522009, 42.41894956448562], [-72.41812971145328, 42.419640617288046], [-72.41816845780126, 42.42009317182858], [-72.41816777471577, 42.420784396363295], [-72.41817042938989, 42.420967109998536], [-72.41818323173031, 42.421110016165926], [-72.41819580330956, 42.421237036260614], [-72.41820783847761, 42.42161875510426], [-72.418210462685, 42.421629424544996], [-72.41823120213749, 42.42176318227215], [-72.4182521417599, 42.42189749659219], [-72.41828236613841, 42.42203061684728], [-72.41830769574617, 42.42213395131689]]}}, {"type": "Feature", "properties": {"seg_id": "S092", "name": "PELHAM HILL ROAD", "source": "massdot", "named_in_massdot": true, "jurisdiction": "town", "surface": "paved (bituminous)", "category": "road", "required": true, "length_mi": 0.017}, "geometry": {"type": "LineString", "coordinates": [[-72.41830769574617, 42.42213395131689], [-72.41831486635905, 42.422163718036316], [-72.41834859780842, 42.42229624309127], [-72.41837004226613, 42.42238047948895]]}}, {"type": "Feature", "properties": {"seg_id": "S093", "name": "PELHAM HILL ROAD", "source": "massdot", "named_in_massdot": true, "jurisdiction": "town", "surface": "paved (bituminous)", "category": "road", "required": true, "length_mi": 0.83}, "geometry": {"type": "LineString", "coordinates": [[-72.41837004226613, 42.42238047948895], [-72.41838251536309, 42.42242877115013], [-72.41841671859108, 42.422561296916804], [-72.41845215515013, 42.422693808328845], [-72.41848978019277, 42.42282630676767], [-72.41852625381694, 42.42295824807851], [-72.4185596140584, 42.42309134231444], [-72.41859220081386, 42.42322388181175], [-72.4186206303084, 42.42335757356436], [-72.41864915144302, 42.423490706378615], [-72.41867777323377, 42.42362440197782], [-72.41870817820694, 42.423756953438044], [-72.4187398284749, 42.423890062148764], [-72.41874377490893, 42.42390691070183], [-72.4187718579596, 42.424023166920726], [-72.4188037951827, 42.42415626881562], [-72.41883477999994, 42.42428938280154], [-72.41886415376392, 42.42442250873421], [-72.41889409381892, 42.42455562653477], [-72.41892470721201, 42.424688743451235], [-72.41895531221553, 42.42482185952293], [-72.41898648473386, 42.42495496745169], [-72.41901775708499, 42.42508807907343], [-72.4190487500872, 42.42522119201315], [-72.41907964231606, 42.42535430214444], [-72.4191102491965, 42.42548741904392], [-72.41913933855302, 42.42562054714725], [-72.41916852032622, 42.42575367090073], [-72.41920226373199, 42.42588676272374], [-72.41923647048522, 42.426019283634375], [-72.41927048546255, 42.42615181056465], [-72.41930374931945, 42.42628490527722], [-72.41933312494658, 42.4264180274247], [-72.41936269396415, 42.426551152518634], [-72.41936603691485, 42.42656575687015], [-72.4193936823482, 42.42668426626678], [-72.41942533544763, 42.4268173692929], [-72.4194464107196, 42.42690217016709], [-72.41945830504145, 42.42694990449703], [-72.41949176292988, 42.42708299848654], [-72.41952340826133, 42.42721553974047], [-72.41955364603615, 42.4273492212219], [-72.41958388183964, 42.42748234091027], [-72.41960927268211, 42.4276160565831], [-72.4196346697862, 42.42774977759873], [-72.41966101145586, 42.427882927461965], [-72.41968697496179, 42.42801663943304], [-72.41971029661532, 42.428150938798076], [-72.41973369766825, 42.42828467482278], [-72.41975833704552, 42.42841840094643], [-72.41978127258437, 42.42855270337091], [-72.41979595369044, 42.42868706723146], [-72.41981072727552, 42.428821434848956], [-72.41982531590529, 42.42895636663601], [-72.41983866545928, 42.42909074561914], [-72.4198474688537, 42.4292257227156], [-72.41984629830077, 42.429360780394404], [-72.41984522853534, 42.42949583276191], [-72.41984766698741, 42.42963086069751], [-72.41985001189539, 42.42976589027637], [-72.41985502044437, 42.42990089766947], [-72.41986020887289, 42.43003590452124], [-72.41986749470917, 42.430170894611194], [-72.41987657780567, 42.430305869436744], [-72.4198855746766, 42.43044084584665], [-72.41989787833764, 42.430575228632335], [-72.41991104336547, 42.430710171729494], [-72.41992525139244, 42.43084454379022], [-72.41994296893934, 42.43097888780395], [-72.41996353010484, 42.43111320908991], [-72.41998466978913, 42.43124752574589], [-72.42000588879942, 42.43138127456146], [-72.42002664223072, 42.431515594288754], [-72.42005583595262, 42.43164872206832], [-72.42008994917083, 42.43178124242508], [-72.42012360295041, 42.43191433453936], [-72.42015667753058, 42.432046868572144], [-72.42018966073084, 42.4321799615182], [-72.4202245389638, 42.43231248111023], [-72.42025970406827, 42.432444993894045], [-72.42029267956391, 42.432577528666975], [-72.42032177347363, 42.432710657150615], [-72.42035163635232, 42.43284433677213], [-72.42038404473894, 42.432976876042204], [-72.42041608959806, 42.43310998090308], [-72.42043901997613, 42.43324371590946], [-72.42045958293313, 42.43337803703217], [-72.4204733281967, 42.43351297534791], [-72.42048193337168, 42.43364739205317], [-72.4204843603588, 42.43377510488009], [-72.42049145677967, 42.43388420867081], [-72.42050727816981, 42.43401856767258], [-72.4205230154526, 42.43415348913737], [-72.42053781387324, 42.43427660416666]]}}, {"type": "Feature", "properties": {"seg_id": "S094", "name": "PELHAM HILL ROAD", "source": "massdot", "named_in_massdot": true, "jurisdiction": "town", "surface": "paved (bituminous)", "category": "road", "required": true, "length_mi": 0.867}, "geometry": {"type": "LineString", "coordinates": [[-72.42053781387324, 42.43427660416666], [-72.4205392100591, 42.43428784514317], [-72.42055730903596, 42.434422185917406], [-72.42057531573033, 42.43455652742278], [-72.42059341479525, 42.4346908636814], [-72.42061208760578, 42.4348251998476], [-72.42063075320416, 42.4349595360646], [-72.42064951853371, 42.435093871477406], [-72.42067672550571, 42.435227576688064], [-72.42070648734794, 42.43536069516161], [-72.42073643774852, 42.435493816617935], [-72.42076629347056, 42.43562693791985], [-72.42079055746188, 42.4357606630225], [-72.42080846538055, 42.43589500524403], [-72.42082647181338, 42.4360293466711], [-72.42082302698246, 42.43616442143713], [-72.42081245478676, 42.43629899139947], [-72.42080198425792, 42.43643411873815], [-72.42076992559757, 42.43656661062224], [-72.42073739496014, 42.436699668962675], [-72.42070486533537, 42.43683272277879], [-72.42069953675603, 42.43685189977203], [-72.4206685165749, 42.436964687125375], [-72.42062998977158, 42.43709666436746], [-72.42059136922867, 42.4372286423405], [-72.42055646072896, 42.4373617196131], [-72.42052478026041, 42.43749420836721], [-72.42049300813515, 42.43762725603485], [-72.42046475397485, 42.437760842764675], [-72.42043859610848, 42.43789441182513], [-72.42041233842266, 42.43802797807099], [-72.42038789363242, 42.43816209611271], [-72.4203642924996, 42.43829564560468], [-72.42034574876993, 42.43843027465565], [-72.42032994803263, 42.43856488627682], [-72.42031414632406, 42.43869893520224], [-72.42030310197308, 42.43883407149145], [-72.42030173807305, 42.43896856771087], [-72.4203002887162, 42.439103622803465], [-72.42029655577117, 42.43923869974341], [-72.42029083208276, 42.439373793489], [-72.42028511443364, 42.43950888628101], [-72.42027758589649, 42.439643994440786], [-72.42025045975649, 42.43977700932933], [-72.4202234485835, 42.439910581481996], [-72.42019509923617, 42.44004416791777], [-72.42014771416238, 42.44017452847392], [-72.42010051727479, 42.44030488750118], [-72.42004674235602, 42.44043361187255], [-72.41998182596575, 42.44056017534093], [-72.41991680876744, 42.440686177776364], [-72.41985045221547, 42.44081162367024], [-72.4197730395468, 42.44093434975124], [-72.41969562441115, 42.441056509496526], [-72.41962430072574, 42.44118030772498], [-72.41956510744916, 42.441308513305], [-72.41950704576404, 42.441436146216695], [-72.41945412885053, 42.44156542610261], [-72.41940131258507, 42.441694704254445], [-72.41935115999601, 42.44182452830799], [-72.41931338710077, 42.44195649888619], [-72.41927552046185, 42.442088470194754], [-72.41923765461169, 42.44222100777599], [-72.41920863400426, 42.44235403743028], [-72.41918303790821, 42.44248759793159], [-72.41915735757141, 42.44262172539128], [-72.41913508426443, 42.44275526385116], [-72.41911652931373, 42.44288989261344], [-72.41909796737913, 42.44302396322922], [-72.41907950592339, 42.44315859573067], [-72.41906085025677, 42.443292667978646], [-72.4190427738549, 42.443427291988975], [-72.41902468442089, 42.44356135970197], [-72.41900641590547, 42.443695990631426], [-72.41899042503589, 42.44383060337685], [-72.4189751925307, 42.443965210063226], [-72.41896005469944, 42.44409981148554], [-72.41894548812678, 42.444234412843855], [-72.41894041897582, 42.44436893840954], [-72.41893526316962, 42.4445040264569], [-72.41893029574929, 42.44463911389639], [-72.4189441195245, 42.444773488690004], [-72.41895956923511, 42.44490840779685], [-72.41897757430526, 42.44504274921267], [-72.4189997476008, 42.44517649556408], [-72.41902202275314, 42.44531080288968], [-72.41904429589196, 42.44544454752798], [-72.41906657116803, 42.44557885033493], [-72.41909235355865, 42.44571256695052], [-72.4191196472264, 42.44584570970032], [-72.41914704278732, 42.445979414322125], [-72.41917435087123, 42.44611311423015], [-72.4192020241017, 42.44624625302009], [-72.41923244810027, 42.446379370743735], [-72.41926268619237, 42.44651248543832], [-72.41929311652453, 42.44664560308859]]}}, {"type": "Feature", "properties": {"seg_id": "S095", "name": "PELHAM HILL ROAD", "source": "massdot", "named_in_massdot": true, "jurisdiction": "town", "surface": "paved (bituminous)", "category": "road", "required": true, "length_mi": 0.043}, "geometry": {"type": "LineString", "coordinates": [[-72.41929311652453, 42.44664560308859], [-72.41932345670529, 42.44677928324185], [-72.41935350798141, 42.44691239849332], [-72.41938327260576, 42.44704552142381], [-72.41941293890024, 42.44717864512814], [-72.41943243773552, 42.44726583684252]]}}, {"type": "Feature", "properties": {"seg_id": "S096", "name": "PELHAM HILL ROAD", "source": "massdot", "named_in_massdot": true, "jurisdiction": "town", "surface": "paved (bituminous)", "category": "road", "required": true, "length_mi": 0.248}, "geometry": {"type": "LineString", "coordinates": [[-72.41943243773552, 42.44726583684252], [-72.41944270370978, 42.44731176353334], [-72.4194724699127, 42.44744488551757], [-72.41950849399869, 42.44757739573201], [-72.4195466018836, 42.447709322997646], [-72.41958490414392, 42.447841814991776], [-72.41962310592943, 42.44797374057581], [-72.41966130064678, 42.44810567070215], [-72.41969960122151, 42.44823759636605], [-72.41972908155215, 42.44837072144415], [-72.41975743245575, 42.4485044173257], [-72.4197857667126, 42.44863754613323], [-72.41981421632683, 42.44877124210573], [-72.4198424597368, 42.44890437701981], [-72.41986900477048, 42.44903808278155], [-72.41987084738932, 42.44904707478329], [-72.41989527040859, 42.4491717952668], [-72.41992143649681, 42.449305509437956], [-72.4199475030082, 42.44943922349464], [-72.41997375950388, 42.44957236882788], [-72.4199990759294, 42.449706651552106], [-72.4200229645188, 42.4498403838788], [-72.42004675959873, 42.44997411604349], [-72.42007054863608, 42.45010784374633], [-72.42009444571102, 42.450242137773714], [-72.420115011364, 42.450375896613174], [-72.42013396737313, 42.450510230099326], [-72.42015302185807, 42.450644558290165], [-72.42016244906873, 42.45071144633639], [-72.42018059379735, 42.45080977112958]]}}, {"type": "Feature", "properties": {"seg_id": "S097", "name": "MERRILL DRIVE", "source": "massdot", "named_in_massdot": true, "jurisdiction": "unaccepted/private", "surface": "gravel", "category": "road", "required": true, "length_mi": 0.123}, "geometry": {"type": "LineString", "coordinates": [[-72.43306297831002, 42.504463884184524], [-72.43274374575051, 42.50466352549142], [-72.43261037528947, 42.50475350925466], [-72.43247699733843, 42.50484292933104], [-72.43234631669665, 42.50493458268349], [-72.4321908623863, 42.50505456340203], [-72.43203954282107, 42.505177892898246], [-72.43188466142888, 42.50529843574316], [-72.43176019482821, 42.50538609215527], [-72.43163342409261, 42.50547264617658], [-72.43150944672718, 42.50556142733038], [-72.43141697720836, 42.50563363673049], [-72.43132877316155, 42.50570524800377]]}}, {"type": "Feature", "properties": {"seg_id": "S098", "name": "MERRILL DRIVE", "source": "massdot", "named_in_massdot": true, "jurisdiction": "unaccepted/private", "surface": "gravel", "category": "road", "required": true, "length_mi": 0.117}, "geometry": {"type": "LineString", "coordinates": [[-72.43132877316155, 42.50570524800377], [-72.43132604705683, 42.50570751987799], [-72.43123253080304, 42.505779736680395], [-72.4311601357165, 42.50582758813644], [-72.43108639879601, 42.50587488769636], [-72.4310188990804, 42.50592607294324], [-72.43098607637174, 42.5059561613628], [-72.43095517038932, 42.505987922355125], [-72.43092646624567, 42.5060202273442], [-72.4309067740334, 42.506045143713955], [-72.43088823617094, 42.506070613445544], [-72.4308710327207, 42.50609663508552], [-72.43083468021331, 42.50616501650095], [-72.43080597547528, 42.50623614688572], [-72.43077689109565, 42.50630728122711], [-72.43072451136626, 42.50641686277963], [-72.4306706902419, 42.50652533506773], [-72.43061983094962, 42.5066349042882], [-72.43059347716496, 42.506691385760675], [-72.43056788130248, 42.50674786110757], [-72.43054963088952, 42.50680596881542], [-72.4305446850254, 42.50683132876332], [-72.43054116727936, 42.50685723986978], [-72.43045304284335, 42.507060784167706], [-72.43050369441104, 42.507124743130866], [-72.4305717686113, 42.507195249752904]]}}, {"type": "Feature", "properties": {"seg_id": "S099", "name": "SHORE DRIVE", "source": "massdot", "named_in_massdot": true, "jurisdiction": "unaccepted/private", "surface": "gravel", "category": "road", "required": true, "length_mi": 0.195}, "geometry": {"type": "LineString", "coordinates": [[-72.42678701044086, 42.5023684385199], [-72.42679949918829, 42.50240782797098], [-72.42680207493669, 42.50243425717843], [-72.42680113813951, 42.5024612719138], [-72.42679810668793, 42.5024877417035], [-72.42679281195825, 42.50251535776651], [-72.42678532492349, 42.50254298785452], [-72.42677792944455, 42.50257005901961], [-72.4267652860031, 42.502615172977954], [-72.42675320831277, 42.50266028688717], [-72.4267485442969, 42.50270533668778], [-72.42674992102465, 42.502727834020604], [-72.42675309609454, 42.50274975420724], [-72.42675788433588, 42.50277166142377], [-72.42676576016389, 42.50279635635301], [-72.4267757058901, 42.50281990926432], [-72.42678594577949, 42.50284402249701], [-72.42680198162084, 42.502881028239194], [-72.42681859176854, 42.50291803386279], [-72.42683481505274, 42.50295504169408], [-72.42685621502386, 42.503007759546975], [-72.4268768620378, 42.503060487951444], [-72.42689674264435, 42.503113222514564], [-72.4269166728369, 42.5031693309993], [-72.42693574416177, 42.50322544638662], [-72.42695511574955, 42.50328212114277], [-72.426992759904, 42.50338591559579], [-72.42703096772475, 42.50348914371432], [-72.42706767387664, 42.50359350746994], [-72.42709263733211, 42.50366870501055], [-72.42711674200307, 42.50374391395348], [-72.4271400081852, 42.503819687820325], [-72.42715426059382, 42.50387134222563], [-72.42716491735267, 42.50391064102562], [-72.42718849449024, 42.504001609439705], [-72.4272164406668, 42.504091975514804], [-72.42723876981398, 42.50414975179901], [-72.42726271009057, 42.50420695693226], [-72.4272860834103, 42.50426416211932], [-72.4273169235277, 42.50434494100188], [-72.4273463356716, 42.50442516777531], [-72.42737083329105, 42.504507122139906], [-72.42737871729192, 42.50453913188868], [-72.42738574724572, 42.504571148507694], [-72.42739192653922, 42.50460373375686], [-72.42739639895701, 42.504636333638075], [-72.4274001110016, 42.50466893963629], [-72.42740401872801, 42.50470211034827], [-72.42741226708961, 42.50475212225457], [-72.4274212685308, 42.5048021272005], [-72.42742885021795, 42.50485214446818], [-72.42743294132863, 42.50489149966098], [-72.42743618083097, 42.50493086260525], [-72.42743894584612, 42.5049702284663], [-72.42744227238637, 42.5050219716292], [-72.42744484795475, 42.50507427811881], [-72.42744677395653, 42.50512096656289]]}}, {"type": "Feature", "properties": {"seg_id": "S100", "name": "PRATT CORNER ROAD", "source": "massdot", "named_in_massdot": true, "jurisdiction": "town", "surface": "gravel", "category": "road", "required": true, "length_mi": 0.194}, "geometry": {"type": "LineString", "coordinates": [[-72.48397828058656, 42.40872119886604], [-72.48388056545832, 42.40888464069776], [-72.48384416987578, 42.40894291854677], [-72.48380787439297, 42.408989367016325], [-72.48376869928107, 42.40903416187557], [-72.48373116433031, 42.409080054606996], [-72.48369735092557, 42.40912760633385], [-72.48366506700371, 42.40917515488159], [-72.48363135196391, 42.40922271024806], [-72.48359178606367, 42.40927199921834], [-72.48355039549018, 42.409320754566664], [-72.48350891709575, 42.40936949174259], [-72.48346735674566, 42.40941936851765], [-72.48342562522899, 42.40946980494245], [-72.4833838788883, 42.40951968327419], [-72.48333505935285, 42.40957917810166], [-72.48328616250987, 42.40963925427874], [-72.48323478764979, 42.40969764638152], [-72.4831894619814, 42.40974417628425], [-72.48314252885811, 42.40979015719393], [-72.48309453819505, 42.40983501360364], [-72.48303264767426, 42.409889572701495], [-72.48296920597733, 42.409942438890965], [-72.48290846815513, 42.40999754087555], [-72.4828582249806, 42.410050307790954], [-72.4828101758871, 42.410104167852545], [-72.48276004076565, 42.410157487501166], [-72.48271114837596, 42.41020517667028], [-72.48266040267188, 42.41025119532671], [-72.48260767506578, 42.41029665016824], [-72.48255205528667, 42.410339335057145], [-72.48249442194391, 42.41038090449416], [-72.48243727320926, 42.410422468864496], [-72.48238457171813, 42.41046399524699], [-72.48233215823238, 42.410506077349424], [-72.48227820733754, 42.410546489835454], [-72.4822067166264, 42.41059380983523], [-72.48213301526927, 42.41063945243561], [-72.48205920326012, 42.410685095931605], [-72.48197867006347, 42.410736996377594], [-72.48189830771297, 42.41078832810168], [-72.48181795990584, 42.41084021334524], [-72.48167229759333, 42.410915736413486]]}}, {"type": "Feature", "properties": {"seg_id": "S101", "name": "PRATT CORNER ROAD", "source": "massdot", "named_in_massdot": true, "jurisdiction": "town", "surface": "gravel", "category": "road", "required": true, "length_mi": 0.521}, "geometry": {"type": "LineString", "coordinates": [[-72.48167229759333, 42.410915736413486], [-72.48096504033626, 42.411281334682464], [-72.48090382433044, 42.41131223884419], [-72.48084241518147, 42.41134314912017], [-72.4807813910642, 42.41137405608173], [-72.48072027721842, 42.41140552647927], [-72.4806592469072, 42.41143643342732], [-72.480598326024, 42.411467897612894], [-72.48052802879216, 42.411507323107195], [-72.48045764402063, 42.41154675020345], [-72.48038288460734, 42.4115800238682], [-72.48032477119348, 42.41159683727754], [-72.4802645159553, 42.411610294472446], [-72.48020426553678, 42.411623750694126], [-72.48016590882393, 42.4116353296285], [-72.48012745248295, 42.41164690939836], [-72.48008918813694, 42.41165849202196], [-72.48003904856047, 42.41167523738662], [-72.47998930541051, 42.41169310386234], [-72.47993877074835, 42.41170928984217], [-72.4798811035033, 42.41172441201347], [-72.47982265196826, 42.4117378491176], [-72.47976468661932, 42.41175184925922], [-72.47971375540405, 42.4117669140063], [-72.47966331272058, 42.411782536376485], [-72.47961325653806, 42.41179871813919], [-72.47955348455848, 42.41181891969642], [-72.479494293491, 42.4118396825844], [-72.47943568585384, 42.41186156138386], [-72.47938342398542, 42.41188226524993], [-72.4793317531233, 42.411904652176304], [-72.47928065553177, 42.41192702879969], [-72.47922870781899, 42.411949979838404], [-72.47917724740691, 42.4119734885117], [-72.47912857094157, 42.41199922429643], [-72.47910056905349, 42.41201747173791], [-72.47907351971897, 42.41203627017268], [-72.47904657989928, 42.41205562947327], [-72.47868624558733, 42.41240982138741], [-72.47866563155523, 42.412433631141994], [-72.478645131881, 42.41245800082386], [-72.47862307662314, 42.4124806974159], [-72.47859209301716, 42.41250853154993], [-72.47855870714068, 42.412534703388076], [-72.4785245570429, 42.412560877211554], [-72.47848318181678, 42.41259217858446], [-72.47844074552557, 42.4126223590518], [-72.47839600535123, 42.41265087637612], [-72.47835637951638, 42.412672597760825], [-72.4783149159611, 42.412692080333514], [-72.47827374535821, 42.412712123105244], [-72.47822782445411, 42.41273783867761], [-72.47818189352029, 42.412762987110675], [-72.47813664083112, 42.412789255169415], [-72.47808642213445, 42.41281950703907], [-72.47803688650113, 42.412850876689674], [-72.47798849169023, 42.41288279572786], [-72.47792858519571, 42.41292494842794], [-72.47787040521553, 42.412968206434], [-72.47781347568896, 42.41301258369649], [-72.47776800777528, 42.413049543011056], [-72.4777233040085, 42.413086500317576], [-72.47767851042146, 42.413124016571274], [-72.47762401428417, 42.41316611774896], [-72.47756941977002, 42.413208226037604], [-72.47752038655443, 42.4132536551906], [-72.47748666254043, 42.413295018984954], [-72.47745685940042, 42.41333804028541], [-72.47742706363657, 42.41338161971705], [-72.47680944094552, 42.41428662902027], [-72.4767814135837, 42.41432794334512], [-72.47675348842462, 42.414369819498944], [-72.4767244075293, 42.41441058094504], [-72.4766701077378, 42.4144780016482], [-72.4766124616143, 42.414543768006475], [-72.47655662685183, 42.4146100771683], [-72.47652143623584, 42.414654826619234], [-72.47648719689276, 42.414699573390415], [-72.47645467062264, 42.41474486652129], [-72.47642197784552, 42.41479747350218], [-72.47639166275395, 42.41485062660873], [-72.4763616342508, 42.41490377277362], [-72.47633270065576, 42.4149541015259], [-72.47630395283423, 42.415004425092896], [-72.47627588668303, 42.415055304673416], [-72.47624598634948, 42.41511070413284], [-72.47621704588644, 42.41516665724594], [-72.47618943827631, 42.41522316175058], [-72.47615932383012, 42.41528925256845], [-72.47613120536478, 42.41535532645047], [-72.47610499462691, 42.41542251315499], [-72.47608143809161, 42.415489110139575], [-72.47605959953412, 42.415556255253705], [-72.47603861507605, 42.41562339852192], [-72.47602902888136, 42.41565442850463], [-72.47601982780945, 42.41568545612099], [-72.47601044223669, 42.41571704710398], [-72.4759991046723, 42.41575709519063], [-72.4759877598043, 42.41579714333758], [-72.47597594234489, 42.41583719639028], [-72.47596100313153, 42.41589021358988], [-72.47594530588594, 42.415943242615725], [-72.47592407661311, 42.415994626829324], [-72.47589074310662, 42.41604893077858], [-72.47585063954581, 42.416101599499676], [-72.47580929662796, 42.41615372141054], [-72.4757663599686, 42.41620697592015], [-72.47572199079093, 42.416259686154184], [-72.47567867380693, 42.41631294925433], [-72.47564807651553, 42.41635428505246], [-72.47561824335463, 42.41639561436515], [-72.47558603243162, 42.41643640201875], [-72.47554460220086, 42.41648289573161], [-72.47550011844918, 42.41652828629781]]}}, {"type": "Feature", "properties": {"seg_id": "S102", "name": "PRATT CORNER ROAD", "source": "massdot", "named_in_massdot": true, "jurisdiction": "town", "surface": "gravel", "category": "road", "required": true, "length_mi": 0.1}, "geometry": {"type": "LineString", "coordinates": [[-72.47550011844918, 42.41652828629781], [-72.4754514033674, 42.416570342784794], [-72.47540934080563, 42.41660051980401], [-72.4753647908317, 42.41662903427573], [-72.47532013991129, 42.416657545083325], [-72.47528057999482, 42.416683768227315], [-72.47524083548845, 42.416710551122954], [-72.47519983420514, 42.41673565654166], [-72.47514097785346, 42.416765980236946], [-72.47507942358038, 42.41679407144031], [-72.47501776104752, 42.41682160712608], [-72.47497260926725, 42.41684224419069], [-72.4749275658287, 42.41686344752455], [-72.47488241398909, 42.41688408455355], [-72.47442140492556, 42.417023037707416], [-72.47438778064082, 42.417034011900306], [-72.4743541663029, 42.41704555320397], [-72.47432044844645, 42.417056528168914], [-72.47428295642766, 42.417069227679875], [-72.47424526854094, 42.417081360730975], [-72.47420738009407, 42.4170929381657], [-72.47416616133724, 42.4171039774676], [-72.47412456228474, 42.4171150190725], [-72.47408384823157, 42.41712774488424], [-72.47404467151348, 42.417142144881964], [-72.47400647198427, 42.417158219305385], [-72.4739680779664, 42.41717373806025], [-72.47391599701095, 42.417194437834404], [-72.47386390608104, 42.417214571364454], [-72.47381200835864, 42.41723470773771]]}}, {"type": "Feature", "properties": {"seg_id": "S103", "name": "PRATT CORNER ROAD", "source": "massdot", "named_in_massdot": true, "jurisdiction": "town", "surface": "gravel", "category": "road", "required": true, "length_mi": 0.353}, "geometry": {"type": "LineString", "coordinates": [[-72.47381200835864, 42.41723470773771], [-72.47379862938047, 42.41724055509211], [-72.47376080373506, 42.417257087236095], [-72.47370979339226, 42.41727946056625], [-72.47365692437297, 42.417297917875345], [-72.47358319017509, 42.417312043708925], [-72.47350623224322, 42.417320009724875], [-72.47342935918824, 42.41732741316859], [-72.47338693246842, 42.417333962578894], [-72.47334450573979, 42.41734051197352], [-72.47330187451992, 42.41734593407395], [-72.47324679395396, 42.417350903216175], [-72.47319150889874, 42.4173547450532], [-72.47313609686324, 42.417356338024874], [-72.4730963129041, 42.4173555498449], [-72.47305661261682, 42.4173541982408], [-72.47301699844623, 42.41735228409225], [-72.47296008332667, 42.41734882355584], [-72.47290297632593, 42.417345369114756], [-72.47284606123269, 42.41734190942216], [-72.47278638819922, 42.41733791480723], [-72.47272661548094, 42.4173339165022], [-72.4726669450335, 42.417330483606406], [-72.47258999827717, 42.41732663034834], [-72.47251296062038, 42.41732334411128], [-72.47243602510814, 42.417320615161294], [-72.47237655653115, 42.41731774401327], [-72.47231710396005, 42.41731599180324], [-72.47225787180106, 42.41731592941138], [-72.47219993097944, 42.41731979770516], [-72.47214222049307, 42.417326475739124], [-72.47208440773643, 42.41733258830329], [-72.47149533634276, 42.41750862583012], [-72.47144421416313, 42.4175298745847], [-72.4713932865491, 42.41755168887894], [-72.47134119450727, 42.41757182036548], [-72.4712908461025, 42.41758800089561], [-72.47123952655085, 42.41760250328921], [-72.47118879039374, 42.41761812434286], [-72.47112619584925, 42.417640598753316], [-72.47106446764073, 42.417663628523805], [-72.47100380528123, 42.417688336478314], [-72.47094797064665, 42.41771187467177], [-72.4708930898803, 42.41773597109653], [-72.47084139669263, 42.41776341952914], [-72.47077320215047, 42.41781013719966], [-72.4707116374797, 42.41786242324783], [-72.47065523566076, 42.41791748194208], [-72.47059821872915, 42.417981548139196], [-72.47054733921857, 42.41804949967854], [-72.4705005604546, 42.41811910833], [-72.47048230325294, 42.41814795739837], [-72.47046461712219, 42.41817680615063], [-72.47044703316473, 42.4182062167413], [-72.47012880630177, 42.4189404108895], [-72.47010868240557, 42.418983911293296], [-72.47008855839886, 42.41902740629185], [-72.4700708194567, 42.41907144479007], [-72.47005839692285, 42.41910925145511], [-72.47004768760108, 42.419147607284295], [-72.47003830983995, 42.41918595099087], [-72.47003106602753, 42.41922145959941], [-72.47002487322455, 42.41925696475258], [-72.47001867172344, 42.41929190367437], [-72.47001193200008, 42.41934766802882], [-72.47000518241407, 42.41940286976247], [-72.46999167984849, 42.41945700479365], [-72.46996897624467, 42.41950558762516], [-72.4699402789092, 42.41955309284805], [-72.46991205299038, 42.41960059769214], [-72.46988301387158, 42.41965711262134], [-72.46985474874798, 42.4197141828232], [-72.46982352369083, 42.41977015434956], [-72.46979587224256, 42.41981203089702], [-72.46976642132536, 42.419853918094894], [-72.46973696295056, 42.41989524264473], [-72.4693590747865, 42.420281063986046]]}}, {"type": "Feature", "properties": {"seg_id": "S104", "name": "PRATT CORNER ROAD", "source": "massdot", "named_in_massdot": true, "jurisdiction": "town", "surface": "gravel", "category": "road", "required": true, "length_mi": 1.425}, "geometry": {"type": "LineString", "coordinates": [[-72.4693590747865, 42.420281063986046], [-72.46848706895511, 42.42120673475068], [-72.46836366854741, 42.42133775618062], [-72.46832388012699, 42.42138029264058], [-72.46828399808442, 42.42142282897309], [-72.46824248161488, 42.421464255434124], [-72.4682001810725, 42.42150400036714], [-72.46815634450404, 42.421542633697946], [-72.46810915162644, 42.421579046228906], [-72.46805412740053, 42.42161270748358], [-72.46799545757769, 42.42164358765585], [-72.46793823011467, 42.42167558017388], [-72.46789412986523, 42.42170352157603], [-72.46785109784217, 42.42173258298529], [-72.46780786512367, 42.421761078861444], [-72.46773326172001, 42.42179321825509], [-72.4676586680571, 42.42182591931944], [-72.46758839914635, 42.4218619583963], [-72.46752620028461, 42.42190412472891], [-72.46746823506949, 42.42195018715885], [-72.46741065014962, 42.42199625176445], [-72.46735443740364, 42.42203892499579], [-72.46729869851772, 42.422081599618856], [-72.46724477977061, 42.42212537892297], [-72.46720826517624, 42.42215832153676], [-72.46717279192758, 42.422191818991905], [-72.46713731609178, 42.42222475285493], [-72.466502481449, 42.42330428602555], [-72.46646858669871, 42.42337884632637], [-72.46643461419191, 42.423453969069435], [-72.46639995988362, 42.42352853572245], [-72.4663793581949, 42.42356584788266], [-72.46635866293768, 42.42360316172448], [-72.46634585814515, 42.42364096752876], [-72.46634467612638, 42.42366292372032], [-72.46634587203727, 42.42368542265293], [-72.46634715897832, 42.42370735811953], [-72.46635003067641, 42.423752347454275], [-72.46635299600577, 42.42379734050421], [-72.46635415700143, 42.423842348699466], [-72.46635481947999, 42.42388566937238], [-72.46635376257362, 42.42392844177598], [-72.46634605075104, 42.423970150039736], [-72.46632934305218, 42.424007425897656], [-72.46630691103874, 42.42404306709806], [-72.46628447891752, 42.42407870289252], [-72.46595219420293, 42.42478036599687], [-72.46593917790707, 42.42484181058348], [-72.46592617020009, 42.424903818697366], [-72.46590783172361, 42.42496474162999], [-72.4658872819156, 42.425011619173944], [-72.46586349504763, 42.42505796117012], [-72.46583923426877, 42.42510430713645], [-72.46581777236523, 42.42514725070595], [-72.46579602247522, 42.425190197587064], [-72.46577341598679, 42.425233155250645], [-72.46574456152007, 42.42528347683992], [-72.46571456717781, 42.425333245281244], [-72.46568446707707, 42.4253830146009], [-72.46496657538574, 42.42624996905841], [-72.46329362764135, 42.428199670863535], [-72.46325096840569, 42.42825967228254], [-72.4632083868553, 42.42831911483499], [-72.46317077158977, 42.42838019852344], [-72.46314545477045, 42.42843218150157], [-72.4631236642802, 42.42848525497347], [-72.46310339881403, 42.42853832018455], [-72.46308439851929, 42.42859362381058], [-72.46306700089889, 42.428648352225565], [-72.46305027893344, 42.42870363768603], [-72.4630365449327, 42.428749327733996], [-72.46302309290641, 42.428795020822946], [-72.46300974784802, 42.42884127481544], [-72.4630099420535, 42.42887897594609], [-72.46300956506093, 42.428916676452225], [-72.46300890743896, 42.42895438380694], [-72.46300894739883, 42.42901290345507], [-72.46300850743205, 42.42907143071803], [-72.4630044571464, 42.42912942187619], [-72.46299647073533, 42.42918519605354], [-72.46298515225448, 42.42923987359838], [-72.46297003877923, 42.42929457838122], [-72.46295564656735, 42.429334650510526], [-72.4629390547943, 42.42937361653295], [-72.46292266355495, 42.42941314267569], [-72.46274787611722, 42.430049329858775], [-72.46273213073343, 42.430106297885274], [-72.46271636940311, 42.43016269974005], [-72.46269757006469, 42.43021856429358], [-72.46266468767236, 42.43029142761383], [-72.4626262783537, 42.43036264452972], [-72.46258834544244, 42.43043442555034], [-72.4625567077546, 42.43050165412291], [-72.46252526314329, 42.430568876569296], [-72.46248999905977, 42.43063500643452], [-72.46245486743408, 42.43069100747092], [-72.46241696260164, 42.43074590717604], [-72.46237705745924, 42.430800260886905], [-72.4623297500354, 42.43086086345765], [-72.46227995748568, 42.43092092857875], [-72.46222806232521, 42.43097931864595], [-72.46216221518193, 42.43104514218943], [-72.46209341608741, 42.43110986405902], [-72.46202881556154, 42.43117624340653], [-72.46200010197397, 42.43121080714803], [-72.46197252089388, 42.43124536051917], [-72.46194466887036, 42.431280479747635], [-72.46129182453451, 42.4318064346256], [-72.46063593852318, 42.43233240561927], [-72.46010240612492, 42.432819088913554], [-72.46008738202552, 42.43283046639391], [-72.45995875599034, 42.4329260733811], [-72.45983032402802, 42.433022240400874], [-72.45970255762995, 42.43311840262465], [-72.45957488441515, 42.433214563924516], [-72.45944404008519, 42.433308497100874], [-72.45940119194677, 42.43333811543827], [-72.45917938018118, 42.43349414234589], [-72.45891192096227, 42.433695566770396], [-72.45881719855763, 42.43378582397219], [-72.45873867679619, 42.433886077492694], [-72.45866454287071, 42.434006550713725], [-72.45856026522031, 42.434186917406926], [-72.4584883664034, 42.434398527446106], [-72.45847279580158, 42.4344296055456], [-72.45841859509464, 42.43453753505864], [-72.45832675430385, 42.43472398947801], [-72.4582277949109, 42.43490431245691], [-72.45810001381545, 42.435137770727955], [-72.4579270058686, 42.43537554580403], [-72.45773864395332, 42.43567196815327], [-72.45754992795332, 42.43593856823229], [-72.45741772737891, 42.436143925630915], [-72.45731321719404, 42.43634061575728], [-72.4572527219788, 42.43650936579959], [-72.45724442693668, 42.43652575303997], [-72.4572327003109, 42.43655398729369], [-72.45719111616249, 42.43665449166203], [-72.45713790118215, 42.43678379125618], [-72.45708993001483, 42.43691417263209], [-72.45704671419332, 42.43704508165871], [-72.45700350784877, 42.437176547881954], [-72.45695971917935, 42.43730745622358], [-72.45691031445536, 42.43743729121779], [-72.45686082318753, 42.43756768510169], [-72.45681141798877, 42.437697515544095], [-72.456761911716, 42.437827346799246], [-72.45670593366115, 42.43795554460122], [-72.45659640348268, 42.43814655142912]]}}, {"type": "Feature", "properties": {"seg_id": "S105", "name": "LAKE DRIVE", "source": "massdot", "named_in_massdot": true, "jurisdiction": "unaccepted/private", "surface": "gravel", "category": "road", "required": true, "length_mi": 0.222}, "geometry": {"type": "LineString", "coordinates": [[-72.43426939395334, 42.49974284788506], [-72.4330082418587, 42.49901481243315], [-72.43267321689727, 42.49882339273241], [-72.43246453388203, 42.498710857198205], [-72.43203997600313, 42.49845545617824], [-72.43168565405679, 42.49825068784359], [-72.43122689261857, 42.497989369848376], [-72.4308395596455, 42.4977629198805]]}}, {"type": "Feature", "properties": {"seg_id": "S106", "name": "LAKE DRIVE", "source": "massdot", "named_in_massdot": true, "jurisdiction": "unaccepted/private", "surface": "gravel", "category": "road", "required": true, "length_mi": 0.126}, "geometry": {"type": "LineString", "coordinates": [[-72.4308395596455, 42.4977629198805], [-72.43040945310885, 42.49750417887408], [-72.43016024754321, 42.49737564833374], [-72.42999139607105, 42.49730160790768], [-72.42980392417103, 42.49728623976335], [-72.42960484819908, 42.49729572320321], [-72.42935335762823, 42.49728987366224], [-72.42919801806805, 42.49728775176436], [-72.4291637441387, 42.49729182194244], [-72.42897941341789, 42.49731370952593], [-72.42876203517244, 42.497332903826695], [-72.42859799862319, 42.49736629877327]]}}, {"type": "Feature", "properties": {"seg_id": "S107", "name": "SCHOOLHOUSE ROAD", "source": "massdot", "named_in_massdot": true, "jurisdiction": "town", "surface": "gravel", "category": "road", "required": true, "length_mi": 0.465}, "geometry": {"type": "LineString", "coordinates": [[-72.43506945655989, 42.41347158724411], [-72.43506686930719, 42.41347582176632], [-72.4350392709649, 42.41351599772537], [-72.43501169081023, 42.413556173529365], [-72.43498484560496, 42.413596343356105], [-72.43495848727346, 42.413637067420346], [-72.43493279484653, 42.41367779957388], [-72.43490788077925, 42.41371907819616], [-72.43488284166449, 42.413759790625676], [-72.43485772830944, 42.41380107175476], [-72.43483252162633, 42.413841795436454], [-72.43480740211834, 42.41388307570285], [-72.43478190244322, 42.413923791848156], [-72.4347564077411, 42.41396451785026], [-72.4347319611793, 42.41400579353353], [-72.43470854720249, 42.41404705992543], [-72.43468619716236, 42.41408887587156], [-72.43466526971065, 42.41413125646659], [-72.43464645825613, 42.414174177174054], [-72.43462923203806, 42.41421707600273], [-72.43461117253374, 42.41425999059746], [-72.43459216171318, 42.41430290931167], [-72.43457237838373, 42.41434527069326], [-72.43455041071282, 42.414387650706175], [-72.43452471533966, 42.414427811076685], [-72.43449673119073, 42.41446799452424], [-72.43446961678507, 42.414508166401745], [-72.43444430860279, 42.41454888180801], [-72.43441957502176, 42.41459016784861], [-72.43439549488883, 42.41463144047584], [-72.43437199298975, 42.41467270750312], [-72.4343488844257, 42.414714529531246], [-72.43432547832039, 42.414756362972376], [-72.43430112117841, 42.41479706972314], [-72.43427638850184, 42.41483834761875], [-72.43425194006034, 42.41487962230103], [-72.43422777222337, 42.41492089470005], [-72.43420380360786, 42.41496216637673], [-72.43418116147264, 42.4150039935841], [-72.43416032556375, 42.41504636342632], [-72.43414074109873, 42.415088733011586], [-72.43412106387537, 42.415131651641055], [-72.43410166388645, 42.41517401071805], [-72.43408235478564, 42.41521693085386], [-72.43406097084164, 42.415259306022435], [-72.43403650898851, 42.41530002256224], [-72.4340101554099, 42.41534074634339], [-72.43398350690283, 42.4153809188136], [-72.43395666257554, 42.41542165556634], [-72.43392944766381, 42.41546181911356], [-72.43390366021906, 42.41550254727747], [-72.43388015767498, 42.41554381419573], [-72.43385790131892, 42.415585629197174], [-72.43383687805485, 42.41562801039516], [-72.43381711202777, 42.41567037148567], [-72.43379846720738, 42.415713291578776], [-72.43378022083289, 42.41575620753565], [-72.43376214796386, 42.41579910857664], [-72.43374446768046, 42.41584201993437], [-72.43372688200941, 42.41588549772326], [-72.4337092890307, 42.415928400263205], [-72.43369178847978, 42.41597131015299], [-72.4336742025371, 42.41601477442932], [-72.43365670922793, 42.41605768425371], [-72.43363911505834, 42.41610059489295], [-72.43362172828695, 42.41614405754382], [-72.43360374894625, 42.41618697130041], [-72.43358577566886, 42.41622988590467], [-72.43356905465802, 42.41627334764762], [-72.43355421907354, 42.41631678869436], [-72.43354082186733, 42.41636079067704], [-72.43352799078802, 42.41640478806627], [-72.43351525923329, 42.41644877924439], [-72.43350327976762, 42.41649276972316], [-72.43349264018688, 42.41653731563573], [-72.43348379845555, 42.41658183346207], [-72.43347629332408, 42.416626354853136], [-72.43347069902215, 42.41667084634221], [-72.43346764988861, 42.41671588889416], [-72.43346643034083, 42.4167609121071], [-72.43346423420128, 42.416805956743865], [-72.43346015608645, 42.416850435935004], [-72.43345540362742, 42.416895492297385], [-72.43345055631848, 42.416940544026296], [-72.43344543478561, 42.416985046081734], [-72.43344040144744, 42.417030090314505], [-72.43343715816248, 42.417074577137505], [-72.43343745601886, 42.417119588041196], [-72.43343963828175, 42.41716458816512], [-72.43344068208803, 42.41720959211854], [-72.43343963036997, 42.41725462746945], [-72.43343744601091, 42.41729964949653], [-72.43343610483821, 42.41731710768035], [-72.43343402288814, 42.41734413687445], [-72.43342975384644, 42.41738918480832], [-72.43342434162128, 42.41743424651311], [-72.43341836707275, 42.41747875007674], [-72.43341171682209, 42.417523821818826], [-72.4334044919634, 42.417568326516], [-72.43339708749798, 42.41761284707362], [-72.43338958427175, 42.4176579212277], [-72.43338198039062, 42.417702433496665], [-72.43337447504105, 42.41774695396885], [-72.43336687714677, 42.41779146168554], [-72.43335947957694, 42.41783653497867], [-72.43335195718652, 42.41788105558585], [-72.43334436533493, 42.41792556325038], [-72.43333676032104, 42.41797008542572], [-72.43332936399017, 42.41801516320615], [-72.43332205154188, 42.41805966860209], [-72.43331491423369, 42.41810418608179], [-72.43330827592641, 42.41814925321156], [-72.4333022891456, 42.41819376136106], [-72.43329658983549, 42.418238811872634], [-72.43329098209935, 42.41828331694728], [-72.4332851954303, 42.418328377168635], [-72.4332793104091, 42.41837344268818], [-72.43327255810584, 42.41841795253835], [-72.43326430042421, 42.418462470990974], [-72.43325507933275, 42.418507000854454], [-72.43324596872195, 42.4185515253193], [-72.43323751187249, 42.41859605348589], [-72.43322905602669, 42.41864056813833], [-72.43321936113433, 42.4186851072397], [-72.43320794712525, 42.41872908767281], [-72.43319541028993, 42.41877363990678], [-72.43318296355328, 42.41881762960863], [-72.43317079751957, 42.41886162153463], [-72.43315853182959, 42.41890561336628], [-72.43314598541511, 42.418949603870374], [-72.43313248772706, 42.41899360568497], [-72.43311871059383, 42.419037610662954], [-72.43310483752424, 42.41908104471314], [-72.43309077360966, 42.41912505111081], [-72.43307671090365, 42.41916905839669], [-72.43306253889655, 42.41921249486302], [-72.43304799016767, 42.419256506083606], [-72.43303326429886, 42.41929996053923], [-72.43301852726238, 42.41934340067767], [-72.43300398454754, 42.41938741184211], [-72.43298943951439, 42.41943085582133], [-72.43297336961557, 42.4194743076552], [-72.43295598287253, 42.41951778366355], [-72.43293714691683, 42.41956013701069], [-72.432916595417, 42.41960250515769], [-72.4328936652502, 42.41964433437892], [-72.43286901979809, 42.419685043992786], [-72.43284343621195, 42.41972632750413], [-72.43282423838322, 42.41975800416916], [-72.43280458820702, 42.41979023639206], [-72.43278226328677, 42.41982080488633], [-72.43275864089102, 42.41984744138909], [-72.43273272016445, 42.4198729720099], [-72.43270699475991, 42.41989905924014]]}}, {"type": "Feature", "properties": {"seg_id": "S108", "name": "WENDELL ROAD", "source": "massdot", "named_in_massdot": true, "jurisdiction": "town", "surface": "gravel", "category": "road", "required": true, "length_mi": 0.334}, "geometry": {"type": "LineString", "coordinates": [[-72.41796894059065, 42.48027648872779], [-72.41797744757145, 42.48036476332165], [-72.41801149736533, 42.48049785143443], [-72.41804535298623, 42.480630373888935], [-72.41807940096571, 42.48076289929906], [-72.41812178881047, 42.48089422836311], [-72.41816446270559, 42.481025560531016], [-72.41820713792887, 42.48115688816791], [-72.41823369312509, 42.48129059770555], [-72.41825882309655, 42.48142431859097], [-72.41828395190592, 42.48155803587507], [-72.41830794254541, 42.48169176582163], [-72.41831846237636, 42.48182672849529], [-72.4183287746167, 42.48196113012796], [-72.41834185942834, 42.48209607144872], [-72.41837912587594, 42.482228004789654], [-72.41841611491495, 42.48236050661752], [-72.41844201189117, 42.4824942213189], [-72.41845109123042, 42.482628628245436], [-72.41844507264024, 42.48276372269631], [-72.41842593081387, 42.48289779635846], [-72.41840698316787, 42.483032431154335], [-72.41839021275264, 42.4831664858995], [-72.41837563588605, 42.483301081343235], [-72.41836106023909, 42.483435681271736], [-72.41834638966635, 42.48357028194967], [-72.4183270621939, 42.48370491973277], [-72.41830125530792, 42.48383848016152], [-72.41828182582545, 42.483972556049395], [-72.41829366346522, 42.484106945456425], [-72.41832808721797, 42.48423946769742], [-72.41836508334396, 42.484371964922566], [-72.4183929589484, 42.4845051020124], [-72.41842065554452, 42.4846388023078], [-72.41844853739961, 42.48477193482542], [-72.41848524712685, 42.48490443878226], [-72.41853464507578, 42.48503402543903], [-72.4185430682358, 42.48505140077493]]}}, {"type": "Feature", "properties": {"seg_id": "S109", "name": "WENDELL ROAD", "source": "massdot", "named_in_massdot": true, "jurisdiction": "town", "surface": "gravel", "category": "road", "required": true, "length_mi": 0.594}, "geometry": {"type": "LineString", "coordinates": [[-72.4185430682358, 42.48505140077493], [-72.41859646347248, 42.485161263205725], [-72.41867190009715, 42.48528445174472], [-72.4187485600487, 42.485406509601916], [-72.41880592471789, 42.48553490723713], [-72.41884888196414, 42.48566567047886], [-72.41887430201331, 42.48579938878854], [-72.41890712335686, 42.48593248628163], [-72.41895917836753, 42.486061488857956], [-72.41903016829173, 42.48618583708612], [-72.4191112785216, 42.4863067347176], [-72.41918880250107, 42.48642934356254], [-72.41926168982195, 42.48655311832073], [-72.41932482986431, 42.486679778836226], [-72.41939014067582, 42.48680530111907], [-72.41947607213284, 42.486924468352335], [-72.4195859768247, 42.487032192235034], [-72.41971424321981, 42.48712795119456], [-72.4198397769733, 42.48722598078067], [-72.4199534557412, 42.48733142433192], [-72.42006713573882, 42.487437426849404], [-72.4201706261041, 42.487548013032374], [-72.4202393489696, 42.487672940390574], [-72.42027131336357, 42.48780548251456], [-72.42031057953811, 42.487937402725066], [-72.4203629355324, 42.488066964921195], [-72.42042171621483, 42.488194225921035], [-72.42051538438064, 42.48830938904859], [-72.42065060294708, 42.48839946814281], [-72.42071245899584, 42.48852276289629], [-72.4206822559368, 42.48865411348175], [-72.42057913420166, 42.48876409628512], [-72.42048157940582, 42.48887797515001], [-72.4203956028171, 42.488997390148384], [-72.42035537164432, 42.48905398036199], [-72.42034448770963, 42.489063632097455], [-72.42033351139811, 42.489073289071065], [-72.4203232036739, 42.489083498891915], [-72.42029652686836, 42.489118034162395], [-72.42027645762457, 42.489155896397435], [-72.42026172244347, 42.48919484051185], [-72.42025414654266, 42.48922247007219], [-72.42024905377842, 42.48925120968304], [-72.42024613846237, 42.48927936561568], [-72.42024615134079, 42.48931312595674], [-72.42024921689853, 42.48934742821143], [-72.42025313413691, 42.489381157374574], [-72.42025635074599, 42.48941939544508], [-72.42026042941228, 42.48945818932039], [-72.42026839597914, 42.48949582226923], [-72.42028314199865, 42.489536218126375], [-72.42030252890122, 42.48957545154278], [-72.4203241943113, 42.489614104971125], [-72.4203658942735, 42.489677918502395], [-72.42041460125637, 42.48973998888914], [-72.42046867777302, 42.489798637533255], [-72.42052178573621, 42.489849420743646], [-72.42057923449319, 42.48989847758695], [-72.42064259984808, 42.48994242113501], [-72.42070199661693, 42.48997514977631], [-72.42076561490671, 42.4900038977331], [-72.42083165568515, 42.49002925736722], [-72.42088617151461, 42.49004626422002], [-72.42094217375544, 42.49006101021359], [-72.42099881665976, 42.490074058491615], [-72.42105531191471, 42.49008373899033], [-72.42111226173697, 42.49009172416], [-72.42116746276399, 42.49010365940217], [-72.42120326168181, 42.490114629732865], [-72.42123831675175, 42.49012672597482], [-72.42127028303531, 42.49014222663333], [-72.42129541811984, 42.49015834278178], [-72.42131840154194, 42.4901767268822], [-72.42133609278662, 42.49019740674379], [-72.4213458061545, 42.490218150383264], [-72.4213510728663, 42.49024061223685], [-72.42135548700182, 42.49026308540766], [-72.4213628359054, 42.49031085522021], [-72.42136571967393, 42.49035866072971], [-72.42136775901118, 42.49040703567865], [-72.42137059020045, 42.4904644064196], [-72.4213720850131, 42.49052122965629], [-72.42137159683634, 42.49057862693333], [-72.42136793522927, 42.49064054929134], [-72.42136171449616, 42.49070249570899], [-72.42135558619239, 42.49076444138624], [-72.42135076022676, 42.490824685882714], [-72.42134584885822, 42.49088549735081], [-72.42133932582843, 42.49094632170209], [-72.4213304317354, 42.49100097002759], [-72.42132029823911, 42.49105563276122], [-72.42131235991056, 42.491110839732855], [-72.4213106046056, 42.49119244275123], [-72.42131380324169, 42.4912745733552], [-72.42131072302737, 42.491356749650485], [-72.42130126421516, 42.491411968771665], [-72.42128896247114, 42.491467773306375], [-72.42127665737247, 42.49152301607709], [-72.42126934651682, 42.49156921140017], [-72.42126184961398, 42.49161541271087], [-72.42124834452731, 42.49166053757047], [-72.42123490478205, 42.491690469308296], [-72.42121870290447, 42.49171985503232], [-72.42119828399449, 42.49174703000835], [-72.42117380509139, 42.491769167831045], [-72.42114559049979, 42.49178965194192], [-72.42111795693874, 42.491810689588995], [-72.4210773190318, 42.491845903782746], [-72.42103782074223, 42.491881104352416], [-72.42099947862137, 42.49191742554743], [-72.42094814956371, 42.491969038602114], [-72.42089892781678, 42.492021763772655], [-72.42085056923263, 42.492075040211205], [-72.4207995060022, 42.492131717070365], [-72.42074939022832, 42.49218838633589], [-72.42070099398478, 42.49224560362948], [-72.4206431460562, 42.492319215275515], [-72.42058816074625, 42.492393932102175], [-72.42053490308355, 42.49246975597657], [-72.42050768274406, 42.492512740426754], [-72.42047813714389, 42.49255911327069]]}}, {"type": "Feature", "properties": {"seg_id": "S110", "name": "WENDELL ROAD", "source": "massdot", "named_in_massdot": true, "jurisdiction": "town", "surface": "gravel", "category": "road", "required": true, "length_mi": 0.225}, "geometry": {"type": "LineString", "coordinates": [[-72.42047813714389, 42.49255911327069], [-72.42055721601132, 42.492618129347676], [-72.42068577499636, 42.49271388485054], [-72.42081904360614, 42.49280622735081], [-72.42094430240489, 42.49290369609986], [-72.42103505711857, 42.49302057367335], [-72.42108930118376, 42.49314899584617], [-72.42112895913675, 42.49328090799981], [-72.42117334726083, 42.493411662354355], [-72.42121717565962, 42.4935429793497], [-72.42125464834702, 42.49367491431932], [-72.42128776579503, 42.49380800316269], [-72.42131185991339, 42.49394173221508], [-72.42133007738359, 42.49407607002477], [-72.42135009520906, 42.494210393435154], [-72.42137514319681, 42.49434410943509], [-72.42140398198885, 42.49447723693299], [-72.42143291457938, 42.49461036457028], [-72.42147086967114, 42.49474285287081], [-72.4215037926722, 42.494875385890815], [-72.42152922198865, 42.49500909878961], [-72.42153555700473, 42.49514353154195], [-72.42149565516861, 42.495274960547476], [-72.42142790295144, 42.495399853630914], [-72.42136522790166, 42.49552696043493], [-72.42133602042865, 42.49559696815903]]}}, {"type": "Feature", "properties": {"seg_id": "S111", "name": "WENDELL ROAD", "source": "massdot", "named_in_massdot": true, "jurisdiction": "town", "surface": "gravel", "category": "road", "required": true, "length_mi": 0.256}, "geometry": {"type": "LineString", "coordinates": [[-72.42133602042865, 42.49559696815903], [-72.421311500966, 42.49565568283506], [-72.42129673318355, 42.49578972157233], [-72.42127540022832, 42.49592381278005], [-72.42125245534763, 42.49605791326142], [-72.42126382838255, 42.496192305718104], [-72.42127796247908, 42.496327237887165], [-72.42134602136812, 42.49645104522152], [-72.42142222778132, 42.49657366830471], [-72.42147998878747, 42.496702061187115], [-72.4215377479095, 42.496829892265374], [-72.42158631570707, 42.496960045756786], [-72.42162975974412, 42.49709080738524], [-72.42167321211105, 42.49722212711409], [-72.42172196783842, 42.49735227993693], [-72.42177546500112, 42.49748127394258], [-72.42182877833177, 42.49761082757746], [-72.42184414336432, 42.49764784299324], [-72.42188226978388, 42.49773981707234], [-72.42192600199289, 42.497870571764885], [-72.42196764909741, 42.49800190940569], [-72.42200020351869, 42.49813500782744], [-72.42202382750779, 42.498268734961805], [-72.42205968554597, 42.49840068245676], [-72.42211470361396, 42.498529659613226], [-72.42220348541187, 42.4986471146462], [-72.4223102835623, 42.498755418839536], [-72.42243632291326, 42.49885288328161], [-72.42256217131957, 42.49895090820131], [-72.4226421373701, 42.49903073157363], [-72.42267698665881, 42.499067591802905]]}}, {"type": "Feature", "properties": {"seg_id": "S112", "name": "WENDELL ROAD", "source": "massdot", "named_in_massdot": true, "jurisdiction": "town", "surface": "gravel", "category": "road", "required": true, "length_mi": 0.029}, "geometry": {"type": "LineString", "coordinates": [[-72.42267698665881, 42.499067591802905], [-72.42268258909547, 42.499073737420865], [-72.42271184200487, 42.49910444747155], [-72.42274669137502, 42.499141307679], [-72.42278154686836, 42.49917816782683], [-72.42281639624096, 42.4992150226113], [-72.42285125181564, 42.49925188273735], [-72.42288600767795, 42.499288743651185], [-72.42292077172905, 42.49932616177496], [-72.4229558065401, 42.499362457746315], [-72.42299122916839, 42.49939931328923], [-72.42300820749512, 42.4994166197502]]}}, {"type": "Feature", "properties": {"seg_id": "S113", "name": "WENDELL ROAD", "source": "massdot", "named_in_massdot": true, "jurisdiction": "town", "surface": "gravel", "category": "road", "required": true, "length_mi": 0.653}, "geometry": {"type": "LineString", "coordinates": [[-72.42300820749512, 42.4994166197502], [-72.42302711676426, 42.49943559790849], [-72.42306329157563, 42.49947188561824], [-72.42309993012512, 42.49950760151314], [-72.42313695686056, 42.49954331968922], [-72.42317397625979, 42.49957903251033], [-72.4232109021089, 42.49961475147069], [-72.42324792767445, 42.49965046421863], [-72.42328476328724, 42.49968674566558], [-72.42332159552491, 42.499722460838754], [-72.42335842907347, 42.4997581795909], [-72.4233952613946, 42.4997938947399], [-72.42343190983289, 42.49983017763923], [-72.42346855609794, 42.49986589335506], [-72.42350510272945, 42.49990161525934], [-72.4235417500111, 42.499937893631454], [-72.42357839647991, 42.49997361471253], [-72.42361513873367, 42.500009892300305], [-72.42365197139954, 42.50004561096567], [-72.42368889894277, 42.50008132525771], [-72.42372507327501, 42.50011761186308], [-72.42375983012434, 42.50015447250496], [-72.42379392758214, 42.50019133301929], [-72.42382802609488, 42.50022876160454], [-72.42386250540581, 42.50026618622718], [-72.42389707500712, 42.50030304382685], [-72.42393070163106, 42.50034047616399], [-72.42396348130309, 42.5003784770679], [-72.42399540214926, 42.50041648484701], [-72.42402667191506, 42.50045506052435], [-72.4240566165665, 42.50049420410223], [-72.42408570947526, 42.50053392168991], [-72.42411490217573, 42.50057363847006], [-72.42414428010255, 42.50061279106995], [-72.42417356654903, 42.50065250708336], [-72.42420227182191, 42.500691665961774], [-72.42423023933401, 42.50073195432324], [-72.42425754145314, 42.50077224891353], [-72.42428493606339, 42.500812542755554], [-72.4243116653319, 42.5008528464278], [-72.42433829966596, 42.50089314545318], [-72.42436749390808, 42.500932862155786], [-72.42440016610168, 42.50097029750716], [-72.42443511723063, 42.50100715548562], [-72.42447128544516, 42.501042875615816], [-72.42450906687972, 42.501078586396694], [-72.42454797781113, 42.5011131600293], [-72.42458537032613, 42.50114831211741], [-72.42462012816635, 42.501185167088636], [-72.4246532812391, 42.50122260301203], [-72.42468521725337, 42.501261173164295], [-72.42471648176338, 42.50129974779442], [-72.42474633364891, 42.50133889733696], [-72.42477390792065, 42.50137862693221], [-72.42479866023743, 42.501420066324236], [-72.42482103302848, 42.501461524802565], [-72.42484200261805, 42.5015041190098], [-72.42486201151576, 42.50154616363548], [-72.42488070350373, 42.50158933789721], [-72.42489606834208, 42.50163254425447], [-72.4249070703266, 42.501676343803354], [-72.42491485528471, 42.50172129814099], [-72.42492150758096, 42.501766257064844], [-72.42492729160652, 42.50181066476909], [-72.42493194269521, 42.50185563974954], [-72.42493649531578, 42.50190062002098], [-72.4249417206963, 42.50194559489329], [-72.42494703359694, 42.50199056366078], [-72.42495149041372, 42.50203498291177], [-72.42495433616857, 42.50207997237562], [-72.424956229417, 42.50212497308344], [-72.42495793533155, 42.50216997619432], [-72.4249598285325, 42.50221497330021], [-72.42496172788483, 42.502259974857694], [-72.42496333404918, 42.50230497876733], [-72.42496523334077, 42.50234997582271], [-72.42496693318506, 42.50239497897955], [-72.42496883248192, 42.5024399760338], [-72.42497043864263, 42.50248497904097], [-72.42497214457711, 42.5025299821473], [-72.42497508404443, 42.502574970852976], [-72.42498002361546, 42.50261994800965], [-72.42498628100473, 42.50266435190317], [-72.42499235923155, 42.502709315419516], [-72.42499824531525, 42.50275428497852], [-72.42500403766563, 42.5027992507874], [-72.42500982184394, 42.50284365847521], [-72.42501552060077, 42.50288862953514], [-72.42502121929972, 42.502933596093264], [-72.42502719788442, 42.50297856490612], [-72.4250333628169, 42.50302296503385], [-72.42503972707262, 42.503067930750085], [-72.42504607822463, 42.50311233388328], [-72.42505244364902, 42.503157295087014], [-72.42505890282489, 42.50320226003907], [-72.42506525393796, 42.50324665866866], [-72.42507113890711, 42.503291628227196], [-72.42507712486072, 42.50333659697454], [-72.42508433490566, 42.503380988708486], [-72.42509315942944, 42.50342537198613], [-72.42510340973355, 42.503469739318476], [-72.42511517964283, 42.503514099855536], [-72.42512913352566, 42.50355787477385], [-72.42514478126084, 42.503601078809986], [-72.42516025471132, 42.50364484242824], [-72.42517534379498, 42.50368861273033], [-72.42519032970505, 42.50373181756965], [-72.42520551738701, 42.503775587976], [-72.42522079868833, 42.503819352226735], [-72.42523635287375, 42.50386255699935], [-72.42524421877752, 42.50388668941406], [-72.42525058674642, 42.50390633055314], [-72.42526368190981, 42.50395011324507], [-72.42527545322473, 42.50399447285008], [-72.4252854227825, 42.5040388469163], [-72.42529234715462, 42.50408324092383], [-72.42529756688643, 42.50412821580265], [-72.42530269896488, 42.50417318688282], [-72.42530829004059, 42.50421759609213], [-72.42531408281204, 42.5042625663688], [-72.42531987552586, 42.50430753214367], [-72.42532566831385, 42.50435250241873], [-72.4253313591167, 42.504396906322995], [-72.42533715192106, 42.50444187659637], [-72.42534341799163, 42.5044868430698], [-72.4253496757558, 42.504531242420484], [-72.42535442109035, 42.5045762211002], [-72.42535660176465, 42.504621215865775], [-72.42535726175208, 42.50466622733979], [-72.42535792174047, 42.50471123881324], [-72.42535896123182, 42.50475624183787], [-72.42535990712504, 42.50480125101514], [-72.4253609479151, 42.504846259430046], [-72.42536198742403, 42.50489126335317], [-72.42536302700044, 42.50493627177677], [-72.42536406772898, 42.50498127568911], [-72.42536510730834, 42.505026284111565], [-72.42536596074748, 42.50507129402776], [-72.4253670939298, 42.50511629629596], [-72.42536842063448, 42.50516130241188], [-72.42536974734118, 42.505206308527264], [-72.42537145356795, 42.50525130709392], [-72.42537325354262, 42.50529630940898], [-72.4253754330386, 42.5053413041753], [-72.42537761260367, 42.505386303441995], [-72.42537969970883, 42.5054313034504], [-72.42538178552104, 42.50547629806683], [-72.42538387263217, 42.50552129807408], [-72.42538585876655, 42.505566298891374], [-72.42538803949746, 42.50561129364443], [-72.42539012540088, 42.505656293659726], [-72.42539249836464, 42.505701286868465], [-72.42539496507801, 42.50574628382552], [-72.42539638427948, 42.50579128919127], [-72.42539609160914, 42.50583630289721], [-72.42539466512005, 42.50588133110643], [-72.42539313886546, 42.50592636011595], [-72.42539161254258, 42.50597138462392], [-72.42538979915872, 42.50601641593732], [-72.42538808547003, 42.50606144194825], [-72.42538636576181, 42.50610647250843], [-72.42538464510092, 42.50615094038873], [-72.42538292532171, 42.50619596644679], [-72.42538130537018, 42.50624099620442], [-72.42537949189202, 42.50628602211319], [-72.42537787193564, 42.506331051869644], [-72.4253762531937, 42.50637608161582], [-72.42537443972124, 42.506421108423055], [-72.42537281975787, 42.50646613817785], [-72.4253710063464, 42.506511169484924], [-72.42536938631218, 42.50655619473758], [-72.42536871410593, 42.50660121688256], [-72.42536928036206, 42.50664622368343], [-72.42537079324696, 42.50669122828661], [-72.42537231343401, 42.50673623283065], [-72.42537373379223, 42.50678123367396], [-72.42537524668356, 42.50682623827545], [-72.425377332618, 42.50687123827625], [-72.42537979930029, 42.50691623071858], [-72.42538264564648, 42.50696122461409], [-72.4253855855997, 42.50700621235577], [-72.4253883394887, 42.50705120699231], [-72.42539108608166, 42.50709620168689], [-72.42539374501364, 42.507141192583035], [-72.42539658312973, 42.50718562385492], [-72.42539933703436, 42.507230618489054], [-72.42540208357708, 42.50727560868016], [-72.42540436299372, 42.507320607122196], [-72.42540654258188, 42.507365601863505], [-72.42541033674374, 42.507410588144445], [-72.42541698884197, 42.507455551481996], [-72.42542534082297, 42.50749993398416], [-72.42543378534792, 42.507544320243845], [-72.42544033764477, 42.50758927987839], [-72.42544727083208, 42.507634240955795], [-72.42545856846476, 42.50767860430759], [-72.42547743965115, 42.50772065340817], [-72.42550096337428, 42.50776266425252], [-72.42552467234022, 42.507804111818274], [-72.42554838140337, 42.507845563879606], [-72.42557237026502, 42.50788700918788], [-72.42559362139137, 42.50792903915952], [-72.42561041534744, 42.50797222938835], [-72.42562426383613, 42.5080154477665], [-72.42563669336292, 42.50805923482116], [-72.42564761039999, 42.508103602107376], [-72.42565690919963, 42.508147976984375], [-72.42566622241449, 42.50819291893259], [-72.42567008228566, 42.508209767637034], [-72.42567403707253, 42.50822661647942], [-72.42567751951515, 42.50824403090086], [-72.42568305588041, 42.508297442573394], [-72.42568413532126, 42.50835145362089], [-72.42568368565173, 42.508404913359364]]}}, {"type": "Feature", "properties": {"seg_id": "S114", "name": "JANUARY HILLS ROAD", "source": "massdot", "named_in_massdot": true, "jurisdiction": "town", "surface": "gravel", "category": "road", "required": true, "length_mi": 0.299}, "geometry": {"type": "LineString", "coordinates": [[-72.48411278027037, 42.42837753293466], [-72.48336308071946, 42.42925500293965], [-72.4828438887847, 42.429930740921684], [-72.48280388796259, 42.42997778756459], [-72.48276389703305, 42.43002539590996], [-72.48272591130072, 42.43007354982706], [-72.48269189003446, 42.43012054088737], [-72.4826597743903, 42.43016808197562], [-72.48263043340039, 42.43021672477737], [-72.48260219746498, 42.430269298854924], [-72.48257710049499, 42.43032240883794], [-72.48255657267728, 42.430376038021656], [-72.4825447343086, 42.43042059431441], [-72.48253614083484, 42.43046624381642], [-72.48252734667314, 42.43051133682935], [-72.48251635134304, 42.430555323220986], [-72.48250535594171, 42.43059930601027], [-72.48249227534855, 42.43064331019309], [-72.4824720691648, 42.43069356219989], [-72.48244872999261, 42.4307432782342], [-72.48242680889086, 42.43079298216267], [-72.48240631582611, 42.43084886452346], [-72.4823872495825, 42.43090529740715], [-72.48236618409818, 42.4309611846428], [-72.482343959817, 42.431015395455255], [-72.48232001090433, 42.43106905737442], [-72.48229052725887, 42.43112107570119], [-72.48225538135911, 42.431168642511054], [-72.48221488427042, 42.43121456865492], [-72.48217171803338, 42.43125938764749], [-72.48213923676616, 42.4312894897293], [-72.48210542215887, 42.43131903957255], [-72.48207141546479, 42.43134858744255], [-72.48204905929782, 42.43137635322575], [-72.48202659586667, 42.431403552715615], [-72.48200661921821, 42.43143185999579], [-72.48197968026204, 42.4314821693254], [-72.48195990109363, 42.43153522929294], [-72.48194591743435, 42.431588807032306], [-72.48193839854673, 42.43164232873415], [-72.48193686226799, 42.43169636211412], [-72.48193941262072, 42.43175035703927], [-72.48194640653291, 42.43180319316468], [-72.48195747226382, 42.43185542735862], [-72.48196929006481, 42.43190709783691], [-72.48198213684817, 42.43195819233403], [-72.48199573180754, 42.432008159546115], [-72.48200650185987, 42.4320592717519], [-72.4820096540849, 42.432085128248836], [-72.48201196198745, 42.43211155464867], [-72.48201540713627, 42.43213741224811], [-72.48202860814143, 42.432186816511674], [-72.48204628233653, 42.43223618352023], [-72.48206375725218, 42.43228555132521]]}}, {"type": "Feature", "properties": {"seg_id": "S115", "name": "JANUARY HILLS ROAD", "source": "massdot", "named_in_massdot": true, "jurisdiction": "town", "surface": "gravel", "category": "road", "required": true, "length_mi": 0.186}, "geometry": {"type": "LineString", "coordinates": [[-72.48206375725218, 42.43228555132521], [-72.48206991925403, 42.432327704100054], [-72.48207598885274, 42.4323698540611], [-72.48208006064937, 42.43241202016159], [-72.48208011095389, 42.432476167732325], [-72.48207560180187, 42.432540354192355], [-72.48207137213863, 42.432604538267235], [-72.48207018358, 42.4326501290456], [-72.48206890896435, 42.43269628235881], [-72.48206638844715, 42.43274187909504], [-72.48206001613711, 42.43280833584978], [-72.4820504061767, 42.432874253014646], [-72.4820352725689, 42.432939091886276], [-72.48201234674136, 42.433003435413056], [-72.4819837115532, 42.4330672658261], [-72.48195183119893, 42.43312999850333], [-72.48191335451264, 42.43319559913199], [-72.48187133856351, 42.43326010542491], [-72.48183104085258, 42.43332459704874], [-72.48180269296468, 42.43337604282275], [-72.48177539284572, 42.43342804595754], [-72.48174790548128, 42.433480047079996], [-72.4817307305323, 42.43351170481105], [-72.48171356287158, 42.433543363377346], [-72.48169639396433, 42.43357502105098], [-72.48166300985095, 42.43362032360908], [-72.48162971652728, 42.433665058179415], [-72.48160070737943, 42.433710886120224], [-72.48157439463976, 42.43376513068849], [-72.48155360432172, 42.433820452674645], [-72.4815401435039, 42.433876837577166], [-72.48153662000053, 42.43392525994391], [-72.48153862140214, 42.433974759714566], [-72.48154080728887, 42.43402369521039], [-72.48154109991748, 42.43406701892991], [-72.48154176425906, 42.43410978218071], [-72.48154500141068, 42.4341530807981], [-72.48155276844716, 42.4342008442111], [-72.48156376560317, 42.43424858008674], [-72.48157751020109, 42.43429572983755], [-72.48158577199717, 42.43432041826955], [-72.4815948830193, 42.434344536759646], [-72.48160390434096, 42.43436921781479], [-72.48161814889099, 42.43440567377082], [-72.48163220016389, 42.434442126871026], [-72.48164794778297, 42.43447800820754], [-72.4816725179634, 42.43451943773573], [-72.48169965234494, 42.434560845396085], [-72.48172110207359, 42.434602864220096], [-72.48173410754305, 42.43465171195726], [-72.48174050027306, 42.43470229877766], [-72.48174431524725, 42.434752345775024], [-72.481745919159, 42.43488325515874]]}}, {"type": "Feature", "properties": {"seg_id": "S116", "name": "NORTH LAUREL DRIVE", "source": "massdot", "named_in_massdot": true, "jurisdiction": "unaccepted/private", "surface": "gravel", "category": "road", "required": true, "length_mi": 0.034}, "geometry": {"type": "LineString", "coordinates": [[-72.42268258909547, 42.499073737420865], [-72.42276913356949, 42.49910286434236], [-72.42285596619719, 42.499132555181205], [-72.42294027442001, 42.49916507780714], [-72.4229910900986, 42.49918830378522], [-72.42304105276068, 42.499212099259964], [-72.42309065357297, 42.4992370220864], [-72.42314696389482, 42.49926583267006], [-72.42320280804896, 42.49929520874771], [-72.42325856803097, 42.49932514816049]]}}, {"type": "Feature", "properties": {"seg_id": "S117", "name": "CROSS ROAD", "source": "massdot", "named_in_massdot": true, "jurisdiction": "town", "surface": "gravel", "category": "road", "required": true, "length_mi": 0.113}, "geometry": {"type": "LineString", "coordinates": [[-72.47550011844918, 42.41652828629781], [-72.47564550996395, 42.41694401729684], [-72.47582147531097, 42.41738481325835], [-72.47599179911542, 42.417927503352], [-72.47600078922633, 42.417956122293276], [-72.47600977335405, 42.41798474668642], [-72.47601988710551, 42.418012793395505], [-72.47604992057646, 42.41807668691192], [-72.47607043714704, 42.41811089636617]]}}, {"type": "Feature", "properties": {"seg_id": "S118", "name": "PRESCOTT ROAD", "source": "massdot", "named_in_massdot": true, "jurisdiction": "DCR", "surface": "gravel", "category": "road", "required": false, "length_mi": 0.087}, "geometry": {"type": "LineString", "coordinates": [[-72.38793480928426, 42.44917449140187], [-72.38787543280955, 42.449153003256015], [-72.38787238058332, 42.44915190230158], [-72.38781004429546, 42.44912931155497], [-72.38774723709982, 42.44910729159882], [-72.38766887941298, 42.449079759137426], [-72.38758995723187, 42.44905279726734], [-72.3875092853537, 42.44902978587451], [-72.38744325596123, 42.44901453929419], [-72.38737621282822, 42.44900154945686], [-72.38730836569874, 42.44899250732401], [-72.38725094606097, 42.44898844635184], [-72.38719299346177, 42.44898720562058], [-72.38713503296304, 42.44898540222846], [-72.38705471564381, 42.44898095484201], [-72.38697458250316, 42.44897594418902], [-72.38689462023815, 42.44896924948862], [-72.38681825955261, 42.448962521598304], [-72.38674206355896, 42.448954101610894], [-72.38666679269875, 42.44894342908236], [-72.38659814776545, 42.448931580112], [-72.38653023703527, 42.448917472878406], [-72.38646641541438, 42.4488977045044], [-72.38643049038356, 42.44888222562587], [-72.38639576514002, 42.44886448763219], [-72.38634001809228, 42.44882384101949]]}}, {"type": "Feature", "properties": {"seg_id": "S119", "name": "PRESCOTT ROAD", "source": "massdot", "named_in_massdot": true, "jurisdiction": "DCR", "surface": "gravel", "category": "road", "required": false, "length_mi": 0.185}, "geometry": {"type": "LineString", "coordinates": [[-72.38263111799787, 42.44224075084785], [-72.38263853255576, 42.44228058041407], [-72.38266029060323, 42.44239688843679], [-72.38267643549938, 42.44248510751905], [-72.38269248077653, 42.44257332736106], [-72.38270890529613, 42.44266154339194], [-72.38273449162409, 42.44278682963892], [-72.38276064387074, 42.44291154884581], [-72.38278366700978, 42.44303685022252], [-72.38279828055552, 42.44313802385706], [-72.38281061158636, 42.443239215885725], [-72.3828225760915, 42.44334096801189], [-72.38283197325761, 42.443421923774096], [-72.38284126961715, 42.443502883908124], [-72.38285094638134, 42.44358383752239], [-72.38285980843061, 42.44366085492792], [-72.38286914945967, 42.443737874061185], [-72.38288218610428, 42.44381430306696], [-72.38289250717699, 42.44386655168828], [-72.38290473349711, 42.44391935289559], [-72.38292282379895, 42.44397041746223], [-72.38294741885532, 42.44401749510264], [-72.3829775071967, 42.4440639688258], [-72.38301163768652, 42.444107595381155], [-72.38306344643598, 42.44415896767146], [-72.38312204737127, 42.44420690989338], [-72.38317971063061, 42.44425542106943], [-72.38323405938216, 42.44430508302357], [-72.38328746437648, 42.444355313983465], [-72.38333747591442, 42.44440670083559], [-72.38340233611981, 42.444488355580816], [-72.38345965200506, 42.4445734461241], [-72.38351602243289, 42.444658544792134], [-72.38357729223537, 42.444748104684], [-72.38358971313635, 42.4447671391428]]}}, {"type": "Feature", "properties": {"seg_id": "S120", "name": "PRESCOTT ROAD", "source": "massdot", "named_in_massdot": true, "jurisdiction": "DCR", "surface": "gravel", "category": "road", "required": false, "length_mi": 0.32}, "geometry": {"type": "LineString", "coordinates": [[-72.38358971313635, 42.4447671391428], [-72.38363752963629, 42.444838234256835], [-72.38369511085305, 42.44492895137429], [-72.38374931427232, 42.44502193975308], [-72.38380077089477, 42.44511607817262], [-72.38385251272564, 42.44520965168624], [-72.38392613644221, 42.44533343903786], [-72.38400023334086, 42.44545722811046], [-72.38406609012529, 42.44558276666855], [-72.38411042827582, 42.44568370830224], [-72.38414966334818, 42.44578637987511], [-72.38418368473803, 42.44588965505501], [-72.38420847198816, 42.445984559829384], [-72.3842288975282, 42.44608006077888], [-72.38424998801258, 42.44617555751772], [-72.38427000896682, 42.44625586795777], [-72.38429060126371, 42.44633617490636], [-72.38431034941887, 42.44641705012441], [-72.38432426036198, 42.44648109027883], [-72.38433759883661, 42.446545134826685], [-72.38435244762482, 42.44660860598204], [-72.38435994575619, 42.44664230816623], [-72.38436782442075, 42.44667601282938], [-72.38438006365475, 42.446709117712025], [-72.38439242428873, 42.44673040151282], [-72.38440677598847, 42.44675167542375], [-72.38442253650446, 42.446771813128265], [-72.38445425892205, 42.446805892862926], [-72.38449004545718, 42.44683825329755], [-72.3845272438648, 42.44687004108484], [-72.38459956069251, 42.44692744208014], [-72.38467610833021, 42.44698199886731], [-72.38475387893497, 42.447035420823106], [-72.38481266821579, 42.447076044828464], [-72.38487220029562, 42.44711553861163], [-72.38493191963737, 42.44715503092531], [-72.38501269543261, 42.44720617614379], [-72.38509402937335, 42.44725619613258], [-72.38517038276439, 42.44731019139322], [-72.38523256953079, 42.44736316651056], [-72.38529081264463, 42.447418988073956], [-72.38534706543713, 42.447475386700944], [-72.38539331614245, 42.44752286001399], [-72.38543806451678, 42.447571470244235], [-72.38548034976118, 42.44762066568918], [-72.38553575576269, 42.44769788766182], [-72.3855856860026, 42.44777740608561], [-72.38563807963799, 42.44785634375125], [-72.38570083020225, 42.44793576353466], [-72.38576640887766, 42.44801347435467], [-72.38582963259715, 42.44809289042812], [-72.38589938409133, 42.44819082420915], [-72.38596554880634, 42.44828991362585], [-72.38603086340832, 42.44838956863523], [-72.38608873816398, 42.44848028226835], [-72.38614568311337, 42.448572123009185], [-72.38620686562854, 42.448661682143964], [-72.38623398793278, 42.44869917474012], [-72.3862618548032, 42.44873609980784], [-72.38629179780138, 42.44877187990536], [-72.38631428427101, 42.44879702712098], [-72.38634001809228, 42.44882384101949]]}}, {"type": "Feature", "properties": {"seg_id": "S121", "name": "SHORE DRIVE", "source": "massdot", "named_in_massdot": true, "jurisdiction": "unaccepted/private", "surface": "gravel", "category": "road", "required": true, "length_mi": 0.173}, "geometry": {"type": "LineString", "coordinates": [[-72.42744677395653, 42.50512096656289], [-72.42744830555107, 42.50519297820387], [-72.42744880792634, 42.50525937035193], [-72.42745055227358, 42.505326318794744], [-72.42745419014653, 42.505386494353644], [-72.4274588804816, 42.50544666684552], [-72.42746233100983, 42.50550684390968], [-72.42746413248271, 42.505551846189014], [-72.42746525891447, 42.50559628671031], [-72.4274639275872, 42.50564131419429], [-72.427460355749, 42.50567679042166], [-72.42745536417198, 42.5057122825728], [-72.42744827774257, 42.505747224389054], [-72.4274366985317, 42.5057872683359], [-72.42742273253268, 42.505826768796524], [-72.42740925413527, 42.50586682801914], [-72.42739674704805, 42.505908566586314], [-72.42738510016729, 42.505950302732614], [-72.42737630838694, 42.50599257409369], [-72.4273719889165, 42.50603480857401], [-72.42737052342264, 42.50607758368119], [-72.42737010550036, 42.50612035396145], [-72.42737182714858, 42.50620530315605], [-72.42737726204008, 42.50629022697761], [-72.42738278332739, 42.50637515010202], [-72.42751880368128, 42.50677080230342], [-72.42757885972382, 42.50705940152411], [-72.4279583454095, 42.50738082594751], [-72.428066147099, 42.507476421558124]]}}, {"type": "Feature", "properties": {"seg_id": "S122", "name": "SHORE DRIVE", "source": "massdot", "named_in_massdot": true, "jurisdiction": "unaccepted/private", "surface": "paved (bituminous)", "category": "road", "required": true, "length_mi": 0.063}, "geometry": {"type": "LineString", "coordinates": [[-72.428066147099, 42.507476421558124], [-72.42811703798047, 42.50752154986472], [-72.42853195689602, 42.50788946935939], [-72.42872555431147, 42.508041300969595], [-72.42893212163294, 42.5080951859493]]}}, {"type": "Feature", "properties": {"seg_id": "S123", "name": "CORNWELL ROAD", "source": "massdot", "named_in_massdot": true, "jurisdiction": "DCR", "surface": "gravel", "category": "road", "required": true, "length_mi": 0.528}, "geometry": {"type": "LineString", "coordinates": [[-72.38522092111654, 42.45503725139555], [-72.3853227311566, 42.45523285095177], [-72.38628741076487, 42.45684207177462], [-72.38620930336614, 42.45720344075127], [-72.3869415283751, 42.46248936561364]]}}, {"type": "Feature", "properties": {"seg_id": "S124", "name": "CORNWELL ROAD", "source": "massdot", "named_in_massdot": true, "jurisdiction": "DCR", "surface": "gravel", "category": "road", "required": true, "length_mi": 0.087}, "geometry": {"type": "LineString", "coordinates": [[-72.3869415283751, 42.46248936561364], [-72.38694555246114, 42.462518409981016], [-72.38705604692782, 42.46285639885933], [-72.38715375229916, 42.463581919693816], [-72.38716936604253, 42.463730342535825]]}}, {"type": "Feature", "properties": {"seg_id": "S125", "name": "GASS LITE LANE", "source": "massdot", "named_in_massdot": true, "jurisdiction": "unaccepted/private", "surface": "unimproved/other", "category": "road", "required": true, "length_mi": 0.051}, "geometry": {"type": "LineString", "coordinates": [[-72.43096862097234, 42.50457996882651], [-72.43095795873614, 42.50464307684331], [-72.43094728209634, 42.504705622286664], [-72.43093747259202, 42.50476871891089], [-72.43092896449652, 42.50482336831144], [-72.43092102455552, 42.50487801402238], [-72.43091583778704, 42.50493263749792], [-72.43091466792363, 42.5049754102949], [-72.43091510525458, 42.505018173713246], [-72.43091592940205, 42.50506092950576], [-72.43091708320625, 42.5051070614613], [-72.43091880168474, 42.505152622567415], [-72.43092147626032, 42.50519874224036], [-72.43092247372962, 42.50522124258364], [-72.43092366807416, 42.5052443040243], [-72.43092732626963, 42.50526678197941], [-72.43093231904938, 42.50528305959443], [-72.43094426183876, 42.505310463706394]]}}, {"type": "Feature", "properties": {"seg_id": "S126", "name": "LEONARD ROAD", "source": "massdot", "named_in_massdot": true, "jurisdiction": "town", "surface": "gravel", "category": "road", "required": true, "length_mi": 0.433}, "geometry": {"type": "LineString", "coordinates": [[-72.42897385525806, 42.433726614864085], [-72.4280997090759, 42.433764051781175], [-72.42696976146173, 42.4338271741279], [-72.4263807046479, 42.43388086875137], [-72.4260677970828, 42.43387775799116], [-72.42574608288426, 42.4338899100173], [-72.42478938778603, 42.433944302763585], [-72.42363757374561, 42.434012634055826], [-72.42244827997044, 42.434069997434804], [-72.42176607224587, 42.43411709957257], [-72.42140559730649, 42.43415374572097], [-72.42102035030872, 42.43420409452114], [-72.42053781387324, 42.43427660416666]]}}, {"type": "Feature", "properties": {"seg_id": "S127", "name": "RANDALL ROAD", "source": "massdot", "named_in_massdot": true, "jurisdiction": "unaccepted/private", "surface": "gravel", "category": "road", "required": true, "length_mi": 0.172}, "geometry": {"type": "LineString", "coordinates": [[-72.43177456303658, 42.49612244216609], [-72.4316250087336, 42.49622212077402], [-72.43155568026353, 42.496264319214596], [-72.43146273922392, 42.49632978408716], [-72.43136359480948, 42.496386853276306], [-72.43124235452981, 42.49644128566386], [-72.43112120918725, 42.496476024847766], [-72.43101882300644, 42.49649373621057], [-72.43088504812243, 42.49651000573187], [-72.43069895875213, 42.49651094586483], [-72.43052951059582, 42.49649262172876], [-72.43039617705028, 42.496464146612354], [-72.4303314733974, 42.49645032889684], [-72.43002097679035, 42.49637406193212], [-72.4297898920055, 42.49630783922043], [-72.42961485135268, 42.49627773969689], [-72.42946380168932, 42.49628289942918], [-72.4293411736803, 42.49630076803451], [-72.42918279922448, 42.496357189327064], [-72.42887468200581, 42.49646826911861], [-72.42869565808329, 42.49652935945767]]}}, {"type": "Feature", "properties": {"seg_id": "S128", "name": "GREAT PINES DRIVE", "source": "massdot", "named_in_massdot": true, "jurisdiction": "unaccepted/private", "surface": "gravel", "category": "road", "required": true, "length_mi": 0.171}, "geometry": {"type": "LineString", "coordinates": [[-72.43398771456673, 42.49725353800282], [-72.433821361824, 42.49727795615516], [-72.43373790583595, 42.497284260973736], [-72.43350762828058, 42.497311446380635], [-72.43338646305807, 42.497332202802056], [-72.43328009078867, 42.497350428304514], [-72.43305325193059, 42.49739784355234], [-72.43276313355443, 42.49747277863532], [-72.43259394690554, 42.49752136313906], [-72.43254941808081, 42.497534151195275], [-72.43253629380183, 42.497540115646885], [-72.43239307202843, 42.49760519037328], [-72.43222589139816, 42.49765718285047], [-72.43215470274318, 42.49767343106459], [-72.43208275013532, 42.49768985196819], [-72.43197096227209, 42.49769525923579], [-72.43187780790885, 42.49769488795631], [-72.43173578360123, 42.49766733632387], [-72.43131652773013, 42.497609390800385], [-72.43121315473638, 42.49760371234653], [-72.43118258810922, 42.49760203265414], [-72.43116998185428, 42.497602134500056], [-72.43106958798904, 42.497602945532726], [-72.43099569717636, 42.49762605084882], [-72.43093703816866, 42.497663663895665], [-72.4308395596455, 42.4977629198805]]}}, {"type": "Feature", "properties": {"seg_id": "S129", "name": "COOLEYVILLE ROAD", "source": "massdot", "named_in_massdot": true, "jurisdiction": "town", "surface": "gravel", "category": "road", "required": true, "length_mi": 1.197}, "geometry": {"type": "LineString", "coordinates": [[-72.40187088026124, 42.45308439650196], [-72.40178469113253, 42.45309463624012], [-72.40151825277658, 42.45312654566171], [-72.4012485000029, 42.453146099353816], [-72.40121899998711, 42.453148584558406], [-72.4012013779303, 42.453152096800885], [-72.4011979688478, 42.453152685267874], [-72.40116646226217, 42.45315461896481], [-72.40104503955853, 42.45316513831851], [-72.400946904071, 42.45317715806365], [-72.40082727308067, 42.45319328740019], [-72.40070824130376, 42.45321222358994], [-72.40063872355833, 42.453225710950676], [-72.40051828906776, 42.45324578239722], [-72.40040007789253, 42.453268652501684], [-72.40028972186524, 42.453302713140886], [-72.4002483683072, 42.45332047895546], [-72.40015044777374, 42.45337413921143], [-72.40006005891783, 42.45343617641669], [-72.3999768491502, 42.45350266529746], [-72.39994785550432, 42.45352764942933], [-72.39987278862986, 42.45359857344771], [-72.3998022229992, 42.453672274813286], [-72.39973558652697, 42.45374819350978], [-72.39967218061908, 42.45382465502531], [-72.39965996304346, 42.45384050585522], [-72.39960238504518, 42.453919166275774], [-72.39954921478846, 42.454000609305105], [-72.3994976575928, 42.45408204331104], [-72.39944524682362, 42.45416347945533], [-72.39943176014022, 42.454183277217574], [-72.39937801007983, 42.45426416199401], [-72.39932426474434, 42.454345046705754], [-72.39927060800015, 42.45442592979771], [-72.39921714928116, 42.45450681221624], [-72.3991846112346, 42.45455658679226], [-72.39913286584157, 42.454638017583946], [-72.39908036176443, 42.45471945517222], [-72.39902526922313, 42.45479978755268], [-72.39902331800776, 42.45480261444495], [-72.39896574519601, 42.454881841668765], [-72.39890655349421, 42.454960518802956], [-72.3988449665473, 42.45503808560975], [-72.39878023319037, 42.45511455604969], [-72.39874694575472, 42.45515195530114], [-72.39867868649978, 42.45522732420607], [-72.39860525092861, 42.45529992179021], [-72.39852353947336, 42.4553652688832], [-72.39849607560159, 42.455384050175624], [-72.39840066859499, 42.455441063626175], [-72.3982970841791, 42.45549082576982], [-72.39818802663665, 42.45552994024262], [-72.39818386682542, 42.4555310971655], [-72.39806900735343, 42.455556188557104], [-72.39794898331289, 42.455572317017925], [-72.39782731649078, 42.45558620918951], [-72.39770730954078, 42.45560346264898], [-72.39759588669405, 42.45562289895723], [-72.39747687947076, 42.45564352233943], [-72.39735973337586, 42.45566806904422], [-72.39724608428949, 42.45569821080965], [-72.39716704762829, 42.45572415122169], [-72.39705678026989, 42.455764962112944], [-72.39695201829598, 42.45581247693086], [-72.3968576307689, 42.45586779396575], [-72.39678849117101, 42.45592178986332], [-72.39671619291977, 42.455994377352155], [-72.39664927936448, 42.45607142171228], [-72.39658262935403, 42.456147343996705], [-72.39653690136629, 42.456197778642135], [-72.39647101088556, 42.45627369494559], [-72.39640683983053, 42.45635015511757], [-72.39634373013827, 42.45642773687756], [-72.39628377385691, 42.456506414044824], [-72.39622619605568, 42.45658563986514], [-72.3961682388165, 42.45666486860619], [-72.39610751436874, 42.45674299345959], [-72.39610228113257, 42.45674922468655], [-72.3960385881417, 42.45682568181804], [-72.39597316924626, 42.45690158964481], [-72.39590508287425, 42.45697639729694], [-72.3958332613832, 42.457048980486704], [-72.39582922763152, 42.45705294890237], [-72.39575232271157, 42.45712219722303], [-72.39567140250928, 42.45718978503533], [-72.39558865411907, 42.45725569982732], [-72.39550638650361, 42.45732217801312], [-72.39544790331061, 42.45737102418741], [-72.39536756425015, 42.45743916995118], [-72.39528605589959, 42.45750563666902], [-72.39520139182979, 42.45757044157744], [-72.39517101420893, 42.45759206175745], [-72.3950831875858, 42.45765464128653], [-72.39499343182177, 42.45771554495914], [-72.39490126730347, 42.45777421740661], [-72.39480612319015, 42.45783010036585], [-72.39480273898873, 42.45783238102427], [-72.39470344126933, 42.457883792827836], [-72.39460049346334, 42.45793185944265], [-72.39449551499906, 42.45797769096582], [-72.39438976058975, 42.45802240033219], [-72.39436747399088, 42.45803157554848], [-72.39425939338324, 42.45807292850489], [-72.3941497703252, 42.458112606156924], [-72.3940411009063, 42.45815283809274], [-72.39393553121702, 42.458196982909804], [-72.39392241738435, 42.458203275192226], [-72.39382351298917, 42.458255250363145], [-72.3937286560026, 42.45831169377661], [-72.3936334194662, 42.45836813465252], [-72.39355341586203, 42.45841320974846], [-72.39345653522345, 42.45846741876379], [-72.39335946104255, 42.45852162379484], [-72.39332101412401, 42.45853655285631], [-72.39321041268718, 42.45857455001207], [-72.39309612205031, 42.458606946947384], [-72.39297985211239, 42.45863316860451], [-72.39286498796862, 42.45864531105605], [-72.39274147513541, 42.45865020993433], [-72.39262382302621, 42.45866631439416], [-72.39260140259978, 42.458672678643296], [-72.39249347691754, 42.45871852754969], [-72.39240564000906, 42.458781105966686], [-72.3923288319176, 42.45894487975166], [-72.39231676796058, 42.4589854860967], [-72.39229608849475, 42.45907455154979], [-72.3922828183548, 42.459164125894645], [-72.3922787997587, 42.459215922840045], [-72.39227770087597, 42.459305960187834], [-72.39227801961663, 42.45939599195411], [-72.39227607345431, 42.45947984625508], [-72.39227335519597, 42.45956989614074], [-72.39227224908122, 42.45965993893814], [-72.39227551958011, 42.45974994332995], [-72.39228022869635, 42.45980786316628], [-72.39229023930532, 42.45989781444363], [-72.39230499995102, 42.45998773432447], [-72.39232571944964, 42.4600759163658], [-72.39233573178224, 42.46010565784498], [-72.39237787267251, 42.46019029958133], [-72.39242009999433, 42.46027494063175], [-72.39242345745978, 42.46028391768161], [-72.39245792789046, 42.46037030508588], [-72.3924888970781, 42.46045784138761], [-72.39251056289982, 42.46054601965751], [-72.39251421273472, 42.46056905812043], [-72.3925208999805, 42.46065904051553], [-72.3925203667479, 42.460749073452355], [-72.39251680449557, 42.46083969344798], [-72.39250826344625, 42.46092078626615], [-72.39249433492901, 42.46101092838507], [-72.39248790574057, 42.46110044520369], [-72.39249020107188, 42.4611285592801], [-72.39251045621893, 42.461217307556495], [-72.39252568247151, 42.46130666108498], [-72.39252590072432, 42.461335353944115], [-72.39251929412903, 42.4614259966138], [-72.39249651512313, 42.461514520121455], [-72.39248748847257, 42.46153484513994], [-72.39243572994306, 42.46161627276932], [-72.39237519803225, 42.46169551937487], [-72.39225359661438, 42.46184275922299], [-72.39222185936087, 42.46188239432422], [-72.3921601639022, 42.46195996264662], [-72.39209235442299, 42.462034761225695], [-72.3920290271143, 42.46209771124233], [-72.39195005128084, 42.462169222756245], [-72.39185772822648, 42.462223956820914], [-72.39183439420846, 42.462233140532675], [-72.39172078945438, 42.462260464686764], [-72.39159787742808, 42.4622749224747], [-72.39147473040954, 42.46228600220245], [-72.39143118575792, 42.462289713527944], [-72.39131006150896, 42.4622962794993], [-72.39118822022783, 42.46229890935266], [-72.39106656552502, 42.46230097494292], [-72.39100702021895, 42.462301997323216], [-72.39088543596458, 42.46230293769558], [-72.39076384986245, 42.46230331616325], [-72.39064229675158, 42.46230594771212], [-72.39063422266346, 42.46230601013814], [-72.39051094057032, 42.4623075259331], [-72.3903880707192, 42.462311287372685], [-72.39027059536654, 42.462326826199885], [-72.39020382004543, 42.46234759642202], [-72.39009990834197, 42.462395665425866], [-72.39000141624985, 42.46245100834334], [-72.38997210839813, 42.46246755281008], [-72.38987734132569, 42.46252399132114], [-72.38978613291346, 42.46258378111019], [-72.38969982225841, 42.462647465530814], [-72.389624065272, 42.462711634673], [-72.38955002818837, 42.46278310636234], [-72.38948192781677, 42.46285790650504], [-72.38945217186632, 42.46289696192585], [-72.38940136890012, 42.46297951062958], [-72.38934367617581, 42.46305816646199], [-72.38932148362817, 42.46308084632281], [-72.38924427730136, 42.46315009240729], [-72.38916218858034, 42.46321655996906], [-72.3890805872512, 42.46328414818922], [-72.3890316690708, 42.463325039458255], [-72.38895073500771, 42.46339262693425], [-72.38887429563431, 42.46346242502982], [-72.38886118831728, 42.46347603164328], [-72.38879910905464, 42.463553601051686], [-72.38873368056795, 42.463629504589946], [-72.38857091495188, 42.46374836433737], [-72.38837304012279, 42.46376226697144], [-72.38828754408772, 42.46376236357802], [-72.38816600132698, 42.46375936460496], [-72.38804434907249, 42.463755236465225], [-72.38792288413393, 42.463751111254865], [-72.38787080735436, 42.46374982097286], [-72.387749272534, 42.4637473832895], [-72.38762773772297, 42.46374494547791], [-72.38750610134547, 42.46374194202893], [-72.38738474400763, 42.46373837361161], [-72.38716936604253, 42.463730342535825]]}}, {"type": "Feature", "properties": {"seg_id": "S130", "name": "FARRAR ROAD", "source": "massdot", "named_in_massdot": true, "jurisdiction": "town", "surface": "gravel", "category": "road", "required": true, "length_mi": 0.105}, "geometry": {"type": "LineString", "coordinates": [[-72.43828746097104, 42.503665663677786], [-72.43826109343601, 42.503663306143636], [-72.43820912704818, 42.50365922581517], [-72.43814900337688, 42.503655778142836], [-72.43808870293434, 42.50365345275264], [-72.43802858033794, 42.50365056769698], [-72.43793609160672, 42.503644005355255], [-72.43784368925887, 42.50363744133633], [-72.43775119934953, 42.50363087885612], [-72.43767242219293, 42.503626458208906], [-72.43759365942182, 42.503622595577625], [-72.43751481975262, 42.503619862495555], [-72.43743069564947, 42.50361998397552], [-72.43734641273768, 42.50362235653785], [-72.43726220452618, 42.50362304126693], [-72.43719764218929, 42.50362187904208], [-72.4371329681991, 42.50361958871133], [-72.4370683038508, 42.5036178654556], [-72.43700166342317, 42.5036172818024], [-72.43693492203379, 42.50361669983158], [-72.4368682899606, 42.50361667872153], [-72.43678360955252, 42.50361792962694], [-72.43669885336843, 42.503620305561846], [-72.43661418858804, 42.50362211800356], [-72.4365412598235, 42.50362102339149], [-72.43646852449818, 42.50361992716167], [-72.43639579032515, 42.50361882637516], [-72.43634588141144, 42.50361867001158], [-72.4362958800244, 42.50361851347725], [-72.4362265706036, 42.503617389267475]]}}, {"type": "Feature", "properties": {"seg_id": "S131", "name": "FARRAR ROAD", "source": "massdot", "named_in_massdot": true, "jurisdiction": "town", "surface": "paved (bituminous)", "category": "road", "required": true, "length_mi": 0.067}, "geometry": {"type": "LineString", "coordinates": [[-72.4362265706036, 42.503617389267475], [-72.43620003954777, 42.50361704296274], [-72.43615421607828, 42.5036162897466], [-72.43610863900312, 42.503613281058065], [-72.43608768667931, 42.50361063957041], [-72.43608205885444, 42.503609624718386], [-72.43606671760085, 42.50360686833738], [-72.43604585062647, 42.50360366436129], [-72.43602136934572, 42.503599926142215], [-72.43599679536902, 42.50359674685719], [-72.43597267091006, 42.50359188125461], [-72.4359473021822, 42.50358589677261], [-72.43592218217292, 42.50357822310171], [-72.43589772659614, 42.50356998134269], [-72.4358583218446, 42.50355342152881], [-72.4358203034402, 42.50353459609303], [-72.43578182854641, 42.50351690332803], [-72.43573133347181, 42.50349649198651], [-72.4356800023565, 42.50347721728708], [-72.43562886341222, 42.50345793560328], [-72.4355296813921, 42.503417102591875], [-72.43543107737513, 42.5033762648052], [-72.43533180905656, 42.50333599501317], [-72.43524070347242, 42.50330128218733], [-72.4351489457775, 42.503267140869674], [-72.43504933989102, 42.50322968521434]]}}, {"type": "Feature", "properties": {"seg_id": "S132", "name": "SAND HILL ROAD", "source": "massdot", "named_in_massdot": true, "jurisdiction": "town", "surface": "gravel", "category": "road", "required": true, "length_mi": 1.58}, "geometry": {"type": "LineString", "coordinates": [[-72.4693590747865, 42.420281063986046], [-72.46896088983877, 42.42025965741468], [-72.46848014599291, 42.42026539018994], [-72.4684176682931, 42.42027098192863], [-72.46835519658816, 42.42027656908127], [-72.46829276065334, 42.420278781485436], [-72.46824650130537, 42.42027692067781], [-72.46820040809374, 42.42027337214785], [-72.46815430012404, 42.42026925651958], [-72.46809153665004, 42.42026190652934], [-72.4680289456032, 42.42025399235268], [-72.46796626830901, 42.42024607886732], [-72.46748142779538, 42.42012692470262], [-72.46646532882302, 42.41985073084456], [-72.46638121949842, 42.419832306892125], [-72.46629692426434, 42.419813879937514], [-72.46621235960728, 42.419796584188816], [-72.46614304587706, 42.41978309749517], [-72.46607354765317, 42.41977017861193], [-72.46600343639165, 42.41976063564307], [-72.46591987582889, 42.41975289629287], [-72.4658355177551, 42.419749105190355], [-72.46575110043514, 42.41974755902992], [-72.4657163585492, 42.419747850491696], [-72.46568142955863, 42.41974814351255], [-72.46564659411987, 42.419748435738065], [-72.46564345951363, 42.41974846203294], [-72.46564032976715, 42.41974848828696], [-72.4656372947878, 42.41974851374596], [-72.46559335450264, 42.419749445033354], [-72.46554941420229, 42.41975037540372], [-72.4655056757584, 42.41975187216848], [-72.46544676371418, 42.4197546152786], [-72.46538794523077, 42.41975735847417], [-72.46532924239804, 42.4197612296756], [-72.46527238786732, 42.419767892557246], [-72.46521572787618, 42.41977512098338], [-72.46515875285793, 42.419780102114274], [-72.46509565879107, 42.419782318305906], [-72.46503251449921, 42.41978172317359], [-72.46497006686606, 42.41977661784815], [-72.46491611501418, 42.41976806776339], [-72.4648627787504, 42.419756699883], [-72.46481072375553, 42.41974194322553], [-72.46475134880504, 42.41972049366516], [-72.46469419066992, 42.41969509018269], [-72.46463674576727, 42.419669683673256], [-72.4646026482572, 42.41965590544602], [-72.46456835628561, 42.41964212343627], [-72.4645342587366, 42.41962834068764], [-72.46449191272924, 42.41959718417211], [-72.46444956546699, 42.41956546494946], [-72.46440655980656, 42.41953431302917], [-72.46435993590579, 42.419502067800835], [-72.46431255641507, 42.419470390685255], [-72.46426489024178, 42.41943871595176], [-72.46421701985801, 42.41940591840519], [-72.46416886399523, 42.41937312232958], [-72.4641175388996, 42.41934429079258], [-72.46407873685736, 42.41932717289946], [-72.46403845044522, 42.4193123164326], [-72.46399806314682, 42.41929689899472], [-72.4639393829931, 42.419277697610674], [-72.46388051321055, 42.4192579314812], [-72.46382248177581, 42.419237600102015], [-72.46376021313384, 42.41921279624913], [-72.46369905978636, 42.4191868621231], [-72.46363780437233, 42.41916036701741], [-72.46359996603263, 42.41912523082556], [-72.46356212051387, 42.419090099182995], [-72.46352052362295, 42.41905781153855], [-72.46347981477051, 42.41903395607895], [-72.46343639330172, 42.41901293501861], [-72.46339325488645, 42.418991349771275], [-72.46334494168686, 42.41896699520361], [-72.46329699167879, 42.41894151397281], [-72.46325365081206, 42.41891317704116], [-72.46323498958444, 42.418897014831664], [-72.46321735608413, 42.418879719515495], [-72.46319971651873, 42.418862424247365], [-72.46318294856299, 42.418839492860954], [-72.46316616598348, 42.418815999792535], [-72.46314929108055, 42.418792507494125], [-72.46313049272193, 42.418767343179894], [-72.46311130803964, 42.41874218299519], [-72.46309421179213, 42.41871644263203], [-72.46308493483464, 42.41869964008196], [-72.46307631502846, 42.41868226482933], [-72.46306742320404, 42.41866545815532], [-72.46305403021005, 42.41864024950553], [-72.46304017068896, 42.41861504475718], [-72.46302450947542, 42.41859041688186], [-72.46300680750322, 42.41856861868778], [-72.46298750565808, 42.41854796288071], [-72.46296951698447, 42.41852616707937], [-72.46295347675918, 42.41850154236491], [-72.46293885311157, 42.41847634399628], [-72.46292375558069, 42.41845114508819], [-72.46290687107789, 42.41842709013182], [-72.46288950663309, 42.418402477385634], [-72.46287204992063, 42.418378427210506], [-72.4628509275526, 42.41836284822765], [-72.4628107495569, 42.41834236700737], [-72.46276780214399, 42.418327532357026], [-72.46272281471921, 42.41832171798789], [-72.46267497294022, 42.41832211809698], [-72.46262705225526, 42.41832308154827], [-72.4625726607505, 42.41832353638703], [-72.46251820744925, 42.41832567802282], [-72.46246394989544, 42.4183283861003], [-72.46242707691508, 42.41833206880683], [-72.46239020271544, 42.418335751511705], [-72.46235342941984, 42.41833943786278], [-72.46230780582502, 42.41834825980767], [-72.46226198776526, 42.41835652065778], [-72.46221675297355, 42.418365901118065], [-72.46216852485475, 42.418378119190976], [-72.46212079257516, 42.4183914612045], [-72.46207363872094, 42.41840592466843], [-72.46202859650161, 42.41842149406883], [-72.46198413020089, 42.41843762134059], [-72.46193898832557, 42.418453192438555], [-72.46189041525199, 42.418467662284314], [-72.46184097343921, 42.41848101936586], [-72.46179122769975, 42.418493249959795], [-72.46173161795193, 42.41850612924713], [-72.46167122431734, 42.418517323344474], [-72.46161061183022, 42.41852683293246], [-72.46154448338079, 42.4185352631597], [-72.46147812143768, 42.418541445390915], [-72.46141188229994, 42.418548751962355], [-72.46138033802616, 42.418553518832006], [-72.46134880096876, 42.41855828113113], [-72.46131736486909, 42.418563609782176], [-72.4612624161433, 42.41857082197885], [-72.46120746733654, 42.418578029648245], [-72.46115242502142, 42.41858524167336], [-72.46109253751804, 42.4185924950258], [-72.46103236934916, 42.418599750690184], [-72.46097259854052, 42.41860812750956], [-72.46092042480285, 42.4186170035821], [-72.46086835921662, 42.41862644052981], [-72.46081618544927, 42.41863531655508], [-72.46076049435771, 42.41864365921118], [-72.46070440709687, 42.418650880642815], [-72.46064851546329, 42.41865866221612], [-72.46059273933028, 42.41866756820238], [-72.46053725237144, 42.418677033550175], [-72.46048186749762, 42.41868706072133], [-72.46043105091124, 42.41869761695423], [-72.46038043473715, 42.41870872879257], [-72.46033030947294, 42.418720961917046], [-72.46028162525806, 42.41873431200336], [-72.4602336178219, 42.41874878092704], [-72.46018619848479, 42.41876437032896], [-72.46015334722588, 42.41877645838651], [-72.46012069776069, 42.418789112855414], [-72.46008813446156, 42.41880176119427], [-72.45997221221842, 42.41884436702155], [-72.45989060422234, 42.41887768786973], [-72.45986158823501, 42.41888637035084], [-72.45983266453517, 42.41889448935311], [-72.45981073753964, 42.41890085830261], [-72.45980384292393, 42.41890317019875], [-72.45974810352853, 42.4189210777967], [-72.45969286108068, 42.41894010572776], [-72.45963799767749, 42.41895913137243], [-72.459583525573, 42.418979281833465], [-72.45952934496701, 42.41899942623726], [-72.4594747694986, 42.4190190157061], [-72.45941913929026, 42.419037484934435], [-72.45936301206146, 42.41905483287395], [-72.45930814845937, 42.41907385836088], [-72.45925503213009, 42.41909568457099], [-72.4592028853662, 42.41911862808082], [-72.45915083944008, 42.41914213342825], [-72.45909821022947, 42.41916451820778], [-72.45904568421803, 42.41918746030324], [-72.45899390907849, 42.41921040062047], [-72.4589435069174, 42.41923557938352], [-72.45889397352849, 42.419261879892105], [-72.45884433794193, 42.419287614026636], [-72.45879460268844, 42.419313348969474], [-72.45874496948183, 42.419339645742134], [-72.45869446381664, 42.419364262553955], [-72.45864289985386, 42.41938832545463], [-72.45859065785955, 42.419411269474686], [-72.45853685929426, 42.4194319720236], [-72.45848151403202, 42.41945044292058], [-72.4584247883485, 42.41946610817378], [-72.45836779174203, 42.419482339256334], [-72.4583104973051, 42.41949744198433], [-72.45825299636648, 42.41951199000309], [-72.45819715512695, 42.419529334985356], [-72.45814404411954, 42.41955116153013], [-72.45809247004988, 42.41957466156253], [-72.45804119973162, 42.41959928444685], [-72.45798905211161, 42.419622227404], [-72.45793719843023, 42.419645726091154], [-72.4578868878928, 42.41967090722136], [-72.457838695007, 42.419698316113454], [-72.45779194428708, 42.41972683838885], [-72.45774635511658, 42.41975647908493], [-72.45770172941435, 42.41978723715017], [-72.4576581558508, 42.4198185491462], [-72.45761476934894, 42.419849859569], [-72.45757062952424, 42.41988117624133], [-72.45752656974174, 42.419911924126744], [-72.45748443698413, 42.4199443485729], [-72.45744422880736, 42.419978448701855], [-72.45740583205836, 42.42001309195057], [-72.45736973766566, 42.420049402342094], [-72.45733679618745, 42.420086816405764], [-72.45730624942124, 42.42012589774919], [-72.45727685077097, 42.420165531337545], [-72.4572491615657, 42.420205151602985], [-72.45722262898887, 42.42024588584589], [-72.45719485466958, 42.42028606860593], [-72.4571646880068, 42.42032514674777], [-72.45713308754931, 42.42036366959923], [-72.4570998590325, 42.420401085976316], [-72.45706538389257, 42.42043795000599], [-72.45702938991849, 42.420474260348904], [-72.45699138022104, 42.420509462034204], [-72.45695020176632, 42.42054244014232], [-72.45690701611818, 42.42057431131769], [-72.45686372834017, 42.42060561972335], [-72.45682121692056, 42.42063804706214], [-72.45677859610902, 42.42066991349269], [-72.45673608460237, 42.42070234079955], [-72.4566935718372, 42.420734768100566], [-72.45665133117267, 42.42076663042259], [-72.45660938571893, 42.42079905297676], [-72.4565679347308, 42.42083259590881], [-72.45652714222388, 42.420865571552696], [-72.4564875914676, 42.42089966586811], [-72.45644929569035, 42.420934869743164], [-72.45641224645892, 42.42097062594969], [-72.45637728946163, 42.42100693106427], [-72.45634464214896, 42.421044905083804], [-72.4563142814147, 42.42108398460055], [-72.45628659112171, 42.42112359922445], [-72.45626224824721, 42.42116488224146], [-72.45624077267397, 42.42120726233606], [-72.45622100048, 42.421249627376504], [-72.45620446624281, 42.42129252911902], [-72.45619874270378, 42.42130946130219], [-72.45618947265481, 42.421336546165215], [-72.45617027266303, 42.421378907342515], [-72.45614496970396, 42.42141963200263], [-72.45611546765629, 42.421458703428456], [-72.45608195122146, 42.42149612188334], [-72.45604383954351, 42.42153076228358], [-72.45600170008589, 42.421563186214726], [-72.45595707104374, 42.42159394360026], [-72.45590964980238, 42.421621907045946], [-72.45585972563518, 42.421647643150074], [-72.45580873829081, 42.421672262656955], [-72.45575677403158, 42.42169520214775], [-72.45570366887, 42.42171759018574], [-72.45565025505321, 42.42173885535865], [-72.45559626643266, 42.421759558074946], [-72.45554188054716, 42.42177914406253], [-72.4554878918703, 42.421799847628044], [-72.45543408910825, 42.42182055322612], [-72.45538068839808, 42.42184237546241], [-72.45532968492752, 42.42186587038484], [-72.4552820701, 42.42189384057465], [-72.4552369592636, 42.42192403446894], [-72.4551935701167, 42.42195534396326], [-72.45515277615442, 42.421988318211014], [-72.45511380472686, 42.4220229699276], [-72.45507359388043, 42.42205706471035], [-72.45503107084785, 42.422088928756196], [-72.45498758914498, 42.42212023893767], [-72.45494343178743, 42.4221509875042], [-72.45489908855798, 42.422181742096555], [-72.45485436498645, 42.42221249982604], [-72.45480944089829, 42.422242696499545], [-72.45476518988046, 42.42227345027376], [-72.45472084641032, 42.42230420029553], [-72.45467544956597, 42.42233440173603], [-72.45462947676636, 42.42236404523308], [-72.45458253671497, 42.42239256682805], [-72.45453249355505, 42.42241717792684], [-72.45447868026206, 42.422436758653845], [-72.45442185734943, 42.42245242269891], [-72.45436383764559, 42.42246415592935], [-72.45430412916367, 42.42247084152136], [-72.45424332354477, 42.42247359546871], [-72.45418231744267, 42.4224763510456], [-72.45412191034919, 42.42248079242961], [-72.45406130758572, 42.42248466910112], [-72.45400079843911, 42.42248854946646], [-72.45394028800217, 42.422492425309024], [-72.4538796791413, 42.42249630193525], [-72.45381938013115, 42.42250130496553], [-72.4537591843475, 42.42250743161062], [-72.45369930684507, 42.42251524369026], [-72.45363921909077, 42.42252192757681], [-72.453578912747, 42.422526930541515], [-72.45351841195199, 42.42253136878291], [-72.45345831574208, 42.42253749444536], [-72.45339862528697, 42.42254530481886], [-72.4533389505508, 42.422554238632394], [-72.4532792685389, 42.42256261067443], [-72.45321926463134, 42.422568736347664], [-72.45315886580019, 42.42257373535583], [-72.45309907323153, 42.42258098371787], [-72.45304047733215, 42.42259216284909], [-72.45298237217176, 42.422604458788115], [-72.45292378586136, 42.42261619597946], [-72.45286439052737, 42.42262513263486], [-72.45280451272134, 42.42263293884768], [-72.4527447285251, 42.422640748756095], [-72.45268504513784, 42.42264912049998], [-72.45262536294973, 42.422657492202845], [-72.45256587512526, 42.42266642496723], [-72.45250668129464, 42.4226759179691], [-72.45244750327068, 42.42268597711172], [-72.45238831060543, 42.42269546914243], [-72.45232902315057, 42.42270496192665], [-72.45226953523952, 42.422713894537836], [-72.45220974243625, 42.42272114243776], [-72.45214945273035, 42.422727269014636], [-72.45208885808634, 42.422731707278345], [-72.45202831462275, 42.42273333248292], [-72.4519683861751, 42.42273157906586], [-72.45190852457912, 42.42272813246068], [-72.45184873243232, 42.42272300344999], [-72.45178863531866, 42.42271674702651], [-72.45172871568701, 42.42270936460309], [-72.45166897956979, 42.42270141793072], [-72.45160950599126, 42.422692344555905], [-72.45155020983519, 42.422682140681076], [-72.45149101456566, 42.4226725022441], [-72.45143161766819, 42.42266230364272], [-72.45137241389715, 42.422652098012854], [-72.45131321869634, 42.42264246038459], [-72.45125383760188, 42.422632823361795], [-72.4511943641475, 42.42262374977237], [-72.45113525402103, 42.42261354414764], [-72.45107669085287, 42.42260165037319], [-72.45101839747642, 42.42258862623775], [-72.45096056708526, 42.42257503554762], [-72.45090319364425, 42.4225603156526], [-72.45084627595487, 42.422544467463574], [-72.45078900099838, 42.422529747598844], [-72.45073134942633, 42.422515597118185], [-72.45067342682228, 42.42250200704621], [-72.45061568289226, 42.42248785276904], [-72.45055877020033, 42.42247200439745], [-72.45050194623323, 42.42245615526536], [-72.45044512836964, 42.42244030605497], [-72.45038849405933, 42.42242389350093], [-72.45033176136198, 42.42240748173138], [-72.45027392519562, 42.42239388984571], [-72.45021484694219, 42.42238537519128], [-72.450154759986, 42.42237968053523], [-72.45009449437352, 42.42237454912281], [-72.45003422885208, 42.42236942308008], [-72.44997368618826, 42.42236485659169], [-72.449913429062, 42.42236028771542], [-72.44985333133164, 42.42235346849019], [-72.4497935046117, 42.422346084297], [-72.44973332424225, 42.422340394693855], [-72.44967272186572, 42.42233807754248], [-72.44961195173778, 42.4223374543467], [-72.44955117923206, 42.42233626843778], [-72.44949055997236, 42.42233282682873], [-72.44943002468855, 42.42232882719646], [-72.4493694224153, 42.42232651528662], [-72.44930864378195, 42.422325324798734], [-72.44924789055928, 42.422325825772575], [-72.44918715307668, 42.42232688928528], [-72.44912639985162, 42.42232739019501], [-72.44906564662551, 42.42232789107268], [-72.44900490799043, 42.42232895900032], [-72.44894435638474, 42.42233001995221], [-72.44888342449042, 42.42233108490713], [-72.44882287525324, 42.422332708476254], [-72.44876063586753, 42.42233490864356], [-72.44870151906899, 42.42233708304392], [-72.44864079722997, 42.422339270640265], [-72.4485800693793, 42.42234146275563], [-72.4485194326432, 42.42234308688602], [-72.44845869627255, 42.42234471180527], [-72.44839794909961, 42.422345212280526], [-72.44833719706571, 42.4223457127638], [-72.44827645225855, 42.42234677585605], [-72.44821582395184, 42.42234896245755], [-72.44815510445123, 42.42235171247883], [-72.44809457818711, 42.42235446447785], [-72.44803385631037, 42.42235665175403], [-72.44797313679447, 42.422359401679245], [-72.44791283015742, 42.4223644016761], [-72.4478532387985, 42.42237220745412], [-72.44779395940434, 42.42238226053466], [-72.44773496066041, 42.42239231127406], [-72.44767607961906, 42.42240348641524], [-72.44761729702738, 42.42241466431697], [-72.44755860905012, 42.42242639960861], [-72.44750002196507, 42.422438138541374], [-72.44744134966969, 42.42245043634431], [-72.44738285481455, 42.422462169956354], [-72.44732436842595, 42.42247446977057], [-72.44726587474187, 42.42248620331313], [-72.44720729476529, 42.42249850473785], [-72.44714880945646, 42.422510799951745], [-72.44709032299086, 42.42252310054715], [-72.44703153404173, 42.42253427369836], [-72.4469722471622, 42.42254376461451], [-72.44691257151909, 42.42255269509694], [-72.44685298221414, 42.42256106303796], [-72.44679340010799, 42.42256999358927], [-72.4467337159993, 42.422578362248], [-72.4466739395331, 42.42258673163507], [-72.44661415463656, 42.42259453926017], [-72.44655436849673, 42.422602345963966], [-72.44649458590905, 42.42261071530785], [-72.44643519689396, 42.42261964408529], [-72.44637582470047, 42.422629697194246], [-72.44631653648528, 42.42263919228354], [-72.44625735977942, 42.42264980552414], [-72.44619828148399, 42.42266041882559], [-72.44613869198285, 42.422668786396706], [-72.44607849529531, 42.42267490902546], [-72.44601798540937, 42.42267878069379], [-72.44595747436824, 42.422682656841374], [-72.44589708327581, 42.422688214670785], [-72.44583678345084, 42.422693213519786], [-72.44577658665689, 42.4226993323898], [-72.44571629400345, 42.42270489291662], [-72.44565590293578, 42.42271045512054], [-72.44559559571309, 42.42271544940199], [-72.4455351938765, 42.42271988713046], [-72.44547458428217, 42.42272375933145], [-72.44541416672156, 42.42272763442507], [-72.44535356318752, 42.42273150651247], [-72.44529306167308, 42.422735944031835], [-72.44523255168048, 42.4227398152873], [-72.44517203326532, 42.42274312387973], [-72.44511151492453, 42.42274643784158], [-72.4450507864928, 42.422748623594046], [-72.444990157689, 42.42275080849659], [-72.44492941242281, 42.42275186892247], [-72.44486865875547, 42.422752367585254], [-72.44480789435175, 42.42275174180385], [-72.44474712387417, 42.4227511160402], [-72.4446863449868, 42.42274992761313], [-72.44462566566652, 42.422748733835455], [-72.44456486996415, 42.42274642008174], [-72.4445041823209, 42.42274466901], [-72.444443579762, 42.42274235000635], [-72.44438288370444, 42.42274003533913], [-72.44432210483455, 42.42273884671983], [-72.44426142561251, 42.4227376581514], [-72.44420066354694, 42.42273759383038], [-72.44414010307656, 42.42273809052421], [-72.44407936621378, 42.42273971313291], [-72.4440187457899, 42.42274246015519], [-72.44395863166339, 42.422747456495955], [-72.4438992421615, 42.42275638396491], [-72.4438404608346, 42.42276811811729], [-72.44378207543339, 42.422780977995295], [-72.44372417827861, 42.4227943920396], [-72.44366667815653, 42.42280949450188], [-72.44360937008499, 42.42282403266074], [-72.44355156757565, 42.42283801214317], [-72.44349396425135, 42.42285198636252], [-72.44343656486912, 42.42286708788316], [-72.44337973883306, 42.422882746476326], [-72.44332311437051, 42.42289896698993], [-72.443266784997, 42.42291574595701], [-72.44321084309368, 42.42293308532206], [-72.443155096658, 42.422950984857984], [-72.4430996525699, 42.422970010891305], [-72.4430568709392, 42.42298498796524], [-72.44301438449847, 42.42300052980673], [-72.44297130896628, 42.42301495105744], [-72.44291771223281, 42.423030582968146], [-72.44286333092141, 42.42304453497977], [-72.4428093465985, 42.423059603712574], [-72.44274557060444, 42.423079822309035], [-72.44268218438405, 42.423101163978544], [-72.44261792113846, 42.42312082019197], [-72.4425616513961, 42.42313534932195], [-72.4425046053956, 42.42314875577808], [-72.44244715397309, 42.42316048282639], [-72.44239243651619, 42.42317105756355], [-72.4423371348671, 42.42318051345703], [-72.4422816160575, 42.42318828300108], [-72.44223083368126, 42.42319488925223], [-72.44217955452497, 42.423200370545246], [-72.4421283618115, 42.42320529290948], [-72.44203455651444, 42.423211126657584], [-72.44194043923889, 42.42321527118041], [-72.44184632085545, 42.42321885293524]]}}, {"type": "Feature", "properties": {"seg_id": "S133", "name": "TOWN COMMON ROAD", "source": "massdot", "named_in_massdot": true, "jurisdiction": "town", "surface": "paved (bituminous)", "category": "road", "required": true, "length_mi": 0.056}, "geometry": {"type": "LineString", "coordinates": [[-72.4101054412687, 42.4526381191553], [-72.40962451246698, 42.45270099942656], [-72.40943438580459, 42.45272894653283], [-72.40931993977682, 42.45276867600523], [-72.40925323419054, 42.452813095430024], [-72.40923015859968, 42.452866168091894], [-72.40920364292178, 42.45295753646785]]}}, {"type": "Feature", "properties": {"seg_id": "S134", "name": "TOWN COMMON ROAD", "source": "massdot", "named_in_massdot": true, "jurisdiction": "town", "surface": "paved (bituminous)", "category": "road", "required": true, "length_mi": 0.056}, "geometry": {"type": "LineString", "coordinates": [[-72.40920364292178, 42.45295753646785], [-72.40922054094145, 42.45302267462468], [-72.40926476453697, 42.45306621380399], [-72.40934461468245, 42.45310384745785], [-72.40942031776476, 42.45312407120199], [-72.40955906799776, 42.45312297556352], [-72.4097376668389, 42.453118748846386], [-72.40989626560442, 42.45311749602354], [-72.41017705627814, 42.453112464864]]}}, {"type": "Feature", "properties": {"seg_id": "S135", "name": "WEATHERWOOD ROAD", "source": "massdot", "named_in_massdot": true, "jurisdiction": "town", "surface": "paved (surface treated)", "category": "road", "required": true, "length_mi": 0.135}, "geometry": {"type": "LineString", "coordinates": [[-72.48310521953738, 42.4199315315748], [-72.48325580251682, 42.41980476076527], [-72.48333051811599, 42.41975010210824], [-72.48388783037059, 42.41947974485066], [-72.48473253461039, 42.41910845444636], [-72.48476738718672, 42.41909127158009], [-72.48480215987661, 42.41907465569159], [-72.48483518805996, 42.419055804802404], [-72.4848807201908, 42.419023341131435], [-72.48492183049555, 42.41898697905001], [-72.48495787331821, 42.418948405896444], [-72.48499150046302, 42.41890141284384], [-72.4850186435889, 42.41885222624979], [-72.48504178655215, 42.41880194847103], [-72.48505780842473, 42.41876410840852], [-72.48507135762218, 42.41872572769964], [-72.48507660138111, 42.41870456207428]]}}, {"type": "Feature", "properties": {"seg_id": "S136", "name": "WEATHERWOOD ROAD", "source": "massdot", "named_in_massdot": true, "jurisdiction": "town", "surface": "paved (surface treated)", "category": "road", "required": true, "length_mi": 0.134}, "geometry": {"type": "LineString", "coordinates": [[-72.48507660138111, 42.41870456207428], [-72.48507998401624, 42.418690906690436], [-72.48508099687442, 42.41868681864487], [-72.48508398578709, 42.418640654951], [-72.48508125173493, 42.41859341032205], [-72.48507853374639, 42.418546728258974], [-72.48507840388592, 42.41852647022967], [-72.4850781905165, 42.418506779220166], [-72.48507797439574, 42.41848652192887], [-72.48464201362788, 42.41679499946063]]}}, {"type": "Feature", "properties": {"seg_id": "S137", "name": "WEATHERWOOD ROAD", "source": "massdot", "named_in_massdot": true, "jurisdiction": "town", "surface": "paved (surface treated)", "category": "road", "required": true, "length_mi": 0.045}, "geometry": {"type": "LineString", "coordinates": [[-72.48464201362788, 42.41679499946063], [-72.48463502360993, 42.41676787569386], [-72.4844826713219, 42.416154389893265]]}}, {"type": "Feature", "properties": {"seg_id": "S139", "name": "WEATHERWOOD ROAD", "source": "massdot", "named_in_massdot": true, "jurisdiction": "town", "surface": "unknown", "category": "road", "required": true, "length_mi": 0.031}, "geometry": {"type": "LineString", "coordinates": [[-72.4844748010621, 42.416122698182114], [-72.48451830873428, 42.41610657035058], [-72.48454586870997, 42.41609620685077], [-72.4845568663998, 42.41608935943341], [-72.48456748504162, 42.416082515257166], [-72.48457742647959, 42.41607455236436], [-72.48458875187342, 42.41606432861669], [-72.48459901371302, 42.41605298855689], [-72.48460995606409, 42.416042199977326], [-72.48461755750002, 42.41603651151494], [-72.48462534472844, 42.41603081606081], [-72.4846323787383, 42.41602512794953], [-72.48464600334287, 42.41599800340252], [-72.4846476956154, 42.415966477491324], [-72.48464729826617, 42.41593496855457], [-72.48465113270807, 42.415906798742924], [-72.48465325785781, 42.415878647153896], [-72.48464556342488, 42.41585395488859], [-72.48462928256147, 42.41583817277874], [-72.48462657588371, 42.41583554987146], [-72.4845998595647, 42.415820584486134], [-72.48457099784713, 42.41580845006621], [-72.48453756542723, 42.41580085816798], [-72.48450134939492, 42.41579779350253]]}}, {"type": "Feature", "properties": {"seg_id": "S140", "name": "GASS LITE LANE", "source": "massdot", "named_in_massdot": true, "jurisdiction": "unaccepted/private", "surface": "gravel", "category": "road", "required": true, "length_mi": 0.034}, "geometry": {"type": "LineString", "coordinates": [[-72.43094426183876, 42.505310463706394], [-72.4309643425901, 42.505340194190765], [-72.430985500426, 42.50536309440036], [-72.43100702956212, 42.505385428919716], [-72.43111034526173, 42.505494314891436], [-72.43121941611588, 42.50559978535622], [-72.43132877316155, 42.50570524800377]]}}, {"type": "Feature", "properties": {"seg_id": "S141", "name": "GASS LITE LANE", "source": "massdot", "named_in_massdot": true, "jurisdiction": "unaccepted/private", "surface": "gravel", "category": "road", "required": true, "length_mi": 0.082}, "geometry": {"type": "LineString", "coordinates": [[-72.430931, 42.505274], [-72.431328, 42.505697], [-72.4319965, 42.506162]]}}, {"type": "Feature", "properties": {"seg_id": "S142", "name": "KING ROAD", "source": "massdot", "named_in_massdot": true, "jurisdiction": "unaccepted/private", "surface": "unimproved/other", "category": "road", "required": true, "length_mi": 0.117}, "geometry": {"type": "LineString", "coordinates": [[-72.43338646305807, 42.497332202802056], [-72.43344610690126, 42.497419871958435], [-72.43357380295596, 42.49755259379485], [-72.43383654113451, 42.49778307191352], [-72.43402718720996, 42.497921094656334], [-72.43414638647612, 42.49801026868166], [-72.43425003759748, 42.49811119331222], [-72.43435104473795, 42.49821865296793], [-72.4344584192656, 42.49868376618271], [-72.43445304474437, 42.49876885587416]]}}, {"type": "Feature", "properties": {"seg_id": "S143", "name": "KING ROAD", "source": "massdot", "named_in_massdot": true, "jurisdiction": "unaccepted/private", "surface": "unimproved/other", "category": "road", "required": true, "length_mi": 0.052}, "geometry": {"type": "LineString", "coordinates": [[-72.43445304474437, 42.49876885587416], [-72.43442651696711, 42.49891790884379], [-72.43443197999146, 42.4989881916331], [-72.43448548156951, 42.499018830897384], [-72.43457070754809, 42.4990401324673], [-72.43462901253648, 42.49909525513937], [-72.43470202584024, 42.49916427620683], [-72.43480909629729, 42.49923046776322], [-72.4349339214507, 42.499301420051374], [-72.43496664607999, 42.49932978870405]]}}, {"type": "Feature", "properties": {"seg_id": "S144", "name": "KING ROAD", "source": "massdot", "named_in_massdot": true, "jurisdiction": "unaccepted/private", "surface": "unimproved/other", "category": "road", "required": true, "length_mi": 0.071}, "geometry": {"type": "LineString", "coordinates": [[-72.43496664607999, 42.49932978870405], [-72.43500141021302, 42.499381013870845], [-72.43520430925346, 42.49950039625736], [-72.43528241186391, 42.499550463025685], [-72.43556142290556, 42.49973465479405], [-72.43577776189865, 42.499865920008155], [-72.43589362213108, 42.49992822282317], [-72.43598525374198, 42.499947106251604], [-72.43605125480637, 42.49994175816341]]}}, {"type": "Feature", "properties": {"seg_id": "S145", "name": "DOVE LANE", "source": "massdot", "named_in_massdot": true, "jurisdiction": "unaccepted/private", "surface": "unimproved/other", "category": "road", "required": true, "length_mi": 0.037}, "geometry": {"type": "LineString", "coordinates": [[-72.43498958906046, 42.49841648847443], [-72.43489254661445, 42.49847920921615], [-72.43467612461647, 42.49859682069884], [-72.43449644058308, 42.498735389139505], [-72.43445225742414, 42.498773282739435]]}}, {"type": "Feature", "properties": {"seg_id": "S146", "name": "BIRCH DRIVE", "source": "massdot", "named_in_massdot": true, "jurisdiction": "unaccepted/private", "surface": "unimproved/other", "category": "road", "required": true, "length_mi": 0.059}, "geometry": {"type": "LineString", "coordinates": [[-72.43259394690554, 42.49752136313906], [-72.43264124365197, 42.497599729849796], [-72.43287030044476, 42.49769926276739], [-72.43298136564768, 42.497804724560545], [-72.43305159982415, 42.49792571028588], [-72.43310517375846, 42.49807722053451], [-72.43310749471416, 42.49823421259192]]}}, {"type": "Feature", "properties": {"seg_id": "S147", "name": "HASKINS WAY", "source": "massdot", "named_in_massdot": true, "jurisdiction": "unaccepted/private", "surface": "unimproved/other", "category": "road", "required": true, "length_mi": 0.062}, "geometry": {"type": "LineString", "coordinates": [[-72.43253629380183, 42.497540115646885], [-72.43155759707344, 42.497015885787036]]}}, {"type": "Feature", "properties": {"seg_id": "S148", "name": "OAK KNOLL", "source": "massdot", "named_in_massdot": true, "jurisdiction": "unaccepted/private", "surface": "unimproved/other", "category": "road", "required": true, "length_mi": 0.011}, "geometry": {"type": "LineString", "coordinates": [[-72.43215470274318, 42.49767343106459], [-72.43216525944925, 42.49769230514432], [-72.43221191442488, 42.497739438540435], [-72.43228167912467, 42.4978035411479]]}}, {"type": "Feature", "properties": {"seg_id": "S149", "name": "GREAT PINES DRIVE EXTENSION", "source": "massdot", "named_in_massdot": true, "jurisdiction": "unaccepted/private", "surface": "unimproved/other", "category": "road", "required": true, "length_mi": 0.033}, "geometry": {"type": "LineString", "coordinates": [[-72.43121315473638, 42.49760371234653], [-72.43115720027495, 42.49754936663797], [-72.43104342265109, 42.497492038947904], [-72.43079850200647, 42.4973598010322], [-72.43069852591526, 42.49730995919247]]}}, {"type": "Feature", "properties": {"seg_id": "S150", "name": "BEECHWOOD LANE", "source": "massdot", "named_in_massdot": true, "jurisdiction": "unaccepted/private", "surface": "unimproved/other", "category": "road", "required": true, "length_mi": 0.078}, "geometry": {"type": "LineString", "coordinates": [[-72.43177912060189, 42.50469237410819], [-72.43274560531603, 42.50541863992464], [-72.43285195334686, 42.50550329165391]]}}, {"type": "Feature", "properties": {"seg_id": "S151", "name": "KINDER LANE", "source": "massdot", "named_in_massdot": true, "jurisdiction": "unaccepted/private", "surface": "unimproved/other", "category": "road", "required": true, "length_mi": 0.041}, "geometry": {"type": "LineString", "coordinates": [[-72.43570070304081, 42.503104920658465], [-72.43575170258659, 42.50315642341355], [-72.43581788796617, 42.5032179267447], [-72.43593467905104, 42.50330434732106], [-72.43598925423962, 42.503349488221545], [-72.43603389474333, 42.50341750358982], [-72.4360655410939, 42.503474224851544], [-72.43607670794192, 42.50353491078442], [-72.43608205885444, 42.503609624718386]]}}, {"type": "Feature", "properties": {"seg_id": "S152", "name": "BRIGGS ROAD", "source": "massdot", "named_in_massdot": true, "jurisdiction": "unaccepted/private", "surface": "gravel", "category": "road", "required": true, "length_mi": 0.152}, "geometry": {"type": "LineString", "coordinates": [[-72.41395952059285, 42.47443556014585], [-72.41381597823286, 42.47450162423036], [-72.41352986996377, 42.47457345157155], [-72.41320233556665, 42.474597994807574], [-72.41296385700007, 42.47460494535182], [-72.41272423213718, 42.47461134809424], [-72.41247743670236, 42.47462793285799], [-72.41235043912357, 42.474636817137984], [-72.41209187970017, 42.47466755879271], [-72.41186790067724, 42.47468508700434], [-72.41134514202103, 42.47471173165461], [-72.41103133710752, 42.47472854892965]]}}, {"type": "Feature", "properties": {"seg_id": "S153", "name": "BRIGGS ROAD", "source": "massdot", "named_in_massdot": true, "jurisdiction": "unaccepted/private", "surface": "unimproved/other", "category": "road", "required": true, "length_mi": 0.141}, "geometry": {"type": "LineString", "coordinates": [[-72.41103133710752, 42.47472854892965], [-72.41098798260256, 42.47473087330167], [-72.41078356939968, 42.47472180004294], [-72.41062722430303, 42.47468533467396], [-72.41043142093913, 42.474614294984434], [-72.41029149972067, 42.474543938849806], [-72.4101215572793, 42.47441473809008], [-72.40991567685579, 42.47430326431302], [-72.40974585378402, 42.4741757501312], [-72.40954350223824, 42.474005724410915], [-72.40927879267018, 42.473827187434956], [-72.40908372660128, 42.47370156317062], [-72.4088646348676, 42.47355023623696]]}}, {"type": "Feature", "properties": {"seg_id": "S154", "name": "WILSON ROAD", "source": "massdot", "named_in_massdot": true, "jurisdiction": "unaccepted/private", "surface": "unimproved/other", "category": "road", "required": true, "length_mi": 0.042}, "geometry": {"type": "LineString", "coordinates": [[-72.4188194259545, 42.450365842422485], [-72.41883611453267, 42.450451465739064], [-72.41885871986663, 42.450590398797246], [-72.41888124822022, 42.45072361548448], [-72.41890127674347, 42.450862569084975], [-72.41891276424319, 42.450971890456245]]}}, {"type": "Feature", "properties": {"seg_id": "S155", "name": "FARMHOUSE DRIVE", "source": "massdot", "named_in_massdot": true, "jurisdiction": "unaccepted/private", "surface": "unimproved/other", "category": "road", "required": true, "length_mi": 0.133}, "geometry": {"type": "LineString", "coordinates": [[-72.42588210286246, 42.41967055623403], [-72.42521503148137, 42.42011820038151], [-72.42519582774202, 42.420135797502176], [-72.42517653380254, 42.420153957143306], [-72.42511195059511, 42.42021018430135], [-72.42504632359181, 42.4202664189089], [-72.42498365446401, 42.420323758709756], [-72.4249374539337, 42.4203713930646], [-72.42489306587053, 42.4204195791381], [-72.4248504902249, 42.42046831333142], [-72.42481071466784, 42.42052040300848], [-72.42477285696492, 42.42057360266203], [-72.42473069433247, 42.42062458338608], [-72.42468875308693, 42.420664871931905], [-72.42464376851431, 42.42070462220729], [-72.42459762192019, 42.42074269099911], [-72.42454779887099, 42.42078304279618], [-72.42449673674142, 42.42082284182272], [-72.42444510014414, 42.42086208364018], [-72.42440957290817, 42.42088656499699], [-72.4243739520902, 42.42091104709393], [-72.42434302585526, 42.420938307680274], [-72.42432818129582, 42.42095530694712], [-72.42431496426866, 42.420973418542], [-72.42430365205591, 42.420992076639756], [-72.42428888923702, 42.42104058729246], [-72.42428592780239, 42.4210912566859], [-72.42428306929597, 42.42114248344956]]}}, {"type": "Feature", "properties": {"seg_id": "S156", "name": "HIDDEN MEADOW ROAD", "source": "massdot", "named_in_massdot": true, "jurisdiction": "unaccepted/private", "surface": "unimproved/other", "category": "road", "required": true, "length_mi": 0.172}, "geometry": {"type": "LineString", "coordinates": [[-72.48683297252087, 42.42933447968736], [-72.48652338050874, 42.42857579180541], [-72.48649563503037, 42.42852595081304], [-72.4864676936682, 42.42847554788916], [-72.48643589150915, 42.42842686614559], [-72.4864095130302, 42.42839163918639], [-72.48638105827793, 42.42835699721392], [-72.48634810315032, 42.428325768205596], [-72.4863039784916, 42.42829688388641], [-72.4862543088051, 42.42827198867128], [-72.4862038034139, 42.4282476623959], [-72.48613646503102, 42.42821616514731], [-72.48606764264409, 42.428186367777556], [-72.48599863596745, 42.428157139149555], [-72.48595629568759, 42.428138928966], [-72.48591394944073, 42.42812072422001], [-72.48588909356911, 42.42810968481883], [-72.48587150087566, 42.42810195763207], [-72.48540918311328, 42.427989996161], [-72.48495363210479, 42.42789204431936], [-72.48459778841858, 42.42779492972739]]}}, {"type": "Feature", "properties": {"seg_id": "S157", "name": "HIGHLAND DRIVE", "source": "massdot", "named_in_massdot": true, "jurisdiction": "unaccepted/private", "surface": "unimproved/other", "category": "road", "required": true, "length_mi": 0.131}, "geometry": {"type": "LineString", "coordinates": [[-72.411857387087, 42.46912803547596], [-72.4113794720513, 42.469177958776434], [-72.41137606221152, 42.469178548442486], [-72.4106010162782, 42.469264579248595], [-72.40985828429172, 42.46934472091038], [-72.40931889185643, 42.46940749854921]]}}, {"type": "Feature", "properties": {"seg_id": "S158", "name": "KETTLE HILL ROAD", "source": "massdot", "named_in_massdot": true, "jurisdiction": "unaccepted/private", "surface": "unimproved/other", "category": "road", "required": true, "length_mi": 0.215}, "geometry": {"type": "LineString", "coordinates": [[-72.48246663022326, 42.427907108139465], [-72.48243146030498, 42.427916973300654], [-72.48239919835984, 42.427930188051], [-72.48236300623161, 42.427953567671324], [-72.48233222016324, 42.42798253087811], [-72.48230077811459, 42.428012060574865], [-72.48227704356856, 42.42803026865476], [-72.48225302489689, 42.42804904095566], [-72.48222891120548, 42.42806725226001], [-72.48217822977676, 42.428099195970375], [-72.4821275543864, 42.42813114050651], [-72.48207649252174, 42.428163087416046], [-72.48199315480628, 42.42821331517625], [-72.48190866965734, 42.4282629908585], [-72.481822338869, 42.42831043140734], [-72.48177232519366, 42.42833617951389], [-72.48172172295514, 42.42836081171398], [-72.48167150845387, 42.428385997885556], [-72.48163148594732, 42.42840715641886], [-72.48159185134418, 42.42842887883463], [-72.48155211433908, 42.42845003490548], [-72.4815072973092, 42.42849262235826], [-72.48146248016293, 42.4285352061923], [-72.48142091783133, 42.42857945397062], [-72.48138017100393, 42.428633254417065], [-72.48134362315798, 42.42868871166515], [-72.48130620862548, 42.42874361358526], [-72.48127244643375, 42.428788918425354], [-72.48123802553394, 42.42883422526739], [-72.48120301631162, 42.428878979811955], [-72.48116320054932, 42.42892545711131], [-72.4811224134561, 42.42897082267095], [-72.48108678910809, 42.42901839322908], [-72.48104756617668, 42.42909750665924], [-72.48102046818663, 42.42918045297318], [-72.4809968870514, 42.4292639365164], [-72.4809961971359, 42.429360164454465], [-72.48099805595474, 42.429431045478346], [-72.48098743742128, 42.42945646114954], [-72.48097663167658, 42.429481873913076], [-72.48096572628091, 42.4295072875244], [-72.48094535584453, 42.42955304175391], [-72.48092430679789, 42.429597671855056], [-72.48090279504694, 42.42964287309746], [-72.48089075099641, 42.42966829640126], [-72.48087869821609, 42.42969315797621], [-72.4808657935902, 42.42971802590661], [-72.48084833101672, 42.429749124188916], [-72.48082990701153, 42.429779667956716], [-72.48081149027942, 42.42981021165921], [-72.48035256837309, 42.43048035847778]]}}, {"type": "Feature", "properties": {"seg_id": "S159", "name": "SUMNER MOUNTAIN ROAD", "source": "massdot", "named_in_massdot": true, "jurisdiction": "unaccepted/private", "surface": "unimproved/other", "category": "road", "required": true, "length_mi": 0.09}, "geometry": {"type": "LineString", "coordinates": [[-72.48411278027037, 42.42837753293466], [-72.48253331221393, 42.42790935079412], [-72.48252303281801, 42.42790775131296], [-72.48251265105412, 42.42790558640078], [-72.48250247395777, 42.42790454784684], [-72.48246663022326, 42.427907108139465]]}}, {"type": "Feature", "properties": {"seg_id": "S160", "name": "SUMNER MOUNTAIN ROAD", "source": "massdot", "named_in_massdot": true, "jurisdiction": "unaccepted/private", "surface": "unimproved/other", "category": "road", "required": true, "length_mi": 0.218}, "geometry": {"type": "LineString", "coordinates": [[-72.48246663022326, 42.427907108139465], [-72.48187438793857, 42.427456371636275], [-72.48186279111248, 42.427436773253554], [-72.48185099387045, 42.42741718108053], [-72.48183882354175, 42.42739758848668], [-72.48181082553704, 42.42735562547436], [-72.4817801936907, 42.42731481032069], [-72.48174418740676, 42.427276852700494], [-72.48169632560685, 42.42723955796379], [-72.48164179607592, 42.42720682438063], [-72.48158279494584, 42.42717975682167], [-72.48152612202976, 42.427161668120846], [-72.48146572703767, 42.42714868084701], [-72.48140462018702, 42.42713907492416], [-72.48134386608893, 42.42713340127787], [-72.48128222050832, 42.42713167321471], [-72.48122049137591, 42.427130512134376], [-72.4811555162585, 42.427128254179905], [-72.48109036418646, 42.42712712220117], [-72.48102732444723, 42.4271332828157], [-72.48097897359233, 42.427143827057485], [-72.48093183225039, 42.42715885538989], [-72.48088797070291, 42.42717723827562], [-72.48085175220434, 42.42719892684064], [-72.48081823968379, 42.42722340855361], [-72.48078473107954, 42.42724845742706], [-72.4807709214728, 42.42726995416004], [-72.48075701230182, 42.42729145714134], [-72.48074291112057, 42.42731296085606], [-72.48071973262721, 42.4273486067522], [-72.48069549430723, 42.42738369896872], [-72.48066627026942, 42.42741546013511], [-72.48062309187326, 42.42744733925243], [-72.4805731058426, 42.42747477741762], [-72.48052011705508, 42.42749886221944], [-72.48046079303734, 42.42751793572773], [-72.48039788264414, 42.42753253992777], [-72.48033516800818, 42.42754770062692], [-72.48031005017589, 42.42755016891634], [-72.48028512082286, 42.42755319289581], [-72.48026059538525, 42.42755734243656], [-72.48021748156971, 42.42756896176546], [-72.4801764340154, 42.42758506690528], [-72.48013818107667, 42.427603960849574], [-72.48009953542811, 42.42762848604706], [-72.48006455831411, 42.42765635801608], [-72.48003312282339, 42.427686446133364], [-72.48000414655048, 42.427722145732616], [-72.47997977295876, 42.4277606178565], [-72.4799557708733, 42.427798519608615], [-72.47993533920729, 42.427827955833614], [-72.47991528520433, 42.42785682613798], [-72.4798995186928, 42.42788734265114], [-72.4798931960687, 42.427908218247296], [-72.47988877267079, 42.42792907767824], [-72.47988379046464, 42.427950500065606], [-72.47987576057973, 42.42797758081567], [-72.47986687274347, 42.42800466436533], [-72.47985531607063, 42.42803064612424], [-72.4798372636949, 42.428060623881116], [-72.47981569331984, 42.428090069773084], [-72.47979239309477, 42.42811783867446], [-72.47976283150788, 42.42815241328163], [-72.47973058140961, 42.42818532445354], [-72.47969429820465, 42.42821489462291], [-72.47965865981814, 42.42823714506592], [-72.47962003470447, 42.42825660379909], [-72.47958044067906, 42.428274945358716], [-72.47954469754038, 42.42829044333087], [-72.47950836461652, 42.428304820905204], [-72.47947204647309, 42.42831976104432]]}}, {"type": "Feature", "properties": {"seg_id": "S161", "name": "TOWN FARM ROAD", "source": "massdot", "named_in_massdot": true, "jurisdiction": "unaccepted/private", "surface": "unimproved/other", "category": "road", "required": true, "length_mi": 0.163}, "geometry": {"type": "LineString", "coordinates": [[-72.40037508192218, 42.44567867357874], [-72.40021573365433, 42.44585266813645], [-72.3999657018074, 42.44608082437539], [-72.39971117828424, 42.44630057472803], [-72.39951602153103, 42.44648779176678], [-72.39948679844268, 42.44652965845585], [-72.39945758331406, 42.446572086867974], [-72.39943494009192, 42.446616156528485], [-72.39942379821956, 42.44664718720119], [-72.39941588912414, 42.44667876072076], [-72.39941301457829, 42.44671029402047], [-72.39941853978708, 42.44674514058286], [-72.39943043170771, 42.44677993382003], [-72.39944450787232, 42.446814709096465], [-72.39946145725862, 42.44685115361305], [-72.39948087097169, 42.44688701618598], [-72.39950057223136, 42.44692343560208], [-72.39955263315814, 42.4470181242062], [-72.39960630528756, 42.44711223840664], [-72.39965979354066, 42.44720691671116], [-72.39969179559908, 42.44726011901052], [-72.39972361983003, 42.4473138907855], [-72.39974909330132, 42.44736883575441], [-72.39976367723594, 42.44741261012089], [-72.39977448124246, 42.44745754300581], [-72.39977833791647, 42.44750196747443], [-72.39977380272681, 42.44754364133769], [-72.39976318561693, 42.44758480002312], [-72.39974942447591, 42.4476254214768], [-72.39973231486611, 42.44766438190747], [-72.39971196760729, 42.4477028049348], [-72.39969261899478, 42.447742722773555]]}}, {"type": "Feature", "properties": {"seg_id": "S162", "name": "MOUNT MINERAL ROAD", "source": "massdot", "named_in_massdot": true, "jurisdiction": "unaccepted/private", "surface": "unimproved/other", "category": "road", "required": false, "length_mi": 0.139}, "geometry": {"type": "LineString", "coordinates": [[-72.4091691413521, 42.50476690960945], [-72.40916656037085, 42.50477930725685], [-72.40916476314653, 42.50480632855786], [-72.40916478074438, 42.50483390183211], [-72.40917817406813, 42.504912573131904], [-72.40920696407998, 42.5049905603034], [-72.40923573870558, 42.505067981300876], [-72.40928295552247, 42.50522460003469], [-72.40933017170182, 42.505380651562035], [-72.40937880676317, 42.50553669637355], [-72.40941913998279, 42.50565735564536], [-72.40946013883956, 42.50577800874848], [-72.40949858008676, 42.50589924469945], [-72.40953083741375, 42.50601378079823], [-72.40956073046284, 42.506128893724686], [-72.40958805658047, 42.506244031396875], [-72.40960920910142, 42.506353022829025], [-72.40962808866638, 42.506462599377684], [-72.4096504717635, 42.506571018400905], [-72.40966438560176, 42.506626051806904], [-72.40967914423614, 42.50668051675859], [-72.40969408904293, 42.50673498023866]]}}, {"type": "Feature", "properties": {"seg_id": "S163", "name": "MOUNT MINERAL ROAD", "source": "massdot", "named_in_massdot": true, "jurisdiction": "unaccepted/private", "surface": "unimproved/other", "category": "road", "required": false, "length_mi": 0.021}, "geometry": {"type": "LineString", "coordinates": [[-72.40969408904293, 42.50673498023866], [-72.40971206257987, 42.506748344657964], [-72.40973410291498, 42.50676730023621], [-72.40975647464458, 42.506795822453185], [-72.4097744064111, 42.50682662864887], [-72.40979025158941, 42.50685744770837], [-72.40980868630291, 42.506902881557906], [-72.40982323908938, 42.50694946961324], [-72.40984071513168, 42.50699491102326], [-72.40984818154975, 42.50701112856423]]}}, {"type": "Feature", "properties": {"seg_id": "S164", "name": "NORTH LAUREL DRIVE EXTENSION", "source": "massdot", "named_in_massdot": true, "jurisdiction": "unaccepted/private", "surface": "unimproved/other", "category": "road", "required": true, "length_mi": 0.041}, "geometry": {"type": "LineString", "coordinates": [[-72.42538185222654, 42.4993832663311], [-72.42536765467332, 42.49972810453522], [-72.4253431451766, 42.49997473157761]]}}, {"type": "Feature", "properties": {"seg_id": "S165", "name": "OLD EGYPT ROAD", "source": "massdot", "named_in_massdot": true, "jurisdiction": "unaccepted/private", "surface": "unimproved/other", "category": "road", "required": true, "length_mi": 0.47}, "geometry": {"type": "LineString", "coordinates": [[-72.43828746097104, 42.503665663677786], [-72.4383129683688, 42.50366794537989], [-72.43836466665655, 42.50367371500847], [-72.4384047482604, 42.5036778920207], [-72.43844465081474, 42.5036826286634], [-72.4384837279861, 42.503689626366416], [-72.43851101051997, 42.50369615649839], [-72.43853784004257, 42.50370437837711], [-72.43856326532246, 42.503713736159575], [-72.43859390708077, 42.503728680144015], [-72.43862240451551, 42.50374645682304], [-72.43864911200592, 42.503765368945565], [-72.43866450938089, 42.50377818719325], [-72.43867327767441, 42.50378599342653], [-72.43869573992345, 42.50380718996089], [-72.43871745024295, 42.50382895890371], [-72.43874244323467, 42.50385407543773], [-72.4387664981101, 42.50387976229463], [-72.4387897866217, 42.50390545988942], [-72.4388100962605, 42.50392892738657], [-72.43882965157574, 42.503952397422616], [-72.43884806936848, 42.503976447511036], [-72.43886362576842, 42.5039999492109], [-72.43887805675469, 42.504024027264805], [-72.43889238805852, 42.50404811063029], [-72.4389321560503, 42.504127121244615], [-72.43896616617738, 42.50421518625902], [-72.43900341442797, 42.50432911124135], [-72.43901936908982, 42.5044178860039], [-72.43903306066399, 42.50454550468043], [-72.43903399164996, 42.504672102827115], [-72.43902052240635, 42.504833703138175], [-72.43901904906778, 42.505060476637084], [-72.43901929813481, 42.50530749556137], [-72.43903490629802, 42.50551950449784], [-72.43903906159774, 42.50571584605349], [-72.43903129846647, 42.50589034345933], [-72.43902089571728, 42.506034476310525], [-72.43900130016557, 42.50611678656789], [-72.4389997020735, 42.50612411542866], [-72.43899688786233, 42.50620966781331], [-72.43899077476803, 42.50629749781897], [-72.43899536312435, 42.50639480454501], [-72.43900476742073, 42.50647125078796], [-72.43901879290131, 42.50657017230071], [-72.43902172635555, 42.506678182667976], [-72.43903513322294, 42.50681255674415], [-72.43904101615932, 42.50688172032123], [-72.43904135995187, 42.50696893502789], [-72.43903707245376, 42.50702580051887], [-72.43902814670689, 42.50710295875019], [-72.43902110695933, 42.50717954342984], [-72.43902122719739, 42.50723243689884], [-72.4390320230357, 42.50730606015041], [-72.43904254171893, 42.5073740578799], [-72.43905204963376, 42.50743194086421], [-72.43906994726393, 42.50749087547663], [-72.43909022770194, 42.507557105614445], [-72.43909903591596, 42.507605986788114], [-72.43909603849148, 42.50766622148937], [-72.43908307979261, 42.50772822359966], [-72.439079353033, 42.50775244952846], [-72.43906609709265, 42.507839207811735], [-72.43905466858622, 42.507959153376476], [-72.43905239318849, 42.50799799825845], [-72.43904185906405, 42.50810780905417], [-72.43903717750753, 42.50820181781928], [-72.43904329563497, 42.508293483357726], [-72.43905674617886, 42.50835414584965], [-72.43908908722312, 42.50843209686837], [-72.43912451933048, 42.50852633613319], [-72.4391657850408, 42.50860365263566], [-72.43919253263323, 42.5087272286817], [-72.43919221750745, 42.50875085962354], [-72.43919190853194, 42.50877449501664], [-72.43919168715726, 42.50879812969585], [-72.4391920635997, 42.508829637129615], [-72.43919291212912, 42.508861141617274], [-72.43919309390314, 42.508892650636504], [-72.43919250654234, 42.50892979459723], [-72.43919105784386, 42.50896637838593], [-72.43918866370205, 42.509003537065766], [-72.43918476056535, 42.50904183251359], [-72.43917980878268, 42.509079573816585], [-72.43917448447681, 42.50911787633985], [-72.43916634703216, 42.50917139974373], [-72.43915745035885, 42.50922492933135], [-72.43914901958294, 42.50927844972009], [-72.43914258002172, 42.50932464345065], [-72.43913662090101, 42.50937139595372], [-72.43913065462873, 42.50941758672696], [-72.43912497582792, 42.50945758379528], [-72.43911947601829, 42.509497016717305], [-72.43911531807393, 42.509537001394754], [-72.43911377634893, 42.50958033908283], [-72.43911385404716, 42.50962366357809], [-72.43911355326158, 42.509667557444644], [-72.4391120681885, 42.509727212603345], [-72.43910981544111, 42.50978687851622], [-72.43910413531566, 42.509846005159254], [-72.43909443498808, 42.509896728741424], [-72.43908226224782, 42.50994746886097], [-72.43907112138537, 42.50999763698518], [-72.43906277283942, 42.51004328446462], [-72.43905545734353, 42.51008835633903], [-72.43904986217116, 42.510133980487645], [-72.43904813740299, 42.51017507971284], [-72.43904770880587, 42.51018528359932]]}}, {"type": "Feature", "properties": {"seg_id": "S166", "name": "OLD ORCHARD ROAD", "source": "massdot", "named_in_massdot": true, "jurisdiction": "unaccepted/private", "surface": "unimproved/other", "category": "road", "required": true, "length_mi": 0.099}, "geometry": {"type": "LineString", "coordinates": [[-72.42054480275286, 42.48218033796605], [-72.4207266315744, 42.482118679193974], [-72.4208451117347, 42.482085097308804], [-72.4210483910401, 42.48204070909819], [-72.42116446526205, 42.482011644933145], [-72.42125860153186, 42.48197037866088], [-72.42134025489258, 42.48191345679365], [-72.42142407763433, 42.481836258869656], [-72.42150796920734, 42.48175062447852], [-72.42157170525152, 42.481696658277265], [-72.42165616311942, 42.481649841272365], [-72.42175808811707, 42.4816152654673], [-72.42187895996724, 42.481588978345016], [-72.42206567431467, 42.48156272603118], [-72.42217668806488, 42.48153820464942], [-72.42220053888943, 42.48153231754226]]}}, {"type": "Feature", "properties": {"seg_id": "S167", "name": "OLD ORCHARD ROAD", "source": "massdot", "named_in_massdot": true, "jurisdiction": "unaccepted/private", "surface": "unknown", "category": "road", "required": true, "length_mi": 0.003}, "geometry": {"type": "LineString", "coordinates": [[-72.42220053888943, 42.48153231754226], [-72.4222615172347, 42.4815172661781]]}}, {"type": "Feature", "properties": {"seg_id": "S168", "name": "OLD ORCHARD ROAD", "source": "massdot", "named_in_massdot": true, "jurisdiction": "unaccepted/private", "surface": "unknown", "category": "road", "required": true, "length_mi": 0.071}, "geometry": {"type": "LineString", "coordinates": [[-72.4222615172347, 42.4815172661781], [-72.42231373591133, 42.48145551857376], [-72.42239937372445, 42.48132710236334], [-72.42251345328901, 42.48116807129888], [-72.4225854818164, 42.48105101589728], [-72.42262500030833, 42.4810113111501], [-72.42268677113286, 42.48096580400182], [-72.42274124608736, 42.48094173478174], [-72.42281364653418, 42.48093496358327], [-72.42283069962063, 42.4809374243902], [-72.42286906814145, 42.480942960078494], [-72.4229995919373, 42.48098580719011], [-72.42305457262395, 42.48100956246216], [-72.42309474974306, 42.48105369045738], [-72.42310700143895, 42.48109860934764]]}}, {"type": "Feature", "properties": {"seg_id": "S169", "name": "OLD ORCHARD ROAD", "source": "massdot", "named_in_massdot": true, "jurisdiction": "unaccepted/private", "surface": "unknown", "category": "road", "required": true, "length_mi": 0.084}, "geometry": {"type": "LineString", "coordinates": [[-72.42310700143895, 42.48109860934764], [-72.42311114395156, 42.481148092023176], [-72.42309839424827, 42.48121177818509], [-72.42301656498495, 42.48140599830448], [-72.42297186527381, 42.48155662080308], [-72.42295145181437, 42.48162540913126], [-72.4229290064178, 42.4816824206389], [-72.42287568472322, 42.48174024122421], [-72.42280141036365, 42.48176840609237], [-72.42272867383579, 42.48177180472337], [-72.42261140820665, 42.48174573185889], [-72.42248890022367, 42.48167919164079], [-72.42237781152066, 42.48160693208188], [-72.4222615172347, 42.4815172661781]]}}, {"type": "Feature", "properties": {"seg_id": "S170", "name": "AMES HAVEN ROAD", "source": "massdot", "named_in_massdot": true, "jurisdiction": "unaccepted/private", "surface": "unimproved/other", "category": "road", "required": true, "length_mi": 0.122}, "geometry": {"type": "LineString", "coordinates": [[-72.42047813714389, 42.49255911327069], [-72.42044998077814, 42.49259647739519], [-72.42040046870997, 42.49264245239254], [-72.42034464053496, 42.49268509807324], [-72.42029253710722, 42.492729402048724], [-72.42026186667628, 42.49276397455718], [-72.42023301884417, 42.49279965157906], [-72.42020311671891, 42.492834776123104], [-72.42016935498326, 42.4928721840291], [-72.42013433855722, 42.492908478365294], [-72.42009748989484, 42.49294309565105], [-72.4200347453779, 42.49299367402971], [-72.41996718491522, 42.49304035469676], [-72.41990001327967, 42.49308759490781], [-72.41978304985612, 42.493174620655736], [-72.41966676082117, 42.493262199085926], [-72.41955115448901, 42.493350900925165], [-72.41944208642752, 42.493432235534264], [-72.41933369893032, 42.49351412639557], [-72.41923029891798, 42.49359935710292], [-72.4191770084985, 42.493647047949125], [-72.4191252642853, 42.49369641450355], [-72.41907599988532, 42.493746323046246], [-72.4190307510311, 42.49379789121246], [-72.41898799466843, 42.493851122148286], [-72.4189453286364, 42.49390379415996]]}}, {"type": "Feature", "properties": {"seg_id": "S171", "name": "SOUTH LAUREL DRIVE", "source": "massdot", "named_in_massdot": true, "jurisdiction": "unaccepted/private", "surface": "unimproved/other", "category": "road", "required": true, "length_mi": 0.167}, "geometry": {"type": "LineString", "coordinates": [[-72.42490332789781, 42.49762670929719], [-72.42484140650836, 42.497714423736845], [-72.42477947791983, 42.497801575509435], [-72.42472624069714, 42.49789146915491], [-72.42469421700527, 42.49795699699621], [-72.42466668486405, 42.4980241759577], [-72.42464857164758, 42.49809184653953], [-72.42464334142775, 42.49813071487511], [-72.42464145258495, 42.49817011819253], [-72.42464221566706, 42.498209500235205], [-72.42465268437566, 42.49827524985444], [-72.42467161252858, 42.4983409316064], [-72.42469195698116, 42.498406039303966], [-72.42470636132839, 42.49844868713233], [-72.42472115840047, 42.49849189809699], [-72.42473224512926, 42.49853513342558], [-72.4247368072522, 42.498567170040516], [-72.42473907629997, 42.49859922505248], [-72.42473964591554, 42.498631293698686], [-72.42473929902737, 42.49865943358269], [-72.42473771948356, 42.498688140642244], [-72.42473232443217, 42.49871575833904], [-72.4247234862419, 42.498741711093736], [-72.42471168402666, 42.49876656405186], [-72.42469673406697, 42.49879031688582], [-72.4246775908478, 42.498814103357866], [-72.42465521230311, 42.49883679130556], [-72.42463041397448, 42.498857245207496], [-72.42459766263212, 42.498879453665964], [-72.42456145876233, 42.49889944085795], [-72.42452320546572, 42.49891606564837], [-72.42447863986301, 42.49892992401433], [-72.4244314580993, 42.49894043442007], [-72.42438484920994, 42.49895093481016], [-72.42429711899477, 42.49897695932044], [-72.42421056032798, 42.499005226921504], [-72.42412458395495, 42.49903404887485], [-72.42402821518768, 42.49906745648064], [-72.42393252120839, 42.4991014221839], [-72.42383663153691, 42.4991348257869], [-72.42375481708741, 42.4991624932281], [-72.42367291005951, 42.499190157751116], [-72.42359197900161, 42.49921950515912], [-72.42354104608545, 42.49924016733328], [-72.42349051651337, 42.4992619561301], [-72.4234385126567, 42.499280939675494], [-72.42339031502932, 42.499293144952446], [-72.42334112458752, 42.49930310380994], [-72.4232926327502, 42.49931474421324], [-72.42325856803097, 42.49932514816049]]}}, {"type": "Feature", "properties": {"seg_id": "S172", "name": "WYOLA DRIVE", "source": "massdot", "named_in_massdot": true, "jurisdiction": "unaccepted/private", "surface": "unimproved/other", "category": "road", "required": true, "length_mi": 0.054}, "geometry": {"type": "LineString", "coordinates": [[-72.43273948581485, 42.50437027363098], [-72.43238420898265, 42.50448187263427], [-72.432328225012, 42.50450145503177], [-72.43227233476463, 42.504521042045525], [-72.43209911677597, 42.50457758622335], [-72.43177912060189, 42.50469237410819]]}}, {"type": "Feature", "properties": {"seg_id": "S173", "name": "WYOLA DRIVE", "source": "massdot", "named_in_massdot": true, "jurisdiction": "unaccepted/private", "surface": "unimproved/other", "category": "road", "required": true, "length_mi": 0.009}, "geometry": {"type": "LineString", "coordinates": [[-72.43177912060189, 42.50469237410819], [-72.43163927641359, 42.50477268672349]]}}, {"type": "Feature", "properties": {"seg_id": "S174", "name": "PINE DRIVE", "source": "massdot", "named_in_massdot": true, "jurisdiction": "unaccepted/private", "surface": "unimproved/other", "category": "road", "required": true, "length_mi": 0.064}, "geometry": {"type": "LineString", "coordinates": [[-72.42824020630867, 42.5045440169972], [-72.42822326537787, 42.50462011350738], [-72.42820631621072, 42.504695652794005], [-72.4281791535441, 42.504768458178916], [-72.42815803769105, 42.50480632465262], [-72.42813405118166, 42.50484309426261], [-72.42810844431108, 42.5048793106248], [-72.42808890176153, 42.50490816682174], [-72.42806840439827, 42.50493646801496], [-72.42804339943355, 42.504961989357014], [-72.42802385899626, 42.5049773401297], [-72.42800238601828, 42.50499101389356], [-72.42797946243684, 42.505003017571354], [-72.42795355907091, 42.50501279088169], [-72.42792611961775, 42.50502145207712], [-72.42789856506714, 42.50502898881792], [-72.42786544230496, 42.505038820221195], [-72.42783210956117, 42.50504752883077], [-72.42779868652066, 42.50505679994435], [-72.42775987442566, 42.50506780698472], [-72.4277211476462, 42.50507824523618], [-72.42768184565543, 42.5050881263167], [-72.42760438436964, 42.50510169328353], [-72.42752562662959, 42.50511133001847], [-72.42744677395653, 42.50512096656289]]}}, {"type": "Feature", "properties": {"seg_id": "S175", "name": "SOJOURNER WAY", "source": "massdot", "named_in_massdot": true, "jurisdiction": "unaccepted/private", "surface": "unimproved/other", "category": "road", "required": true, "length_mi": 0.158}, "geometry": {"type": "LineString", "coordinates": [[-72.43305686465338, 42.434864015182], [-72.43298161708988, 42.4349057018633], [-72.43290627807005, 42.43494795103267], [-72.43282773714458, 42.43498572631031], [-72.43277882372094, 42.435004127998994], [-72.43272875375371, 42.435021414540145], [-72.43267994214123, 42.435040377158884], [-72.43263118746047, 42.43506328088057], [-72.432583602424, 42.43508786230064], [-72.43253639165191, 42.43511244066948], [-72.43250511092965, 42.435129011339214], [-72.43247402343142, 42.43514558133576], [-72.43244215370592, 42.43516103316324], [-72.43240525639767, 42.435176524793796], [-72.43236749158875, 42.43519146163952], [-72.4323292446568, 42.43520527337981], [-72.43222963015134, 42.43523702830039], [-72.43212690393895, 42.43526374764649], [-72.43202339435989, 42.43528878154675], [-72.43193904732101, 42.43530634518902], [-72.43185412439321, 42.43532334983181], [-72.4317701730068, 42.435342034642424], [-72.4316991220874, 42.43535949051125], [-72.43162895619147, 42.43537918816495], [-72.43156276108235, 42.43540391882882], [-72.4315291859793, 42.43541938419698], [-72.43149667485476, 42.43543653264182], [-72.43146781223088, 42.43545589605048], [-72.43144037498635, 42.43548200029221], [-72.43141763252163, 42.43551088363953], [-72.43139813780905, 42.435541427903324], [-72.43138589507402, 42.43556741012208], [-72.43137585153559, 42.43559449904525], [-72.43136254928815, 42.435619928033915], [-72.43133814314987, 42.435651636507906], [-72.43130827663232, 42.43568057745391], [-72.43127389901008, 42.435706175990944], [-72.43124761819192, 42.43572045688329], [-72.4312194994656, 42.435732499142304], [-72.43119119706026, 42.43574510917866], [-72.43116365898653, 42.435757708525166], [-72.43113603082273, 42.43577087579263], [-72.43110974166801, 42.435784594923], [-72.43108779748448, 42.43579714901612], [-72.43106672085145, 42.435810263288964], [-72.43104957232818, 42.43582559568516], [-72.43103762562406, 42.43584594669407], [-72.43103073973914, 42.43586851117241], [-72.43102443332182, 42.43589163366225], [-72.43101561479526, 42.435918149947554], [-72.43100755467604, 42.435944665501765], [-72.43100082741766, 42.435971727573914], [-72.43099484569784, 42.43601004026798], [-72.43099152277955, 42.43604889326108], [-72.43098782063572, 42.436087745718545], [-72.43097916889079, 42.43615140048407], [-72.4309697492974, 42.43621449965883], [-72.4309602395242, 42.43627816135796]]}}, {"type": "Feature", "properties": {"seg_id": "S176", "name": "SIRIUS COMMUNITY CENTER DRIVE", "source": "massdot", "named_in_massdot": true, "jurisdiction": "unaccepted/private", "surface": "unimproved/other", "category": "road", "required": true, "length_mi": 0.092}, "geometry": {"type": "LineString", "coordinates": [[-72.42643015241092, 42.419400018877205], [-72.42652015849565, 42.419440015911725], [-72.42659015392321, 42.41949001533823], [-72.42663260069003, 42.41958237411755], [-72.4266953038981, 42.41966291068159], [-72.42677821397693, 42.419723021948364], [-72.42687167929165, 42.419803306247644], [-72.42689300024449, 42.41985885172024], [-72.42689088478988, 42.41994750246188], [-72.4268370901609, 42.42000871793379], [-72.42676331856858, 42.42010554246927], [-72.42673014511433, 42.42017418876081], [-72.42672167546526, 42.42029581350727], [-72.42665202297853, 42.42044072504474], [-72.42661202455112, 42.4205603023521]]}}, {"type": "Feature", "properties": {"seg_id": "S177", "name": "CARVER ROAD", "source": "massdot", "named_in_massdot": true, "jurisdiction": "unaccepted/private", "surface": "unimproved/other", "category": "road", "required": true, "length_mi": 0.173}, "geometry": {"type": "LineString", "coordinates": [[-72.41729960185017, 42.474062963083036], [-72.4172684973894, 42.47406714685719], [-72.41676750508147, 42.474100396073396], [-72.41629086456894, 42.47414864210051], [-72.41588333992546, 42.474193520591704], [-72.41544452132146, 42.47424877382286], [-72.4150812695444, 42.474293297688426], [-72.41461494812977, 42.47433920493731], [-72.41431386101571, 42.4743922359306], [-72.41395952059285, 42.47443556014585]]}}, {"type": "Feature", "properties": {"seg_id": "S178", "name": "CEMETERY DRIVEWAY", "source": "massdot", "named_in_massdot": false, "jurisdiction": "unaccepted/private", "surface": "unimproved/other", "category": "other", "required": false, "length_mi": 0.045}, "geometry": {"type": "LineString", "coordinates": [[-72.42469014371056, 42.44971930055288], [-72.42478833795508, 42.45013966283105], [-72.42479806729733, 42.45036079048107]]}}, {"type": "Feature", "properties": {"seg_id": "S179", "name": "CEMETERY ROAD", "source": "massdot", "named_in_massdot": false, "jurisdiction": "unaccepted/private", "surface": "unimproved/other", "category": "other", "required": false, "length_mi": 0.036}, "geometry": {"type": "LineString", "coordinates": [[-72.42469014371056, 42.44971930055288], [-72.42398412652285, 42.44976878512257]]}}, {"type": "Feature", "properties": {"seg_id": "S180", "name": "CEMETERY ROAD", "source": "massdot", "named_in_massdot": false, "jurisdiction": "unaccepted/private", "surface": "unimproved/other", "category": "other", "required": false, "length_mi": 0.077}, "geometry": {"type": "LineString", "coordinates": [[-72.42380691655661, 42.448664991564904], [-72.42384083957916, 42.44896171536609], [-72.42392419140896, 42.44949174564631], [-72.42398412652285, 42.44976878512257]]}}, {"type": "Feature", "properties": {"seg_id": "S181", "name": "CEMETERY ROAD", "source": "massdot", "named_in_massdot": false, "jurisdiction": "unaccepted/private", "surface": "unimproved/other", "category": "other", "required": false, "length_mi": 0.11}, "geometry": {"type": "LineString", "coordinates": [[-72.42380691655661, 42.448664991564904], [-72.42421032642922, 42.448603328286595], [-72.42431185557636, 42.44857816993581], [-72.42435794298858, 42.4485826725304], [-72.4244077740823, 42.44861878473604], [-72.42449572293887, 42.44878848719897], [-72.42455894426507, 42.449065500060264], [-72.42469014371056, 42.44971930055288]]}}, {"type": "Feature", "properties": {"seg_id": "S182", "name": "CEMETERY ROAD", "source": "massdot", "named_in_massdot": false, "jurisdiction": "unaccepted/private", "surface": "unimproved/other", "category": "other", "required": false, "length_mi": 0.019}, "geometry": {"type": "LineString", "coordinates": [[-72.42380691655661, 42.448664991564904], [-72.42343976363489, 42.448733664246376]]}}, {"type": "Feature", "properties": {"seg_id": "S183", "name": "CEMETERY ROAD", "source": "massdot", "named_in_massdot": false, "jurisdiction": "unaccepted/private", "surface": "unimproved/other", "category": "other", "required": false, "length_mi": 0.074}, "geometry": {"type": "LineString", "coordinates": [[-72.42343976363489, 42.448733664246376], [-72.42350111819944, 42.4491080703885], [-72.42358994255207, 42.4495625883282], [-72.42364915835063, 42.44979094755735]]}}, {"type": "Feature", "properties": {"seg_id": "S184", "name": "CEMETERY ROAD", "source": "massdot", "named_in_massdot": false, "jurisdiction": "unaccepted/private", "surface": "unimproved/other", "category": "other", "required": false, "length_mi": 0.017}, "geometry": {"type": "LineString", "coordinates": [[-72.42398412652285, 42.44976878512257], [-72.42364915835063, 42.44979094755735]]}}, {"type": "Feature", "properties": {"seg_id": "S185", "name": "CEMETERY ROAD", "source": "massdot", "named_in_massdot": false, "jurisdiction": "unaccepted/private", "surface": "unimproved/other", "category": "other", "required": false, "length_mi": 0.099}, "geometry": {"type": "LineString", "coordinates": [[-72.42343976363489, 42.448733664246376], [-72.423177716088, 42.44879662529657], [-72.42315167079505, 42.448813876079534], [-72.42313566124936, 42.448843215034735], [-72.42316879862997, 42.44908639202666], [-72.42327544473349, 42.44963571064302], [-72.42329626502611, 42.44971100788643], [-72.42333309384016, 42.449756965260605], [-72.4233991889767, 42.44978078338735], [-72.42348814474563, 42.44979467319444], [-72.42364915835063, 42.44979094755735]]}}, {"type": "Feature", "properties": {"seg_id": "S186", "name": "WEATHERWOOD ROAD", "source": "massdot", "named_in_massdot": true, "jurisdiction": "town", "surface": "unknown", "category": "road", "required": true, "length_mi": 0.041}, "geometry": {"type": "LineString", "coordinates": [[-72.48450134939492, 42.41579779350253], [-72.48446497248202, 42.41579641291236], [-72.48443715257856, 42.415796088137924], [-72.48440906470476, 42.41579689105691], [-72.48438157537296, 42.41579937966397], [-72.4843359013937, 42.415804270087015], [-72.4842912203317, 42.415812530027225], [-72.48425510633787, 42.41582803184951], [-72.48423155689596, 42.41585186678944], [-72.48421896186426, 42.41587551712634], [-72.48421560090793, 42.415881828343714], [-72.48420820791485, 42.415912840286666], [-72.48420924168407, 42.41593646592316], [-72.4842154085988, 42.41596060947288], [-72.4842258258969, 42.415983591270944], [-72.48424329007302, 42.41600763822103], [-72.48426623527031, 42.416030509291474], [-72.48429217762397, 42.41605054660958], [-72.48432264705698, 42.41606885349558], [-72.48435659616051, 42.41608488160073], [-72.48439202885439, 42.416098647092014], [-72.4844254750377, 42.41610680161964], [-72.4844748010621, 42.416122698182114]]}}, {"type": "Feature", "properties": {"seg_id": "S187", "name": "GATE LANE", "source": "massdot", "named_in_massdot": true, "jurisdiction": "unaccepted/private", "surface": "unimproved/other", "category": "road", "required": true, "length_mi": 0.044}, "geometry": {"type": "LineString", "coordinates": [[-72.36849479551323, 42.49976012773338], [-72.36849503849267, 42.49989776559233], [-72.36848906437001, 42.5001503431374], [-72.36847670741348, 42.500404055412325]]}}, {"type": "Feature", "properties": {"seg_id": "S188", "name": "LEVERETT ROAD", "source": "massdot", "named_in_massdot": true, "jurisdiction": "town", "surface": "paved (surface treated)", "category": "road", "required": true, "length_mi": 0.008}, "geometry": {"type": "LineString", "coordinates": [[-72.45109482230143, 42.44976835200523], [-72.45093902328053, 42.44978285604423]]}}, {"type": "Feature", "properties": {"seg_id": "S190", "name": "LEVERETT ROAD", "source": "massdot", "named_in_massdot": true, "jurisdiction": "town", "surface": "paved (surface treated)", "category": "road", "required": true, "length_mi": 0.285}, "geometry": {"type": "LineString", "coordinates": [[-72.45093741351592, 42.449783005283365], [-72.45085970215042, 42.449790239913646], [-72.45067735362967, 42.44979061986996], [-72.45049604171514, 42.44977804805179], [-72.45031817732037, 42.44974800479638], [-72.45014580355402, 42.44970440944263], [-72.44997656791136, 42.44965460188245], [-72.4498167870925, 42.44958952238276], [-72.44966512842706, 42.44951480714061], [-72.44950945481693, 42.44944462817768], [-72.44934224578505, 42.44939086140422], [-72.44917180441267, 42.44934274979912], [-72.44916627992606, 42.44934167083572], [-72.4489975943042, 42.44930310945187], [-72.44881839302371, 42.44927926457573], [-72.44863656724647, 42.44927007295972], [-72.44845438622927, 42.44927494780367], [-72.44827423222772, 42.449294998484994], [-72.44809641448937, 42.44932516179561], [-72.44791898548725, 42.449355884327325], [-72.44774237150807, 42.449389974257485], [-72.44756252791046, 42.44941170845615], [-72.44738061882002, 42.4494160211649], [-72.44719854087347, 42.449409074737076], [-72.44701782706203, 42.44939143096792], [-72.44683987415635, 42.44936194488487], [-72.44666805951076, 42.449317215260564], [-72.44649936880847, 42.44926571094812], [-72.44632736139586, 42.449220982402835], [-72.44615398142982, 42.449179642859264], [-72.44597941004189, 42.44914112542558], [-72.44579967761993, 42.449119531014375], [-72.44573071469297, 42.44911841014732], [-72.44561738852475, 42.44911708630281], [-72.4455870371442, 42.44911931439682]]}}, {"type": "Feature", "properties": {"seg_id": "S191", "name": "LEVERETT ROAD", "source": "massdot", "named_in_massdot": true, "jurisdiction": "town", "surface": "paved (surface treated)", "category": "road", "required": true, "length_mi": 0.051}, "geometry": {"type": "LineString", "coordinates": [[-72.4455870371442, 42.44911931439682], [-72.445436086514, 42.449130394109055], [-72.44525584800587, 42.449151003455626], [-72.44507970599132, 42.449185084523386], [-72.44490346412648, 42.44921916703944], [-72.44474566717507, 42.449235092587884], [-72.44460457416878, 42.44924284290811]]}}, {"type": "Feature", "properties": {"seg_id": "S192", "name": "LEVERETT ROAD", "source": "massdot", "named_in_massdot": true, "jurisdiction": "town", "surface": "paved (surface treated)", "category": "road", "required": true, "length_mi": 0.222}, "geometry": {"type": "LineString", "coordinates": [[-72.44460457416878, 42.44924284290811], [-72.44454097565668, 42.44924633645725], [-72.44435885675679, 42.44924952162358], [-72.4441766093039, 42.44924370080912], [-72.44406299924883, 42.449240068454216], [-72.44399445546723, 42.449237878038886], [-72.44381245404125, 42.449229804746224], [-72.44363045148273, 42.449221163977484], [-72.4434481801625, 42.44922040827655], [-72.44326621972824, 42.44922752659192], [-72.44308493484051, 42.44924195054092], [-72.44290417922244, 42.4492597487505], [-72.44272423241861, 42.449280918934726], [-72.44254449906157, 42.44930377337855], [-72.44236657651912, 42.44933336238016], [-72.44218874746007, 42.44936295394178], [-72.4420074512476, 42.4493762517893], [-72.44182523818196, 42.449379429213785], [-72.44164375167429, 42.449367411208385], [-72.44146508962788, 42.449340735221476], [-72.4412917113, 42.4492993883696], [-72.44112515902245, 42.449244480765415], [-72.44096530429462, 42.44917994786157], [-72.4408125337135, 42.44910635822724], [-72.44065704975905, 42.449035603135194], [-72.44049942371831, 42.44896767790926], [-72.44041806742092, 42.44893259888653]]}}, {"type": "Feature", "properties": {"seg_id": "S193", "name": "LEVERETT ROAD", "source": "massdot", "named_in_massdot": true, "jurisdiction": "town", "surface": "paved (surface treated)", "category": "road", "required": true, "length_mi": 0.142}, "geometry": {"type": "LineString", "coordinates": [[-72.44041806742092, 42.44893259888653], [-72.4403418965279, 42.44889975526334], [-72.44030060323158, 42.44888208702963], [-72.44018418593035, 42.44883239209553], [-72.44002338867415, 42.448768432786416], [-72.43985416352155, 42.448718610341224], [-72.43968169903748, 42.44867443744156], [-72.43950466151739, 42.448642120914485], [-72.4393274392769, 42.448610368319365], [-72.43915022322527, 42.44857861090075], [-72.43897300254328, 42.44854685684966], [-72.43879418417862, 42.44852243240306], [-72.43861260704793, 42.44851040588069], [-72.43843093039393, 42.44849838528537], [-72.43824883770884, 42.4484964900238], [-72.43806681023192, 42.44850528787284], [-72.43787898720812, 42.44852707644435], [-72.43775845283501, 42.44855060362509]]}}, {"type": "Feature", "properties": {"seg_id": "S194", "name": "LEVERETT ROAD", "source": "massdot", "named_in_massdot": true, "jurisdiction": "town", "surface": "paved (surface treated)", "category": "road", "required": true, "length_mi": 0.322}, "geometry": {"type": "LineString", "coordinates": [[-72.43775845283501, 42.44855060362509], [-72.43771051931704, 42.44855996014203], [-72.43753763132777, 42.44860244360864], [-72.43736943959719, 42.448654453524505], [-72.43720758719594, 42.44871710643246], [-72.43704872123736, 42.44878310918676], [-72.43689758793445, 42.4488580510505], [-72.43680045333934, 42.44891061104306], [-72.43675022963022, 42.44893746537617], [-72.43660287322025, 42.449017442189366], [-72.43645550924482, 42.44909685167332], [-72.43630708778862, 42.449175148670776], [-72.43615876183486, 42.44925400829253], [-72.43601043318458, 42.449332300542984], [-72.43586200455916, 42.44941059791188], [-72.43571290719272, 42.44948833782232], [-72.43556216651993, 42.44956439919541], [-72.43541152515873, 42.44964045956017], [-72.43525914090486, 42.449714847590045], [-72.43510211492148, 42.44978308614833], [-72.43494277122082, 42.449849088919095], [-72.43478089894771, 42.449911175819096], [-72.43461620772604, 42.449968781997136], [-72.43444606858826, 42.450017425405136], [-72.43427327640053, 42.45006047032584], [-72.4340971342463, 42.450095097217535], [-72.43391870771292, 42.450122989113055], [-72.4337397688522, 42.45014863590221], [-72.43355870573497, 42.45016529740042], [-72.43337720381695, 42.450178020598656], [-72.4331954753835, 42.4501884999649], [-72.4330138809435, 42.45020122333905], [-72.43283237881252, 42.45021394567858], [-72.43265078307712, 42.45022667299108], [-72.4324693743977, 42.450239394000526], [-72.43228777365378, 42.45025212077995], [-72.4321577867636, 42.450261230726205], [-72.43210627123025, 42.45026484197508], [-72.43204840431898, 42.4502678392698]]}}, {"type": "Feature", "properties": {"seg_id": "S195", "name": "LEVERETT ROAD", "source": "massdot", "named_in_massdot": true, "jurisdiction": "town", "surface": "paved (surface treated)", "category": "road", "required": true, "length_mi": 0.027}, "geometry": {"type": "LineString", "coordinates": [[-72.43204840431898, 42.4502678392698], [-72.43197748709078, 42.450271512038796], [-72.43192443937689, 42.450274191176526], [-72.43174228134997, 42.4502812937477], [-72.43162571183949, 42.45028561021626], [-72.43156022287809, 42.4502883898233], [-72.4315173818844, 42.45029006069432]]}}, {"type": "Feature", "properties": {"seg_id": "S196", "name": "LEVERETT ROAD", "source": "massdot", "named_in_massdot": true, "jurisdiction": "town", "surface": "paved (surface treated)", "category": "road", "required": true, "length_mi": 0.228}, "geometry": {"type": "LineString", "coordinates": [[-72.4315173818844, 42.45029006069432], [-72.43137815835394, 42.45029549016129], [-72.43119600628195, 42.45030259181935], [-72.43101383973213, 42.45030912610894], [-72.43083167321095, 42.45031566461142], [-72.43064959803816, 42.45032163939188], [-72.43046743259238, 42.45032817280739], [-72.43028526375122, 42.45033414776806], [-72.4301031823294, 42.45034011723277], [-72.42992090326844, 42.45034496801621], [-72.42987665552118, 42.45034588797025], [-72.42973870335197, 42.45034925067505], [-72.42955641109464, 42.45035353829235], [-72.42947220503761, 42.450355905081096], [-72.42937412580892, 42.45035838375846], [-72.4291919318945, 42.450362665503334], [-72.42900966438621, 42.45036864014099], [-72.42882769068031, 42.450375168513524], [-72.42864552374246, 42.45038170355822], [-72.42846323837179, 42.450386552083714], [-72.42828093759884, 42.45039027145282], [-72.42809874351836, 42.45039455146833], [-72.42791644148532, 42.45039827027031], [-72.42773414896284, 42.450402555003436], [-72.42755184688522, 42.45040627322829], [-72.4273695282655, 42.4504088659072], [-72.42715966287076, 42.4504111173642], [-72.42706171345183, 42.450412262364445]]}}, {"type": "Feature", "properties": {"seg_id": "S197", "name": "LEVERETT ROAD", "source": "massdot", "named_in_massdot": true, "jurisdiction": "town", "surface": "paved (surface treated)", "category": "road", "required": true, "length_mi": 0.077}, "geometry": {"type": "LineString", "coordinates": [[-72.42706171345183, 42.450412262364445], [-72.42700506896956, 42.450412924476616], [-72.42682276140414, 42.45040989285038], [-72.42664044336034, 42.4504057311281], [-72.426458119276, 42.450401570066354], [-72.4262758949575, 42.45039741241537], [-72.42609365625701, 42.45039268649488], [-72.42591151727291, 42.45038796038492], [-72.4257292599939, 42.45038154775309], [-72.42564621216792, 42.45037884087859], [-72.42555193987204, 42.45037531123159]]}}, {"type": "Feature", "properties": {"seg_id": "S198", "name": "LEVERETT ROAD", "source": "massdot", "named_in_massdot": true, "jurisdiction": "town", "surface": "paved (surface treated)", "category": "road", "required": true, "length_mi": 0.043}, "geometry": {"type": "LineString", "coordinates": [[-72.42555193987204, 42.45037531123159], [-72.42554718994802, 42.4503751333284], [-72.42536502634101, 42.450368719367944], [-72.42518272720969, 42.45036624687439], [-72.42500043411772, 42.45036377044257], [-72.42479806729733, 42.45036079048107], [-72.4247056738859, 42.45036095163958]]}}, {"type": "Feature", "properties": {"seg_id": "S199", "name": "LEVERETT ROAD", "source": "massdot", "named_in_massdot": true, "jurisdiction": "town", "surface": "paved (surface treated)", "category": "road", "required": true, "length_mi": 0.072}, "geometry": {"type": "LineString", "coordinates": [[-72.4247056738859, 42.45036095163958], [-72.42463587007279, 42.45036107361829], [-72.42445333952516, 42.45036197259666], [-72.42427124014658, 42.45036625029759], [-72.42408905624839, 42.45037164927693], [-72.4239067787736, 42.450377052319816], [-72.42372472743997, 42.45038470313965], [-72.4235431058638, 42.45039572459419], [-72.42336191373194, 42.45041067938257], [-72.42329797317313, 42.45041595554438]]}}, {"type": "Feature", "properties": {"seg_id": "S200", "name": "LEVERETT ROAD", "source": "massdot", "named_in_massdot": true, "jurisdiction": "town", "surface": "paved (surface treated)", "category": "road", "required": true, "length_mi": 0.065}, "geometry": {"type": "LineString", "coordinates": [[-72.42329797317313, 42.45041595554438], [-72.42318063526206, 42.45042563817845], [-72.4229997545478, 42.45044228158531], [-72.42282021925297, 42.450466228960295], [-72.42264067560383, 42.45048961342624], [-72.42256872213355, 42.45049863024639], [-72.42238887615733, 42.450520887748986], [-72.42220902890458, 42.450543149481454], [-72.42213363927704, 42.45055296781084], [-72.42204887006358, 42.45056400817984]]}}, {"type": "Feature", "properties": {"seg_id": "S201", "name": "LEVERETT ROAD", "source": "massdot", "named_in_massdot": true, "jurisdiction": "town", "surface": "paved (surface treated)", "category": "road", "required": true, "length_mi": 0.101}, "geometry": {"type": "LineString", "coordinates": [[-72.42204887006358, 42.45056400817984], [-72.42202948481057, 42.45056653299415], [-72.4218501441371, 42.45059103548564], [-72.42167080337704, 42.45061554129854], [-72.42149146735332, 42.4506400476933], [-72.42131151277778, 42.45066174618235], [-72.42113167075654, 42.45068400168203], [-72.42095171594534, 42.45070570050885], [-72.4207722727241, 42.450729643941465], [-72.42059302961334, 42.45075414728816], [-72.42041369610095, 42.450779213771725], [-72.42023436027478, 42.45080371369739], [-72.42018059379735, 42.45080977112958], [-72.42010023654122, 42.45081936492068]]}}, {"type": "Feature", "properties": {"seg_id": "S202", "name": "LEVERETT ROAD", "source": "massdot", "named_in_massdot": true, "jurisdiction": "town", "surface": "paved (surface treated)", "category": "road", "required": true, "length_mi": 0.389}, "geometry": {"type": "LineString", "coordinates": [[-72.42010023654122, 42.45081936492068], [-72.42005430180481, 42.450824849249855], [-72.41987404199489, 42.45084485623703], [-72.41969378911286, 42.450865430081976], [-72.4195144515471, 42.45088992889587], [-72.41933520263133, 42.45091443032289], [-72.4191558660685, 42.450938933069445], [-72.41897653024571, 42.45096399732386], [-72.41891276424319, 42.450971890456245], [-72.41879678142136, 42.4509862529206], [-72.41861672188455, 42.451007381723635], [-72.4184372769213, 42.451031321516574], [-72.41825793966518, 42.45105582196412], [-72.41807849442836, 42.45107976119781], [-72.41789884761617, 42.45110313996307], [-72.41771889528441, 42.451124828296535], [-72.41753895228283, 42.451147083469415], [-72.41735918690088, 42.451168769749316], [-72.41717965557297, 42.45119327095676], [-72.41700020953694, 42.45121720850963], [-72.41682066976558, 42.45124114652787], [-72.41664121522737, 42.45126451639081], [-72.41646166702212, 42.45128789121982], [-72.4162820332462, 42.451311829142824], [-72.41610257837308, 42.45133520266715], [-72.41592303792623, 42.451359139285444], [-72.41574368447723, 42.451383069634275], [-72.41556423614236, 42.45140700495843], [-72.41538489064061, 42.45143150187871], [-72.41520544932561, 42.45145543658565], [-72.4150260017968, 42.45147937106113], [-72.41484655406683, 42.45150330075588], [-72.41466730853192, 42.45152835755358], [-72.4144881625326, 42.45155341328071], [-72.41430892400686, 42.45157846946246], [-72.41412977773638, 42.45160352553207], [-72.41395082663874, 42.45162914066645], [-72.41377188962633, 42.451655319004075], [-72.41359275104969, 42.451680935967175], [-72.41307531808336, 42.451760442930464], [-72.41260889214551, 42.45182295158382]]}}, {"type": "Feature", "properties": {"seg_id": "S203", "name": "LEVERETT ROAD", "source": "massdot", "named_in_massdot": true, "jurisdiction": "town", "surface": "paved (surface treated)", "category": "road", "required": true, "length_mi": 0.025}, "geometry": {"type": "LineString", "coordinates": [[-72.41260889214551, 42.45182295158382], [-72.41259337788792, 42.4518250308879], [-72.4122186362666, 42.45187414138079], [-72.4121877061757, 42.45187762656995], [-72.41214884994453, 42.45188257180548], [-72.41212635800585, 42.45188545266469]]}}, {"type": "Feature", "properties": {"seg_id": "S204", "name": "LEVERETT ROAD", "source": "massdot", "named_in_massdot": true, "jurisdiction": "town", "surface": "paved (surface treated)", "category": "road", "required": true, "length_mi": 0.109}, "geometry": {"type": "LineString", "coordinates": [[-72.41212635800585, 42.45188545266469], [-72.41197554967181, 42.4519047656409], [-72.41176355344638, 42.45193063991538], [-72.41171624728081, 42.4519366422381], [-72.41159620230043, 42.45195053170526], [-72.41147586030543, 42.451963303411574], [-72.41135552022388, 42.45197663226852], [-72.4112352729467, 42.4519894029731], [-72.41119307777112, 42.45199423565408], [-72.41107314123398, 42.45200925270506], [-72.41095340521281, 42.45202426804473], [-72.41083366995431, 42.45203984594712], [-72.41074047460415, 42.452051835000226], [-72.4106206468558, 42.45206741341165], [-72.41050091143346, 42.452082990967966], [-72.41038259367039, 42.45209798999833], [-72.41026285731677, 42.45211300461972], [-72.41014292034605, 42.45212802160186], [-72.41003113138345, 42.4521412814962]]}}, {"type": "Feature", "properties": {"seg_id": "S206", "name": "COOLEYVILLE ROAD", "source": "massdot", "named_in_massdot": true, "jurisdiction": "town", "surface": "paved (surface treated)", "category": "road", "required": true, "length_mi": 0.321}, "geometry": {"type": "LineString", "coordinates": [[-72.4099745923363, 42.45214717959146], [-72.40991439092289, 42.45215346041444], [-72.4097940432611, 42.452166225000056], [-72.40967349910811, 42.45217843371959], [-72.40955325104191, 42.4521911981664], [-72.40950478805159, 42.452196084225854], [-72.40938435472529, 42.45220941175208], [-72.40926419899196, 42.452222179668645], [-72.40916273499221, 42.45223367002413], [-72.40902372437824, 42.45224939819085], [-72.40893960611928, 42.452258502471814], [-72.40881948055373, 42.452272956865315], [-72.40869952788547, 42.452286841673484], [-72.4085795039054, 42.452301857707866], [-72.40848801121184, 42.45231326880593], [-72.40836826670628, 42.4523282815145], [-72.40824862383522, 42.452343855990215], [-72.40812890268678, 42.4523599936519], [-72.4080089566387, 42.452374444880945], [-72.40799075375826, 42.45237683825979], [-72.40787061959894, 42.45239072453244], [-72.40775026992125, 42.45240349149242], [-72.40763001982246, 42.45241625394026], [-72.40750958574543, 42.4524295840065], [-72.40747535304511, 42.45243322809412], [-72.4073551028988, 42.4524459947559], [-72.40723475416252, 42.45245875666643], [-72.40711461167857, 42.45247208492169], [-72.4070297411629, 42.45248175552067], [-72.4069097022592, 42.45249620723233], [-72.40678986336563, 42.452511214535285], [-72.40666992401762, 42.452525664311906], [-72.4065560428616, 42.4525389426926], [-72.40643579225072, 42.45255170299296], [-72.40631524792867, 42.45256390818711], [-72.4061947958814, 42.45257610802707], [-72.40607425140163, 42.452588308467845], [-72.40595324213949, 42.452601079632885], [-72.4058332007074, 42.45261496304342], [-72.40571345499893, 42.45262997299085], [-72.40559352523458, 42.45264554695381], [-72.405555125591, 42.45265035222002], [-72.40543528729879, 42.45266535810346], [-72.4053153541968, 42.45268036910849], [-72.4051955158681, 42.45269538014364], [-72.40510203082886, 42.4527068041999], [-72.40498209955227, 42.452722377535466], [-72.40486236073157, 42.45273738654038], [-72.40474241323248, 42.45275183526656], [-72.40470344813723, 42.452756640187914], [-72.40458330651946, 42.45277052757933], [-72.40446315672769, 42.45278384771431], [-72.40434301500522, 42.45279773485498], [-72.40422267790731, 42.45281105620892], [-72.40418825280874, 42.45281470532817], [-72.40406810284962, 42.45282802505092], [-72.40394776570044, 42.45284135061859], [-72.40381728407432, 42.45285644374648], [-72.40377551436686, 42.452861265859696]]}}, {"type": "Feature", "properties": {"seg_id": "S207", "name": "COOLEYVILLE ROAD", "source": "massdot", "named_in_massdot": true, "jurisdiction": "town", "surface": "paved (bituminous)", "category": "road", "required": true, "length_mi": 0.099}, "geometry": {"type": "LineString", "coordinates": [[-72.40377551436686, 42.452861265859696], [-72.40370748169295, 42.45286911919789], [-72.40362783239839, 42.452878747213845], [-72.40350809295948, 42.45289375481029], [-72.40338825453699, 42.452909325751286], [-72.40326861541574, 42.45292489500403], [-72.40314898623444, 42.45294158854001], [-72.40304357173794, 42.45295591612767], [-72.40292434508905, 42.45297373165941], [-72.40280531245511, 42.452992111840686], [-72.40268627968757, 42.453010487397854], [-72.40256693707515, 42.45302717808052], [-72.40254750116814, 42.45302958025804], [-72.40242757472701, 42.45304515088484], [-72.40230734844178, 42.453060161042174], [-72.40218690999139, 42.453072918362025], [-72.40206602871824, 42.453081742873415], [-72.40203888430764, 42.45308308085203], [-72.40191743369928, 42.45308515644946], [-72.40187088026124, 42.45308439650196]]}}, {"type": "Feature", "properties": {"seg_id": "S209", "name": "PRESCOTT ROAD", "source": "massdot", "named_in_massdot": true, "jurisdiction": "town", "surface": "paved (bituminous)", "category": "road", "required": true, "length_mi": 0.115}, "geometry": {"type": "LineString", "coordinates": [[-72.40183330664874, 42.453082975621385], [-72.40167368964002, 42.453076937312986], [-72.40156498511364, 42.4530670989018], [-72.40144536966561, 42.45305115526132], [-72.40132671817743, 42.453029575222985], [-72.40121017409042, 42.453002912535865], [-72.40114315210225, 42.45298543166182], [-72.40103077118262, 42.45295086302117], [-72.40092070389609, 42.452911772829616], [-72.4008141828915, 42.452868151453], [-72.40075537722713, 42.452841041212764], [-72.40065567797453, 42.452789488638], [-72.40055916136598, 42.452735098528024], [-72.40046478930341, 42.4526778808073], [-72.40037125472699, 42.45261953107688], [-72.40033753001336, 42.45259897326952], [-72.40024504715655, 42.452540614315645], [-72.40015424780938, 42.45248111404351], [-72.40006381800858, 42.45242048992799], [-72.3999849128455, 42.4523687742747], [-72.39993286729022, 42.452335420270295], [-72.39990853355779, 42.45231966503282]]}}, {"type": "Feature", "properties": {"seg_id": "S210", "name": "PRESCOTT ROAD", "source": "massdot", "named_in_massdot": true, "jurisdiction": "town", "surface": "paved (bituminous)", "category": "road", "required": true, "length_mi": 0.525}, "geometry": {"type": "LineString", "coordinates": [[-72.39990853355779, 42.45231966503282], [-72.39989336838545, 42.45230984591483], [-72.39980181724547, 42.452250351240586], [-72.39970980026021, 42.452191426427305], [-72.39961694119795, 42.45213362900281], [-72.39958637002522, 42.45211473802526], [-72.39949303837335, 42.452056947793956], [-72.3993992247477, 42.45199859495702], [-72.39930223879213, 42.45194420836627], [-72.39922861017888, 42.45190933538922], [-72.39912237161936, 42.451865710254125], [-72.3990121985028, 42.451826056385265], [-72.39889944154781, 42.45179148861546], [-72.39878457231633, 42.45176199875544], [-72.39877370870069, 42.45175927186696], [-72.39865637076328, 42.451736554360785], [-72.39853606835116, 42.45171892049867], [-72.39841462222668, 42.4517080540508], [-72.39830638708632, 42.451703832250125], [-72.39818501661925, 42.45170477882173], [-72.3980630600137, 42.45171135766565], [-72.39794156067168, 42.451722994350725], [-72.39782213363515, 42.451740243482845], [-72.39779086287231, 42.451745553281924], [-72.39767517276263, 42.45177177531757], [-72.39756176414237, 42.451804732671405], [-72.39745022331951, 42.4518421787021], [-72.39735731351631, 42.45187441432895], [-72.39725001312648, 42.45191632596667], [-72.39714495293035, 42.45196215710236], [-72.3970390165551, 42.45200631228801], [-72.39703174346278, 42.45200918059786], [-72.39692338124976, 42.452049975711006], [-72.39681356904963, 42.45208909483296], [-72.39671436508038, 42.452119129072535], [-72.39659997829588, 42.45215040140384], [-72.39648365401119, 42.452178881539545], [-72.39636580783447, 42.4522006156861], [-72.39631044318055, 42.45220779976948], [-72.39619015124241, 42.452217738021524], [-72.39606814558631, 42.45222094166907], [-72.3959457963822, 42.45221963911548], [-72.39583289079211, 42.45221489312561], [-72.39571214026451, 42.45220570109163], [-72.39559142950664, 42.45219313786768], [-72.39547134435401, 42.45217719169673], [-72.39535234308028, 42.45215785721762], [-72.3952948244006, 42.45214705229143], [-72.39517602450427, 42.45212827965851], [-72.39505721675683, 42.45210894787313], [-72.39493850141645, 42.452089611646315], [-72.39484509775191, 42.45207345749956], [-72.394726846764, 42.45205299206238], [-72.39460885957868, 42.452031404471754], [-72.39449060079107, 42.45201037706128], [-72.39440872574302, 42.45199694378816], [-72.39428946950892, 42.45197930277471], [-72.39416994237801, 42.45196278822627], [-72.39405023721098, 42.451946832227], [-72.39393061848813, 42.4519308808347], [-72.39388759672569, 42.45192446603107], [-72.39376852602827, 42.451906255845905], [-72.39364972710213, 42.45188748613866], [-72.39353064923677, 42.451869274863796], [-72.39344421861165, 42.45185588165184], [-72.39332478547227, 42.451839360998726], [-72.39320508082902, 42.45182340952187], [-72.39308546254058, 42.45180745635109], [-72.39297830113725, 42.45179196916806], [-72.39285886036372, 42.4517748908019], [-72.39273922448908, 42.45175725023164], [-72.39262051173483, 42.4517379116046], [-72.3925036250777, 42.45171349717284], [-72.39250029370503, 42.4517129602956], [-72.39238524835237, 42.45168402813457], [-72.3922719367615, 42.451650020895464], [-72.39216159214014, 42.45161148632143], [-72.39209416735588, 42.45158499664479], [-72.39198970771051, 42.45153910582252], [-72.39188840645173, 42.451488120813316], [-72.39179263530362, 42.451432030463536], [-72.39174172470237, 42.45139810220935], [-72.391657703636, 42.45133348038304], [-72.39157941994995, 42.451264311640884], [-72.3915054582443, 42.45119229682858], [-72.39144320635604, 42.45112863172363], [-72.39137736354886, 42.45105317603203], [-72.39131661580767, 42.45097486830966], [-72.39125444427283, 42.45089713876686], [-72.39121432373656, 42.450853556506274], [-72.39114150193188, 42.45078153353942], [-72.3910645298089, 42.45071122891395], [-72.39098323554089, 42.45064433653038], [-72.3909316820284, 42.45060534685922], [-72.39084202343106, 42.45054470509716], [-72.39080872380516, 42.45052485157693], [-72.39080243315466, 42.45052110093185]]}}, {"type": "Feature", "properties": {"seg_id": "S211", "name": "PRESCOTT ROAD", "source": "massdot", "named_in_massdot": true, "jurisdiction": "town", "surface": "paved (surface treated)", "category": "road", "required": true, "length_mi": 0.115}, "geometry": {"type": "LineString", "coordinates": [[-72.39080243315466, 42.45052110093185], [-72.39074700645, 42.450488046257206], [-72.39064909125872, 42.450434221414355], [-72.39061416278236, 42.450415924463066], [-72.39051371774843, 42.450364930731475], [-72.39041122667676, 42.45031676979547], [-72.39030770621278, 42.45026974031105], [-72.39023419397478, 42.45023598610887], [-72.39013038691527, 42.45018895958171], [-72.39002601661215, 42.450142499106626], [-72.38992193213166, 42.45009603722935], [-72.38981887733276, 42.450048441918085], [-72.38977335733831, 42.45002628499458], [-72.38967347828151, 42.44997472887196], [-72.38957518617764, 42.449921468726615], [-72.38947746796865, 42.44986820316546], [-72.3893788049283, 42.44981551291261], [-72.38930247158945, 42.449776712970646], [-72.38919996839759, 42.449727988365154], [-72.38909588520772, 42.44968152573658], [-72.38899096467871, 42.44963619396287], [-72.38891933135268, 42.44960471750895]]}}, {"type": "Feature", "properties": {"seg_id": "S212", "name": "PRESCOTT ROAD", "source": "massdot", "named_in_massdot": true, "jurisdiction": "town", "surface": "paved (surface treated)", "category": "road", "required": true, "length_mi": 0.059}, "geometry": {"type": "LineString", "coordinates": [[-72.38891933135268, 42.44960471750895], [-72.3888865104472, 42.449590295802686], [-72.38878117931527, 42.44954271713805], [-72.3886772900108, 42.44949625263752], [-72.38857338563852, 42.44944922456724], [-72.38855791278036, 42.44944259163294], [-72.38845952891143, 42.44938933575159], [-72.38835272159388, 42.449345142440656], [-72.38830996387644, 42.44933027864003], [-72.38819640345328, 42.44929851830995], [-72.38818506179405, 42.44929579411461], [-72.38807912005231, 42.44927241530332], [-72.38799754279373, 42.4492426265093], [-72.38798249866122, 42.4492381185211], [-72.38797105061654, 42.44922341472429], [-72.38793480928426, 42.44917449140187]]}}, {"type": "Feature", "properties": {"seg_id": "S213", "name": "WENDELL ROAD", "source": "massdot", "named_in_massdot": true, "jurisdiction": "town", "surface": "paved (surface treated)", "category": "road", "required": true, "length_mi": 0.035}, "geometry": {"type": "LineString", "coordinates": [[-72.41003113138345, 42.4521412814962], [-72.41004122547561, 42.45218903070569], [-72.41004782601532, 42.45223849920036], [-72.41006022426683, 42.45232786863488], [-72.41008442763422, 42.45249817267659], [-72.41009515608154, 42.452570112693245], [-72.4101054412687, 42.4526381191553]]}}, {"type": "Feature", "properties": {"seg_id": "S214", "name": "WENDELL ROAD", "source": "massdot", "named_in_massdot": true, "jurisdiction": "town", "surface": "paved (surface treated)", "category": "road", "required": true, "length_mi": 0.033}, "geometry": {"type": "LineString", "coordinates": [[-72.4101054412687, 42.4526381191553], [-72.41010860797968, 42.45266003558375], [-72.41012223910334, 42.45274940066323], [-72.41013233829594, 42.4528174040885], [-72.41014588188546, 42.45290676445202], [-72.41015932583306, 42.452996125599675], [-72.41017286348585, 42.45308549050506], [-72.41017705627814, 42.453112464864]]}}, {"type": "Feature", "properties": {"seg_id": "S215", "name": "WENDELL ROAD", "source": "massdot", "named_in_massdot": true, "jurisdiction": "town", "surface": "paved (surface treated)", "category": "road", "required": true, "length_mi": 0.043}, "geometry": {"type": "LineString", "coordinates": [[-72.41017705627814, 42.453112464864], [-72.41018523326706, 42.45316585793762], [-72.41019915020048, 42.453255215337904], [-72.41021307446702, 42.4533445726768], [-72.41021495022063, 42.45335637261751], [-72.41022887338106, 42.45344573446287], [-72.41024298372174, 42.45353509032407], [-72.41025709531809, 42.45362444617186], [-72.41025969281927, 42.45364018106244], [-72.41027487937065, 42.45373199525898]]}}, {"type": "Feature", "properties": {"seg_id": "S216", "name": "WENDELL ROAD", "source": "massdot", "named_in_massdot": true, "jurisdiction": "town", "surface": "paved (surface treated)", "category": "road", "required": true, "length_mi": 0.095}, "geometry": {"type": "LineString", "coordinates": [[-72.41027487937065, 42.45373199525898], [-72.41028933964606, 42.4538188814951], [-72.4103039230485, 42.4539082345033], [-72.41031756199874, 42.453997598573714], [-72.41032029365277, 42.45401614406817], [-72.41033250664688, 42.45410551490333], [-72.41034414589575, 42.45419489027023], [-72.41035542136704, 42.454284835704414], [-72.4103664881157, 42.45437421559049], [-72.41037558298031, 42.45444504397715], [-72.41038666397353, 42.45453498643895], [-72.41039773202583, 42.45462436630673], [-72.41040824779412, 42.454714312330196], [-72.41041321092682, 42.45475591601191], [-72.41042400635092, 42.45484586072113], [-72.4104339415256, 42.45493524953393], [-72.41044207838138, 42.455025215252284], [-72.41044832097931, 42.45509856002559], [-72.41044895074387, 42.45510581244114]]}}, {"type": "Feature", "properties": {"seg_id": "S217", "name": "WENDELL ROAD", "source": "massdot", "named_in_massdot": true, "jurisdiction": "town", "surface": "paved (bituminous)", "category": "road", "required": true, "length_mi": 0.281}, "geometry": {"type": "LineString", "coordinates": [[-72.41044895074387, 42.45510581244114], [-72.4104547417939, 42.4551725435085], [-72.41045936303425, 42.455262537010206], [-72.41045676246759, 42.45535202490208], [-72.41044323425243, 42.45543484594983], [-72.41041886320393, 42.455523381432265], [-72.41039239425389, 42.45561137079561], [-72.41037328220855, 42.4556756688865], [-72.41034510147473, 42.455763671764146], [-72.41031529734556, 42.45585056297642], [-72.41029623452236, 42.45590529577618], [-72.41026452652055, 42.455992202017676], [-72.410231098658, 42.456078559145915], [-72.41020897588604, 42.456145129963915], [-72.41017917138947, 42.456232021132635], [-72.4101500350308, 42.45631946970466], [-72.41012214546124, 42.456407470208035], [-72.41010817507485, 42.4564531551366], [-72.41008161049231, 42.45654114605726], [-72.41005704440379, 42.45662912027894], [-72.41003551826816, 42.45671763316807], [-72.41002875837805, 42.45674919738826], [-72.4100112431058, 42.456838803066695], [-72.40999733236252, 42.45692838476436], [-72.40998836329196, 42.45701792291584], [-72.40998612857177, 42.45706070434053], [-72.40998562148124, 42.45715073742889], [-72.4099888223326, 42.45724074662325], [-72.40999400957445, 42.4573307356209], [-72.40999513655932, 42.457349293785214], [-72.4100011833172, 42.45743927598979], [-72.41001026697357, 42.45752923870082], [-72.41002589632772, 42.45761858250032], [-72.41003085237654, 42.457639360282705], [-72.41005614298453, 42.45772694056748], [-72.41008742222375, 42.45781447352886], [-72.41012351939769, 42.457900281233826], [-72.41013216240555, 42.457919909894734], [-72.4101747831291, 42.45800397435675], [-72.41022176438233, 42.45808688436047], [-72.41027072893333, 42.458169212376895], [-72.4103118800721, 42.45823640761287], [-72.41036406818016, 42.458318151921326], [-72.41041690716585, 42.458399323866665], [-72.4104693718465, 42.458480498745786], [-72.41049483346917, 42.45852024867921], [-72.4105474867869, 42.45860142203074], [-72.41059947888765, 42.45868260058484], [-72.4106492978952, 42.45876492618216], [-72.41069140874377, 42.458839429598335], [-72.4107359278263, 42.45892292064388], [-72.41078254758115, 42.459020459680616]]}}, {"type": "Feature", "properties": {"seg_id": "S218", "name": "WENDELL ROAD", "source": "massdot", "named_in_massdot": true, "jurisdiction": "town", "surface": "paved (bituminous)", "category": "road", "required": true, "length_mi": 0.706}, "geometry": {"type": "LineString", "coordinates": [[-72.41078254758115, 42.459020459680616], [-72.41083564069734, 42.45915846139057], [-72.41083747414619, 42.45916688638417], [-72.41085281127725, 42.45925567056506], [-72.41086322878753, 42.45934561813008], [-72.4108713680907, 42.459435587308896], [-72.41087624838863, 42.459504194530695], [-72.4108805828249, 42.459593628399546], [-72.41088416762531, 42.45968419628063], [-72.4108885944686, 42.459773628514235], [-72.41089568219256, 42.45986360239665], [-72.41090141134906, 42.45991813918202], [-72.41091230195036, 42.46000808208744], [-72.41092489626725, 42.46009745062489], [-72.41093900914379, 42.4601868107514], [-72.41095435476768, 42.460276156624076], [-72.41097023683191, 42.46035649606893], [-72.41099032316512, 42.46044524174945], [-72.41101145632139, 42.46053397914582], [-72.41103220901769, 42.46062272044616], [-72.41103282225971, 42.46062553175996], [-72.4110526230757, 42.46071428058336], [-72.41107214430909, 42.46080303071277], [-72.41109176611221, 42.460892342734404], [-72.4111120392051, 42.460980525114934], [-72.41113297940461, 42.46106926400592], [-72.4111491298465, 42.4611349703846], [-72.41117300028128, 42.46122706584422], [-72.41119537804686, 42.461311857201814], [-72.41121887442162, 42.461400013159015], [-72.41124237816966, 42.461488169951984], [-72.41125333001591, 42.4615297216585], [-72.41127673416649, 42.461617879230204], [-72.41130033047564, 42.461706035275476], [-72.41132393617228, 42.46179475303231], [-72.41134715328919, 42.461882912065], [-72.41136756745593, 42.46196152839673], [-72.41139040536981, 42.462049690418034], [-72.41141315783857, 42.46213841490146], [-72.41143589618525, 42.46222657769857], [-72.41145873307451, 42.46231473970998], [-72.4114684985296, 42.46235292642311], [-72.41149142912629, 42.46244108768451], [-72.41151436911028, 42.4625298106576], [-72.4115372998352, 42.462617971905836], [-72.41156032545632, 42.46270613239714], [-72.41156828658372, 42.46273758016884], [-72.4115914046926, 42.462825739920035], [-72.41161453826948, 42.4629144613347], [-72.41163765650768, 42.46300262107262], [-72.41166096690772, 42.463090779283704], [-72.41167756010489, 42.463154232190135], [-72.41170097234337, 42.463242951376564], [-72.41172438383278, 42.463331108770696], [-72.41174778809274, 42.46341926621588], [-72.41177091602766, 42.46350798763384], [-72.41179375391302, 42.46359615405107], [-72.41180865478405, 42.46365455519739], [-72.41183102908319, 42.46374328256451], [-72.41185301682734, 42.46383201388595], [-72.41187471685714, 42.46392018388665], [-72.41189632417147, 42.46400891820819], [-72.41191819329126, 42.464095400583375], [-72.41194043451404, 42.464181880007246], [-72.4119410335622, 42.464184124232894], [-72.41196340824794, 42.46427285246254], [-72.41198387777726, 42.464361594868635], [-72.41200150233011, 42.464450360693085], [-72.41200305126289, 42.46445935510536], [-72.41201755525609, 42.46454927011446], [-72.41203024443331, 42.4646386367959], [-72.41204076420718, 42.46472858334178], [-72.4120487125631, 42.4648185538446], [-72.41205398885657, 42.464907979207126], [-72.41205462739421, 42.46492541760509], [-72.41205582780121, 42.46501543702661], [-72.41205408952814, 42.46510548061263], [-72.41205026005927, 42.46519554525442], [-72.41204538488499, 42.465285613671355], [-72.41204013033857, 42.465375684189105], [-72.41203671229675, 42.4654347966081], [-72.41203136411801, 42.46552486876346], [-72.41202524993558, 42.465614946980715], [-72.4120180037736, 42.465705034157104], [-72.41200932204818, 42.46579457000395], [-72.41199874362196, 42.465884125364894], [-72.4119902058905, 42.46594439828682], [-72.41197514850818, 42.46603342280647], [-72.41196773430318, 42.466072307239614], [-72.41195800586308, 42.46612246292897], [-72.41193925094431, 42.46621151670969], [-72.41191963640618, 42.466300580890795], [-72.41189854797514, 42.46638627427993], [-72.41187484102491, 42.46647480364946], [-72.41185017388162, 42.466562779720526], [-72.41182628076854, 42.46665131054855], [-72.41181925636704, 42.46667837895331], [-72.41179621549647, 42.46676690302629], [-72.41177316766657, 42.46685486535577], [-72.41175040633246, 42.466943388102436], [-72.41172831853297, 42.467031905511625], [-72.41170707692662, 42.46712041621739], [-72.41168686690487, 42.467201041069366], [-72.41166297332137, 42.46728957184899], [-72.41164079248203, 42.467378652659576], [-72.411624029574, 42.46746768969007], [-72.41161622502251, 42.46755891019542], [-72.41161826705711, 42.46764779931378], [-72.41162650207794, 42.46773776390706], [-72.41163919255825, 42.46782713054905], [-72.41165445551488, 42.467917038622176], [-72.41167038490651, 42.46800694681954], [-72.4116851607755, 42.46809629694845], [-72.41169710606655, 42.468173288459504], [-72.41171198178147, 42.468262642293205], [-72.41172799556283, 42.468351982615054], [-72.41174496266198, 42.46844131538834], [-72.41176305492735, 42.46853007746139], [-72.41176745678158, 42.46856492769642], [-72.41177948828019, 42.468654866715276], [-72.41179217916131, 42.468744233319434], [-72.41180582214096, 42.46883359238489], [-72.41180946331093, 42.46885550943383], [-72.4118251847442, 42.46894429025355], [-72.411841679147, 42.46903362674261], [-72.411857387087, 42.46912803547596]]}}, {"type": "Feature", "properties": {"seg_id": "S219", "name": "WENDELL ROAD", "source": "massdot", "named_in_massdot": true, "jurisdiction": "town", "surface": "paved (bituminous)", "category": "road", "required": true, "length_mi": 0.102}, "geometry": {"type": "LineString", "coordinates": [[-72.411857387087, 42.46912803547596], [-72.41186195883492, 42.469161759875526], [-72.41187066738203, 42.469251719772416], [-72.41188373788113, 42.46934108335], [-72.4118973299162, 42.46940062375401], [-72.41192187720861, 42.46948877199911], [-72.41195258890782, 42.46957574695928], [-72.41198735576745, 42.469661001735034], [-72.41202064861164, 42.4697361370228], [-72.41202516615192, 42.46974622880428], [-72.41206601409779, 42.46983143541386], [-72.41211025694983, 42.469914924355265], [-72.41211376435933, 42.469921087091635], [-72.41216132243615, 42.470003991575666], [-72.4122119171602, 42.47008630480245], [-72.41226590567042, 42.47016690485967], [-72.41232386065882, 42.470245785407016], [-72.41238555747245, 42.47032069565202], [-72.41241567910487, 42.47035422218039], [-72.4124535227016, 42.470395560719496], [-72.4125237504518, 42.47046927794205], [-72.41255182151087, 42.470498317345694]]}}, {"type": "Feature", "properties": {"seg_id": "S220", "name": "WENDELL ROAD", "source": "massdot", "named_in_massdot": true, "jurisdiction": "town", "surface": "paved (bituminous)", "category": "road", "required": true, "length_mi": 0.286}, "geometry": {"type": "LineString", "coordinates": [[-72.41255182151087, 42.470498317345694], [-72.41259398445884, 42.4705429959725], [-72.41261095224223, 42.47056030859645], [-72.4126820307018, 42.47063345719264], [-72.41275404842018, 42.47070603561224], [-72.41282569301936, 42.47077861784341], [-72.41286571612939, 42.470819938978], [-72.4129377330557, 42.470892517289], [-72.41300880541363, 42.47096510754188], [-72.41307667838139, 42.47103996847029], [-72.41307957859313, 42.4710433198319], [-72.41314310602858, 42.47111990683572], [-72.4132031402381, 42.471198208666415], [-72.41325902214854, 42.471278229653365], [-72.4133173080131, 42.47140606120805], [-72.41337569466572, 42.47153445462311], [-72.41342279294041, 42.47166406198601], [-72.41344686193997, 42.47179779255455], [-72.41347093833727, 42.471931523055574], [-72.4134949232659, 42.47206581696412], [-72.41351899250621, 42.472199543002716], [-72.41354296951184, 42.47233327516563], [-72.41356694660602, 42.472467006418796], [-72.41359102557341, 42.47260129954636], [-72.41361500158999, 42.472735026288895], [-72.41363907871374, 42.47286875762267], [-72.41364837616564, 42.472920454167046], [-72.41366314984657, 42.47300248809484], [-72.4136895047406, 42.47313620134735], [-72.4137166135891, 42.473269903208944], [-72.41374372991352, 42.473403609502725], [-72.41377083092759, 42.47353675411723], [-72.413798039833, 42.47367045515505], [-72.41382515528588, 42.47380416142545], [-72.4138522566436, 42.47393730600708], [-72.41387937355496, 42.4740710131461], [-72.41390648320683, 42.47420471493073], [-72.41393388609997, 42.47433841888078], [-72.41395952059285, 42.47443556014585]]}}, {"type": "Feature", "properties": {"seg_id": "S221", "name": "WENDELL ROAD", "source": "massdot", "named_in_massdot": true, "jurisdiction": "town", "surface": "paved (bituminous)", "category": "road", "required": true, "length_mi": 0.161}, "geometry": {"type": "LineString", "coordinates": [[-72.41395952059285, 42.47443556014585], [-72.41396886812468, 42.47447093821695], [-72.41398133181785, 42.4745181017719], [-72.414003756597, 42.47460345377975], [-72.41403873891517, 42.47473597308567], [-72.41407372253107, 42.474868487865734], [-72.41410861150817, 42.475001007884195], [-72.41414387517136, 42.475133524915904], [-72.41418179512799, 42.475265454565466], [-72.41421972137533, 42.475397387750675], [-72.4142575419202, 42.4755293172573], [-72.41429547056435, 42.47566181398298], [-72.4143328244625, 42.4757937471614], [-72.41436780813088, 42.475926266326624], [-72.41440279188078, 42.47605878097563], [-72.41443370046912, 42.47619189514516], [-72.41446091198748, 42.476325600435686], [-72.41448327882637, 42.47645934416765], [-72.41449438968851, 42.476531280371134], [-72.41450394283969, 42.476593659595814], [-72.41452460092579, 42.47672797956484]]}}, {"type": "Feature", "properties": {"seg_id": "S222", "name": "WENDELL ROAD", "source": "massdot", "named_in_massdot": true, "jurisdiction": "town", "surface": "paved (bituminous)", "category": "road", "required": true, "length_mi": 0.295}, "geometry": {"type": "LineString", "coordinates": [[-72.41452460092579, 42.47672797956484], [-72.41454525582753, 42.476861737761304], [-72.41456592016966, 42.476996057665325], [-72.41458668423961, 42.47713037136823], [-72.4146103783846, 42.47726410541663], [-72.41464413155998, 42.47739663422605], [-72.41468537868037, 42.477528536339854], [-72.41472955389297, 42.47765929521123], [-72.4147830151549, 42.47778828866606], [-72.41485219595576, 42.4779132211518], [-72.41493310021492, 42.47803411897055], [-72.41502345237618, 42.478151567361195], [-72.41512371890617, 42.47826443361556], [-72.41523736753047, 42.47836987851267], [-72.41535939749916, 42.478470195203094], [-72.41548293768395, 42.47856936988355], [-72.41562057808838, 42.478658305761456], [-72.41575868993131, 42.47874667954032], [-72.41589670115866, 42.478835049453], [-72.41607873920856, 42.47895120639508], [-72.41616615708982, 42.47901690701027], [-72.41629853855163, 42.47910982453042], [-72.41643092035073, 42.47920273829542], [-72.41655981700964, 42.47929793219362], [-72.41668552981943, 42.47939596923069], [-72.41681133050184, 42.47949400003024], [-72.41693712948431, 42.47959146801631], [-72.41706293709292, 42.47968950298882], [-72.41718863714397, 42.47978697238923], [-72.41732168816343, 42.47987988341057], [-72.41745500288039, 42.47997166319779], [-72.41758833352424, 42.48006400989661], [-72.4176747372607, 42.480118465444924]]}}, {"type": "Feature", "properties": {"seg_id": "S223", "name": "LAKEVIEW ROAD", "source": "massdot", "named_in_massdot": true, "jurisdiction": "town", "surface": "paved (bituminous)", "category": "road", "required": true, "length_mi": 0.248}, "geometry": {"type": "LineString", "coordinates": [[-72.44224582813963, 42.502307656278084], [-72.44214642985082, 42.50226090220666], [-72.44210616417243, 42.502244351552896], [-72.44206506249279, 42.50222893219486], [-72.44194014991879, 42.50218957718051], [-72.44181347072241, 42.502152170314794], [-72.44165061763609, 42.50210740446437], [-72.44159505633446, 42.502091540375055], [-72.44154276221721, 42.50207789942612], [-72.44148992637484, 42.50206595004414], [-72.44143672052766, 42.50205513263867], [-72.44137324712612, 42.50204383637452], [-72.44130931235804, 42.502033664719086], [-72.44124520588049, 42.502024623409085], [-72.44117539270525, 42.50201506597124], [-72.44110530435795, 42.50200663611523], [-72.44103484970726, 42.50199877099561], [-72.44097195027915, 42.501994218488306], [-72.44084579223541, 42.50198680796993], [-72.44078184782927, 42.50198226478881], [-72.4407178915934, 42.50197660079309], [-72.44065385580836, 42.50197261917492], [-72.44058128216305, 42.501969270779725], [-72.44050861720632, 42.50196648937378], [-72.44043597509243, 42.501964832212686], [-72.44036076957785, 42.50196375860703], [-72.43981678354564, 42.50195753025044], [-72.43967335548271, 42.501958670777654], [-72.43940119673321, 42.50196060284033], [-72.43929633843234, 42.50196790442634], [-72.43896652286226, 42.501996504064124], [-72.4389065524499, 42.50200374573101], [-72.43884669135349, 42.502011548264385], [-72.4387869239303, 42.50201935090392], [-72.4387085584471, 42.50202955392563], [-72.43863037800274, 42.50203919269852], [-72.43855220818543, 42.50204995670865], [-72.43845215624171, 42.50206540123], [-72.43835239730085, 42.50208140686756], [-72.43825235363592, 42.502097414735935], [-72.43810315963829, 42.50211945032267], [-72.43795385628849, 42.50214035672677], [-72.43780436906458, 42.50216183252281], [-72.43762319662558, 42.502187501084165], [-72.43749666175836, 42.50220541994642]]}}, {"type": "Feature", "properties": {"seg_id": "S224", "name": "LAKEVIEW ROAD", "source": "massdot", "named_in_massdot": true, "jurisdiction": "town", "surface": "paved (bituminous)", "category": "road", "required": true, "length_mi": 0.016}, "geometry": {"type": "LineString", "coordinates": [[-72.43749666175836, 42.50220541994642], [-72.43744192551146, 42.5022131710622], [-72.43729270705357, 42.50223351412738], [-72.43726055223325, 42.50223827979643], [-72.4371941575891, 42.502246693680114]]}}, {"type": "Feature", "properties": {"seg_id": "S225", "name": "LAKEVIEW ROAD", "source": "massdot", "named_in_massdot": true, "jurisdiction": "town", "surface": "paved (surface treated)", "category": "road", "required": true, "length_mi": 0.135}, "geometry": {"type": "LineString", "coordinates": [[-72.4371941575891, 42.502246693680114], [-72.43715619245457, 42.50225150476054], [-72.4371032545055, 42.50225868830901], [-72.43694577054288, 42.502279098119814], [-72.4367886767172, 42.50230063352169], [-72.43671043535731, 42.50231252133468], [-72.43663238138465, 42.502324412073094], [-72.43655452301486, 42.50233685935587], [-72.43649212775438, 42.50234693110394], [-72.43642992822532, 42.5023575675174], [-72.43636841910833, 42.502369881851855], [-72.43630297689133, 42.502386168719916], [-72.43623841855687, 42.502404135535826], [-72.43617395392758, 42.50242210605561], [-72.43612898383198, 42.5024342859346], [-72.43608392114277, 42.50244703283726], [-72.43603934499284, 42.5024597712696], [-72.43597974243333, 42.502478823071776], [-72.43592081715742, 42.50249899742085], [-72.43586297041499, 42.50252085104741], [-72.43580089379402, 42.50254611331343], [-72.4357402762754, 42.502573612652704], [-72.43568120448543, 42.502602791077976], [-72.43563395986955, 42.5026284946415], [-72.43558788744343, 42.50265587583516], [-72.43541599095906, 42.50276615153354], [-72.43537740667664, 42.50279234739721], [-72.43534016630056, 42.50281965681843], [-72.43530714550862, 42.50284918634259], [-72.43527801639543, 42.50288122312896], [-72.43526184971532, 42.502901161824774], [-72.43523871512025, 42.50293302121922], [-72.43522742174646, 42.502950276185835], [-72.43520056943728, 42.502985378909436], [-72.43517285698222, 42.50302048860458], [-72.43514695118611, 42.50305558903733], [-72.43512105997755, 42.50309799888858], [-72.435097558942, 42.50314151471961], [-72.43507425971215, 42.50318559609761], [-72.43506389127465, 42.50320394010961]]}}, {"type": "Feature", "properties": {"seg_id": "S226", "name": "LAKEVIEW ROAD", "source": "massdot", "named_in_massdot": true, "jurisdiction": "town", "surface": "paved (surface treated)", "category": "road", "required": true, "length_mi": 0.065}, "geometry": {"type": "LineString", "coordinates": [[-72.43506389127465, 42.50320394010961], [-72.43504933989102, 42.50322968521434], [-72.43503823583431, 42.503250034759226], [-72.43500259753789, 42.50331447028023], [-72.43496867434996, 42.50337945366477], [-72.43492874510362, 42.503462490867754], [-72.43489147527978, 42.50354551188693], [-72.4348569762773, 42.5036296294935], [-72.43482870479812, 42.503710323155886], [-72.43480281514042, 42.50379156018121], [-72.43479586262987, 42.5038096252788], [-72.43477282952978, 42.5038717050383], [-72.43475047429709, 42.5039219682502], [-72.4347264143497, 42.50397280436704], [-72.43469995579646, 42.504021971863736], [-72.43467707918299, 42.50406267089101], [-72.43465509184293, 42.504098842293054]]}}, {"type": "Feature", "properties": {"seg_id": "S227", "name": "WENDELL ROAD", "source": "massdot", "named_in_massdot": true, "jurisdiction": "town", "surface": "paved (bituminous)", "category": "road", "required": true, "length_mi": 0.019}, "geometry": {"type": "LineString", "coordinates": [[-72.4176747372607, 42.480118465444924], [-72.41772700027644, 42.48015124702946], [-72.41787692270083, 42.48022826861303], [-72.41796894059065, 42.48027648872779]]}}, {"type": "Feature", "properties": {"seg_id": "S228", "name": "LOCKS POND ROAD", "source": "massdot", "named_in_massdot": true, "jurisdiction": "town", "surface": "paved (bituminous)", "category": "road", "required": true, "length_mi": 0.187}, "geometry": {"type": "LineString", "coordinates": [[-72.41796894059065, 42.48027648872779], [-72.41802582081408, 42.48030642174353], [-72.41817208745377, 42.48038684551224], [-72.41831844810889, 42.480467268347276], [-72.41846472975963, 42.48054825431769], [-72.41860789962499, 42.48063151837308], [-72.41874893267799, 42.48071761184022], [-72.41888995669767, 42.480803141617336], [-72.41903078896115, 42.48088867365273], [-72.4191646823151, 42.48098044685959], [-72.41929255721985, 42.48107677124955], [-72.41942053225249, 42.48117309559965], [-72.41954840800331, 42.48126942420182], [-72.41966640540919, 42.48137201749535], [-72.41978110369759, 42.48147688686312], [-72.41989581178106, 42.48158231872883], [-72.42001051203565, 42.48168718695257], [-72.42012521275, 42.4817920604605], [-72.42023991986063, 42.48189692930181], [-72.42035462825726, 42.482002360709004], [-72.4204678192426, 42.482107803223066], [-72.42054480275286, 42.48218033796605]]}}, {"type": "Feature", "properties": {"seg_id": "S229", "name": "LOCKS POND ROAD", "source": "massdot", "named_in_massdot": true, "jurisdiction": "town", "surface": "paved (bituminous)", "category": "road", "required": true, "length_mi": 0.213}, "geometry": {"type": "LineString", "coordinates": [[-72.42054480275286, 42.48218033796605], [-72.42058074006307, 42.48221437766622], [-72.42069346570304, 42.48232038636666], [-72.42080628538035, 42.48242639510577], [-72.42092212011204, 42.482530696069546], [-72.42104172650248, 42.48263270880745], [-72.4211614269781, 42.482734724270685], [-72.42128112785369, 42.482836740507054], [-72.4214008209047, 42.48293819399197], [-72.42152306287028, 42.48303850248912], [-72.42164878467523, 42.483136528663216], [-72.42177459838359, 42.48323399127552], [-72.42190032711521, 42.48333202162253], [-72.4220260500904, 42.48343004737745], [-72.42215167982197, 42.4835280746424], [-72.42227617862322, 42.4836266762134], [-72.4224005853295, 42.48372527478647], [-72.4225249912738, 42.483823877733435], [-72.42264940575045, 42.4839230377665], [-72.4227739073373, 42.484021639680094], [-72.42289831438295, 42.48412023771535], [-72.42302197118006, 42.48421940791766], [-72.42314581439359, 42.48431857289315], [-72.42326956561656, 42.48441774207439], [-72.42333312797976, 42.48446899846911]]}}, {"type": "Feature", "properties": {"seg_id": "S230", "name": "LOCKS POND ROAD", "source": "massdot", "named_in_massdot": true, "jurisdiction": "town", "surface": "paved (bituminous)", "category": "road", "required": true, "length_mi": 0.184}, "geometry": {"type": "LineString", "coordinates": [[-72.42333312797976, 42.48446899846911], [-72.42339342390535, 42.48451746845379], [-72.42351726835294, 42.48461663752338], [-72.42364092702876, 42.4847158025476], [-72.42376477347034, 42.48481497133632], [-72.42388852535647, 42.484914135348724], [-72.42401274380366, 42.48501273819957], [-72.42414092738359, 42.485109054757395], [-72.42426910405722, 42.48520537122875], [-72.42439718046306, 42.48530112657292], [-72.42452535913387, 42.485397442744656], [-72.42464657309061, 42.48549831797913], [-72.42476373504695, 42.48560147546301], [-72.4248798678927, 42.48570576556719], [-72.42499006672958, 42.48581348292682], [-72.4250982841175, 42.48592233966692], [-72.42520320625184, 42.48603290993124], [-72.42530792220585, 42.48614291546425], [-72.42541030479835, 42.486255197601736], [-72.42550625020846, 42.48636977670442], [-72.42559380321599, 42.48648836466465], [-72.42561392161379, 42.48651858922499]]}}, {"type": "Feature", "properties": {"seg_id": "S231", "name": "LAKEVIEW ROAD", "source": "massdot", "named_in_massdot": true, "jurisdiction": "town", "surface": "paved (bituminous)", "category": "road", "required": true, "length_mi": 0.064}, "geometry": {"type": "LineString", "coordinates": [[-72.43465509184293, 42.504098842293054], [-72.434652673467, 42.5041028196236], [-72.43463702598967, 42.504124330437655], [-72.43462453699406, 42.50414131143626], [-72.43459553301868, 42.504172495332476], [-72.43456384551001, 42.50420257110054], [-72.43453207044286, 42.504232652070726], [-72.43450002835542, 42.50426442326004], [-72.43446799230537, 42.50429619349061], [-72.43443528344497, 42.504327969165864], [-72.43440141571925, 42.50435806796223], [-72.43436678142442, 42.50438816756], [-72.4343315719121, 42.50441771452328], [-72.4342635606814, 42.50447228469782], [-72.43419334517513, 42.504525743717714], [-72.43412187325737, 42.50457809290087], [-72.43408001112985, 42.504607692793904], [-72.43403757710635, 42.50463729370403], [-72.43399532700656, 42.504666334921495], [-72.43382574000572, 42.50479049364857]]}}, {"type": "Feature", "properties": {"seg_id": "S232", "name": "LAKEVIEW ROAD", "source": "massdot", "named_in_massdot": true, "jurisdiction": "town", "surface": "paved (bituminous)", "category": "road", "required": true, "length_mi": 0.042}, "geometry": {"type": "LineString", "coordinates": [[-72.43382574000572, 42.50479049364857], [-72.43327177987639, 42.505196055636645], [-72.43324745537804, 42.505215785483024]]}}, {"type": "Feature", "properties": {"seg_id": "S233", "name": "LAKEVIEW ROAD", "source": "massdot", "named_in_massdot": true, "jurisdiction": "town", "surface": "paved (bituminous)", "category": "road", "required": true, "length_mi": 0.114}, "geometry": {"type": "LineString", "coordinates": [[-72.43324745537804, 42.505215785483024], [-72.43321992905085, 42.50523811340291], [-72.43316231280575, 42.50527628080469], [-72.43285195334686, 42.50550329165391], [-72.4316936312741, 42.506350515514185], [-72.43166462885983, 42.50637117411806]]}}, {"type": "Feature", "properties": {"seg_id": "S234", "name": "LAKEVIEW ROAD", "source": "massdot", "named_in_massdot": true, "jurisdiction": "town", "surface": "paved (bituminous)", "category": "road", "required": true, "length_mi": 0.077}, "geometry": {"type": "LineString", "coordinates": [[-72.43166462885983, 42.50637117411806], [-72.43163370706725, 42.5063932004767], [-72.4315753190236, 42.50643700196851], [-72.43146755009404, 42.50651608276672], [-72.43060273786148, 42.507171769323364]]}}, {"type": "Feature", "properties": {"seg_id": "S235", "name": "LAKEVIEW ROAD", "source": "massdot", "named_in_massdot": true, "jurisdiction": "town", "surface": "paved (bituminous)", "category": "road", "required": true, "length_mi": 0.106}, "geometry": {"type": "LineString", "coordinates": [[-72.43060273786148, 42.507171769323364], [-72.4305717686113, 42.507195249752904], [-72.4301395489734, 42.50752276476749], [-72.4300783283678, 42.507567708298374], [-72.43001690601395, 42.50761209613795], [-72.42995375508272, 42.50765536801258], [-72.42989393782896, 42.507692427004294], [-72.4298325698869, 42.5077278068097], [-72.42977054122753, 42.507763191910584], [-72.42971029447205, 42.507796880847366], [-72.42964946623519, 42.50783000635245], [-72.42958738160327, 42.507862018382625], [-72.42952195169839, 42.50789236479029], [-72.42945536522036, 42.50792160051316], [-72.42938866350565, 42.50794970815076], [-72.42932888388475, 42.507976639073654], [-72.42926891679285, 42.50800356787497], [-72.4292072805709, 42.50802713487747], [-72.42914339166488, 42.50804621760761], [-72.42907784801382, 42.508062501104106], [-72.42901172080889, 42.5080776647923], [-72.42897647561051, 42.50808542310539]]}}, {"type": "Feature", "properties": {"seg_id": "S236", "name": "LOCKS POND ROAD", "source": "massdot", "named_in_massdot": true, "jurisdiction": "town", "surface": "paved (bituminous)", "category": "road", "required": true, "length_mi": 0.552}, "geometry": {"type": "LineString", "coordinates": [[-72.42561392161379, 42.48651858922499], [-72.4256749263379, 42.48660925316553], [-72.4257458377361, 42.486733602482126], [-72.42579032927017, 42.48686434999124], [-72.42581386470017, 42.48699808199006], [-72.4258139452159, 42.48713312779484], [-72.42578291942378, 42.48726616913247], [-72.42573969785785, 42.48739706307], [-72.42568180054216, 42.48752525422013], [-72.42561780059941, 42.48765181258479], [-72.42555589455488, 42.48777891587988], [-72.42549466208106, 42.4879060137261], [-72.42543332232779, 42.488033112395016], [-72.42537198839574, 42.48816021007805], [-72.42531304268873, 42.48828784763474], [-72.42525419018304, 42.488416050697595], [-72.42519533650331, 42.488543691944294], [-72.42513648257241, 42.488671332256516], [-72.42508163070535, 42.4888000657859], [-72.42503241413407, 42.48893044121789], [-72.42499347707471, 42.48906186309524], [-72.4249650220403, 42.489195446179174], [-72.42496442596143, 42.489329934633105], [-72.4249890005076, 42.48946365836704], [-72.42503179537019, 42.48959498238556], [-72.42509381039606, 42.48972165238759], [-72.4251829718706, 42.489839664985766], [-72.42528082011047, 42.489953670744995], [-72.42537876230784, 42.490067672064924], [-72.42547661118874, 42.49018167315006], [-72.42557038524821, 42.49029683585763], [-72.42565766623554, 42.49041598856566], [-72.42573879452704, 42.490536876896876], [-72.42581018138125, 42.49066065507199], [-72.4258742850343, 42.49078730786085], [-72.42593242105914, 42.49091513393662], [-72.42598469625278, 42.49104469874027], [-72.42603231638329, 42.491174859109705], [-72.4260782384162, 42.491305594890584], [-72.42613335216988, 42.49143456961837], [-72.42619006375072, 42.49156240699825], [-72.42625710467559, 42.49168791147412], [-72.42632594607527, 42.491813401437454], [-72.42641378697628, 42.491931423674984], [-72.42652088461885, 42.49204085069823], [-72.42663786959582, 42.49214400764441], [-72.4267626794064, 42.492242598236395], [-72.4268992328115, 42.49233209122021], [-72.42703438369342, 42.49242272520446], [-72.42716784823017, 42.49251505436274], [-72.42730063936658, 42.49260739418742], [-72.42742978147079, 42.492703137558074], [-72.42755336853911, 42.49280230342797], [-72.42767384958628, 42.492903744022854], [-72.42779055925067, 42.49300746470868], [-72.42790001669968, 42.49311517978793], [-72.42800278639862, 42.49322689013754], [-72.4281083779868, 42.4933368896036], [-72.42821982079887, 42.493444031103515], [-72.42833681819775, 42.49354774801899], [-72.42838689705921, 42.49359011259514], [-72.42839336433975, 42.493595583854336]]}}, {"type": "Feature", "properties": {"seg_id": "S237", "name": "LOCKS POND ROAD", "source": "massdot", "named_in_massdot": true, "jurisdiction": "town", "surface": "paved (bituminous)", "category": "road", "required": true, "length_mi": 0.246}, "geometry": {"type": "LineString", "coordinates": [[-72.42839336433975, 42.493595583854336], [-72.42845673631774, 42.493649193231754], [-72.42857976214071, 42.493748920712946], [-72.42870420575665, 42.49384807845125], [-72.42883295865089, 42.49394326070318], [-72.42896652147952, 42.4940355869965], [-72.42910496317002, 42.49412337589451], [-72.42924349287959, 42.494211167518834], [-72.42938194362438, 42.49429951870228], [-72.42951831908242, 42.494389010035086], [-72.42965441735784, 42.494479066132314], [-72.4297905148714, 42.49456912657749], [-72.42992387995639, 42.494660891574675], [-72.43005142661163, 42.494757773873836], [-72.43016928239899, 42.49486092022153], [-72.43028251161999, 42.494966352748], [-72.43038764521006, 42.49507691741684], [-72.43049078886898, 42.4951880598436], [-72.43060412725558, 42.495294053861606], [-72.43072536993114, 42.495394922439175], [-72.43085216018288, 42.49549180546202], [-72.4309812199102, 42.495587545536765], [-72.43111609166684, 42.495678176114566], [-72.43125097814075, 42.49576936550424], [-72.43138585553898, 42.49585999572272], [-72.43152073670885, 42.49595118484146], [-72.43165562440389, 42.49604237735182], [-72.43177456303658, 42.49612244216609]]}}, {"type": "Feature", "properties": {"seg_id": "S238", "name": "LOCKS POND ROAD", "source": "massdot", "named_in_massdot": true, "jurisdiction": "town", "surface": "paved (bituminous)", "category": "road", "required": true, "length_mi": 0.124}, "geometry": {"type": "LineString", "coordinates": [[-72.43177456303658, 42.49612244216609], [-72.43192828994984, 42.49622135609746], [-72.43206852427213, 42.496308001584566], [-72.43221128902145, 42.49639181479201], [-72.43235471468006, 42.4964756224775], [-72.43250366417749, 42.49655375660509], [-72.43265718867747, 42.4966262257319], [-72.43281511865395, 42.496694155689156], [-72.43297294097162, 42.49676152811564], [-72.43312955731888, 42.496831159946346], [-72.43328617299123, 42.49690022888233], [-72.43344278996159, 42.49696985578391], [-72.43359744587644, 42.49704119362793], [-72.43374799234253, 42.49711762245595], [-72.43378105182053, 42.49713592605782]]}}, {"type": "Feature", "properties": {"seg_id": "S239", "name": "LOCKS POND ROAD", "source": "massdot", "named_in_massdot": true, "jurisdiction": "town", "surface": "paved (bituminous)", "category": "road", "required": true, "length_mi": 0.013}, "geometry": {"type": "LineString", "coordinates": [[-72.43378105182053, 42.49713592605782], [-72.43389384584432, 42.497198596027054], [-72.43398771456673, 42.49725353800282]]}}, {"type": "Feature", "properties": {"seg_id": "S240", "name": "LOCKS POND ROAD", "source": "massdot", "named_in_massdot": true, "jurisdiction": "town", "surface": "paved (bituminous)", "category": "road", "required": true, "length_mi": 0.061}, "geometry": {"type": "LineString", "coordinates": [[-72.43398771456673, 42.49725353800282], [-72.43403728280236, 42.49728239704076], [-72.43417319919621, 42.49737245381128], [-72.43429595543851, 42.49747217740937], [-72.43440590380025, 42.4975798877576], [-72.4345049121314, 42.49769330908868], [-72.4345975042814, 42.49780959940636], [-72.43467875286595, 42.49793048044797], [-72.43469774045776, 42.49796127525489]]}}, {"type": "Feature", "properties": {"seg_id": "S241", "name": "LOCKS POND ROAD", "source": "massdot", "named_in_massdot": true, "jurisdiction": "town", "surface": "paved (bituminous)", "category": "road", "required": true, "length_mi": 0.09}, "geometry": {"type": "LineString", "coordinates": [[-72.43469774045776, 42.49796127525489], [-72.43475394679935, 42.498053097700314], [-72.43483094147939, 42.49817570479835], [-72.43491096580485, 42.49829715829023], [-72.43498958906046, 42.49841648847443], [-72.43506887910907, 42.49853670719414], [-72.43548226917478, 42.499129155515654]]}}, {"type": "Feature", "properties": {"seg_id": "S242", "name": "LOCKS POND ROAD", "source": "massdot", "named_in_massdot": true, "jurisdiction": "town", "surface": "paved (bituminous)", "category": "road", "required": true, "length_mi": 0.138}, "geometry": {"type": "LineString", "coordinates": [[-72.43548226917478, 42.499129155515654], [-72.43593716940765, 42.49978107771986], [-72.43596319605858, 42.49981856831903], [-72.43600570578673, 42.49987786631608], [-72.43604812197681, 42.49993716865803], [-72.43605125480637, 42.49994175816341], [-72.43608902711283, 42.49999704234322], [-72.43611452161663, 42.500036786183124], [-72.43613907073669, 42.50007709948366], [-72.436163241632, 42.500117421252575], [-72.4361798154163, 42.500145419269536], [-72.4361962102707, 42.50017398502713], [-72.43621259186132, 42.50020198369994], [-72.43622702096789, 42.50022606211011], [-72.4362415376748, 42.50025013980688], [-72.4362543559502, 42.50027479308595], [-72.43626489449245, 42.50029946578164], [-72.43627390637795, 42.5003241553786], [-72.43628263839072, 42.500348841846325], [-72.43629214742849, 42.50037464737869], [-72.4363012852527, 42.50040101771378], [-72.43630955467061, 42.500426833314], [-72.43631730731622, 42.500456031943635], [-72.43632429964242, 42.50048523674887], [-72.43633071891271, 42.500514440806846], [-72.4363382669269, 42.5005487070944], [-72.4363451421312, 42.50058297344494], [-72.4363505987195, 42.5006178149078], [-72.4363542465621, 42.50065211197623], [-72.43635674960406, 42.500686414742894], [-72.43635859084462, 42.500720721985076], [-72.43635937875626, 42.50075447599551], [-72.43635959253407, 42.50078823917116], [-72.43636094734957, 42.5008219885757], [-72.4363638951228, 42.50085403787422], [-72.43636769690325, 42.50088608023481], [-72.43637284035259, 42.500918674384245], [-72.4363812165433, 42.50095799453329], [-72.43638777092504, 42.50098326136886]]}}, {"type": "Feature", "properties": {"seg_id": "S243", "name": "LOCKS POND ROAD", "source": "massdot", "named_in_massdot": true, "jurisdiction": "town", "surface": "paved (bituminous)", "category": "road", "required": true, "length_mi": 0.037}, "geometry": {"type": "LineString", "coordinates": [[-72.43638777092504, 42.50098326136886], [-72.43639130562188, 42.50099730076623], [-72.43640139594304, 42.50103660788815], [-72.43640929955549, 42.50106974139983], [-72.43641720439281, 42.50110287490077], [-72.4364253026674, 42.501136006829434], [-72.43643360377612, 42.50117026248639], [-72.43644219918113, 42.50120508204127], [-72.43645249194701, 42.501238758827256], [-72.43646897228791, 42.50127970029151], [-72.43648829709818, 42.501320056854865], [-72.4365085684007, 42.50136040572473], [-72.43654113158092, 42.50142147599204], [-72.43657596134105, 42.50148196064302], [-72.43658642442774, 42.501498984955724]]}}, {"type": "Feature", "properties": {"seg_id": "S244", "name": "LAKEVIEW ROAD", "source": "massdot", "named_in_massdot": true, "jurisdiction": "town", "surface": "paved (bituminous)", "category": "road", "required": true, "length_mi": 0.102}, "geometry": {"type": "LineString", "coordinates": [[-72.42897647561051, 42.50808542310539], [-72.42893212163294, 42.5080951859493], [-72.42886928763757, 42.50810807407093], [-72.42879722752211, 42.50812103109143], [-72.428606675145, 42.50814994970575], [-72.42847134115904, 42.508167499952215], [-72.42840253314513, 42.50817506024845], [-72.42836137355886, 42.508178150238194], [-72.42800272290043, 42.50820114073994], [-72.42793462527636, 42.50820562951981], [-72.42786653488974, 42.5082101145999], [-72.42779863775242, 42.50821516437233], [-72.42775060765618, 42.50822005421849], [-72.4277027636374, 42.50822493804559], [-72.4276547405801, 42.508230390481835], [-72.42760774847716, 42.50823470562746], [-72.42756057732268, 42.5082395884826], [-72.42751359346255, 42.50824446530988], [-72.42746250851592, 42.50824881782796], [-72.42741153030175, 42.508253726749594], [-72.42736055336252, 42.508258640139886], [-72.42731215891519, 42.50826465810726], [-72.42726396609751, 42.508271231717366], [-72.427216263142, 42.50827893034176], [-72.42717429341148, 42.508288837182874], [-72.42713272581923, 42.508299861646314], [-72.4270912457998, 42.508310884490015], [-72.42703888017243, 42.50832481099254], [-72.42701701811505, 42.50833089365875]]}}, {"type": "Feature", "properties": {"seg_id": "S245", "name": "LAKEVIEW ROAD", "source": "massdot", "named_in_massdot": true, "jurisdiction": "town", "surface": "paved (bituminous)", "category": "road", "required": true, "length_mi": 0.067}, "geometry": {"type": "LineString", "coordinates": [[-72.42701701811505, 42.50833089365875], [-72.42698680993507, 42.508339298682706], [-72.42693425196023, 42.508353222182436], [-72.426871442064, 42.508367795274594], [-72.42680822993982, 42.50838124709303], [-72.42674520995739, 42.50839469283034], [-72.426701822393, 42.508405173582766], [-72.42665834593073, 42.508415650531816], [-72.42661445898364, 42.50842444270381], [-72.42658050290169, 42.50842978161886], [-72.42654605573577, 42.50843399549637], [-72.4265115920446, 42.50843708412309], [-72.42647560175602, 42.50843962772353], [-72.42643949997827, 42.50844104233396], [-72.42640339211559, 42.508442456981946], [-72.42635197628674, 42.50844343284404], [-72.42630055341456, 42.508443846053176], [-72.42624921257664, 42.50844313320696], [-72.42597206183211, 42.508443692383736], [-72.42591682801194, 42.50844593933085], [-72.42589642054858, 42.50844742127811], [-72.42588372753823, 42.50844864139575], [-72.42587134320213, 42.50845008320717], [-72.4258587236012, 42.508451994161746], [-72.4258450181122, 42.508454701597316], [-72.4258322166352, 42.50845765205393], [-72.4258124611453, 42.508463762586814], [-72.42578680317891, 42.50847362794761], [-72.42576242743833, 42.50848471731486], [-72.42574735935943, 42.50849324890886], [-72.42574583273161, 42.50849452608788]]}}, {"type": "Feature", "properties": {"seg_id": "S246", "name": "WENDELL ROAD", "source": "massdot", "named_in_massdot": true, "jurisdiction": "town", "surface": "paved (surface treated)", "category": "road", "required": true, "length_mi": 0.017}, "geometry": {"type": "LineString", "coordinates": [[-72.42574583273161, 42.50849452608788], [-72.42572750355151, 42.50850985861384], [-72.42571926271881, 42.50851795275204], [-72.42570781871648, 42.50853007803974], [-72.42569408013671, 42.50854737055899], [-72.42568647342864, 42.50855995569348], [-72.425682347073, 42.50856766297241], [-72.4256787026613, 42.50857562476692], [-72.4256769040892, 42.50858042879729], [-72.42567508238135, 42.5085860612881], [-72.42567186642265, 42.50860232759658], [-72.42567002786114, 42.50861518961957], [-72.42566275018748, 42.50868322329508], [-72.42565992332403, 42.50872734351406]]}}, {"type": "Feature", "properties": {"seg_id": "S248", "name": "COOLEYVILLE ROAD", "source": "massdot", "named_in_massdot": true, "jurisdiction": "town", "surface": "gravel", "category": "road", "required": true, "length_mi": 0.228}, "geometry": {"type": "LineString", "coordinates": [[-72.38716936604253, 42.463730342535825], [-72.38678381380504, 42.46371206127464], [-72.38670241699307, 42.46370706003496], [-72.38658118383972, 42.46369899009307], [-72.38646023456634, 42.46369035154771], [-72.38633924949077, 42.46368002598003], [-72.38621863595856, 42.46366913923839], [-72.3860986729109, 42.463657119285365], [-72.3859782412071, 42.46364453922149], [-72.38585807341792, 42.463630832522014], [-72.38573817082874, 42.46361600367948], [-72.38561871746575, 42.463599475084976], [-72.3856058627313, 42.463597328550605], [-72.38548703816063, 42.46357855052656], [-72.38536885311493, 42.46355750770057], [-72.38525084085128, 42.46353533984589], [-72.38513284147012, 42.46351373806344], [-72.38501465800563, 42.46349270386647], [-72.38498492725952, 42.46348674628175], [-72.3848657287039, 42.463461208304686], [-72.38474650557114, 42.463433995827145], [-72.38462767175372, 42.46341408260748], [-72.38451037435436, 42.463408797321044], [-72.38440368171001, 42.46342143118807], [-72.38428714571707, 42.46345046213831], [-72.38417342254604, 42.46348959890553], [-72.38406486877301, 42.463532074729606], [-72.3839901440733, 42.46356866305477], [-72.38389643487389, 42.46362733381739], [-72.38380360587388, 42.46368713573336], [-72.38370370711074, 42.4637368552794], [-72.38365250041034, 42.463756373254654], [-72.3835414671381, 42.4637921153135], [-72.38342742715089, 42.463823370697725], [-72.38331204493471, 42.463853517181676], [-72.3829517028732, 42.46397120080917], [-72.38294965958615, 42.46397194931801]]}}, {"type": "Feature", "properties": {"seg_id": "S249", "name": "WEST PELHAM ROAD", "source": "massdot", "named_in_massdot": true, "jurisdiction": "town", "surface": "paved (bituminous)", "category": "road", "required": true, "length_mi": 0.691}, "geometry": {"type": "LineString", "coordinates": [[-72.44296777000555, 42.412501277470625], [-72.44296605371555, 42.41250880112131], [-72.44295876085171, 42.41254825898018], [-72.44295185289175, 42.41258770108035], [-72.44294485496965, 42.41262771021955], [-72.44294311454378, 42.41265079974246], [-72.4429414566043, 42.41267388048657], [-72.44294000280901, 42.41269696315944], [-72.44293798392373, 42.412745934731824], [-72.44293690634103, 42.412795455891796], [-72.44293640489944, 42.412844423134636], [-72.44293588636455, 42.41291138255996], [-72.44293603138713, 42.41297778375031], [-72.44293769604965, 42.413044734291546], [-72.44293981642599, 42.413104361477636], [-72.44294316147563, 42.41316341592857], [-72.44294945974475, 42.41322244168353], [-72.4429587868509, 42.41327469830959], [-72.44297037852199, 42.413326941784035], [-72.44298357862853, 42.41337859947468], [-72.44299649707622, 42.41342351155519], [-72.44301064732949, 42.413468409040426], [-72.44302421714917, 42.41351275758081], [-72.44303236869345, 42.41354419847471], [-72.44304044011965, 42.413575643625514], [-72.44304887598311, 42.413606514085096], [-72.44306281050353, 42.41365030233244], [-72.44307780770208, 42.41369405936285], [-72.44309269455789, 42.41373782989966], [-72.44310664115186, 42.41378160903865], [-72.44312048928145, 42.41382538358051], [-72.44313432414741, 42.41386916363101], [-72.44314789176441, 42.41391294586937], [-72.44316155286354, 42.413956721937865], [-72.44317578625969, 42.4140004987169], [-72.44319151879641, 42.41404426230924], [-72.44320792680283, 42.414087449559794], [-72.4432236715455, 42.414131213947456], [-72.44323826358206, 42.41417442957902], [-72.44325221744742, 42.414218194232646], [-72.44326484244853, 42.414262551382286], [-72.44327630729971, 42.41430634993432], [-72.44328664939187, 42.41435071138405], [-72.44329557882628, 42.41439509881457], [-72.44330251442504, 42.41444005538166], [-72.44330821821326, 42.41448502564416], [-72.44331410297113, 42.414529990821556], [-72.44332084933271, 42.414574396139415], [-72.4433277848213, 42.41461934280071], [-72.44333451297905, 42.41466374826613], [-72.44334106350773, 42.41470870708392], [-72.44334735171415, 42.41475367345275], [-72.44335322699253, 42.41479808140403], [-72.44335873283828, 42.41484305418333], [-72.4433638705045, 42.414888024577444], [-72.44336823681323, 42.4149330066946], [-72.44337139061521, 42.414977994246954], [-72.44337375863694, 42.41502243454072], [-72.44337547511309, 42.415067424868724], [-72.44337671326576, 42.415112441624494], [-72.44337710566276, 42.4151574518065], [-72.44337587383318, 42.41520247980135], [-72.44337228506608, 42.41524752261083], [-72.44336697237686, 42.4152925795482], [-72.44336050807757, 42.4153370832217], [-72.44335282416071, 42.41538160589286], [-72.44334370889798, 42.4154261267886], [-72.44333422694204, 42.415470665093316], [-72.44332406077703, 42.41551519459878], [-72.44331341995226, 42.41555918329787], [-72.44330193560529, 42.415603723602864], [-72.44328929856758, 42.41564772055462], [-72.44327600790182, 42.41569172286072], [-72.44326290301521, 42.41573571824036], [-72.44325084421196, 42.415779710447616], [-72.44323897127045, 42.41582370113], [-72.44322747835884, 42.41586767429135], [-72.44321598073297, 42.415912228197115], [-72.4432048730586, 42.41595620810177], [-72.4431939608459, 42.41600074820395], [-72.44318369507688, 42.41604529201084], [-72.44317381926209, 42.41608926181694], [-72.44316357276846, 42.41613379645966], [-72.4431525536521, 42.41617834193308], [-72.44314116045254, 42.41622232866917], [-72.4431293748244, 42.416266318618824], [-72.44311655022427, 42.41631030267419], [-72.44310335905527, 42.41635431313923], [-72.44309206029598, 42.41639885189178], [-72.44308361067156, 42.416443380804516], [-72.44307695895972, 42.41648788598263], [-72.44307062057551, 42.41653295129375], [-72.44306396899287, 42.41657746637252], [-72.44305741559337, 42.41662196624079], [-72.44305135787931, 42.41666703285104], [-72.44304556616791, 42.41671209367985], [-72.4430401646909, 42.41675659851335], [-72.44303513834352, 42.41680165216992], [-72.4430302834274, 42.4168461435209], [-72.44302602853531, 42.41689119085584], [-72.44302309933572, 42.41693624263492], [-72.44302271987408, 42.416981249216306], [-72.4430239578129, 42.417026265955094], [-72.44302501452955, 42.41707127067327], [-72.44302568618627, 42.41711628304715], [-72.4430262581535, 42.4171612917356], [-72.44302616434628, 42.417206305877855], [-72.44302503913961, 42.417251332970906], [-72.443023240785, 42.41729636017613], [-72.44302154820654, 42.41734139191623], [-72.44302003658194, 42.41738641767177], [-72.44301852502225, 42.41743144792783], [-72.44301652863878, 42.417476477653594], [-72.44301377681289, 42.4175209598699], [-72.44301056671277, 42.41756599953757], [-72.4430073384513, 42.41761104385508], [-72.44300382946997, 42.41765608596999], [-72.44300042017487, 42.41770113176926], [-72.44299806292261, 42.41774616354755], [-72.44299721712018, 42.4177911883453], [-72.44299760197401, 42.41783619855927], [-72.442997894695, 42.4178812230324], [-72.44299790035669, 42.4179262273486], [-72.44299818700371, 42.41797125187048], [-72.44299839204905, 42.41801626355558], [-72.44299857772292, 42.41806127990045], [-72.44299878276883, 42.418106291584536], [-72.44299907527707, 42.41815130165133], [-72.44299936057675, 42.41819631717861], [-72.44299975272415, 42.41824132732851], [-72.4429997585886, 42.418286345143954], [-72.44299957850016, 42.418331359980655], [-72.44299901820203, 42.418376382433145], [-72.44299816399655, 42.418420844592056], [-72.44299645314591, 42.418465876468886], [-72.44299466082455, 42.41851090451092], [-72.44299296211845, 42.41855593628721], [-72.44299211622094, 42.418600955674826], [-72.44299145750452, 42.41864597893053], [-72.44299061040321, 42.418690999227366], [-72.44298948514478, 42.418736026303904], [-72.44298805972528, 42.4187810513372], [-72.44298636114154, 42.41882609211254], [-72.44298465007014, 42.41887111048161], [-72.44298267204273, 42.41891615354502], [-72.44297946184957, 42.41896119319668], [-72.4429743284907, 42.41900568590107], [-72.44296806996773, 42.419050750522366], [-72.44296170354883, 42.41909526232913], [-72.44295564426066, 42.419140325316576], [-72.44294965797106, 42.41918482500452], [-72.44294301427128, 42.41922989277736], [-72.4429350501466, 42.41927441766789], [-72.44292641272193, 42.419318934567684], [-72.44291767708827, 42.419363466675776], [-72.44290931422036, 42.41940798132417], [-72.44290086406485, 42.41945251019119], [-72.44289242584561, 42.41949702545437], [-72.44288377762729, 42.419541555941244], [-72.44287496031531, 42.41958607430715], [-72.44286584432443, 42.41963060952327], [-72.44285654241737, 42.41967514536056], [-72.44284704711615, 42.41971966927563], [-72.44283661284639, 42.419764215285106], [-72.44282491968339, 42.419808189996445], [-72.44281247951288, 42.41985218522923], [-72.44279983519664, 42.41989618123172], [-72.4427872952965, 42.41994017277579], [-72.44277456954207, 42.41998416944131], [-72.4427617502303, 42.42002816777131], [-72.44274853961214, 42.420072164802306], [-72.442735247626, 42.42011616609882], [-72.44272224115399, 42.420160165955345], [-72.44271008142158, 42.42020415347365], [-72.44269820727243, 42.42024814405332], [-72.44268642275537, 42.4202926866941], [-72.44267503456457, 42.42033667329063], [-72.44266381639645, 42.420381224794916], [-72.44265242674419, 42.420425196994834], [-72.44264122678257, 42.420469749246905], [-72.4426298202231, 42.42051373058504], [-72.44261842466324, 42.42055771723333], [-72.4426071248107, 42.420602255893115], [-72.44259571828412, 42.420646242627704], [-72.44258415130436, 42.420690796976125], [-72.44257265719973, 42.42073477992273], [-72.44256114963362, 42.42077875757593], [-72.44254948297625, 42.42082331273517], [-72.44253817471666, 42.42086729415486], [-72.4425266684517, 42.42091128079536], [-72.44251471481975, 42.42095582569438], [-72.44250207615036, 42.4209998216027], [-72.44248915073857, 42.42104382075696], [-72.44247614382374, 42.42108781517454], [-72.4424635172644, 42.421131811877935], [-72.44245077890805, 42.42117580949464], [-72.44243758604495, 42.42121980542831], [-72.44242350148394, 42.421263246859866], [-72.4424088773973, 42.42130725990784], [-72.44237962075924, 42.42139472246499], [-72.44236998356246, 42.4214234963719], [-72.44235054495448, 42.42148217542896], [-72.44233599978956, 42.42152562061657], [-72.442321470338, 42.421569631974656], [-72.4423069238508, 42.42161307266657], [-72.44201730179972, 42.42237172380756]]}}, {"type": "Feature", "properties": {"seg_id": "S250", "name": "WEST PELHAM ROAD", "source": "massdot", "named_in_massdot": true, "jurisdiction": "town", "surface": "paved (bituminous)", "category": "road", "required": true, "length_mi": 0.059}, "geometry": {"type": "LineString", "coordinates": [[-72.44201730179972, 42.42237172380756], [-72.44200906436149, 42.422392603916954], [-72.44199090911575, 42.42243552039002], [-72.44197208673235, 42.42247843781685], [-72.44195478309933, 42.422521342812914], [-72.44193957165837, 42.42256479788865], [-72.44192570625542, 42.422608800146776], [-72.44191269384667, 42.42265279992501], [-72.44189967404913, 42.42269679435967], [-72.44188732622275, 42.42274078869629], [-72.44187734881412, 42.42278475823501], [-72.44187071011342, 42.42282983035808], [-72.44186644185491, 42.422874878584594], [-72.44186283718238, 42.42291936318281], [-72.44185961268957, 42.42296440736999], [-72.44185724836635, 42.423009440017466], [-72.44185507000664, 42.42305447564457], [-72.44185346385682, 42.42309950208797], [-72.4418521372292, 42.42314453074555], [-72.44184930031297, 42.42318957175893], [-72.44184857313158, 42.42319801730844], [-72.44184632085545, 42.42321885293524]]}}, {"type": "Feature", "properties": {"seg_id": "S251", "name": "WEST PELHAM ROAD", "source": "massdot", "named_in_massdot": true, "jurisdiction": "town", "surface": "paved (bituminous)", "category": "road", "required": true, "length_mi": 0.954}, "geometry": {"type": "LineString", "coordinates": [[-72.44184632085545, 42.42321885293524], [-72.44184266825945, 42.42325433562088], [-72.44183910805458, 42.423289250348546], [-72.44183554671122, 42.42332417048707], [-72.44182303970125, 42.423669769701206], [-72.44182334284456, 42.42368383111897], [-72.44182439280937, 42.423728840326405], [-72.4418256359678, 42.42377384795283], [-72.44182715972303, 42.42381884788127], [-72.44182840288522, 42.42386385550668], [-72.4418290010264, 42.42388523501141], [-72.44182941927393, 42.42390661148616], [-72.4418299250588, 42.42392799084595], [-72.44183145431788, 42.42399887942564], [-72.44183318743232, 42.42413391412549], [-72.44183035315137, 42.424268985287014], [-72.44182505588408, 42.424404072992424], [-72.44181976472302, 42.42453916424431], [-72.4418100921585, 42.42467372953551], [-72.44180052028314, 42.424808856697275], [-72.44178876379577, 42.42494343902524], [-72.44177595500777, 42.42507802995549], [-72.44175498214592, 42.42521212046311], [-72.44174775535797, 42.42524988226376], [-72.44171736680497, 42.425446514850485], [-72.44171330969547, 42.42548030911969], [-72.4416995565205, 42.42561490774665], [-72.4416748665144, 42.425748466825254], [-72.44165075714716, 42.4258825874451], [-72.44162987738163, 42.42601668163943], [-72.44160224533691, 42.4261502647501], [-72.44156613956225, 42.426282234454966], [-72.44155787158822, 42.426306165938826], [-72.44152090844597, 42.42641314887072], [-72.44147367115139, 42.42654351786976], [-72.44141337574202, 42.42667061922603], [-72.44134765611791, 42.4267966394974], [-72.44128565542044, 42.42692375471827], [-72.44122431306218, 42.42705086451754], [-72.44116774909614, 42.42717962241314], [-72.44110841221054, 42.427307273941935], [-72.44104058457296, 42.42743218674133], [-72.44097363251242, 42.42755821773723], [-72.44090952227052, 42.427684220061074], [-72.4408454214325, 42.42781078946731], [-72.4407839837629, 42.427937899769084], [-72.44072731737963, 42.428066095544246], [-72.44066492777745, 42.4281932135488], [-72.44059290631307, 42.42831703130804], [-72.44051611313968, 42.42843920079964], [-72.44043426983691, 42.42856028698744], [-72.44032372692578, 42.42866698093918], [-72.44020562750967, 42.428769790391925], [-72.44008330236008, 42.42886926523008], [-72.43993695070617, 42.42894980071749], [-72.43978153370058, 42.429020278727585], [-72.43962486024483, 42.42908964678195], [-72.43946692197129, 42.42915676964217], [-72.43930734093263, 42.42922221938803], [-72.43915337185334, 42.4292943764197], [-72.43900460663501, 42.42937211418786], [-72.43886480297436, 42.42945878636625], [-72.43873518230899, 42.429553253128276], [-72.43860988507411, 42.42965105798526], [-72.43848266781052, 42.42974775385364], [-72.43835603085432, 42.42984500754531], [-72.43823044690394, 42.42994281520997], [-72.43810553073965, 42.430041179089514], [-72.43797947329793, 42.43013898942706], [-72.4378558029643, 42.43023790557385], [-72.43773261214699, 42.43033738487703], [-72.43760779407202, 42.43043574739554], [-72.43748220777591, 42.43053355332974], [-72.43735786997439, 42.430632474354304], [-72.43723199734661, 42.430730283235995], [-72.43710103144882, 42.430824196339714], [-72.43697256064537, 42.43091977617957], [-72.43684562510545, 42.43101646787525], [-72.43672818868758, 42.431119830923905], [-72.43661390728603, 42.43122485987839], [-72.43650164834952, 42.43133156395998], [-72.43640181855741, 42.431444352923045], [-72.43630715576384, 42.43155991146662], [-72.4362167927529, 42.431677126659885], [-72.43614074531969, 42.43179928696668], [-72.4360652444759, 42.43193941130916], [-72.4360127078821, 42.43205241501242], [-72.43595649962921, 42.43218060447709], [-72.43589561537883, 42.4323077074209], [-72.43582272801513, 42.43243152899561], [-72.43575355255223, 42.43255644934858], [-72.43568752995556, 42.432682469428364], [-72.43561874032383, 42.43280738205116], [-72.43555118376143, 42.432932851807465], [-72.43550422195048, 42.433024951391815], [-72.43538503108681, 42.43324762374355], [-72.43531672136199, 42.43337309945973], [-72.43524849655715, 42.43349800814014], [-72.43518008664124, 42.433623484576934], [-72.43511387455919, 42.43374950041353], [-72.43505070141524, 42.433876058726625], [-72.43498772611619, 42.43400261629288], [-72.43492465211665, 42.43412917371972], [-72.43485957993084, 42.43425574282825], [-72.43479287949411, 42.43438120511903], [-72.43472617879239, 42.43450666736732], [-72.43465958573336, 42.43463268689351], [-72.4345928845016, 42.43475814905686], [-72.43452638332467, 42.43488417134935], [-72.43445968149632, 42.435009628926665], [-72.43439297946958, 42.435135090962575], [-72.43431936731285, 42.43527467286984]]}}, {"type": "Feature", "properties": {"seg_id": "S252", "name": "WEST PELHAM ROAD", "source": "massdot", "named_in_massdot": true, "jurisdiction": "town", "surface": "paved (bituminous)", "category": "road", "required": true, "length_mi": 0.304}, "geometry": {"type": "LineString", "coordinates": [[-72.43431936731285, 42.43527467286984], [-72.4342596825268, 42.43538657222742], [-72.4341929880109, 42.43551259586587], [-72.43412647079408, 42.435638051722194], [-72.43405528953899, 42.43576242537552], [-72.43397895573631, 42.43588514907862], [-72.43390272127672, 42.43600787101899], [-72.43381845346644, 42.43612728456796], [-72.43372960672892, 42.43624504798794], [-72.43363789798843, 42.43636170554283], [-72.43354523131357, 42.43647837438637], [-72.43346192816375, 42.43659834252659], [-72.43338119949127, 42.43671941332609], [-72.43336607434331, 42.436749922498564], [-72.43331859225917, 42.436845962355484], [-72.4332613291176, 42.43697415882461], [-72.43321682669337, 42.43710506802805], [-72.43317242247129, 42.43723597281143], [-72.43312791961198, 42.43736687747099], [-72.43308342150925, 42.43749778747097], [-72.43303891828121, 42.43762869208767], [-72.43299442803871, 42.43776015927363], [-72.43295306955143, 42.437891605564126], [-72.43291504060403, 42.43802358305446], [-72.43287271944301, 42.4381544744069], [-72.432819553103, 42.43828376280246], [-72.43276238122597, 42.438411958219824], [-72.43269940018703, 42.43853907166093], [-72.43262792380685, 42.43866288398678], [-72.43254699767327, 42.438783956604944], [-72.43246540421244, 42.43890447186678], [-72.43237321042021, 42.43902113131516], [-72.43228082920466, 42.43913779760293], [-72.4321836528752, 42.43925168554173], [-72.43211002113475, 42.439334079744434], [-72.43210688587232, 42.43933758754317]]}}, {"type": "Feature", "properties": {"seg_id": "S253", "name": "WEST PELHAM ROAD", "source": "massdot", "named_in_massdot": true, "jurisdiction": "town", "surface": "paved (bituminous)", "category": "road", "required": true, "length_mi": 0.604}, "geometry": {"type": "LineString", "coordinates": [[-72.43210688587232, 42.43933758754317], [-72.43208285610521, 42.43936447820417], [-72.43198205190394, 42.43947670903572], [-72.43188249506632, 42.43959005327193], [-72.43178589805265, 42.439704498859726], [-72.43168920710653, 42.43981894512041], [-72.43162808161148, 42.4398920275804], [-72.43130859959774, 42.440263178376604], [-72.4307330230324, 42.44097120299797], [-72.4303494881597, 42.441533623708416], [-72.43023519837125, 42.441717424320785], [-72.4301340742317, 42.44189211531966], [-72.430037478476, 42.4420718312131], [-72.42998950632482, 42.4421673152604], [-72.42993383089306, 42.44231406417477], [-72.42988535048653, 42.44248495630679], [-72.42982505186094, 42.44266606606903], [-72.42972089262682, 42.44300902737972], [-72.42962139245124, 42.443372206215585], [-72.4296049751499, 42.44342467130502], [-72.4295123907944, 42.44372195960537], [-72.4294172473292, 42.44411661400565], [-72.42940003182188, 42.444179213126986], [-72.42935808789858, 42.44431065804568], [-72.42931614386697, 42.44444210744582], [-72.42927429926121, 42.44457355152116], [-72.42923236210721, 42.44470499632229], [-72.42919041755218, 42.444836445663746], [-72.42914857120813, 42.44496788969021], [-72.42911138337003, 42.445099863309196], [-72.42907763458095, 42.445232929156006], [-72.4290698163093, 42.44526337871742], [-72.4289462999523, 42.445704966096464], [-72.4288825198513, 42.44594012296713], [-72.42881968917412, 42.44616233372304], [-72.42870475875925, 42.44650369340899], [-72.42855957090013, 42.446828412432204], [-72.42839043434206, 42.44730075327654], [-72.42831037173019, 42.44752126232503], [-72.42830936694502, 42.44752402988385]]}}, {"type": "Feature", "properties": {"seg_id": "S254", "name": "WEST PELHAM ROAD", "source": "massdot", "named_in_massdot": true, "jurisdiction": "town", "surface": "paved (bituminous)", "category": "road", "required": true, "length_mi": 0.059}, "geometry": {"type": "LineString", "coordinates": [[-72.42830936694502, 42.44752402988385], [-72.42819884305574, 42.4478284189469], [-72.42801780313738, 42.44834418077391]]}}, {"type": "Feature", "properties": {"seg_id": "S255", "name": "WEST PELHAM ROAD", "source": "massdot", "named_in_massdot": true, "jurisdiction": "town", "surface": "paved (bituminous)", "category": "road", "required": true, "length_mi": 0.037}, "geometry": {"type": "LineString", "coordinates": [[-72.42801780313738, 42.44834418077391], [-72.42782409203362, 42.448857231731644]]}}, {"type": "Feature", "properties": {"seg_id": "S256", "name": "JENNISON ROAD", "source": "massdot", "named_in_massdot": true, "jurisdiction": "town", "surface": "gravel", "category": "road", "required": true, "length_mi": 0.211}, "geometry": {"type": "LineString", "coordinates": [[-72.42568368565173, 42.508404913359364], [-72.42559779615367, 42.50838871881608], [-72.42552470942832, 42.50837073786356], [-72.42545109363053, 42.50835501095842], [-72.42538333772009, 42.50834374116091], [-72.4253149409687, 42.50833415822523], [-72.42524672100298, 42.50832401654543], [-72.42515093806054, 42.50830734289157], [-72.42505570342772, 42.50828897309763], [-72.42496092570984, 42.50826947868756], [-72.4249036058679, 42.50825699499837], [-72.42484656501743, 42.50824395175774], [-72.4247904532618, 42.508229208474525], [-72.42474431948321, 42.50821438602333], [-72.4246989308753, 42.508198432203315], [-72.42465401221214, 42.50818191280986], [-72.42460018237914, 42.50816096067868], [-72.42454700284586, 42.50813887883426], [-72.42449494689943, 42.508115663481846], [-72.42444132194488, 42.50808908636958], [-72.42438881106223, 42.50806080863818], [-72.42433630759261, 42.508032535325086], [-72.4242990338646, 42.508012574774085], [-72.4242617507824, 42.50799205700134], [-72.42422345332992, 42.507973230006996], [-72.42419416286175, 42.50795939677039], [-72.42416440835389, 42.5079466962208], [-72.42413353753905, 42.50793512458385], [-72.42411597963202, 42.507930766544895], [-72.42409822605585, 42.507925842883694], [-72.42408038223685, 42.507921487131284], [-72.42405490489149, 42.50791493821836], [-72.42402952124804, 42.50790838944904], [-72.42400387300903, 42.50790296636747], [-72.42396538651451, 42.50789764708123], [-72.42392627358102, 42.507894586249996], [-72.42388708558208, 42.507893213166525], [-72.42385607602161, 42.50789177452673], [-72.42382498315527, 42.50789146101901], [-72.4237938130778, 42.50789227349474], [-72.42376065832114, 42.507893663652204], [-72.42372732780052, 42.507896180581525], [-72.42369419773252, 42.507899257681316], [-72.42365850879374, 42.507902922462364], [-72.42362282313951, 42.507907144490744], [-72.42358753026076, 42.50791193144953], [-72.42354932593655, 42.50791898976767], [-72.42351141670093, 42.50792717198239], [-72.42347360720903, 42.50793535248524], [-72.42334972140817, 42.50795997767989], [-72.42322544767883, 42.50798404316076], [-72.42310096390514, 42.50800698211484], [-72.42302188688056, 42.50802112067952], [-72.42294270792162, 42.508034698219554], [-72.42286362955751, 42.508048833084544], [-72.42279308095385, 42.50806121605749], [-72.42272255479294, 42.50807471967869], [-72.42265260386226, 42.508088785840435], [-72.42257993337265, 42.508105685355744], [-72.42250767439313, 42.50812426779048], [-72.42243529918235, 42.50814172753728], [-72.42232329216368, 42.50816625656887], [-72.4222108960304, 42.50819022681754], [-72.42209830543969, 42.50821363582489], [-72.42205061832553, 42.50822245665294], [-72.4220028314439, 42.50823127915944], [-72.42195661961586, 42.5082434678683], [-72.42193684533693, 42.508249811962735], [-72.42191737346381, 42.508257282609165], [-72.42189827511834, 42.5082647511654], [-72.42187654783116, 42.50827392700039], [-72.42185520234142, 42.508283666965866], [-72.4218340502307, 42.50829340087952], [-72.42180884416105, 42.508305417051126], [-72.42179844219845, 42.50831112349045]]}}, {"type": "Feature", "properties": {"seg_id": "S257", "name": "COOLEYVILLE ROAD", "source": "massdot", "named_in_massdot": true, "jurisdiction": "town", "surface": "gravel", "category": "road", "required": true, "length_mi": 0.014}, "geometry": {"type": "LineString", "coordinates": [[-72.36922685118495, 42.46450034205686], [-72.36916637119484, 42.46450579867362], [-72.36904459347379, 42.46450615472999], [-72.36901350026014, 42.464504140334505], [-72.3689610026571, 42.46449754909738]]}}, {"type": "Feature", "properties": {"seg_id": "S258", "name": "DANIEL SHAYS HIGHWAY", "source": "massdot", "named_in_massdot": true, "jurisdiction": "MassDOT", "surface": "paved (surface treated)", "category": "road", "required": true, "length_mi": 0.033}, "geometry": {"type": "LineString", "coordinates": [[-72.39928810196899, 42.417860183161686], [-72.39929067984795, 42.41794400048123], [-72.39930066852848, 42.418078968995054], [-72.39931739213597, 42.41821331858839], [-72.39934164791462, 42.41833450522567]]}}, {"type": "Feature", "properties": {"seg_id": "S259", "name": "DANIEL SHAYS HIGHWAY", "source": "massdot", "named_in_massdot": true, "jurisdiction": "MassDOT", "surface": "paved (surface treated)", "category": "road", "required": true, "length_mi": 0.101}, "geometry": {"type": "LineString", "coordinates": [[-72.39934164791462, 42.41833450522567], [-72.39934415548436, 42.41834703154182], [-72.39937775524808, 42.41847956567737], [-72.3994111699057, 42.41861265854198], [-72.39944627529275, 42.41874518178771], [-72.39948298997844, 42.41887713334844], [-72.39951982210813, 42.41900964217271], [-72.399556538316, 42.419141593692004], [-72.39958871201891, 42.419274697087275], [-72.39959361886775, 42.41929930039259], [-72.3996153913431, 42.419408410607986], [-72.39963571770203, 42.41954217376855], [-72.39964779592268, 42.41967712677825], [-72.39964828883876, 42.41977448849971]]}}, {"type": "Feature", "properties": {"seg_id": "S260", "name": "DANIEL SHAYS HIGHWAY", "source": "massdot", "named_in_massdot": true, "jurisdiction": "MassDOT", "surface": "paved (surface treated)", "category": "road", "required": true, "length_mi": 0.114}, "geometry": {"type": "LineString", "coordinates": [[-72.39964828883876, 42.41977448849971], [-72.39964847894258, 42.41981216883915], [-72.39964403475909, 42.41994725096567], [-72.39962981405368, 42.42008184319282], [-72.39960799290102, 42.42021593571357], [-72.39957980016364, 42.42034896072435], [-72.39954009604449, 42.420480933174915], [-72.39949497037783, 42.420611831577624], [-72.39944611062954, 42.42074163373804], [-72.39938461241849, 42.42086872562937], [-72.399354804993, 42.42092241294915], [-72.39931518310297, 42.42099361964901], [-72.39924166617547, 42.42111743006028], [-72.39916337540834, 42.4212395833124], [-72.39908281205749, 42.42135644329281]]}}, {"type": "Feature", "properties": {"seg_id": "S261", "name": "DANIEL SHAYS HIGHWAY", "source": "massdot", "named_in_massdot": true, "jurisdiction": "MassDOT", "surface": "paved (surface treated)", "category": "road", "required": true, "length_mi": 0.462}, "geometry": {"type": "LineString", "coordinates": [[-72.39908281205749, 42.42135644329281], [-72.39908069046426, 42.421359520935624], [-72.39899581011231, 42.42147890753911], [-72.39890978869924, 42.42159831378794], [-72.39882385486773, 42.4217171511836], [-72.39878419553918, 42.421772046955624], [-72.39873783036272, 42.42183655641577], [-72.39865189575589, 42.421955384674064], [-72.39856587711775, 42.42207422252132], [-72.39847985165193, 42.42219362845059], [-72.39839248667761, 42.42231191756837], [-72.39830435579476, 42.422430204487654], [-72.39821641898652, 42.422548489819214], [-72.39813211455511, 42.4226684402319], [-72.39804780184637, 42.42278783064547], [-72.3979643473002, 42.42290777429345], [-72.39788405246948, 42.423029384022634], [-72.39780947723754, 42.42315262457015], [-72.3977396578356, 42.42327697137663], [-72.39767786075907, 42.42340405465921], [-72.39762187235101, 42.42353278790491], [-72.39757321304259, 42.423662586667724], [-72.39753102816817, 42.42379401941684], [-72.39749855369809, 42.42392707803788], [-72.39747576968094, 42.42406061029199], [-72.3974609601903, 42.424195205763525], [-72.39745469492169, 42.42429542092521], [-72.39745253656638, 42.42433031954553], [-72.39744486743622, 42.42446542564], [-72.39744649488316, 42.42460046826147], [-72.39745733534775, 42.42473486465748], [-72.39747471172203, 42.42486920919634], [-72.39749892354719, 42.42500294224552], [-72.39750721569982, 42.425038332889855], [-72.39754175076632, 42.42517085915221], [-72.39758747594682, 42.42530160736577], [-72.39763564917442, 42.42543178547857], [-72.39768373851638, 42.425561947116776], [-72.39773466113212, 42.425691537447044], [-72.39778586585781, 42.425821125552346], [-72.39782259928239, 42.42591423771024], [-72.39783708038632, 42.42595070455284], [-72.39788809783226, 42.42608085226327], [-72.39793931521118, 42.42621043119112], [-72.39799033729673, 42.42634002062019], [-72.39804155266506, 42.42646959951334], [-72.39809275743552, 42.426599187467076], [-72.39814283223713, 42.426728775207614], [-72.39819205270486, 42.42685894579027], [-72.39824137034122, 42.42698909848526], [-72.39829183593683, 42.42711869210761], [-72.39832878804664, 42.427211694342226], [-72.39834332109567, 42.42724826874661], [-72.39839481871925, 42.427377852465405], [-72.39844623141867, 42.427507431419556], [-72.39849781332101, 42.42763701533003], [-72.3985147599773, 42.42767973622529]]}}, {"type": "Feature", "properties": {"seg_id": "S262", "name": "DANIEL SHAYS HIGHWAY", "source": "massdot", "named_in_massdot": true, "jurisdiction": "MassDOT", "surface": "paved (surface treated)", "category": "road", "required": true, "length_mi": 0.307}, "geometry": {"type": "LineString", "coordinates": [[-72.3985147599773, 42.42767973622529], [-72.39854921546785, 42.42776659161469], [-72.39860043327928, 42.42789618011651], [-72.39864520386948, 42.42802693440594], [-72.39868154558323, 42.4281588888651], [-72.39870718171971, 42.428292610464844], [-72.39872694462103, 42.428426936097416], [-72.39873693376724, 42.42856190521689], [-72.39874027610666, 42.42869692621796], [-72.39873830840116, 42.4288319985693], [-72.39872465486259, 42.42896658413523], [-72.39870273029344, 42.42910067696295], [-72.39867272098792, 42.42923370749528], [-72.39863710282214, 42.429366214595326], [-72.39859281968069, 42.42949711472432], [-72.39854224863586, 42.42962692050557], [-72.39848235084126, 42.42975456716606], [-72.39841043932525, 42.4298783533581], [-72.39833366421078, 42.43000105205563], [-72.39825182492378, 42.43012155022555], [-72.39816253147104, 42.43023928759978], [-72.39806560822082, 42.430353709137236], [-72.3979647640331, 42.43046590858336], [-72.39785960707226, 42.43057644987882], [-72.39775425710526, 42.43068643438303], [-72.39764642517146, 42.43079531274389], [-72.39753869008115, 42.430904190243], [-72.39743085740425, 42.43101306839613], [-72.39732302435577, 42.43112194644542], [-72.39721537321485, 42.431230822970356], [-72.39714263354307, 42.43130427913758], [-72.39710755157544, 42.4313397007173], [-72.39699971741244, 42.431448578455054], [-72.39689188287782, 42.43155745608891], [-72.3967840479716, 42.431666333618885], [-72.39674913252225, 42.431701613337324]]}}, {"type": "Feature", "properties": {"seg_id": "S263", "name": "DANIEL SHAYS HIGHWAY", "source": "massdot", "named_in_massdot": true, "jurisdiction": "MassDOT", "surface": "paved (surface treated)", "category": "road", "required": true, "length_mi": 0.159}, "geometry": {"type": "LineString", "coordinates": [[-72.39674913252225, 42.431701613337324], [-72.3966762977581, 42.43177521038244], [-72.39656847426086, 42.43188408761008], [-72.39646063823992, 42.431992964828396], [-72.39635280184734, 42.43210184194282], [-72.39624505136334, 42.43221071828176], [-72.39613721301242, 42.43231959519791], [-72.39607011430928, 42.43238820807656], [-72.39596313635269, 42.43249763631811], [-72.39585605972029, 42.43260707422536], [-72.39574908404686, 42.43271594404473], [-72.395642006661, 42.432825380846815], [-72.39553484252103, 42.43293481101577], [-72.39542326579418, 42.43304146551961], [-72.39529631688701, 42.43316133898853], [-72.39519341653313, 42.43325088377618], [-72.39507370451017, 42.43335309871159], [-72.39494987324785, 42.43345197026315], [-72.39485158991036, 42.43352174669712]]}}, {"type": "Feature", "properties": {"seg_id": "S264", "name": "DANIEL SHAYS HIGHWAY", "source": "massdot", "named_in_massdot": true, "jurisdiction": "MassDOT", "surface": "paved (surface treated)", "category": "road", "required": true, "length_mi": 0.175}, "geometry": {"type": "LineString", "coordinates": [[-72.39485158991036, 42.43352174669712], [-72.3948184517312, 42.43354527371164], [-72.39468031202894, 42.43363356945204], [-72.39453764571279, 42.43371738962455], [-72.39439104378965, 42.43379787301862], [-72.39423835464244, 42.43387164215254], [-72.39408200443825, 42.43394094695023], [-72.39392081585473, 42.434004094947426], [-72.39375448317358, 42.43405940491357], [-72.39358786159721, 42.43411415958524], [-72.39342064277687, 42.434167782453116], [-72.39325197186535, 42.43421860916722], [-72.39308311546088, 42.43427000336655], [-72.39291444093004, 42.43432138600165], [-72.3927457716064, 42.43437221015302], [-72.39257699813068, 42.43442359575635], [-72.392430510798, 42.43446773822915], [-72.39240832838989, 42.434474428414326], [-72.39224296360649, 42.43453141225239], [-72.39207944346958, 42.43459063233798], [-72.39191901947389, 42.43465490506335], [-72.39183925585533, 42.434687989947726]]}}, {"type": "Feature", "properties": {"seg_id": "S265", "name": "DANIEL SHAYS HIGHWAY", "source": "massdot", "named_in_massdot": true, "jurisdiction": "MassDOT", "surface": "paved (surface treated)", "category": "road", "required": true, "length_mi": 0.237}, "geometry": {"type": "LineString", "coordinates": [[-72.39183925585533, 42.434687989947726], [-72.39176005160546, 42.434720842664866], [-72.39160418630004, 42.43479125757766], [-72.39145573563557, 42.43486949980094], [-72.39131287022597, 42.43495331653873], [-72.39117433539568, 42.435041044743166], [-72.39104204644998, 42.435133793196854], [-72.39091475993932, 42.435230435348736], [-72.39079435964413, 42.43533208473198], [-72.39067827102038, 42.43543596041362], [-72.39056783069317, 42.43554315945176], [-72.39046552967423, 42.435655364187134], [-72.39037076751407, 42.43577032850554], [-72.3902839476471, 42.435889165692444], [-72.39020266563375, 42.436010210772515], [-72.39013243897101, 42.4361345464937], [-72.3900680418996, 42.43626108788213], [-72.39001286819723, 42.43638925052256], [-72.38996334052226, 42.436519611267826], [-72.38992103523724, 42.436651042456425], [-72.38988720424875, 42.436783541623996], [-72.38986040235638, 42.43691710194069], [-72.38984292733424, 42.437051158265554], [-72.38983859248704, 42.43709452373765], [-72.38983662884675, 42.43711647949351], [-72.38983419292428, 42.437146325623964], [-72.38983234820955, 42.437176725378286], [-72.38983029996703, 42.43720656851226], [-72.38982835003598, 42.43723640188315], [-72.389826299928, 42.437266803223864], [-72.38982409430751, 42.43729833115488], [-72.38982195669296, 42.43732873317122], [-72.3898198973759, 42.43735856738632], [-72.38981804478722, 42.43738840900667], [-72.38981627714209, 42.4374182409673], [-72.3898145309782, 42.43744864896069], [-72.38981285933968, 42.4374784801789], [-72.38981128735556, 42.43750831062675], [-72.38980961585341, 42.43753815174679], [-72.38980795340048, 42.43756854918884], [-72.3898069221258, 42.43758697662033]]}}, {"type": "Feature", "properties": {"seg_id": "S266", "name": "DANIEL SHAYS HIGHWAY", "source": "massdot", "named_in_massdot": true, "jurisdiction": "MassDOT", "surface": "paved (surface treated)", "category": "road", "required": true, "length_mi": 0.215}, "geometry": {"type": "LineString", "coordinates": [[-72.3898069221258, 42.43758697662033], [-72.38980628297104, 42.437598380396665], [-72.38980470990496, 42.43762822075528], [-72.38980276116416, 42.43765805411322], [-72.38980090317757, 42.43768846296863], [-72.38979903829025, 42.43771829567806], [-72.38979700325615, 42.437748129702015], [-72.38979628301178, 42.437758263765694], [-72.38979558411042, 42.437768963959996], [-72.38979477757769, 42.43777909869038], [-72.38979282895433, 42.43780894104917], [-72.38979106128552, 42.43783877300631], [-72.38978920437654, 42.437869172848664], [-72.3897872531903, 42.43789900622333], [-72.38978530334435, 42.43792884859052], [-72.38978316690513, 42.43795925059202], [-72.38978073201339, 42.437989087703585], [-72.38977820974267, 42.43801893449326], [-72.38977511749374, 42.43804878658716], [-72.38977174679232, 42.43807863092898], [-72.38976788874089, 42.438108479036266], [-72.38976356897491, 42.43813833881371], [-72.38976268810353, 42.438143972563054], [-72.38976181816986, 42.43814960622787], [-72.3897609585272, 42.438155798005866], [-72.38975596912064, 42.43818566385724], [-72.38975068127078, 42.438214965718664], [-72.38974512173756, 42.43824482697129], [-72.38973936907543, 42.43827469781847], [-72.38973314001026, 42.438304573246434], [-72.38972662451427, 42.43833387468809], [-72.38971963099252, 42.438363756021545], [-72.38971234993784, 42.43839307147983], [-72.38970461492194, 42.43842294953792], [-72.3896963859174, 42.43845227411965], [-72.38968786535143, 42.43848160995633], [-72.38967897325337, 42.43851037066315], [-72.38967470976851, 42.43852446645794], [-72.38967024532298, 42.438538015515924], [-72.38966587783626, 42.438551544918035], [-72.38965592728607, 42.438580322803304], [-72.38964589951253, 42.4386096594767], [-72.3896353776335, 42.43863843457124], [-72.38962449125714, 42.43866722058335], [-72.38961332226384, 42.4386965669702], [-72.38960167007612, 42.43872534989288], [-72.38958981016864, 42.43875414252162], [-72.38957759228435, 42.43878237341956], [-72.38956497884314, 42.43881117186651], [-72.38955199511875, 42.43883939787376], [-72.38953871873858, 42.438867644146214], [-72.38952486966616, 42.43889587683466], [-72.38951358429814, 42.43891791358602], [-72.38950203154656, 42.43893995240154], [-72.38949018697731, 42.438961984466815], [-72.3894744352808, 42.438989673652586], [-72.38945800727231, 42.4390168098673], [-72.3894412104768, 42.43904451612368], [-72.3894241273804, 42.439071658293294], [-72.38940655688947, 42.43909880242406], [-72.38938870566355, 42.439125950520726], [-72.38937065317252, 42.439152531172525], [-72.38935251694663, 42.43917912237136], [-72.389333997207, 42.439206273821185], [-72.3893208708639, 42.43922438140899], [-72.3893078350264, 42.439243047389056], [-72.38929441712342, 42.43926116712868], [-72.38927485630315, 42.43928775941255], [-72.38925480269764, 42.439313798206136], [-72.38923465306277, 42.43933983773748], [-72.38921422266476, 42.43936587943309], [-72.389193600762, 42.43939135630825], [-72.38917279354546, 42.43941739910507], [-72.38915206356931, 42.439442885809896], [-72.38913135357241, 42.43946892964857], [-72.38868068321437, 42.44002328148178], [-72.38865997295952, 42.44004933423403], [-72.38863944352384, 42.44007536758072], [-72.38861900479212, 42.4401008510342], [-72.38859847666482, 42.440126893365985], [-72.38859223108433, 42.44013481927596], [-72.38858616782001, 42.44014274467902], [-72.38857991546213, 42.440150102544806], [-72.38855928885793, 42.44017614562894], [-72.38853847329688, 42.440201631974716], [-72.3885177506445, 42.44022767579192], [-72.38849694289925, 42.44025372026166], [-72.3884761283889, 42.440279198484376], [-72.38845569613385, 42.44030523824833], [-72.38843545970128, 42.44033128820152], [-72.38841521083245, 42.44035731934034], [-72.38839554545231, 42.440383354976845], [-72.3883762647967, 42.44040995483706], [-72.38835744597942, 42.440436552031144], [-72.38835013718513, 42.44044710062991]]}}, {"type": "Feature", "properties": {"seg_id": "S267", "name": "DANIEL SHAYS HIGHWAY", "source": "massdot", "named_in_massdot": true, "jurisdiction": "MassDOT", "surface": "paved (surface treated)", "category": "road", "required": true, "length_mi": 0.435}, "geometry": {"type": "LineString", "coordinates": [[-72.38835013718513, 42.44044710062991], [-72.38833902806788, 42.44046313532545], [-72.3883344681225, 42.440469922828875], [-72.38832990818877, 42.44047671123234], [-72.38832534944416, 42.440483497825845], [-72.38830769179698, 42.440510642445076], [-72.38829003537532, 42.44053778885249], [-72.38827293798609, 42.440564929143996], [-72.38825603506777, 42.44059206973321], [-72.38823943287541, 42.44061976529197], [-72.38822329438786, 42.440646899079006], [-72.38820744461233, 42.44067459783198], [-72.38819207666754, 42.44070285105834], [-72.38817727196385, 42.440730532742705], [-72.38816295056044, 42.440758786895714], [-72.38814900444362, 42.440787020146], [-72.38813572690036, 42.440815257240956], [-72.38813130253439, 42.44082486166025], [-72.38812705493217, 42.44083389752073], [-72.38812282489808, 42.440843491437725], [-72.38811050328917, 42.4408722874516], [-72.38809836819567, 42.440900517531], [-72.38808671489868, 42.440929299384464], [-72.38807534126842, 42.44095808898307], [-72.38806436439663, 42.44098743371268], [-72.38805356306547, 42.44101620989191], [-72.38804285666374, 42.44104499524117], [-72.38803263328828, 42.441074333255834], [-72.3880225843784, 42.44110311263195], [-72.38801265256318, 42.4411324402931], [-72.38800280594236, 42.44116177629922], [-72.38799315390101, 42.4411911198068], [-72.38798359098357, 42.44121988642777], [-72.38797402387509, 42.441249220275175], [-72.38796474966672, 42.441278551862965], [-72.38795694912942, 42.4413039386321], [-72.38794913749555, 42.441329314682434], [-72.38794160540807, 42.441354689476725], [-72.38793319299576, 42.441384022518605], [-72.38792505988815, 42.44141333720034], [-72.38791710919591, 42.44144265857751], [-72.38790925706952, 42.441471988196945], [-72.38790160468612, 42.441501865464524], [-72.38789414134503, 42.44153118308158], [-72.38788666342492, 42.4415605017106], [-72.38787920791422, 42.44159037745791], [-72.38787164609248, 42.441619694931696], [-72.3878640710462, 42.441649023310404], [-72.38785661429903, 42.44167889906496], [-72.3878488579925, 42.441708218035956], [-72.38784813607472, 42.44171047437654], [-72.38784029160055, 42.44174035311883], [-72.38783234095423, 42.44176968348987], [-72.38782420653476, 42.44179899817105], [-72.38781617187183, 42.4418283192848], [-72.38780794044567, 42.441857651818076], [-72.3877998084344, 42.44188696647817], [-72.38779177928812, 42.44191685474205], [-72.38778373245377, 42.441946176846585], [-72.38777588981235, 42.44197549827639], [-72.38776831574258, 42.44200481583431], [-72.38776086012346, 42.44203469157061], [-72.387753576534, 42.44206400778799], [-72.38774678829776, 42.442093888281335], [-72.38774017437103, 42.44212319843453], [-72.3877339372269, 42.442152506582794], [-72.38772842984743, 42.4421801165225], [-72.38772320753344, 42.44220716607216], [-72.38771818521884, 42.44223478127477], [-72.38771270957628, 42.44226465074575], [-72.387707518759, 42.442293942722685], [-72.38770272250777, 42.44232380605517], [-72.387698111007, 42.442353668863326], [-72.38769349694459, 42.4423835226877], [-72.38768935931921, 42.442413372839], [-72.38768531661853, 42.44244323126128], [-72.38768173698625, 42.442473086113615], [-72.38767827445402, 42.44250348925184], [-72.3876750849629, 42.442533341096116], [-72.38767218473747, 42.442563190710295], [-72.38766956514368, 42.44259302915787], [-72.38766763598554, 42.44261836973804], [-72.38766581730218, 42.44264370046339], [-72.38766417849907, 42.442669029801934], [-72.38766260009714, 42.44269943642082], [-72.38766122021921, 42.4427292653111], [-72.38766002265274, 42.442759092795804], [-72.38765912475465, 42.4427894851654], [-72.38765859579324, 42.44281931649897], [-72.38765815975317, 42.44284970530802], [-72.38765801959896, 42.44287952464103], [-72.38765824419738, 42.442909350165365], [-72.38765876955519, 42.44293973156305], [-72.38765956540269, 42.44296955268361], [-72.38766055437677, 42.442999363312246], [-72.38766183329899, 42.443029738900655], [-72.38766221434265, 42.44303704647681], [-72.3876627061164, 42.44304436220254], [-72.38766300329601, 42.44305167042512], [-72.38766493746073, 42.44308204996545], [-72.387667167388, 42.44311185102769], [-72.38766967686543, 42.44314164993478], [-72.38767236878553, 42.44317145643842], [-72.38767536025324, 42.44320181882467], [-72.38767844098895, 42.443231613327534], [-72.38768189863663, 42.443261413927864], [-72.3876854535219, 42.44329121377832], [-72.3876891905983, 42.44332100322103], [-72.38769303288204, 42.443351359047384], [-72.38769706288434, 42.44338114623141], [-72.38770118782051, 42.44341094168639], [-72.38770521783044, 42.44344072886971], [-72.38770942786725, 42.44347052456834], [-72.38771374837327, 42.44350030951165], [-72.38771763383612, 42.443526729750666], [-72.38772151809951, 42.443553150898936], [-72.3877255767115, 42.443579003508034], [-72.38773056450616, 42.443608783306146], [-72.38773554258205, 42.44363856317874], [-72.38774089637138, 42.44366835005803], [-72.38774615169015, 42.443698135895374], [-72.38775169982041, 42.44372791137228], [-72.38775705470121, 42.44375768833845], [-72.38776260296822, 42.443787472816524], [-72.38776824726014, 42.44381725655383], [-72.38777379541126, 42.44384703202877], [-72.38777924633233, 42.44387680825281], [-72.38778478676393, 42.443906033697374], [-72.38779023891072, 42.44393580991112], [-72.38779496486549, 42.44396165827133], [-72.38779959897556, 42.44398693924406], [-72.3878041371959, 42.444012229958844], [-72.38780976938577, 42.44404201468639], [-72.38781531757611, 42.44407179015764], [-72.38782085791497, 42.44410100659695], [-72.3878265033513, 42.4441307813176], [-72.3878321367651, 42.44416056513361], [-72.38783778221207, 42.444190339853265], [-72.38784333055516, 42.444220124324204], [-72.38784897736736, 42.44424990893582], [-72.38785452437898, 42.44427968441305], [-72.38785750053655, 42.44429597417123], [-72.38786048223379, 42.444311706595165], [-72.38786355576941, 42.444328005505724], [-72.38786910401022, 42.44435778097228], [-72.38787455394407, 42.44438756709973], [-72.38788010352464, 42.44441735065782], [-72.38788573564716, 42.44444712547637], [-72.38789128390897, 42.444476900940955], [-72.38789683230246, 42.44450668540722], [-72.38790238070119, 42.44453646987295], [-72.38790783174244, 42.4445662460858], [-72.38791337219276, 42.44459546431745], [-72.38791892058173, 42.4446252469813], [-72.38792446887473, 42.44465502244297], [-72.38792991993662, 42.44468479865391], [-72.38793546837925, 42.44471458401697], [-72.38794110311186, 42.444744367813904], [-72.38794665142578, 42.444774143273655], [-72.38795085723027, 42.444796618574], [-72.38795507398953, 42.44481909468986], [-72.38795927978737, 42.44484156908945], [-72.38796492535512, 42.444871343797814], [-72.3879704750461, 42.44490112914841], [-72.38797610725435, 42.4449309039589], [-72.38798175415475, 42.44496068585812], [-72.38798720405453, 42.444990462073406], [-72.38799284978793, 42.44502024668167], [-72.38799839815047, 42.445050022136854], [-72.3880039265179, 42.44507923955415], [-72.3880094750174, 42.4451090240105], [-72.3880149383131, 42.4451388001203], [-72.38802039081398, 42.445168586216276], [-72.38802614408536, 42.445200051769945], [-72.38802666678791, 42.44520342389838], [-72.38803211685625, 42.44523320911186], [-72.38803728967697, 42.44526298745978], [-72.38804254515425, 42.44529276516983], [-72.38804771812389, 42.44532255341912], [-72.3880527914047, 42.44535234063612], [-72.38805786579191, 42.44538211974142], [-72.38806292802919, 42.44541189893996], [-72.3880680997901, 42.44544168629663], [-72.38807327277132, 42.44547147364342], [-72.38807852828292, 42.445501251350336], [-72.3880837893358, 42.44553047172279], [-72.38808914341168, 42.445560255871214], [-72.38809306302812, 42.44558216797565], [-72.38809697233171, 42.445603519266875], [-72.38810106518704, 42.4456248700427], [-72.38810661365368, 42.44565464548819], [-72.38811224855084, 42.4456844292698], [-72.38811789305052, 42.44571420397375], [-72.38812354012573, 42.445743988560835], [-72.38812918463606, 42.445773763263816], [-72.38813481832639, 42.445803546152625], [-72.38814056130109, 42.445833320095346], [-72.3881462083849, 42.44586310378022], [-72.3881518329146, 42.445892320443946], [-72.38815747988252, 42.44592209512569], [-72.38816312456399, 42.44595187972805], [-72.3881686730886, 42.445981655168076], [-72.38817214736663, 42.4459996426547], [-72.3881755442965, 42.44601818082644], [-72.3881788361424, 42.44603616161688], [-72.38818438468184, 42.44606593705559], [-72.38818974010401, 42.446095723886586], [-72.38819519019975, 42.4461255000836], [-72.38820218091338, 42.4461643845272], [-72.38820589847398, 42.446185062059335], [-72.3882113620819, 42.44621484715395], [-72.38821689064976, 42.44624406455252], [-72.3882223541414, 42.44627384064401], [-72.38822790286143, 42.446303625981145], [-72.38823353774708, 42.44633340074987], [-72.3882391824633, 42.44636318264482], [-72.3882450118376, 42.44639295591254], [-72.38824929819603, 42.446414315090585], [-72.38825348826789, 42.44643565610459], [-72.38825778001507, 42.4464564471457], [-72.38826408357447, 42.44648622575764], [-72.38827029949783, 42.44651599604195], [-72.38827650448778, 42.44654576641001], [-72.38828290530425, 42.44657554427027], [-72.38828929693615, 42.44660475500627], [-72.38829570736196, 42.44663452378824], [-72.3882995999032, 42.44665320398111]]}}, {"type": "Feature", "properties": {"seg_id": "S268", "name": "PLAZA ROAD", "source": "massdot", "named_in_massdot": true, "jurisdiction": "unaccepted/private", "surface": "gravel", "category": "road", "required": true, "length_mi": 0.06}, "geometry": {"type": "LineString", "coordinates": [[-72.4161093328327, 42.46970482152199], [-72.41614120900581, 42.469878441558265], [-72.41614603535336, 42.469962241528066], [-72.4161313816008, 42.47002594310683], [-72.41607793682171, 42.470068572656835], [-72.41602008454988, 42.470094915568126], [-72.41581819316944, 42.47011452586176], [-72.41552238925173, 42.47015682800257], [-72.41544209089456, 42.470166440334935]]}}, {"type": "Feature", "properties": {"seg_id": "S269", "name": "PLAZA ROAD", "source": "massdot", "named_in_massdot": true, "jurisdiction": "town", "surface": "gravel", "category": "road", "required": true, "length_mi": 0.15}, "geometry": {"type": "LineString", "coordinates": [[-72.41544209089456, 42.470166440334935], [-72.41527570101331, 42.47018635817553], [-72.41493618696306, 42.4702346338684], [-72.41450075291743, 42.4702926730528], [-72.41419959253486, 42.470332765335165], [-72.41389358530837, 42.47035938798039], [-72.41349715234873, 42.47040754461805], [-72.41298616577176, 42.470483619622065], [-72.41255182151087, 42.470498317345694]]}}, {"type": "Feature", "properties": {"seg_id": "S270", "name": "STEBBINS ROW", "source": "massdot", "named_in_massdot": true, "jurisdiction": "unaccepted/private", "surface": "gravel", "category": "road", "required": true, "length_mi": 0.076}, "geometry": {"type": "LineString", "coordinates": [[-72.43548226917478, 42.499129155515654], [-72.4351168041882, 42.49924082805743], [-72.43496664607999, 42.49932978870405], [-72.43426939395334, 42.49974284788506]]}}, {"type": "Feature", "properties": {"seg_id": "S271", "name": "STEBBINS ROW", "source": "massdot", "named_in_massdot": true, "jurisdiction": "unaccepted/private", "surface": "gravel", "category": "road", "required": true, "length_mi": 0.019}, "geometry": {"type": "LineString", "coordinates": [[-72.43426939395334, 42.49974284788506], [-72.43397921985704, 42.49990648767022]]}}, {"type": "Feature", "properties": {"seg_id": "S272", "name": "DANIEL SHAYS HIGHWAY", "source": "massdot", "named_in_massdot": true, "jurisdiction": "MassDOT", "surface": "paved (surface treated)", "category": "road", "required": true, "length_mi": 0.158}, "geometry": {"type": "LineString", "coordinates": [[-72.3882995999032, 42.44665320398111], [-72.3883019125021, 42.4466643031562], [-72.38830803256342, 42.446694083179864], [-72.38831414452868, 42.446723287067904], [-72.38832016859006, 42.446753068731375], [-72.38832599570883, 42.44678284921259], [-72.38833172670763, 42.44681262323223], [-72.3883365558604, 42.446837912567595], [-72.38834127548314, 42.44686319284411], [-72.38834600430064, 42.44688904024388], [-72.38835155191751, 42.44691882557982], [-72.38835701674651, 42.44694860165057], [-72.3883623697547, 42.446978378583424], [-72.3883676268574, 42.44700816435847], [-72.38837289613265, 42.44703795093942], [-72.38837795865113, 42.44706773011186], [-72.38838303454494, 42.44709750918067], [-72.38838782857354, 42.44712729942647], [-72.38839231994653, 42.44715709200654], [-72.38839682335211, 42.447186875490395], [-72.38840114443643, 42.4472166603803], [-72.38840517394294, 42.44724645742252], [-72.38840570331685, 42.4472503876877], [-72.38840601573736, 42.447252635148985], [-72.38840976446683, 42.447282434356765], [-72.388413502121, 42.44731222374626], [-72.38841705756668, 42.44734202264387], [-72.38842052365023, 42.44737238222245], [-72.38842360494067, 42.44740217667438], [-72.3884265891074, 42.447431979978084], [-72.38842918554231, 42.447461787172855], [-72.38843150893291, 42.4474921465623], [-72.38843336146793, 42.44752195859498], [-72.3884347301177, 42.44755176625751], [-72.38843581393364, 42.44758215231457], [-72.38843642775315, 42.44761196579967], [-72.38843656669366, 42.44762884551371], [-72.38843651667307, 42.44764516849405], [-72.38843655958817, 42.4476620489487], [-72.38843623315853, 42.44769242787793], [-72.38843560729458, 42.44772226082894], [-72.38843478680856, 42.44775208537769], [-72.38843350158959, 42.447782489708835], [-72.38843212196466, 42.44781231857048], [-72.3884303521578, 42.447842150441836], [-72.3884280336066, 42.447872552840195], [-72.38842569264234, 42.447902399020435], [-72.38842298809683, 42.447932238101785], [-72.38841970142937, 42.447962089776205], [-72.38841621894646, 42.447991934858024], [-72.38841246795694, 42.44802179101386], [-72.38841213066067, 42.44802460347858], [-72.38841178131031, 42.448027423238756], [-72.38841134688631, 42.44803024455547], [-72.38840692844511, 42.448060096856544], [-72.38840212103305, 42.44808995215767], [-72.38839674244807, 42.44811982086743], [-72.38839108846699, 42.448149124506735], [-72.38838495733668, 42.44817899001739], [-72.38837843615697, 42.44820886843959], [-72.38837154109717, 42.44823818075025], [-72.38836435244298, 42.448268054416424], [-72.38835669160223, 42.44829737353296], [-72.38834903331198, 42.448326701632055], [-72.38834081440402, 42.44835601604853], [-72.38833248623035, 42.44838534121034], [-72.38833148833928, 42.448388724163614], [-72.38833057567429, 42.44839211636287], [-72.38832958860881, 42.44839549112986], [-72.38832290493605, 42.448417276127586], [-72.38832059308756, 42.44842482053761], [-72.38831103611084, 42.44845416327802], [-72.38830098724279, 42.448482933614066], [-72.38829029303379, 42.44851171702917], [-72.38827910819528, 42.448541055215905], [-72.38826735526509, 42.44856984859476], [-72.38825484192311, 42.448598079742304], [-72.38824186356409, 42.44862687176557], [-72.3882288628978, 42.44865511567132], [-72.3881823977717, 42.448748313813624], [-72.38813592467365, 42.44884095470452], [-72.38810434578484, 42.44889969935439]]}}, {"type": "Feature", "properties": {"seg_id": "S273", "name": "DANIEL SHAYS HIGHWAY", "source": "massdot", "named_in_massdot": true, "jurisdiction": "MassDOT", "surface": "paved (surface treated)", "category": "road", "required": true, "length_mi": 0.133}, "geometry": {"type": "LineString", "coordinates": [[-72.38810434578484, 42.44889969935439], [-72.3880864179562, 42.44893304907112], [-72.38802099958133, 42.44904272577957], [-72.3879511944846, 42.44915073468519], [-72.38793480928426, 42.44917449140187], [-72.38789014753567, 42.44924010986918], [-72.38787823720517, 42.44925764065911], [-72.38784869771472, 42.449298391253784], [-72.38779895103872, 42.44936741333349], [-72.38771651457586, 42.449475528454855], [-72.38763398963286, 42.449584201484676], [-72.387401415453, 42.44990335229854], [-72.38725928971957, 42.45010926735205], [-72.38703866437172, 42.450448582235225], [-72.38693403298726, 42.450619321134184], [-72.38693377396987, 42.450619835403955]]}}, {"type": "Feature", "properties": {"seg_id": "S274", "name": "DANIEL SHAYS HIGHWAY", "source": "massdot", "named_in_massdot": true, "jurisdiction": "MassDOT", "surface": "paved (surface treated)", "category": "road", "required": true, "length_mi": 0.043}, "geometry": {"type": "LineString", "coordinates": [[-72.38693377396987, 42.450619835403955], [-72.38681103832275, 42.45086335132115], [-72.38675783579014, 42.45097837912691], [-72.38665187853071, 42.45120746697347]]}}, {"type": "Feature", "properties": {"seg_id": "S275", "name": "NORTH LAUREL DRIVE", "source": "massdot", "named_in_massdot": true, "jurisdiction": "unaccepted/private", "surface": "gravel", "category": "road", "required": true, "length_mi": 0.298}, "geometry": {"type": "LineString", "coordinates": [[-72.42325856803097, 42.49932514816049], [-72.42332726856351, 42.49933697517446], [-72.42336166355254, 42.499342327420685], [-72.42342099541695, 42.49935029241673], [-72.4234805194906, 42.49935825494206], [-72.42353818791823, 42.499369607531676], [-72.42357943549437, 42.49938222064843], [-72.42361965334754, 42.49939596647722], [-72.42365865628886, 42.499411409190905], [-72.42370633264596, 42.499434660913096], [-72.42375203986438, 42.49945961465998], [-72.42379906609109, 42.49948399512948], [-72.42384298762717, 42.499503898061725], [-72.4238879234456, 42.49952210928542], [-72.42393425935012, 42.49953805581666], [-72.42398358586848, 42.49955059952787], [-72.42403439287148, 42.499560885999934], [-72.42408482635759, 42.49957117094276], [-72.42415922969255, 42.499589142209075], [-72.4242330827078, 42.49960824681719], [-72.4243070232772, 42.499627345274305], [-72.42437608567121, 42.49964423835683], [-72.42444534024452, 42.49966112535537], [-72.42451331005388, 42.499680835156305], [-72.4245906921969, 42.49970778885929], [-72.4246664170594, 42.49973812923186], [-72.42474242079496, 42.499767901028605], [-72.42480425556116, 42.499791037807356], [-72.4248660870074, 42.49981361279223], [-72.42492894334183, 42.4998350541443], [-72.42494459894077, 42.49983943271845], [-72.42502102670389, 42.49986582660364], [-72.42509735477684, 42.49989222123855], [-72.42517433916419, 42.49991748607994], [-72.42520718145384, 42.4999273535447], [-72.4252402098275, 42.499937215905206], [-72.4252727887699, 42.49994820633951], [-72.42529990915648, 42.49995699523489], [-72.42532657275791, 42.49996690866516], [-72.4253431451766, 42.49997473157761], [-72.42535117356239, 42.49997852581299], [-72.42537316797859, 42.49999410449609], [-72.42539282081809, 42.500011956327015], [-72.42541114975452, 42.50003037606979], [-72.42543035527744, 42.50004991414735], [-72.42544813484223, 42.500070029959794], [-72.42546393116461, 42.50009071987943], [-72.42548194905163, 42.50012658903237], [-72.4254942862405, 42.50016419185834], [-72.4255072900171, 42.50020178392859], [-72.42553684357952, 42.500272446190685], [-72.42556801031543, 42.50034309549071], [-72.42560115449967, 42.50041260352654], [-72.42564011147154, 42.50048937621221], [-72.42568123819706, 42.50056501058468], [-72.4257247444953, 42.50064062222955], [-72.42575971665664, 42.50069886358118], [-72.42579591806313, 42.5007559669722], [-72.42583448689021, 42.50081305043552], [-72.42588285086285, 42.5008762456707], [-72.42593441642818, 42.50093772800376], [-72.42598570324662, 42.500999775240544], [-72.42603145608132, 42.50105398478429], [-72.42607703118603, 42.50110876292683], [-72.42611758275501, 42.50116470588879], [-72.42614668929916, 42.50121792825804], [-72.42617173430621, 42.501272871317646], [-72.42619639032307, 42.50132725480929], [-72.42622984757745, 42.501398447302975], [-72.42626292190192, 42.50146907657447], [-72.42629599852813, 42.50154027210619], [-72.42633742565475, 42.50162997281341], [-72.42637885404955, 42.50171966899291], [-72.42642038230598, 42.50180936345336], [-72.42644932337993, 42.50187721875062], [-72.42647835811128, 42.50194506788528], [-72.4265142991144, 42.50201061254979], [-72.42653866786789, 42.50204530600521], [-72.42656511133295, 42.502078853801535], [-72.42659250373931, 42.50211239396356], [-72.42662450203493, 42.50214871323174], [-72.42665772564226, 42.50218445635156], [-72.42668944516551, 42.502221340530326], [-72.42671984084278, 42.50225879713091], [-72.42674863159458, 42.50229682481305], [-72.42677239996767, 42.50233602184521], [-72.42678348555381, 42.50235956649377], [-72.42678701044086, 42.5023684385199]]}}, {"type": "Feature", "properties": {"seg_id": "S276", "name": "LOCKS POND ROAD", "source": "massdot", "named_in_massdot": true, "jurisdiction": "town", "surface": "paved (bituminous)", "category": "road", "required": true, "length_mi": 0.06}, "geometry": {"type": "LineString", "coordinates": [[-72.43658642442774, 42.501498984955724], [-72.43661278166525, 42.501541870921464], [-72.43670959354779, 42.501679503771015], [-72.43681661144961, 42.50181311747197], [-72.43692334391524, 42.501946733392614], [-72.43700099103346, 42.50204851241329], [-72.4370786372944, 42.502149725098306], [-72.43715619245457, 42.50225150476054]]}}, {"type": "Feature", "properties": {"seg_id": "S277", "name": "COVE ROAD", "source": "massdot", "named_in_massdot": true, "jurisdiction": "unaccepted/private", "surface": "unimproved/other", "category": "road", "required": true, "length_mi": 0.019}, "geometry": {"type": "LineString", "coordinates": [[-72.42839648405806, 42.507335936639954], [-72.42829411191369, 42.507408790390905], [-72.42812104492212, 42.507518654653076], [-72.42811703798047, 42.50752154986472]]}}, {"type": "Feature", "properties": {"seg_id": "S278", "name": "ROUND HILLS ROAD", "source": "massdot", "named_in_massdot": true, "jurisdiction": "unaccepted/private", "surface": "unimproved/other", "category": "road", "required": true, "length_mi": 0.217}, "geometry": {"type": "LineString", "coordinates": [[-72.48426941138693, 42.42969235756133], [-72.48414399912276, 42.429943268552826], [-72.48400328534298, 42.430174617384516], [-72.48384597219152, 42.43041341939598], [-72.48371108668356, 42.430647529731715], [-72.48361348120241, 42.43093421810114], [-72.48360101184635, 42.43096864765387], [-72.48358853770004, 42.43100308264776], [-72.48357511561746, 42.431037520336], [-72.4835596983137, 42.43107760388791], [-72.48354302790284, 42.431117136340205], [-72.48352015541457, 42.431154471861845], [-72.48349439396888, 42.43118282432197], [-72.48346423766567, 42.4312095271103], [-72.48343292036492, 42.43123511620366], [-72.48339999054821, 42.431260722662316], [-72.4833658121557, 42.43128521076988], [-72.48333153895253, 42.43130969967667], [-72.48307293699229, 42.43153850944748], [-72.48292055874427, 42.43167333822634], [-72.48258686683053, 42.431969913258], [-72.482398916502, 42.432119510371926], [-72.4823674435286, 42.4321411624781], [-72.48233606283289, 42.43216281018677], [-72.48230295224775, 42.43218278994187], [-72.4822630933232, 42.43220226005565], [-72.48222148961483, 42.43221949513303], [-72.48217969145166, 42.43223673185393], [-72.48214120545434, 42.43225281670311], [-72.48210253007683, 42.4322694640558], [-72.48206375725218, 42.43228555132521]]}}, {"type": "Feature", "properties": {"seg_id": "S279", "name": "HAWKS VIEW ROAD", "source": "massdot", "named_in_massdot": true, "jurisdiction": "unaccepted/private", "surface": "unimproved/other", "category": "road", "required": true, "length_mi": 0.078}, "geometry": {"type": "LineString", "coordinates": [[-72.4843710635208, 42.431818642206686], [-72.4843304049984, 42.4317387539083], [-72.48423105694386, 42.43163863826981], [-72.48416506349521, 42.43161765675479], [-72.48408996813046, 42.43161117617667], [-72.48398633844394, 42.431624886076875], [-72.48389076048649, 42.431661312457464], [-72.48376428325494, 42.43168946140994], [-72.48367210040415, 42.43169737057205], [-72.48356432124827, 42.43169116978222], [-72.48339664392222, 42.43166695815925], [-72.48328077009363, 42.43163518684026], [-72.48316783230925, 42.43158581872759], [-72.48307293699229, 42.43153850944748]]}}, {"type": "Feature", "properties": {"seg_id": "S280", "name": "DANIEL SHAYS HIGHWAY", "source": "massdot", "named_in_massdot": true, "jurisdiction": "MassDOT", "surface": "paved (surface treated)", "category": "road", "required": true, "length_mi": 0.518}, "geometry": {"type": "LineString", "coordinates": [[-72.38665187853071, 42.45120746697347], [-72.38662298505199, 42.45126993756915], [-72.38647406365666, 42.4516486467488], [-72.38626216520845, 42.452237168962164], [-72.38617663972066, 42.452470268369915], [-72.38604974202181, 42.452816125340384], [-72.38593662927275, 42.4531281595984], [-72.3858784767783, 42.45328222447988], [-72.38574119653832, 42.45364565563454], [-72.38558648883192, 42.45407392382824], [-72.38548783924671, 42.4543339256176], [-72.38535072089225, 42.45469526441908], [-72.38525600512301, 42.45494470212938], [-72.38522092234483, 42.45503725228644], [-72.38515262121305, 42.455186329572875], [-72.38513529141684, 42.455224158582624], [-72.38500573659941, 42.45546092546071], [-72.38487553436096, 42.45568643611319], [-72.38474633860342, 42.455888304026466], [-72.38461753620146, 42.4560575515622], [-72.38452675281549, 42.45617472137344], [-72.38434349948113, 42.45638263262088], [-72.38410857137052, 42.456638213477774], [-72.3839498237706, 42.45679304207589], [-72.38377550805531, 42.45694743980736], [-72.38349770969815, 42.45717463931714], [-72.38321941389299, 42.45738553650475], [-72.38304854409239, 42.45750219375657], [-72.38285732547868, 42.457616765854716], [-72.38264228785471, 42.45773376911302], [-72.38245707888143, 42.45784999155435]]}}, {"type": "Feature", "properties": {"seg_id": "S282", "name": "DANIEL SHAYS HIGHWAY", "source": "massdot", "named_in_massdot": true, "jurisdiction": "MassDOT", "surface": "paved (surface treated)", "category": "road", "required": true, "length_mi": 0.035}, "geometry": {"type": "LineString", "coordinates": [[-72.37011115275597, 42.46450962312965], [-72.36972855641915, 42.4646017152027], [-72.3694533729063, 42.46465512682294]]}}, {"type": "Feature", "properties": {"seg_id": "S283", "name": "DANIEL SHAYS HIGHWAY", "source": "massdot", "named_in_massdot": true, "jurisdiction": "MassDOT", "surface": "paved (surface treated)", "category": "road", "required": true, "length_mi": 0.045}, "geometry": {"type": "LineString", "coordinates": [[-72.3694533729063, 42.46465512682294], [-72.36917658327711, 42.46470884970065], [-72.36859159452665, 42.464817742085465]]}}, {"type": "Feature", "properties": {"seg_id": "S284", "name": "WEST PELHAM ROAD", "source": "massdot", "named_in_massdot": true, "jurisdiction": "town", "surface": "paved (bituminous)", "category": "road", "required": true, "length_mi": 0.113}, "geometry": {"type": "LineString", "coordinates": [[-72.42782409203362, 42.448857231731644], [-72.42781512938602, 42.44888093714544], [-72.42777912337147, 42.44898363868008], [-72.42763535773821, 42.449392750901495], [-72.42750860425421, 42.44973814131341], [-72.42742056413402, 42.45001006582457], [-72.42736202042612, 42.45014333511677], [-72.42733609010178, 42.45020150061489], [-72.42729431110625, 42.45026036000829], [-72.4272558173141, 42.45030343296815], [-72.42715966287076, 42.4504111173642]]}}, {"type": "Feature", "properties": {"seg_id": "X278", "name": "ENFIELD ROAD", "source": "osm", "named_in_massdot": false, "jurisdiction": "DCR", "surface": "unknown", "category": "road", "required": false, "length_mi": 0.831}, "geometry": {"type": "LineString", "coordinates": [[-72.383589, 42.44475800000003], [-72.383515, 42.44465000000003], [-72.383459, 42.444565], [-72.383401, 42.44448], [-72.383336, 42.44439799999999], [-72.383286, 42.444347000000015], [-72.38323300000002, 42.444295999999994], [-72.383179, 42.444247], [-72.383121, 42.44419799999999], [-72.383062, 42.44415000000002], [-72.383011, 42.444098999999994], [-72.382976, 42.44405500000001], [-72.382946, 42.44400899999999], [-72.382922, 42.443962000000006], [-72.382904, 42.44391099999999], [-72.38289100000001, 42.443858000000006], [-72.382881, 42.443805999999995], [-72.382868, 42.443729000000005], [-72.382859, 42.443652], [-72.38285, 42.44357500000001], [-72.38284, 42.443493999999994], [-72.382831, 42.443413000000014], [-72.382822, 42.44333199999999], [-72.38281, 42.443231000000004], [-72.382797, 42.443129], [-72.382783, 42.443028], [-72.38276, 42.442903], [-72.382733, 42.442778], [-72.382708, 42.44265300000001], [-72.382691, 42.442565], [-72.382675, 42.44247599999999], [-72.382659, 42.442388], [-72.382638, 42.44227200000001], [-72.38263, 42.442232000000004], [-72.382616, 42.442156000000004], [-72.382595, 42.44203900000001], [-72.382564, 42.441869], [-72.382535, 42.441699], [-72.382508, 42.44152800000003], [-72.382484, 42.441354999999994], [-72.382462, 42.44118100000001], [-72.382441, 42.44100599999999], [-72.382432, 42.44092600000002], [-72.382422, 42.44084699999999], [-72.38241200000002, 42.44076699999999], [-72.382397, 42.44066300000001], [-72.382379, 42.440558], [-72.382363, 42.44045400000001], [-72.382346, 42.44035000000001], [-72.38233000000001, 42.44024600000001], [-72.382318, 42.440141999999994], [-72.382314, 42.440053], [-72.382313, 42.43996400000001], [-72.38231, 42.43987600000001], [-72.382305, 42.439823000000004], [-72.3823, 42.43977000000001], [-72.382293, 42.43971700000001], [-72.382288, 42.43966299999999], [-72.38228300000002, 42.43960899999999], [-72.382271, 42.439554999999984], [-72.382261, 42.439524999999996], [-72.382248, 42.43949500000001], [-72.382233, 42.43946600000001], [-72.382205, 42.439429999999994], [-72.382172, 42.43939700000001], [-72.382139, 42.43936300000002], [-72.382067, 42.439272000000024], [-72.381999, 42.439178], [-72.381929, 42.439085000000006], [-72.381812, 42.438948000000025], [-72.381691, 42.438812999999996], [-72.381569, 42.438678], [-72.381455, 42.438538], [-72.381341, 42.438397999999985], [-72.381206, 42.438269999999996], [-72.381188, 42.438257], [-72.38117, 42.43824399999999], [-72.381152, 42.438231000000016], [-72.380805, 42.437938], [-72.380691, 42.43775900000001], [-72.380664, 42.43717700000001], [-72.380663, 42.437156], [-72.380657, 42.436692], [-72.380691, 42.43647000000001], [-72.380689, 42.43633200000001], [-72.380571, 42.435917], [-72.380417, 42.435529999999986], [-72.38015, 42.43510299999999], [-72.380072, 42.43486800000001], [-72.380048, 42.434522], [-72.38005, 42.433329999999984]]}}, {"type": "Feature", "properties": {"seg_id": "X279", "name": "CARVER ROAD EAST", "source": "osm", "named_in_massdot": false, "jurisdiction": "unaccepted/private", "surface": "unknown", "category": "road", "required": true, "length_mi": 0.175}, "geometry": {"type": "LineString", "coordinates": [[-72.4173457, 42.4740523], [-72.4172927, 42.4740563], [-72.417225, 42.474061], [-72.4165186, 42.47412769999999], [-72.4158133, 42.47420279999999], [-72.4147717, 42.47433770000001], [-72.41396, 42.474431900000006]]}}, {"type": "Feature", "properties": {"seg_id": "X280", "name": "COVE ROAD (beyond massdot)", "source": "osm", "named_in_massdot": false, "jurisdiction": "unaccepted/private", "surface": "unknown", "category": "road", "required": true, "length_mi": 0.052}, "geometry": {"type": "LineString", "coordinates": [[-72.42845737696489, 42.507069977250545], [-72.4284411, 42.5063161]]}}, {"type": "Feature", "properties": {"seg_id": "X281", "name": "OAK KNOLL (beyond massdot)", "source": "osm", "named_in_massdot": false, "jurisdiction": "unaccepted/private", "surface": "unknown", "category": "road", "required": true, "length_mi": 0.037}, "geometry": {"type": "LineString", "coordinates": [[-72.43246514360442, 42.49803663644994], [-72.4324805, 42.498076000000005], [-72.4321172, 42.49849409999999]]}}, {"type": "Feature", "properties": {"seg_id": "X282", "name": "GATE LANE (beyond massdot)", "source": "osm", "named_in_massdot": false, "jurisdiction": "unaccepted/private", "surface": "unknown", "category": "road", "required": false, "length_mi": 0.019}, "geometry": {"type": "LineString", "coordinates": [[-72.36847916592083, 42.5006738035261], [-72.36847386394717, 42.500954302014684]]}}, {"type": "Feature", "properties": {"seg_id": "X283", "name": "NORTH MACEDONIA ROAD", "source": "osm", "named_in_massdot": false, "jurisdiction": "unaccepted/private", "surface": "unknown", "category": "road", "required": false, "length_mi": 0.427}, "geometry": {"type": "LineString", "coordinates": [[-72.37798383289238, 42.46458347976127], [-72.377953, 42.46467199999999], [-72.377924, 42.464951], [-72.37785, 42.46528800000001], [-72.377854, 42.465365000000006], [-72.377902, 42.465528], [-72.377904, 42.46564299999999], [-72.37774, 42.466294000000026], [-72.377593, 42.46672800000001], [-72.377249, 42.46847], [-72.377237, 42.469024], [-72.3773057, 42.46956079999999], [-72.377309, 42.469616999999985], [-72.377322, 42.46991400000001], [-72.377282, 42.470329000000014], [-72.377327, 42.470493999999995], [-72.377328, 42.47070899999999]]}}, {"type": "Feature", "properties": {"seg_id": "X284", "name": "AMES POND DRIVEWAY", "source": "osm", "named_in_massdot": false, "jurisdiction": "unknown", "surface": "unknown", "category": "road", "required": true, "length_mi": 0.202}, "geometry": {"type": "LineString", "coordinates": [[-72.42114, 42.49489999999999], [-72.4186203, 42.49487940000001], [-72.4185116, 42.4948325], [-72.4184653, 42.494809700000005], [-72.4184151, 42.49478499999999], [-72.4182955, 42.494702799999985], [-72.4181678, 42.494600500000004], [-72.4179989, 42.494476700000014], [-72.41783, 42.4943625], [-72.4177375, 42.49433139999999], [-72.4176038, 42.4943321], [-72.4175606, 42.494357300000004], [-72.4175385, 42.4944144]]}}]}